id,region,product,amount_cents
166206,North,Widget,831
166226,North,Gadget,579
166232,North,Doohickey,599
166234,North,Doohickey,736
166251,North,Widget,877
166261,North,Gadget,550
166265,North,Gizmo,874
166277,North,Gadget,623
166284,North,Gadget,839
166289,North,Widget,831
166296,North,Widget,518
166322,North,Gadget,980
166336,North,Gizmo,672
166340,North,Gizmo,534
166346,North,Widget,946
166355,North,Gizmo,520
166370,North,Gizmo,573
166392,North,Doohickey,751
166398,North,Widget,559
166415,North,Doohickey,858
166419,North,Gizmo,975
166421,North,Gadget,877
166422,North,Widget,582
166433,North,Gadget,539
166434,North,Gadget,994
166437,North,Doohickey,585
166438,North,Doohickey,670
166447,North,Gizmo,626
166470,North,Gadget,886
166476,North,Doohickey,664
166500,North,Gizmo,549
166501,North,Widget,846
166508,North,Gizmo,625
166513,North,Gizmo,894
166517,North,Widget,861
166518,North,Doohickey,712
166522,North,Widget,588
166524,North,Doohickey,969
166528,North,Gadget,897
166532,North,Doohickey,864
166535,North,Doohickey,693
166542,North,Gadget,993
166549,North,Gadget,998
166565,North,Gadget,999
166570,North,Gadget,531
166574,North,Gadget,549
166585,North,Doohickey,584
166594,North,Gadget,941
166599,North,Gadget,505
166607,North,Widget,857
166608,North,Gadget,892
166609,North,Doohickey,622
166614,North,Doohickey,600
166616,North,Widget,675
166622,North,Gizmo,682
166629,North,Gizmo,997
166634,North,Widget,943
166645,North,Gizmo,612
166646,North,Gizmo,880
166647,North,Widget,938
166657,North,Widget,714
166684,North,Widget,744
166690,North,Doohickey,846
166701,North,Doohickey,732
166705,North,Gadget,772
166708,North,Doohickey,871
166710,North,Widget,596
166714,North,Widget,711
166721,North,Widget,926
166735,North,Widget,919
166762,North,Gadget,623
166767,North,Gizmo,540
166768,North,Gadget,720
166772,North,Widget,776
166775,North,Gizmo,827
166777,North,Widget,685
166782,North,Doohickey,927
166787,North,Gadget,782
166797,North,Widget,664
166803,North,Gadget,872
166808,North,Doohickey,729
166817,North,Gizmo,721
166823,North,Gadget,800
166837,North,Doohickey,641
166841,North,Gizmo,742
166844,North,Widget,986
166845,North,Widget,998
166884,North,Widget,867
166888,North,Doohickey,967
166889,North,Gizmo,890
166893,North,Doohickey,658
166903,North,Gizmo,703
166926,North,Doohickey,983
166928,North,Doohickey,575
166945,North,Gizmo,808
166953,North,Doohickey,789
166958,North,Gadget,735
166974,North,Gizmo,517
166977,North,Gizmo,609
166983,North,Widget,558
167021,North,Widget,767
167025,North,Gizmo,635
167030,North,Gizmo,927
167054,North,Widget,619
167065,North,Doohickey,827
167067,North,Gadget,684
167081,North,Widget,994
167100,North,Gizmo,682
167133,North,Gizmo,878
167140,North,Gizmo,634
167141,North,Gizmo,629
167152,North,Widget,662
167174,North,Widget,819
167175,North,Gadget,515
167176,North,Gizmo,983
167179,North,Doohickey,676
167186,North,Gizmo,958
167191,North,Gadget,810
167197,North,Gadget,595
167201,North,Doohickey,1000
167213,North,Gadget,624
167216,North,Gizmo,789
167217,North,Widget,697
167226,North,Gizmo,896
167265,North,Gadget,753
167266,North,Widget,796
167278,North,Doohickey,795
167280,North,Gadget,842
167281,North,Gizmo,872
167306,North,Gadget,842
167331,North,Doohickey,629
167338,North,Gadget,982
167340,North,Widget,514
167341,North,Gizmo,915
167346,North,Widget,679
167350,North,Doohickey,696
167359,North,Gadget,918
167369,North,Doohickey,518
167371,North,Gizmo,777
167389,North,Gadget,756
167392,North,Doohickey,690
167393,North,Gizmo,936
167401,North,Gadget,834
167402,North,Widget,889
167403,North,Gizmo,788
167406,North,Widget,980
167408,North,Gizmo,599
167409,North,Gadget,923
167411,North,Widget,843
167420,North,Gizmo,990
167424,North,Doohickey,779
167426,North,Doohickey,836
167434,North,Gadget,603
167436,North,Doohickey,976
167445,North,Widget,900
167450,North,Widget,607
167451,North,Gizmo,753
167456,North,Gadget,669
167475,North,Gizmo,877
167482,North,Gadget,716
167494,North,Gizmo,722
167502,North,Doohickey,836
167503,North,Doohickey,665
167505,North,Gizmo,971
167512,North,Widget,888
167514,North,Gadget,922
167518,North,Doohickey,505
167519,North,Doohickey,696
167523,North,Gizmo,940
167524,North,Gadget,873
167563,North,Gizmo,833
167569,North,Gizmo,556
167579,North,Doohickey,608
167589,North,Gizmo,843
167597,North,Gadget,674
167602,North,Gizmo,584
167603,North,Doohickey,856
167623,North,Widget,635
167634,North,Gadget,667
167635,North,Doohickey,600
167649,North,Gizmo,683
167651,North,Doohickey,540
167656,North,Gadget,825
167686,North,Gadget,991
167688,North,Gadget,747
167697,North,Doohickey,951
167700,North,Gadget,585
167713,North,Gizmo,938
167726,North,Widget,779
167730,North,Gadget,791
167733,North,Widget,907
167748,North,Gadget,927
167750,North,Doohickey,635
167761,North,Gadget,682
167767,North,Gizmo,897
167777,North,Doohickey,778
167778,North,Doohickey,938
167785,North,Gadget,964
167789,North,Gizmo,863
167792,North,Gadget,501
167793,North,Gadget,660
167810,North,Widget,663
167811,North,Widget,584
167820,North,Gizmo,677
167824,North,Gizmo,535
167834,North,Gadget,519
167839,North,Gadget,836
167840,North,Doohickey,888
167847,North,Widget,516
167885,North,Gadget,839
167888,North,Gizmo,550
167898,North,Gadget,884
167908,North,Widget,553
167911,North,Gadget,835
167915,North,Doohickey,518
167930,North,Gizmo,771
167933,North,Widget,983
167936,North,Gizmo,600
167940,North,Widget,807
167949,North,Gizmo,672
167950,North,Widget,864
167957,North,Gadget,508
167968,North,Gizmo,604
167969,North,Gadget,810
167975,North,Doohickey,936
167979,North,Widget,617
167983,North,Widget,615
167987,North,Widget,940
167996,North,Widget,669
168000,North,Gizmo,501
168010,North,Gadget,988
168013,North,Gizmo,710
168017,North,Doohickey,811
168024,North,Widget,660
168028,North,Widget,955
168040,North,Gizmo,964
168066,North,Widget,861
168073,North,Gadget,823
168074,North,Doohickey,852
168080,North,Widget,694
168090,North,Gizmo,588
168100,North,Doohickey,518
168124,North,Widget,581
168132,North,Gadget,763
168134,North,Gadget,950
168135,North,Gizmo,992
168136,North,Gadget,652
168140,North,Gizmo,746
168144,North,Doohickey,667
168148,North,Gadget,723
168169,North,Widget,980
168198,North,Doohickey,909
168199,North,Gizmo,662
168210,North,Doohickey,811
168221,North,Gizmo,825
168222,North,Widget,915
168226,North,Widget,817
168229,North,Widget,832
168231,North,Gadget,802
168244,North,Widget,964
168246,North,Gizmo,967
168247,North,Widget,575
168249,North,Gadget,863
168250,North,Widget,796
168254,North,Gadget,998
168266,North,Widget,698
168276,North,Widget,606
168296,North,Gizmo,890
168305,North,Gadget,558
168313,North,Widget,866
168318,North,Widget,652
168319,North,Widget,536
168332,North,Gadget,695
168333,North,Widget,938
168338,North,Widget,598
168345,North,Gadget,555
168352,North,Widget,596
168382,North,Gizmo,567
168384,North,Doohickey,949
168394,North,Gizmo,952
168409,North,Widget,997
168424,North,Doohickey,803
168434,North,Gizmo,767
168435,North,Gadget,844
168441,North,Gizmo,866
168445,North,Doohickey,650
168451,North,Gadget,914
168476,North,Gizmo,582
168495,North,Doohickey,633
168498,North,Doohickey,564
168499,North,Doohickey,918
168509,North,Gizmo,674
168510,North,Widget,946
168516,North,Widget,541
168533,North,Doohickey,739
168546,North,Doohickey,594
168547,North,Gizmo,615
168551,North,Doohickey,529
168561,North,Gadget,871
168572,North,Widget,537
168585,North,Doohickey,869
168592,North,Doohickey,774
168594,North,Gizmo,889
168595,North,Gizmo,663
168605,North,Gizmo,851
168613,North,Widget,527
168615,North,Doohickey,734
168626,North,Gizmo,533
168629,North,Doohickey,974
168635,North,Gadget,691
168645,North,Gadget,859
168654,North,Gizmo,819
168659,North,Gadget,513
168667,North,Gadget,505
168668,North,Widget,869
168669,North,Doohickey,565
168673,North,Widget,537
168677,North,Gizmo,927
168692,North,Gadget,741
168693,North,Gizmo,659
168695,North,Widget,582
168699,North,Widget,675
168706,North,Doohickey,844
168716,North,Gizmo,606
168725,North,Doohickey,823
168750,North,Doohickey,857
168771,North,Widget,774
168777,North,Gadget,890
168779,North,Gizmo,967
168783,North,Widget,911
168788,North,Gizmo,676
168791,North,Widget,934
168793,North,Doohickey,605
168797,North,Gizmo,723
168800,North,Doohickey,567
168804,North,Gizmo,501
168806,North,Widget,605
168821,North,Widget,911
168829,North,Doohickey,593
168847,North,Gadget,781
168849,North,Doohickey,679
168856,North,Widget,680
168867,North,Gadget,626
168871,North,Gadget,638
168872,North,Gizmo,926
168873,North,Gizmo,545
168881,North,Gizmo,902
168895,North,Widget,718
168918,North,Widget,863
168925,North,Doohickey,726
168936,North,Doohickey,658
168956,North,Gadget,659
168959,North,Widget,678
169008,North,Gadget,520
169025,North,Gizmo,595
169026,North,Doohickey,769
169027,North,Doohickey,622
169040,North,Widget,963
169048,North,Doohickey,886
169063,North,Gizmo,865
169064,North,Widget,940
169067,North,Doohickey,539
169078,North,Widget,702
169079,North,Gadget,652
169086,North,Gizmo,658
169093,North,Gadget,557
169094,North,Gadget,720
169095,North,Widget,697
169100,North,Gadget,635
169106,North,Widget,621
169122,North,Gizmo,978
169132,North,Doohickey,849
169157,North,Gizmo,976
169164,North,Gadget,713
169171,North,Gadget,990
169173,North,Gadget,875
169174,North,Doohickey,501
169207,North,Gizmo,594
169208,North,Gizmo,507
169209,North,Widget,718
169217,North,Gadget,555
169219,North,Gadget,716
169246,North,Gadget,516
169256,North,Gizmo,733
169257,North,Doohickey,771
169289,North,Doohickey,533
169298,North,Gizmo,588
169299,North,Gadget,914
169328,North,Doohickey,786
169334,North,Doohickey,839
169335,North,Doohickey,934
169347,North,Widget,779
169349,North,Doohickey,781
169354,North,Gadget,663
169361,North,Gizmo,998
169362,North,Doohickey,645
169365,North,Gadget,507
169370,North,Doohickey,802
169371,North,Gadget,601
169377,North,Gadget,770
169394,North,Gadget,550
169405,North,Gizmo,605
169413,North,Widget,874
169414,North,Gizmo,587
169417,North,Gizmo,934
169437,North,Gadget,619
169457,North,Doohickey,509
169467,North,Doohickey,890
169470,North,Gadget,655
169476,North,Gizmo,554
169483,North,Widget,790
169484,North,Doohickey,667
169487,North,Doohickey,726
169488,North,Gadget,833
169498,North,Gizmo,800
169506,North,Doohickey,713
169513,North,Widget,518
169521,North,Doohickey,813
169525,North,Gadget,539
169533,North,Gizmo,544
169542,North,Gizmo,554
169547,North,Widget,636
169576,North,Gadget,631
169595,North,Doohickey,672
169600,North,Gizmo,993
169607,North,Doohickey,969
169617,North,Gizmo,990
169627,North,Gadget,514
169639,North,Widget,680
169641,North,Doohickey,805
169645,North,Widget,669
169669,North,Doohickey,796
169703,North,Gadget,933
169710,North,Gizmo,802
169713,North,Gadget,650
169732,North,Doohickey,977
169750,North,Doohickey,986
169751,North,Gizmo,748
169767,North,Widget,616
169768,North,Doohickey,769
169773,North,Gadget,802
169777,North,Gizmo,968
169778,North,Doohickey,851
169787,North,Widget,727
169798,North,Gizmo,642
169808,North,Doohickey,586
169815,North,Gadget,824
169821,North,Widget,825
169823,North,Widget,675
169856,North,Gadget,537
169908,North,Widget,778
169916,North,Widget,875
169922,North,Doohickey,694
169937,North,Gizmo,513
169940,North,Gizmo,707
169943,North,Gizmo,632
169946,North,Gadget,984
169951,North,Doohickey,611
169959,North,Gadget,857
169965,North,Gadget,574
169969,North,Widget,846
169977,North,Widget,583
169978,North,Gadget,635
169983,North,Gizmo,894
169985,North,Doohickey,699
169990,North,Gadget,569
169994,North,Widget,528
169999,North,Doohickey,729
170007,North,Gizmo,645
170017,North,Gizmo,787
170027,North,Gizmo,720
170028,North,Doohickey,913
170041,North,Widget,783
170053,North,Doohickey,939
170054,North,Widget,601
170055,North,Doohickey,781
170065,North,Widget,587
170077,North,Doohickey,673
170086,North,Gadget,537
170095,North,Gizmo,514
170097,North,Doohickey,843
170107,North,Gadget,894
170108,North,Gadget,739
170165,North,Widget,935
170171,North,Doohickey,575
170194,North,Doohickey,682
170199,North,Widget,526
170202,North,Gizmo,923
170203,North,Gizmo,631
170204,North,Doohickey,535
170215,North,Widget,680
170239,North,Doohickey,507
170240,North,Gizmo,981
170243,North,Gadget,785
170260,North,Gadget,757
170262,North,Doohickey,685
170267,North,Gizmo,664
170268,North,Doohickey,779
170282,North,Gadget,532
170284,North,Gizmo,650
170298,North,Gizmo,566
170302,North,Gizmo,617
170305,North,Gizmo,501
170318,North,Widget,807
170321,North,Widget,550
170339,North,Gizmo,961
170351,North,Gizmo,585
170352,North,Gadget,658
170353,North,Doohickey,839
170362,North,Doohickey,644
170374,North,Gizmo,736
170384,North,Gadget,644
170386,North,Doohickey,899
170391,North,Gizmo,516
170401,North,Gadget,541
170424,North,Gadget,942
170430,North,Gizmo,948
170432,North,Doohickey,754
170438,North,Gizmo,963
170443,North,Widget,813
170450,North,Widget,567
170452,North,Gadget,728
170456,North,Gizmo,874
170471,North,Widget,844
170479,North,Widget,816
170489,North,Widget,542
170517,North,Widget,951
170519,North,Gadget,966
170520,North,Gadget,742
170529,North,Widget,885
170535,North,Gadget,850
170540,North,Gadget,620
170549,North,Gadget,806
170552,North,Doohickey,601
170556,North,Widget,726
170567,North,Doohickey,540
170569,North,Widget,961
170571,North,Gizmo,568
170583,North,Gadget,886
170584,North,Widget,766
170588,North,Widget,889
170594,North,Doohickey,874
170607,North,Gadget,652
170611,North,Widget,872
170613,North,Widget,883
170621,North,Doohickey,794
170629,North,Gadget,765
170630,North,Gizmo,701
170646,North,Widget,743
170655,North,Gadget,646
170663,North,Gizmo,748
170669,North,Gadget,723
170672,North,Gadget,994
170678,North,Doohickey,721
170685,North,Gadget,719
170695,North,Gadget,750
170698,North,Widget,938
170700,North,Gadget,706
170709,North,Gizmo,816
170722,North,Gadget,944
170725,North,Gizmo,928
170738,North,Gizmo,927
170744,North,Doohickey,538
170761,North,Widget,724
170762,North,Widget,552
170768,North,Gadget,677
170784,North,Widget,676
170786,North,Doohickey,729
170792,North,Doohickey,977
170801,North,Doohickey,794
170839,North,Doohickey,978
170842,North,Widget,865
170850,North,Gadget,713
170856,North,Widget,547
170866,North,Widget,657
170874,North,Gizmo,986
170881,North,Gizmo,647
170897,North,Gadget,680
170918,North,Widget,961
170924,North,Gadget,617
170938,North,Widget,864
170950,North,Gizmo,942
170962,North,Gizmo,519
170970,North,Widget,633
170976,North,Widget,531
170998,North,Gizmo,651
171000,North,Doohickey,743
171002,North,Doohickey,795
171004,North,Gadget,827
171005,North,Widget,603
171007,North,Widget,764
171018,North,Gizmo,703
171029,North,Gadget,894
171033,North,Doohickey,826
171047,North,Widget,864
171062,North,Gadget,894
171073,North,Doohickey,603
171097,North,Widget,748
171099,North,Gadget,847
171106,North,Doohickey,697
171111,North,Widget,769
171115,North,Gadget,782
171119,North,Gadget,824
171124,North,Gadget,983
171125,North,Doohickey,717
171146,North,Widget,595
171151,North,Gadget,943
171168,North,Widget,758
171176,North,Gizmo,961
171183,North,Doohickey,874
171191,North,Gadget,725
171201,North,Gizmo,759
171206,North,Gadget,605
171209,North,Gadget,595
171220,North,Doohickey,525
171225,North,Doohickey,714
171230,North,Doohickey,578
171235,North,Gizmo,602
171242,North,Gizmo,888
171261,North,Gadget,766
171271,North,Gadget,709
171272,North,Doohickey,509
171279,North,Gadget,973
171280,North,Widget,526
171290,North,Gadget,821
171297,North,Gadget,877
171304,North,Gadget,644
171332,North,Widget,840
171333,North,Gizmo,905
171335,North,Gadget,964
171340,North,Doohickey,899
171357,North,Doohickey,686
171361,North,Doohickey,969
171364,North,Doohickey,584
171368,North,Gadget,735
171370,North,Gadget,717
171372,North,Doohickey,951
171383,North,Gadget,924
171393,North,Doohickey,508
171397,North,Doohickey,883
171406,North,Gizmo,530
171407,North,Gizmo,775
171408,North,Doohickey,864
171424,North,Widget,977
171425,North,Gizmo,709
171431,North,Widget,534
171440,North,Gizmo,545
171442,North,Widget,706
171447,North,Doohickey,569
171456,North,Widget,537
171460,North,Doohickey,792
171463,North,Doohickey,908
171468,North,Gizmo,544
171469,North,Gadget,844
171482,North,Gizmo,838
171489,North,Gadget,522
171490,North,Gizmo,536
171499,North,Doohickey,852
171518,North,Gadget,832
171522,North,Gadget,559
171580,North,Gizmo,824
171591,North,Widget,816
171602,North,Gadget,676
171617,North,Doohickey,575
171624,North,Gadget,843
171653,North,Gizmo,532
171658,North,Doohickey,869
171686,North,Gadget,576
171688,North,Gizmo,679
171690,North,Gadget,819
171692,North,Doohickey,787
171700,North,Doohickey,596
171705,North,Doohickey,778
171714,North,Gizmo,619
171718,North,Doohickey,985
171725,North,Doohickey,596
171730,North,Widget,826
171735,North,Widget,807
171736,North,Doohickey,788
171741,North,Gizmo,534
171746,North,Doohickey,727
171747,North,Gadget,568
171752,North,Gizmo,639
171770,North,Widget,915
171773,North,Doohickey,584
171775,North,Widget,963
171791,North,Gizmo,634
171799,North,Gizmo,583
171800,North,Widget,754
171813,North,Widget,861
171814,North,Gadget,660
171824,North,Gadget,749
171837,North,Gadget,769
171842,North,Widget,579
171863,North,Doohickey,809
171871,North,Gizmo,925
171893,North,Gadget,753
171922,North,Doohickey,605
171940,North,Widget,648
171955,North,Widget,826
171962,North,Gadget,905
171977,North,Doohickey,919
171985,North,Gizmo,706
171993,North,Widget,909
172005,North,Doohickey,581
172034,North,Gizmo,788
172035,North,Widget,932
172052,North,Widget,660
172058,North,Gadget,734
172072,North,Gadget,664
172080,North,Widget,640
172086,North,Gizmo,922
172091,North,Doohickey,706
172095,North,Widget,742
172103,North,Widget,936
172111,North,Widget,825
172116,North,Gizmo,888
172120,North,Doohickey,807
172121,North,Gizmo,959
172122,North,Doohickey,973
172127,North,Doohickey,697
172129,North,Doohickey,938
172170,North,Widget,934
172173,North,Doohickey,687
172176,North,Widget,808
172180,North,Widget,986
172194,North,Doohickey,669
172195,North,Gadget,939
172211,North,Gadget,814
172214,North,Gizmo,666
172219,North,Gadget,756
172221,North,Gadget,863
172236,North,Gizmo,818
172237,North,Doohickey,927
172238,North,Gadget,901
172250,North,Widget,958
172257,North,Gizmo,552
172268,North,Doohickey,623
172269,North,Widget,885
172272,North,Gadget,529
172273,North,Doohickey,880
172294,North,Gizmo,906
172296,North,Widget,685
172299,North,Widget,611
172324,North,Widget,792
172341,North,Gadget,625
172346,North,Gizmo,613
172372,North,Gizmo,575
172381,North,Widget,918
172382,North,Widget,511
172388,North,Doohickey,649
172406,North,Widget,909
172409,North,Doohickey,617
172410,North,Doohickey,528
172432,North,Doohickey,977
172435,North,Doohickey,927
172463,North,Doohickey,831
172468,North,Gizmo,773
172473,North,Doohickey,959
172482,North,Gadget,844
172497,North,Doohickey,561
172499,North,Widget,709
172510,North,Doohickey,811
172512,North,Gadget,888
172517,North,Doohickey,883
172522,North,Doohickey,766
172523,North,Gizmo,996
172526,North,Gizmo,808
172535,North,Doohickey,991
172538,North,Gizmo,532
172547,North,Widget,583
172557,North,Gadget,861
172563,North,Doohickey,994
172564,North,Gadget,727
172572,North,Gadget,501
172575,North,Gizmo,961
172577,North,Widget,823
172582,North,Widget,771
172588,North,Gadget,977
172593,North,Doohickey,898
172609,North,Doohickey,918
172613,North,Gizmo,564
172618,North,Widget,994
172624,North,Gadget,818
172625,North,Doohickey,689
172626,North,Widget,732
172628,North,Gizmo,593
172631,North,Gadget,799
172644,North,Gizmo,518
172645,North,Widget,542
172653,North,Gadget,922
172654,North,Doohickey,540
172693,North,Widget,943
172695,North,Doohickey,841
172704,North,Gadget,599
172708,North,Gadget,835
172720,North,Gadget,996
172721,North,Widget,615
172726,North,Doohickey,768
172727,North,Gizmo,600
172732,North,Gizmo,536
172733,North,Doohickey,714
172738,North,Doohickey,900
172752,North,Gizmo,930
172760,North,Gizmo,852
172765,North,Widget,763
172776,North,Gizmo,869
172789,North,Gadget,643
172806,North,Doohickey,950
172814,North,Gadget,683
172826,North,Gizmo,569
172831,North,Gadget,639
172832,North,Gadget,765
172850,North,Gadget,775
172852,North,Doohickey,680
172858,North,Gizmo,791
172862,North,Gadget,547
172876,North,Widget,814
172880,North,Gadget,560
172887,North,Doohickey,722
172893,North,Doohickey,551
172905,North,Doohickey,672
172935,North,Widget,996
172937,North,Gadget,885
172938,North,Widget,680
172942,North,Gizmo,626
172946,North,Widget,746
172973,North,Doohickey,851
172977,North,Gizmo,949
172981,North,Gadget,717
172988,North,Widget,527
173001,North,Doohickey,849
173015,North,Widget,753
173024,North,Doohickey,947
173031,North,Gadget,741
173043,North,Gizmo,711
173061,North,Gadget,720
173065,North,Gadget,727
173068,North,Widget,617
173086,North,Doohickey,582
173087,North,Gizmo,777
173094,North,Doohickey,606
173100,North,Doohickey,838
173115,North,Doohickey,998
173118,North,Doohickey,630
173120,North,Gadget,753
173125,North,Widget,811
173134,North,Gadget,878
173138,North,Widget,827
173140,North,Gadget,916
173148,North,Widget,520
173160,North,Gizmo,625
173170,North,Widget,864
173174,North,Widget,677
173176,North,Widget,872
173195,North,Gizmo,540
173200,North,Doohickey,529
173207,North,Gizmo,709
173208,North,Doohickey,815
173226,North,Doohickey,902
173237,North,Doohickey,661
173242,North,Gizmo,589
173252,North,Doohickey,846
173262,North,Gizmo,817
173265,North,Widget,990
173266,North,Gadget,736
173272,North,Gadget,605
173308,North,Widget,638
173325,North,Gizmo,747
173333,North,Widget,948
173335,North,Doohickey,894
173347,North,Gadget,606
173358,North,Gadget,750
173363,North,Doohickey,966
173367,North,Gadget,956
173370,North,Doohickey,610
173374,North,Widget,604
173408,North,Widget,809
173409,North,Widget,765
173424,North,Gadget,549
173434,North,Widget,859
173443,North,Gizmo,747
173446,North,Doohickey,605
173448,North,Widget,965
173466,North,Widget,826
173469,North,Doohickey,650
173470,North,Gizmo,505
173475,North,Doohickey,866
173488,North,Widget,838
173493,North,Widget,686
173523,North,Gadget,643
173536,North,Doohickey,949
173546,North,Gizmo,684
173548,North,Gadget,642
173550,North,Doohickey,538
173556,North,Gizmo,535
173565,North,Gizmo,875
173580,North,Widget,794
173586,North,Gizmo,507
173600,North,Widget,745
173605,North,Gadget,951
173606,North,Gadget,762
173612,North,Gizmo,663
173623,North,Doohickey,547
173625,North,Gadget,905
173626,North,Widget,615
173638,North,Gizmo,596
173639,North,Doohickey,838
173644,North,Widget,809
173655,North,Doohickey,515
173694,North,Gadget,779
173696,North,Doohickey,824
173698,North,Gadget,514
173705,North,Widget,888
173710,North,Gadget,651
173720,North,Gizmo,846
173722,North,Widget,570
173724,North,Gadget,571
173741,North,Doohickey,535
173744,North,Widget,621
173747,North,Gadget,592
173749,North,Gizmo,687
173760,North,Widget,661
173761,North,Gadget,635
173765,North,Gizmo,897
173766,North,Doohickey,799
173767,North,Gadget,564
173772,North,Doohickey,802
173777,North,Gadget,823
173779,North,Gizmo,969
173800,North,Widget,958
173801,North,Gadget,709
173807,North,Widget,808
173811,North,Gadget,808
173813,North,Widget,821
173818,North,Doohickey,867
173821,North,Gizmo,866
173838,North,Doohickey,925
173846,North,Doohickey,545
173849,North,Gadget,930
173877,North,Doohickey,932
173882,North,Doohickey,706
173883,North,Gadget,984
173895,North,Gadget,681
173904,North,Widget,819
173920,North,Doohickey,858
173926,North,Gizmo,621
173929,North,Doohickey,944
173930,North,Widget,808
173932,North,Widget,833
173937,North,Doohickey,704
173940,North,Gizmo,765
173971,North,Gadget,998
174002,North,Gizmo,553
174025,North,Gadget,999
174031,North,Doohickey,786
174037,North,Doohickey,664
174038,North,Gadget,916
174044,North,Gizmo,670
174053,North,Gizmo,936
174057,North,Doohickey,652
174061,North,Gizmo,503
174063,North,Doohickey,714
174085,North,Widget,943
174103,North,Gadget,723
174106,North,Doohickey,838
174113,North,Doohickey,624
174117,North,Gizmo,900
174129,North,Widget,664
174141,North,Widget,769
174159,North,Widget,915
174164,North,Gizmo,780
174171,North,Gizmo,960
174182,North,Gizmo,548
174183,North,Gizmo,935
174188,North,Gizmo,580
174190,North,Gizmo,581
174191,North,Doohickey,953
174196,North,Doohickey,638
174206,North,Gizmo,682
174207,North,Doohickey,917
174209,North,Gadget,765
174241,North,Gadget,658
174242,North,Widget,636
174243,North,Gadget,965
174258,North,Gadget,815
174268,North,Doohickey,781
174276,North,Gizmo,789
174277,North,Doohickey,886
174287,North,Doohickey,677
174302,North,Widget,813
174308,North,Doohickey,703
174316,North,Widget,853
174324,North,Doohickey,852
174338,North,Gadget,761
174344,North,Doohickey,899
174377,North,Gadget,631
174391,North,Gadget,615
174406,North,Gadget,753
174409,North,Gadget,936
174416,North,Doohickey,953
174430,North,Doohickey,944
174438,North,Doohickey,819
174439,North,Doohickey,908
174443,North,Gizmo,626
174457,North,Gizmo,936
174459,North,Doohickey,958
174464,North,Gadget,989
174465,North,Gadget,784
174469,North,Widget,732
174473,North,Gizmo,552
174474,North,Gizmo,626
174475,North,Gadget,635
174482,North,Widget,957
174488,North,Gizmo,643
174494,North,Widget,690
174503,North,Doohickey,513
174518,North,Gadget,753
174532,North,Widget,660
174556,North,Gadget,615
174562,North,Widget,558
174593,North,Doohickey,677
174594,North,Doohickey,627
174602,North,Gizmo,577
174603,North,Gadget,980
174605,North,Gizmo,827
174607,North,Widget,952
174610,North,Gadget,892
174620,North,Gizmo,501
174628,North,Widget,810
174642,North,Gizmo,720
174659,North,Gizmo,931
174664,North,Widget,521
174665,North,Gizmo,944
174666,North,Gizmo,771
174669,North,Gizmo,780
174685,North,Gizmo,522
174706,North,Gadget,863
174718,North,Gadget,604
174725,North,Gizmo,990
174736,North,Gizmo,737
174737,North,Doohickey,576
174738,North,Gadget,840
174740,North,Widget,610
174749,North,Doohickey,648
174753,North,Gizmo,636
174754,North,Widget,813
174756,North,Doohickey,566
174763,North,Doohickey,601
174769,North,Doohickey,974
174770,North,Doohickey,973
174781,North,Doohickey,742
174801,North,Gadget,509
174815,North,Widget,876
174838,North,Gizmo,873
174855,North,Widget,685
174870,North,Doohickey,603
174871,North,Doohickey,584
174879,North,Gizmo,529
174882,North,Gadget,873
174890,North,Gizmo,909
174892,North,Widget,515
174895,North,Doohickey,557
174900,North,Doohickey,883
174907,North,Gizmo,944
174928,North,Doohickey,501
174940,North,Widget,963
174947,North,Gizmo,592
174948,North,Doohickey,963
174949,North,Widget,515
174968,North,Gadget,545
174973,North,Widget,907
174981,North,Gizmo,771
174983,North,Widget,752
174999,North,Widget,660
175002,North,Widget,626
175008,North,Gadget,640
175009,North,Gadget,801
175019,North,Widget,552
175040,North,Gizmo,896
175044,North,Widget,833
175049,North,Gizmo,907
175077,North,Gizmo,619
175081,North,Widget,878
175085,North,Widget,632
175086,North,Gizmo,739
175088,North,Gizmo,741
175092,North,Gadget,658
175094,North,Gadget,579
175101,North,Gizmo,953
175103,North,Gizmo,984
175116,North,Doohickey,644
175123,North,Gadget,935
175125,North,Doohickey,679
175135,North,Gizmo,802
175136,North,Gizmo,927
175159,North,Gadget,719
175165,North,Widget,969
175174,North,Doohickey,546
175179,North,Gadget,561
175195,North,Gizmo,801
175203,North,Gadget,598
175211,North,Gadget,913
175229,North,Widget,910
175231,North,Widget,581
175250,North,Widget,681
175255,North,Widget,908
175265,North,Doohickey,751
175271,North,Gizmo,833
175272,North,Widget,707
175275,North,Widget,660
175281,North,Doohickey,688
175294,North,Widget,717
175298,North,Doohickey,911
175304,North,Widget,590
175325,North,Doohickey,722
175348,North,Gadget,734
175358,North,Doohickey,535
175362,North,Gadget,869
175364,North,Widget,857
175374,North,Gizmo,638
175386,North,Gizmo,572
175400,North,Gadget,998
175403,North,Widget,504
175409,North,Gadget,889
175413,North,Doohickey,836
175416,North,Doohickey,988
175419,North,Gadget,524
175426,North,Gizmo,511
175430,North,Gizmo,767
175436,North,Doohickey,842
175466,North,Widget,800
175467,North,Gizmo,704
175471,North,Widget,885
175472,North,Doohickey,931
175476,North,Gadget,821
175481,North,Doohickey,582
175486,North,Gizmo,793
175496,North,Gadget,936
175502,North,Gizmo,902
175520,North,Doohickey,728
175531,North,Widget,997
175533,North,Widget,998
175539,North,Widget,744
175562,North,Gadget,958
175564,North,Gadget,562
175570,North,Doohickey,717
175587,North,Gizmo,906
175588,North,Gizmo,545
175600,North,Gizmo,877
175619,North,Gizmo,610
175626,North,Gadget,841
175628,North,Widget,793
175651,North,Widget,827
175663,North,Gizmo,722
175664,North,Widget,869
175670,North,Gadget,750
175672,North,Gadget,855
175696,North,Gizmo,888
175699,North,Doohickey,914
175703,North,Gizmo,512
175711,North,Gizmo,728
175714,North,Gizmo,605
175717,North,Gadget,570
175720,North,Widget,696
175726,North,Widget,534
175735,North,Gizmo,765
175740,North,Gadget,959
175755,North,Doohickey,935
175764,North,Gizmo,609
175768,North,Widget,986
175780,North,Widget,514
175782,North,Gizmo,622
175785,North,Widget,872
175787,North,Gizmo,886
175796,North,Gizmo,840
175798,North,Gizmo,573
175805,North,Gizmo,856
175806,North,Gizmo,786
175807,North,Gadget,872
175811,North,Widget,872
175815,North,Gizmo,630
175825,North,Doohickey,750
175839,North,Gadget,685
175849,North,Gizmo,961
175852,North,Widget,777
175861,North,Gizmo,892
175863,North,Gadget,938
175871,North,Doohickey,985
175877,North,Doohickey,634
175886,North,Gadget,543
175893,North,Gadget,563
175903,North,Gadget,809
175907,North,Gizmo,790
175911,North,Doohickey,896
175918,North,Widget,790
175925,North,Widget,686
175932,North,Gizmo,852
175937,North,Doohickey,622
175945,North,Doohickey,716
175948,North,Gadget,823
175951,North,Widget,501
175953,North,Widget,918
175963,North,Gadget,811
175964,North,Widget,926
175968,North,Doohickey,802
175981,North,Doohickey,509
175982,North,Gizmo,868
175991,North,Gizmo,559
175997,North,Doohickey,556
176009,North,Gizmo,888
176031,North,Doohickey,593
176043,North,Widget,902
176051,North,Gizmo,647
176052,North,Widget,519
176056,North,Doohickey,965
176067,North,Widget,786
176071,North,Gadget,592
176072,North,Widget,772
176076,North,Gadget,647
176107,North,Gadget,529
176110,North,Gizmo,785
176138,North,Gizmo,762
176142,North,Widget,566
176145,North,Widget,573
176170,North,Gadget,961
176173,North,Widget,526
176176,North,Doohickey,732
176177,North,Gizmo,767
176186,North,Doohickey,575
176195,North,Gadget,575
176206,North,Widget,717
176212,North,Widget,906
176216,North,Gizmo,565
176224,North,Doohickey,977
176240,North,Gizmo,530
176241,North,Gadget,969
176257,North,Doohickey,532
176265,North,Widget,967
176286,North,Gizmo,568
176288,North,Gizmo,991
176298,North,Gadget,620
176302,North,Gadget,658
176304,North,Gadget,501
176313,North,Gadget,883
176319,North,Widget,770
176341,North,Widget,624
176350,North,Doohickey,701
176365,North,Gizmo,925
176372,North,Widget,542
176381,North,Gadget,716
176394,North,Widget,816
176397,North,Widget,772
176399,North,Gadget,818
176405,North,Gizmo,726
176426,North,Widget,958
176429,North,Doohickey,994
176434,North,Gizmo,685
176441,North,Doohickey,547
176455,North,Gadget,833
176459,North,Gadget,626
176465,North,Gadget,682
176478,North,Doohickey,967
176491,North,Widget,951
176546,North,Doohickey,834
176550,North,Gizmo,965
176558,North,Gizmo,741
176559,North,Doohickey,662
176564,North,Gadget,968
176571,North,Widget,874
176604,North,Doohickey,796
176609,North,Widget,718
176618,North,Gadget,681
176622,North,Widget,911
176638,North,Doohickey,950
176640,North,Widget,938
176657,North,Doohickey,519
176673,North,Widget,636
176675,North,Gizmo,815
176680,North,Doohickey,795
176695,North,Doohickey,662
176698,North,Widget,966
176702,North,Gizmo,798
176710,North,Doohickey,661
176718,North,Widget,650
176719,North,Gadget,578
176721,North,Gadget,555
176727,North,Gizmo,615
176728,North,Gadget,732
176730,North,Gadget,808
176736,North,Gizmo,579
176762,North,Gadget,913
176766,North,Gadget,836
176767,North,Gadget,630
176770,North,Gizmo,852
176788,North,Widget,921
176791,North,Gizmo,955
176827,North,Gizmo,886
176828,North,Gizmo,911
176833,North,Gizmo,634
176849,North,Widget,582
176856,North,Widget,672
176857,North,Widget,993
176884,North,Gizmo,518
176889,North,Widget,547
176891,North,Widget,697
176896,North,Gizmo,844
176907,North,Doohickey,543
176910,North,Gizmo,613
176919,North,Gizmo,536
176932,North,Gadget,926
176946,North,Gadget,861
176947,North,Gizmo,890
176948,North,Gizmo,521
176949,North,Gadget,674
176966,North,Widget,911
176979,North,Doohickey,943
177005,North,Doohickey,742
177022,North,Gadget,767
177024,North,Gizmo,946
177052,North,Widget,965
177062,North,Doohickey,770
177068,North,Gizmo,587
177069,North,Gadget,944
177070,North,Gadget,965
177072,North,Doohickey,579
177073,North,Doohickey,880
177093,North,Gizmo,691
177094,North,Gizmo,877
177095,North,Doohickey,771
177098,North,Gizmo,885
177111,North,Widget,721
177117,North,Doohickey,785
177123,North,Gadget,759
177126,North,Widget,697
177145,North,Doohickey,886
177147,North,Widget,557
177150,North,Gadget,944
177158,North,Gizmo,818
177165,North,Widget,836
177166,North,Gizmo,826
177168,North,Doohickey,977
177172,North,Gizmo,533
177180,North,Widget,997
177191,North,Widget,855
177192,North,Gadget,955
177208,North,Gizmo,824
177216,North,Gizmo,794
177220,North,Gizmo,968
177222,North,Gadget,591
177231,North,Doohickey,588
177232,North,Gizmo,716
177246,North,Gadget,719
177248,North,Gizmo,582
177250,North,Doohickey,651
177253,North,Gizmo,747
177272,North,Gizmo,899
177282,North,Gadget,668
177286,North,Doohickey,934
177289,North,Doohickey,542
177291,North,Widget,921
177307,North,Widget,810
177310,North,Doohickey,569
177319,North,Gadget,781
177329,North,Doohickey,925
177366,North,Doohickey,859
177376,North,Widget,963
177381,North,Gizmo,770
177386,North,Doohickey,908
177389,North,Widget,999
177398,North,Widget,666
177415,North,Widget,952
177424,North,Widget,903
177446,North,Gizmo,537
177452,North,Doohickey,556
177470,North,Gadget,630
177477,North,Doohickey,541
177479,North,Gadget,969
177480,North,Gizmo,695
177487,North,Gizmo,892
177507,North,Gizmo,655
177532,North,Doohickey,678
177536,North,Gadget,757
177547,North,Gadget,902
177560,North,Gizmo,716
177562,North,Gadget,794
177564,North,Gizmo,540
177571,North,Widget,545
177576,North,Doohickey,994
177580,North,Widget,725
177581,North,Widget,790
177588,North,Doohickey,918
177594,North,Doohickey,715
177629,North,Gadget,630
177638,North,Gadget,985
177641,North,Widget,678
177648,North,Doohickey,857
177652,North,Gizmo,625
177659,North,Gadget,624
177661,North,Gadget,952
177679,North,Gizmo,602
177693,North,Gizmo,752
177710,North,Widget,638
177711,North,Doohickey,515
177721,North,Doohickey,709
177722,North,Doohickey,646
177725,North,Gizmo,927
177770,North,Gadget,749
177797,North,Doohickey,670
177802,North,Doohickey,777
177803,North,Widget,869
177806,North,Doohickey,725
177807,North,Doohickey,660
177811,North,Gadget,908
177814,North,Doohickey,640
177818,North,Gadget,741
177819,North,Widget,934
177823,North,Gizmo,968
177824,North,Gadget,950
177829,North,Widget,513
177830,North,Gizmo,546
177834,North,Gadget,914
177837,North,Gizmo,775
177844,North,Gadget,519
177845,North,Gadget,825
177870,North,Doohickey,650
177874,North,Gizmo,737
177889,North,Gadget,989
177890,North,Widget,819
177892,North,Widget,983
177897,North,Gadget,930
177907,North,Gadget,963
177909,North,Doohickey,816
177938,North,Gizmo,593
177941,North,Gizmo,685
177962,North,Gizmo,850
177963,North,Widget,649
177965,North,Widget,731
177969,North,Gizmo,503
177979,North,Gizmo,735
177991,North,Doohickey,718
178000,North,Gizmo,808
178009,North,Gadget,544
178027,North,Gadget,833
178035,North,Widget,682
178040,North,Widget,577
178041,North,Gizmo,919
178045,North,Gizmo,858
178047,North,Gizmo,595
178059,North,Widget,865
178065,North,Widget,833
178074,North,Gadget,737
178078,North,Gadget,564
178103,North,Widget,537
178116,North,Gizmo,893
178128,North,Gadget,784
178130,North,Doohickey,640
178132,North,Gadget,792
178151,North,Widget,825
178155,North,Widget,897
178163,North,Widget,817
178169,North,Doohickey,964
178175,North,Doohickey,612
178183,North,Gadget,763
178184,North,Gizmo,641
178185,North,Gadget,604
178196,North,Gadget,736
178199,North,Gadget,509
178209,North,Doohickey,844
178214,North,Gadget,944
178220,North,Widget,807
178240,North,Doohickey,831
178246,North,Gizmo,675
178251,North,Gadget,905
178265,North,Widget,597
178271,North,Widget,740
178275,North,Gadget,969
178284,North,Doohickey,681
178287,North,Widget,574
178292,North,Doohickey,620
178302,North,Gadget,702
178306,North,Doohickey,605
178313,North,Doohickey,830
178319,North,Gadget,830
178337,North,Gadget,552
178347,North,Doohickey,924
178358,North,Gizmo,859
178360,North,Doohickey,777
178361,North,Gizmo,660
178372,North,Gadget,739
178373,North,Widget,902
178378,North,Gadget,772
178392,North,Gizmo,529
178421,North,Widget,948
178429,North,Doohickey,601
178443,North,Doohickey,713
178460,North,Gadget,756
178471,North,Gadget,577
178479,North,Gadget,791
178481,North,Doohickey,972
178485,North,Widget,783
178489,North,Doohickey,605
178497,North,Gizmo,663
178512,North,Gadget,913
178522,North,Widget,531
178525,North,Doohickey,986
178532,North,Gizmo,773
178540,North,Gizmo,843
178543,North,Gadget,520
178544,North,Gadget,638
178547,North,Gizmo,902
178552,North,Gadget,726
178557,North,Gadget,902
178577,North,Doohickey,826
178588,North,Gizmo,994
178596,North,Gizmo,871
178607,North,Doohickey,757
178619,North,Gizmo,911
178627,North,Doohickey,940
178639,North,Doohickey,897
178640,North,Gizmo,605
178654,North,Gadget,751
178657,North,Gadget,543
178684,North,Widget,910
178686,North,Doohickey,768
178706,North,Doohickey,627
178710,North,Gizmo,896
178715,North,Doohickey,961
178726,North,Widget,758
178731,North,Gizmo,802
178737,North,Doohickey,779
178744,North,Gizmo,994
178751,North,Gizmo,631
178755,North,Gizmo,821
178778,North,Widget,544
178781,North,Gadget,604
178782,North,Doohickey,731
178793,North,Gizmo,505
178798,North,Widget,871
178811,North,Widget,544
178817,North,Doohickey,889
178822,North,Gizmo,628
178833,North,Gizmo,967
178834,North,Doohickey,764
178872,North,Widget,897
178876,North,Gadget,569
178888,North,Gadget,944
178893,North,Doohickey,723
178894,North,Widget,815
178899,North,Gadget,923
178915,North,Gadget,619
178921,North,Gadget,646
178929,North,Gizmo,558
178932,North,Gizmo,850
178940,North,Gizmo,687
178949,North,Gadget,772
178970,North,Widget,778
178975,North,Gadget,907
178995,North,Gadget,698
178999,North,Gizmo,588
179000,North,Doohickey,873
179021,North,Doohickey,515
179023,North,Widget,892
179031,North,Widget,950
179034,North,Widget,669
179037,North,Gizmo,553
179046,North,Gizmo,961
179052,North,Gizmo,522
179065,North,Doohickey,574
179081,North,Doohickey,789
179090,North,Gizmo,816
179095,North,Widget,507
179115,North,Gizmo,584
179125,North,Widget,853
179127,North,Doohickey,833
179134,North,Gizmo,683
179145,North,Gadget,815
179154,North,Widget,894
179165,North,Widget,919
179186,North,Widget,809
179187,North,Gizmo,894
179203,North,Gadget,567
179272,North,Gadget,906
179275,North,Doohickey,630
179281,North,Widget,767
179306,North,Gadget,627
179313,North,Widget,787
179316,North,Widget,940
179319,North,Gadget,802
179329,North,Gadget,925
179334,North,Gizmo,677
179346,North,Widget,986
179354,North,Doohickey,776
179358,North,Widget,732
179359,North,Doohickey,572
179374,North,Gizmo,627
179381,North,Gizmo,783
179393,North,Gizmo,734
179396,North,Doohickey,884
179404,North,Gadget,669
179409,North,Doohickey,538
179415,North,Gadget,743
179425,North,Widget,660
179435,North,Doohickey,672
179437,North,Widget,516
179446,North,Gizmo,574
179461,North,Doohickey,982
179474,North,Gadget,580
179475,North,Gadget,573
179491,North,Gadget,772
179494,North,Gadget,992
179517,North,Gadget,825
179521,North,Doohickey,802
179522,North,Gizmo,838
179535,North,Widget,503
179539,North,Gadget,807
179540,North,Doohickey,646
179554,North,Gadget,655
179566,North,Widget,765
179570,North,Doohickey,968
179571,North,Gadget,867
179597,North,Doohickey,729
179600,North,Doohickey,541
179603,North,Gizmo,927
179607,North,Gizmo,655
179610,North,Gadget,959
179617,North,Doohickey,545
179634,North,Doohickey,793
179652,North,Gizmo,589
179653,North,Gizmo,824
179657,North,Doohickey,588
179664,North,Gizmo,638
179673,North,Gadget,971
179684,North,Doohickey,716
179696,North,Doohickey,562
179709,North,Widget,696
179712,North,Doohickey,738
179725,North,Gizmo,908
179726,North,Gizmo,843
179727,North,Widget,669
179735,North,Widget,799
179741,North,Doohickey,751
179742,North,Widget,688
179746,North,Widget,936
179750,North,Doohickey,698
179751,North,Widget,864
179767,North,Widget,894
179772,North,Widget,893
179784,North,Gadget,906
179786,North,Doohickey,739
179793,North,Gizmo,918
179809,North,Gizmo,775
179816,North,Widget,996
179827,North,Gadget,790
179837,North,Doohickey,653
179838,North,Widget,857
179840,North,Gizmo,668
179841,North,Gadget,674
179851,North,Gizmo,629
179854,North,Widget,523
179858,North,Gadget,593
179875,North,Widget,576
179892,North,Gadget,943
179917,North,Doohickey,908
179919,North,Gadget,561
179922,North,Doohickey,745
179925,North,Widget,529
179941,North,Widget,844
179946,North,Gadget,523
179949,North,Gizmo,878
179952,North,Widget,858
179953,North,Gadget,842
179957,North,Gizmo,875
179976,North,Doohickey,691
179984,North,Gizmo,633
179991,North,Gizmo,592
179996,North,Gizmo,731
180006,North,Gizmo,984
180008,North,Gadget,756
180022,North,Widget,543
180030,North,Gizmo,856
180049,North,Gadget,690
180054,North,Widget,671
180074,North,Widget,738
180080,North,Widget,859
180082,North,Gadget,550
180097,North,Doohickey,802
180100,North,Widget,802
180110,North,Gizmo,581
180113,North,Doohickey,508
180119,North,Gizmo,927
180130,North,Doohickey,969
180142,North,Gizmo,708
180144,North,Widget,785
180160,North,Gizmo,915
180172,North,Widget,660
180173,North,Doohickey,751
180177,North,Widget,640
180179,North,Gadget,811
180183,North,Gizmo,908
180185,North,Doohickey,615
180190,North,Gadget,871
180201,North,Doohickey,638
180203,North,Gadget,874
180214,North,Gadget,980
180215,North,Doohickey,596
180218,North,Gizmo,656
180239,North,Gadget,808
180242,North,Doohickey,798
180250,North,Widget,655
180251,North,Widget,711
180255,North,Gadget,780
180265,North,Widget,616
180271,North,Doohickey,702
180272,North,Gadget,857
180284,North,Gadget,864
180298,North,Doohickey,720
180300,North,Gizmo,918
180302,North,Gizmo,875
180306,North,Doohickey,613
180318,North,Gizmo,836
180325,North,Widget,740
180330,North,Widget,597
180336,North,Widget,599
180356,North,Widget,742
180374,North,Doohickey,562
180378,North,Doohickey,529
180379,North,Widget,913
180382,North,Gizmo,589
180388,North,Doohickey,514
180401,North,Widget,654
180408,North,Gizmo,625
180419,North,Gizmo,753
180426,North,Doohickey,909
180427,North,Widget,505
180459,North,Doohickey,810
180461,North,Widget,532
180473,North,Gadget,609
180484,North,Gadget,765
180485,North,Gadget,632
180506,North,Gadget,907
180512,North,Doohickey,961
180526,North,Gizmo,931
180535,North,Doohickey,902
180553,North,Doohickey,673
180556,North,Gizmo,555
180564,North,Gizmo,855
180565,North,Doohickey,950
180567,North,Doohickey,609
180590,North,Gadget,531
180597,North,Widget,808
180598,North,Gizmo,835
180603,North,Gadget,656
180607,North,Gadget,830
180611,North,Doohickey,608
180620,North,Doohickey,878
180625,North,Doohickey,901
180630,North,Gizmo,859
180632,North,Gadget,699
180639,North,Widget,802
180648,North,Widget,852
180652,North,Gizmo,573
180659,North,Gizmo,900
180660,North,Gadget,694
180661,North,Widget,522
180665,North,Gizmo,561
180667,North,Widget,535
180673,North,Gadget,824
180691,North,Doohickey,666
180698,North,Gadget,807
180705,North,Doohickey,588
180707,North,Gizmo,516
180708,North,Gizmo,856
180711,North,Widget,830
180722,North,Gizmo,877
180727,North,Widget,515
180733,North,Gizmo,993
180736,North,Gizmo,886
180741,North,Doohickey,676
180755,North,Doohickey,786
180759,North,Gadget,604
180760,North,Gadget,701
180771,North,Doohickey,869
180775,North,Gizmo,988
180783,North,Gizmo,936
180790,North,Gadget,821
180794,North,Doohickey,739
180796,North,Gadget,902
180802,North,Gadget,631
180808,North,Gadget,507
180814,North,Doohickey,670
180816,North,Doohickey,625
180835,North,Gadget,718
180841,North,Gizmo,568
180847,North,Doohickey,973
180851,North,Widget,511
180872,North,Doohickey,754
180892,North,Widget,637
180905,North,Gizmo,513
180908,North,Gizmo,729
180916,North,Gadget,992
180924,North,Doohickey,581
180927,North,Gizmo,546
180931,North,Widget,699
180940,North,Gizmo,653
180948,North,Doohickey,756
180951,North,Doohickey,800
180955,North,Doohickey,770
180971,North,Gizmo,919
180980,North,Widget,999
180997,North,Doohickey,644
181002,North,Widget,664
181004,North,Doohickey,850
181012,North,Widget,520
181047,North,Widget,978
181048,North,Gadget,952
181049,North,Doohickey,515
181059,North,Gadget,801
181063,North,Doohickey,685
181069,North,Gadget,667
181077,North,Widget,892
181093,North,Doohickey,781
181100,North,Gadget,892
181112,North,Gizmo,528
181115,North,Widget,520
181118,North,Widget,604
181144,North,Widget,754
181153,North,Doohickey,677
181158,North,Gadget,835
181177,North,Gizmo,760
181192,North,Gizmo,948
181208,North,Gadget,792
181212,North,Widget,676
181214,North,Doohickey,559
181215,North,Widget,930
181223,North,Widget,888
181224,North,Gizmo,707
181226,North,Widget,592
181248,North,Doohickey,956
181250,North,Widget,796
181251,North,Doohickey,860
181253,North,Doohickey,509
181256,North,Doohickey,514
181258,North,Doohickey,752
181261,North,Gizmo,844
181262,North,Doohickey,588
181266,North,Widget,757
181286,North,Doohickey,607
181291,North,Widget,924
181301,North,Gizmo,654
181303,North,Gizmo,704
181310,North,Gizmo,906
181319,North,Gadget,641
181331,North,Doohickey,985
181334,North,Gizmo,778
181348,North,Gizmo,567
181352,North,Gadget,867
181390,North,Widget,924
181392,North,Gizmo,994
181399,North,Gadget,766
181410,North,Gadget,915
181412,North,Gadget,885
181413,North,Doohickey,704
181437,North,Widget,509
181443,North,Widget,838
181447,North,Gizmo,832
181450,North,Doohickey,798
181455,North,Gizmo,747
181474,North,Widget,696
181477,North,Widget,816
181487,North,Widget,933
181504,North,Doohickey,647
181505,North,Gadget,886
181511,North,Gizmo,701
181513,North,Gizmo,863
181524,North,Widget,927
181531,North,Gadget,897
181539,North,Gadget,575
181542,North,Gadget,765
181543,North,Doohickey,988
181544,North,Gizmo,576
181547,North,Gadget,598
181552,North,Widget,646
181561,North,Gadget,562
181562,North,Gadget,828
181564,North,Doohickey,780
181569,North,Doohickey,714
181571,North,Gizmo,764
181572,North,Doohickey,911
181578,North,Widget,822
181580,North,Widget,695
181589,North,Gizmo,564
181596,North,Gadget,539
181604,North,Widget,897
181605,North,Gizmo,924
181632,North,Gizmo,601
181662,North,Widget,933
181665,North,Gadget,931
181668,North,Gadget,612
181671,North,Widget,782
181692,North,Gizmo,836
181695,North,Gadget,994
181696,North,Doohickey,599
181712,North,Widget,918
181722,North,Gadget,508
181724,North,Gizmo,552
181727,North,Widget,926
181735,North,Doohickey,919
181755,North,Widget,531
181757,North,Doohickey,620
181777,North,Gizmo,630
181780,North,Widget,537
181790,North,Gadget,840
181795,North,Gadget,709
181810,North,Gadget,853
181811,North,Widget,729
181833,North,Gadget,926
181838,North,Widget,839
181840,North,Gadget,519
181845,North,Gadget,958
181847,North,Gizmo,573
181848,North,Gadget,817
181849,North,Gadget,922
181869,North,Gadget,622
181878,North,Doohickey,517
181887,North,Doohickey,688
181888,North,Widget,766
181896,North,Gadget,605
181905,North,Gizmo,892
181911,North,Doohickey,894
181915,North,Doohickey,659
181920,North,Gadget,827
181922,North,Gadget,647
181960,North,Doohickey,640
181962,North,Doohickey,616
181967,North,Gizmo,792
181968,North,Doohickey,743
181982,North,Gadget,700
181989,North,Doohickey,509
181995,North,Gadget,638
182014,North,Gadget,563
182031,North,Widget,733
182035,North,Doohickey,816
182040,North,Widget,864
182045,North,Widget,790
182047,North,Doohickey,507
182050,North,Widget,891
182060,North,Gadget,933
182080,North,Gadget,997
182088,North,Widget,630
182090,North,Widget,624
182091,North,Gizmo,669
182118,North,Widget,839
182127,North,Gadget,752
182138,North,Widget,974
182142,North,Doohickey,614
182155,North,Gadget,602
182156,North,Gadget,529
182165,North,Widget,816
182170,North,Doohickey,861
182186,North,Gadget,512
182201,North,Widget,624
182207,North,Gadget,620
182232,North,Widget,742
182252,North,Widget,795
182256,North,Doohickey,662
182261,North,Gizmo,630
182266,North,Doohickey,669
182274,North,Gizmo,765
182278,North,Doohickey,546
182296,North,Gizmo,940
182320,North,Gadget,886
182327,North,Gizmo,953
182334,North,Doohickey,621
182346,North,Gizmo,726
182350,North,Gizmo,800
182370,North,Gizmo,830
182388,North,Gadget,644
182404,North,Doohickey,610
182410,North,Widget,926
182411,North,Widget,692
182413,North,Gizmo,826
182418,North,Gadget,749
182426,North,Widget,723
182427,North,Widget,579
182459,North,Doohickey,526
182461,North,Widget,774
182467,North,Doohickey,774
182471,North,Gizmo,640
182472,North,Doohickey,659
182478,North,Gizmo,751
182491,North,Gadget,633
182498,North,Gadget,652
182514,North,Gadget,762
182524,North,Gadget,725
182530,North,Gadget,835
182536,North,Widget,905
182545,North,Gizmo,569
182547,North,Doohickey,710
182554,North,Gadget,682
182556,North,Doohickey,577
182557,North,Doohickey,786
182558,North,Gizmo,701
182562,North,Widget,687
182564,North,Doohickey,644
182583,North,Gadget,588
182587,North,Doohickey,674
182597,North,Doohickey,669
182613,North,Widget,737
182653,North,Gizmo,836
182663,North,Widget,516
182674,North,Gizmo,771
182684,North,Gadget,918
182689,North,Gadget,781
182706,North,Gizmo,925
182711,North,Widget,915
182713,North,Gadget,674
182722,North,Doohickey,807
182724,North,Widget,634
182725,North,Gizmo,625
182728,North,Widget,909
182743,North,Gizmo,582
182750,North,Gizmo,874
182763,North,Gizmo,778
182764,North,Doohickey,852
182766,North,Gizmo,787
182767,North,Widget,964
182771,North,Gadget,868
182772,North,Widget,556
182773,North,Gizmo,663
182789,North,Doohickey,539
182791,North,Gadget,538
182792,North,Gadget,689
182803,North,Doohickey,614
182818,North,Widget,509
182827,North,Gadget,783
182841,North,Widget,670
182845,North,Widget,507
182858,North,Gizmo,559
182866,North,Gizmo,656
182873,North,Gadget,769
182875,North,Gadget,627
182882,North,Gadget,847
182887,North,Gadget,590
182888,North,Widget,961
182892,North,Gadget,750
182894,North,Gadget,742
182912,North,Gadget,533
182917,North,Widget,874
182925,North,Gadget,767
182927,North,Gadget,568
182928,North,Gizmo,811
182932,North,Widget,819
182935,North,Doohickey,957
182940,North,Gadget,872
182955,North,Gizmo,875
182958,North,Doohickey,754
182970,North,Gizmo,950
182977,North,Widget,719
182986,North,Widget,807
182991,North,Gizmo,540
182992,North,Doohickey,641
182994,North,Gizmo,665
182995,North,Widget,975
182999,North,Doohickey,507
183004,North,Gadget,911
183007,North,Widget,863
183011,North,Gadget,696
183034,North,Widget,821
183047,North,Gizmo,793
183050,North,Widget,774
183054,North,Gadget,597
183059,North,Gadget,807
183096,North,Gizmo,980
183104,North,Gadget,981
183110,North,Gadget,739
183113,North,Gizmo,567
183127,North,Gadget,746
183137,North,Doohickey,755
183163,North,Gadget,847
183167,North,Widget,514
183168,North,Doohickey,648
183170,North,Gadget,831
183182,North,Gadget,580
183189,North,Widget,629
183195,North,Gadget,630
183197,North,Gizmo,657
183207,North,Doohickey,627
183208,North,Widget,855
183214,North,Gizmo,910
183226,North,Gizmo,638
183228,North,Gizmo,517
183242,North,Widget,537
183245,North,Doohickey,925
183254,North,Gizmo,585
183256,North,Widget,773
183263,North,Gizmo,944
183268,North,Gizmo,656
183273,North,Widget,656
183284,North,Widget,772
183289,North,Gizmo,546
183296,North,Widget,652
183298,North,Doohickey,831
183314,North,Gizmo,991
183315,North,Doohickey,586
183327,North,Doohickey,541
183347,North,Gizmo,833
183358,North,Doohickey,730
183361,North,Gizmo,871
183368,North,Widget,684
183379,North,Widget,641
183396,North,Doohickey,554
183400,North,Gizmo,749
183401,North,Doohickey,739
183416,North,Gizmo,910
183424,North,Doohickey,865
183436,North,Doohickey,606
183444,North,Gizmo,719
183445,North,Gizmo,722
183460,North,Gadget,830
183463,North,Gadget,540
183468,North,Widget,974
183469,North,Gadget,616
183472,North,Widget,650
183478,North,Doohickey,875
183481,North,Widget,685
183487,North,Gizmo,744
183492,North,Gizmo,775
183493,North,Gizmo,973
183498,North,Doohickey,706
183503,North,Widget,969
183515,North,Widget,589
183522,North,Doohickey,835
183534,North,Doohickey,643
183539,North,Gadget,652
183542,North,Widget,806
183557,North,Gadget,996
183558,North,Widget,900
183574,North,Doohickey,786
183579,North,Gadget,595
183581,North,Widget,814
183582,North,Doohickey,988
183585,North,Gizmo,533
183588,North,Widget,779
183591,North,Widget,869
183592,North,Widget,706
183593,North,Gizmo,787
183594,North,Gizmo,501
183595,North,Doohickey,965
183599,North,Gadget,971
183603,North,Gadget,728
183607,North,Widget,574
183621,North,Gizmo,654
183623,North,Widget,595
183624,North,Widget,742
183627,North,Doohickey,650
183631,North,Widget,763
183646,North,Gizmo,846
183649,North,Widget,855
183651,North,Gizmo,773
183653,North,Widget,519
183658,North,Widget,827
183670,North,Widget,730
183679,North,Gizmo,831
183686,North,Gizmo,961
183688,North,Gadget,746
183700,North,Gadget,888
183710,North,Gadget,989
183712,North,Gizmo,919
183715,North,Gadget,969
183724,North,Doohickey,656
183739,North,Doohickey,748
183746,North,Gadget,753
183749,North,Gadget,683
183750,North,Gizmo,968
183753,North,Widget,700
183759,North,Gizmo,765
183774,North,Widget,653
183782,North,Gizmo,863
183785,North,Doohickey,894
183788,North,Gizmo,779
183790,North,Doohickey,819
183801,North,Widget,878
183802,North,Gizmo,760
183803,North,Doohickey,978
183804,North,Gadget,711
183809,North,Gadget,599
183810,North,Gizmo,524
183820,North,Gizmo,586
183825,North,Doohickey,580
183828,North,Widget,861
183836,North,Gizmo,586
183846,North,Gadget,850
183874,North,Gadget,982
183893,North,Gadget,774
183902,North,Widget,748
183907,North,Gadget,884
183909,North,Doohickey,919
183917,North,Gadget,562
183918,North,Gadget,686
183920,North,Gadget,949
183937,North,Doohickey,936
183942,North,Widget,573
183943,North,Gizmo,611
183947,North,Gadget,752
183951,North,Widget,943
183960,North,Doohickey,990
183962,North,Widget,545
183963,North,Doohickey,760
183965,North,Gizmo,745
183966,North,Widget,907
183970,North,Doohickey,767
183977,North,Widget,775
183987,North,Doohickey,556
184006,North,Gadget,774
184016,North,Gadget,657
184041,North,Gadget,952
184046,North,Doohickey,618
184050,North,Doohickey,692
184053,North,Widget,522
184057,North,Doohickey,503
184061,North,Gadget,701
184065,North,Gadget,877
184069,North,Gadget,824
184070,North,Widget,566
184073,North,Widget,889
184085,North,Widget,701
184090,North,Widget,768
184094,North,Widget,651
184108,North,Gadget,595
184118,North,Gadget,839
184125,North,Widget,555
184153,North,Widget,515
184154,North,Gizmo,546
184157,North,Widget,877
184165,North,Gadget,852
184175,North,Gadget,814
184178,North,Gizmo,889
184184,North,Gizmo,662
184186,North,Doohickey,817
184187,North,Gadget,638
184196,North,Gizmo,960
184197,North,Doohickey,983
184224,North,Gadget,868
184246,North,Gizmo,525
184262,North,Widget,553
184272,North,Gizmo,922
184280,North,Gadget,857
184281,North,Doohickey,719
184288,North,Doohickey,940
184294,North,Widget,977
184295,North,Widget,946
184309,North,Gizmo,986
184320,North,Doohickey,631
184323,North,Doohickey,865
184333,North,Widget,844
184340,North,Doohickey,844
184352,North,Gadget,718
184358,North,Widget,836
184366,North,Widget,741
184372,North,Doohickey,802
184377,North,Gizmo,905
184392,North,Gadget,553
184398,North,Gizmo,664
184409,North,Gizmo,924
184414,North,Doohickey,501
184433,North,Gadget,657
184437,North,Gadget,806
184438,North,Widget,566
184449,North,Gizmo,567
184450,North,Gizmo,655
184452,North,Gadget,753
184456,North,Doohickey,888
184460,North,Gizmo,687
184480,North,Doohickey,769
184483,North,Widget,896
184485,North,Widget,695
184491,North,Doohickey,852
184505,North,Gizmo,614
184512,North,Gadget,832
184515,North,Doohickey,843
184521,North,Doohickey,827
184522,North,Gizmo,919
184526,North,Gadget,735
184530,North,Widget,579
184556,North,Widget,868
184559,North,Doohickey,915
184561,North,Doohickey,942
184568,North,Widget,976
184575,North,Gizmo,974
184576,North,Doohickey,779
184579,North,Gadget,653
184592,North,Widget,751
184594,North,Gadget,806
184596,North,Gizmo,521
184613,North,Gizmo,527
184629,North,Doohickey,678
184644,North,Gadget,874
184646,North,Widget,689
184680,North,Gadget,908
184681,North,Gizmo,964
184693,North,Doohickey,894
184730,North,Doohickey,710
184735,North,Widget,544
184737,North,Widget,972
184738,North,Gadget,955
184747,North,Gadget,943
184748,North,Gizmo,552
184762,North,Doohickey,693
184766,North,Gizmo,780
184768,North,Doohickey,805
184777,North,Gadget,743
184788,North,Doohickey,917
184806,North,Gadget,714
184814,North,Doohickey,795
184819,North,Gizmo,772
184827,North,Doohickey,637
184838,North,Doohickey,615
184840,North,Gizmo,964
184841,North,Gizmo,643
184861,North,Gadget,607
184863,North,Doohickey,972
184870,North,Gizmo,724
184885,North,Doohickey,572
184908,North,Widget,557
184923,North,Gizmo,786
184926,North,Widget,701
184930,North,Widget,850
184936,North,Gizmo,833
184939,North,Widget,603
184948,North,Doohickey,639
184954,North,Gadget,761
184960,North,Gadget,865
184971,North,Gadget,675
184991,North,Gizmo,590
184998,North,Gadget,961
185013,North,Gadget,564
185017,North,Gizmo,616
185020,North,Doohickey,794
185024,North,Gadget,696
185025,North,Gadget,582
185032,North,Widget,557
185034,North,Widget,759
185038,North,Widget,512
185041,North,Gadget,716
185042,North,Doohickey,857
185045,North,Widget,599
185046,North,Gizmo,857
185058,North,Gadget,531
185066,North,Doohickey,886
185094,North,Gizmo,544
185095,North,Doohickey,619
185098,North,Gizmo,869
185100,North,Doohickey,992
185101,North,Gizmo,600
185104,North,Gizmo,980
185105,North,Gadget,869
185109,North,Doohickey,709
185114,North,Doohickey,754
185125,North,Doohickey,927
185145,North,Gizmo,900
185146,North,Widget,897
185154,North,Gadget,950
185166,North,Widget,720
185168,North,Gizmo,526
185170,North,Doohickey,967
185177,North,Gadget,545
185184,North,Doohickey,772
185187,North,Widget,917
185196,North,Gizmo,561
185203,North,Gadget,957
185206,North,Widget,788
185209,North,Widget,835
185217,North,Doohickey,860
185231,North,Doohickey,955
185233,North,Gizmo,630
185235,North,Gizmo,512
185240,North,Gizmo,953
185261,North,Widget,986
185266,North,Gadget,660
185275,North,Widget,843
185284,North,Gadget,516
185286,North,Gadget,974
185287,North,Gizmo,742
185292,North,Widget,882
185302,North,Doohickey,744
185303,North,Gizmo,864
185307,North,Gadget,509
185312,North,Gizmo,779
185320,North,Widget,914
185332,North,Gizmo,604
185341,North,Gizmo,559
185342,North,Widget,558
185357,North,Widget,983
185365,North,Widget,782
185368,North,Gizmo,998
185370,North,Doohickey,967
185375,North,Gadget,790
185385,North,Gizmo,743
185405,North,Widget,914
185410,North,Doohickey,571
185418,North,Gizmo,824
185431,North,Gizmo,743
185433,North,Doohickey,607
185457,North,Widget,674
185458,North,Gizmo,981
185460,North,Doohickey,639
185467,North,Gadget,678
185468,North,Widget,566
185469,North,Gadget,764
185477,North,Widget,992
185492,North,Gadget,552
185507,North,Gadget,936
185508,North,Doohickey,531
185512,North,Doohickey,533
185520,North,Gizmo,859
185527,North,Gizmo,794
185534,North,Doohickey,742
185567,North,Gizmo,584
185580,North,Doohickey,880
185589,North,Gadget,950
185594,North,Doohickey,760
185598,North,Gizmo,784
185604,North,Gadget,641
185614,North,Doohickey,555
185626,North,Gizmo,688
185632,North,Gadget,852
185635,North,Widget,992
185650,North,Doohickey,823
185657,North,Doohickey,539
185663,North,Doohickey,763
185670,North,Gizmo,752
185677,North,Gizmo,521
185681,North,Widget,663
185686,North,Gizmo,695
185690,North,Doohickey,823
185695,North,Widget,961
185697,North,Doohickey,865
185705,North,Widget,944
185707,North,Widget,716
185716,North,Gadget,772
185723,North,Gizmo,778
185727,North,Widget,992
185732,North,Gadget,660
185733,North,Widget,641
185734,North,Doohickey,655
185742,North,Gadget,696
185745,North,Gizmo,577
185762,North,Doohickey,693
185766,North,Gizmo,868
185781,North,Widget,650
185806,North,Gadget,893
185807,North,Doohickey,530
185809,North,Gizmo,761
185827,North,Doohickey,515
185828,North,Doohickey,775
185840,North,Gadget,844
185843,North,Doohickey,802
185848,North,Gadget,509
185856,North,Gadget,527
185867,North,Widget,611
185872,North,Doohickey,974
185887,North,Gizmo,925
185904,North,Widget,932
185905,North,Doohickey,501
185923,North,Gadget,784
185928,North,Widget,627
185936,North,Widget,676
185938,North,Doohickey,848
185947,North,Gizmo,944
185948,North,Widget,772
185949,North,Gadget,802
185958,North,Gizmo,619
185978,North,Gadget,911
185986,North,Gizmo,888
185988,North,Gadget,737
185995,North,Gizmo,677
186018,North,Widget,982
186035,North,Gadget,890
186045,North,Doohickey,811
186050,North,Gadget,818
186053,North,Gizmo,902
186064,North,Doohickey,928
186074,North,Doohickey,787
186079,North,Gadget,809
186084,North,Widget,903
186085,North,Gizmo,814
186088,North,Doohickey,872
186097,North,Gizmo,658
186109,North,Widget,923
186114,North,Gizmo,800
186117,North,Gadget,519
186126,North,Doohickey,667
186137,North,Gadget,560
186152,North,Doohickey,943
186158,North,Gizmo,949
186159,North,Doohickey,582
186161,North,Gadget,545
186175,North,Gadget,683
186185,North,Doohickey,795
186191,North,Gadget,644
186198,North,Gizmo,736
186208,North,Gadget,607
186221,North,Doohickey,612
186223,North,Gadget,667
186225,North,Gizmo,668
186226,North,Doohickey,616
186231,North,Gadget,764
186237,North,Gizmo,634
186239,North,Doohickey,950
186244,North,Doohickey,648
186262,North,Gadget,617
186276,North,Gizmo,981
186280,North,Gizmo,814
186286,North,Gadget,960
186290,North,Widget,680
186291,North,Gizmo,960
186307,North,Widget,591
186317,North,Gizmo,677
186324,North,Gizmo,823
186326,North,Doohickey,547
186332,North,Gizmo,983
186345,North,Doohickey,957
186355,North,Widget,722
186357,North,Widget,609
186365,North,Widget,762
186373,North,Gizmo,700
186374,North,Widget,832
186385,North,Gizmo,739
186426,North,Widget,602
186427,North,Gizmo,657
186432,North,Gizmo,864
186457,North,Doohickey,611
186484,North,Doohickey,963
186487,North,Gadget,915
186493,North,Widget,919
186520,North,Gizmo,765
186524,North,Gizmo,658
186531,North,Gadget,811
186543,North,Widget,600
186545,North,Gadget,935
186546,North,Doohickey,955
186548,North,Doohickey,786
186549,North,Gadget,695
186556,North,Gadget,641
186574,North,Doohickey,613
186581,North,Widget,522
186583,North,Doohickey,729
186592,North,Gizmo,751
186595,North,Doohickey,747
186599,North,Doohickey,555
186604,North,Widget,712
186630,North,Doohickey,595
186633,North,Doohickey,719
186648,North,Widget,869
186661,North,Widget,606
186670,North,Widget,978
186675,North,Gizmo,869
186691,North,Gizmo,878
186700,North,Gadget,633
186706,North,Gizmo,883
186713,North,Gadget,764
186715,North,Gizmo,976
186722,North,Widget,681
186729,North,Doohickey,505
186733,North,Doohickey,855
186735,North,Widget,732
186736,North,Gadget,704
186745,North,Gizmo,813
186747,North,Widget,927
186749,North,Widget,602
186751,North,Gadget,652
186753,North,Gadget,689
186763,North,Gizmo,735
186792,North,Widget,782
186797,North,Doohickey,571
186800,North,Gadget,952
186801,North,Gadget,757
186815,North,Gizmo,515
186820,North,Doohickey,564
186837,North,Gizmo,966
186842,North,Widget,788
186843,North,Widget,968
186852,North,Doohickey,860
186865,North,Gizmo,827
186871,North,Gizmo,843
186876,North,Widget,883
186886,North,Doohickey,619
186891,North,Gadget,986
186894,North,Doohickey,505
186903,North,Gizmo,830
186913,North,Widget,922
186918,North,Gadget,909
186926,North,Doohickey,871
186930,North,Gizmo,596
186936,North,Gadget,508
186943,North,Doohickey,575
186958,North,Gizmo,552
186959,North,Gizmo,994
186960,North,Doohickey,723
186978,North,Widget,938
186994,North,Doohickey,793
187005,North,Widget,899
187038,North,Doohickey,791
187040,North,Gizmo,799
187048,North,Gadget,530
187055,North,Gadget,819
187057,North,Widget,784
187064,North,Gadget,786
187068,North,Doohickey,557
187077,North,Widget,771
187087,North,Widget,649
187102,North,Gizmo,918
187117,North,Gadget,523
187120,North,Gizmo,918
187128,North,Gadget,677
187130,North,Widget,797
187136,North,Gizmo,556
187142,North,Widget,558
187145,North,Doohickey,627
187148,North,Widget,527
187161,North,Widget,678
187168,North,Gizmo,871
187182,North,Widget,521
187184,North,Widget,763
187188,North,Widget,593
187243,North,Widget,583
187246,North,Widget,723
187263,North,Gizmo,836
187276,North,Widget,957
187278,North,Gadget,777
187285,North,Doohickey,899
187294,North,Gizmo,981
187311,North,Gizmo,872
187318,North,Doohickey,801
187337,North,Gizmo,668
187338,North,Gizmo,630
187342,North,Doohickey,850
187344,North,Widget,665
187355,North,Gadget,911
187356,North,Gizmo,983
187369,North,Doohickey,840
187377,North,Gadget,941
187403,North,Doohickey,721
187404,North,Widget,770
187405,North,Gizmo,680
187416,North,Doohickey,670
187418,North,Gadget,530
187429,North,Widget,902
187430,North,Gizmo,519
187431,North,Gadget,791
187451,North,Widget,649
187455,North,Widget,901
187460,North,Widget,772
187465,North,Widget,628
187486,North,Doohickey,547
187493,North,Gizmo,589
187494,North,Doohickey,519
187499,North,Gadget,709
187502,North,Widget,973
187516,North,Gadget,919
187521,North,Widget,692
187522,North,Gadget,993
187526,North,Widget,852
187529,North,Widget,811
187533,North,Gizmo,973
187536,North,Doohickey,505
187538,North,Gadget,563
187539,North,Doohickey,852
187548,North,Gadget,717
187549,North,Widget,765
187552,North,Doohickey,861
187564,North,Doohickey,701
187571,North,Doohickey,919
187576,North,Gadget,602
187580,North,Gizmo,629
187583,North,Gizmo,523
187593,North,Doohickey,584
187596,North,Gadget,834
187603,North,Widget,939
187605,North,Doohickey,712
187609,North,Gizmo,597
187613,North,Doohickey,606
187618,North,Gadget,791
187627,North,Widget,596
187631,North,Gizmo,748
187633,North,Doohickey,871
187637,North,Doohickey,832
187643,North,Gizmo,940
187671,North,Widget,518
187686,North,Widget,808
187690,North,Gadget,859
187706,North,Widget,787
187725,North,Gizmo,644
187732,North,Gizmo,883
187750,North,Gizmo,868
187770,North,Gadget,795
187777,North,Gadget,501
187791,North,Doohickey,909
187801,North,Gadget,698
187813,North,Doohickey,583
187816,North,Doohickey,701
187822,North,Gadget,735
187823,North,Widget,683
187838,North,Doohickey,817
187843,North,Gadget,969
187846,North,Gizmo,769
187851,North,Gadget,876
187856,North,Gadget,513
187859,North,Doohickey,522
187871,North,Gadget,649
187874,North,Widget,732
187879,North,Gizmo,768
187893,North,Gizmo,839
187896,North,Gadget,977
187902,North,Gizmo,741
187911,North,Gadget,969
187923,North,Gadget,554
187927,North,Gadget,596
187930,North,Gizmo,532
187933,North,Gadget,828
187941,North,Doohickey,676
187942,North,Widget,916
187950,North,Gadget,700
187952,North,Gizmo,527
187961,North,Doohickey,849
187980,North,Gadget,874
187981,North,Gadget,850
187987,North,Doohickey,723
187990,North,Gizmo,973
187998,North,Widget,715
188002,North,Widget,634
188019,North,Gadget,628
188023,North,Doohickey,967
188027,North,Gizmo,630
188039,North,Doohickey,544
188058,North,Doohickey,894
188073,North,Doohickey,852
188084,North,Gadget,729
188086,North,Gadget,889
188099,North,Gizmo,559
188127,North,Doohickey,932
188168,North,Doohickey,547
188169,North,Gadget,721
188172,North,Gizmo,816
188173,North,Gizmo,519
188178,North,Widget,756
188190,North,Widget,647
188191,North,Gadget,512
188195,North,Widget,894
188196,North,Gadget,917
188200,North,Widget,625
188205,North,Gizmo,849
188212,North,Doohickey,796
188220,North,Gadget,762
188226,North,Doohickey,681
188228,North,Gizmo,668
188231,North,Gizmo,732
188251,North,Gadget,852
188252,North,Gizmo,943
188253,North,Gizmo,919
188262,North,Doohickey,966
188269,North,Doohickey,518
188293,North,Widget,831
188299,North,Gadget,773
188327,North,Gizmo,539
188330,North,Gizmo,944
188340,North,Gadget,660
188343,North,Gadget,519
188347,North,Gizmo,529
188348,North,Widget,657
188350,North,Widget,731
188353,North,Doohickey,523
188355,North,Doohickey,580
188362,North,Gadget,923
188369,North,Gadget,935
188372,North,Gadget,526
188384,North,Widget,859
188394,North,Doohickey,763
188399,North,Widget,750
188400,North,Gizmo,980
188405,North,Widget,775
188406,North,Doohickey,776
188416,North,Gadget,773
188426,North,Gizmo,741
188427,North,Doohickey,943
188437,North,Doohickey,539
188442,North,Gadget,754
188468,North,Gadget,967
188477,North,Gizmo,691
188501,North,Gadget,918
188507,North,Gizmo,681
188508,North,Gadget,771
188511,North,Widget,525
188527,North,Widget,545
188529,North,Gadget,643
188530,North,Widget,533
188535,North,Gadget,756
188536,North,Gadget,881
188539,North,Widget,833
188542,North,Gadget,763
188546,North,Widget,877
188556,North,Widget,939
188558,North,Gadget,505
188559,North,Widget,625
188575,North,Doohickey,758
188578,North,Gizmo,886
188579,North,Doohickey,691
188591,North,Widget,631
188592,North,Gizmo,967
188596,North,Gizmo,878
188600,North,Gadget,998
188608,North,Doohickey,996
188627,North,Gizmo,657
188630,North,Doohickey,839
188645,North,Gadget,657
188647,North,Gizmo,711
188650,North,Gadget,689
188652,North,Widget,726
188670,North,Gadget,640
188680,North,Widget,891
188682,North,Gizmo,851
188683,North,Gizmo,825
188685,North,Gizmo,570
188690,North,Doohickey,877
188692,North,Gadget,652
188694,North,Gizmo,817
188696,North,Widget,704
188699,North,Widget,916
188702,North,Widget,509
188731,North,Gadget,793
188744,North,Gadget,679
188746,North,Widget,637
188749,North,Doohickey,603
188750,North,Gizmo,583
188752,North,Gizmo,919
188761,North,Widget,541
188763,North,Gizmo,952
188771,North,Gizmo,511
188781,North,Gadget,710
188782,North,Gizmo,678
188784,North,Gadget,781
188788,North,Doohickey,619
188801,North,Widget,964
188824,North,Gadget,825
188841,North,Widget,951
188842,North,Widget,893
188843,North,Widget,511
188849,North,Widget,821
188852,North,Widget,740
188875,North,Doohickey,616
188882,North,Widget,553
188896,North,Gadget,763
188908,North,Doohickey,811
188914,North,Gadget,808
188920,North,Doohickey,714
188933,North,Widget,740
188948,North,Gizmo,880
188949,North,Widget,986
188958,North,Gadget,761
188963,North,Doohickey,576
188984,North,Widget,983
189019,North,Gizmo,662
189022,North,Gizmo,597
189026,North,Widget,894
189029,North,Gadget,922
189039,North,Gizmo,600
189050,North,Gadget,769
189067,North,Gizmo,747
189069,North,Gadget,759
189072,North,Widget,802
189078,North,Gizmo,850
189079,North,Gizmo,906
189083,North,Gizmo,858
189084,North,Gadget,537
189099,North,Gizmo,955
189113,North,Gadget,872
189116,North,Gadget,801
189130,North,Doohickey,670
189132,North,Gizmo,858
189134,North,Gadget,956
189150,North,Doohickey,795
189157,North,Widget,504
189181,North,Gadget,983
189184,North,Gadget,774
189186,North,Widget,919
189195,North,Gizmo,672
189198,North,Doohickey,638
189201,North,Widget,909
189204,North,Doohickey,960
189216,North,Widget,758
189231,North,Widget,815
189232,North,Doohickey,509
189233,North,Gizmo,788
189248,North,Gizmo,507
189257,North,Widget,784
189258,North,Gizmo,592
189260,North,Gizmo,913
189265,North,Gizmo,576
189276,North,Gizmo,570
189282,North,Gadget,531
189287,North,Doohickey,744
189303,North,Gadget,647
189306,North,Doohickey,806
189312,North,Widget,515
189338,North,Gizmo,721
189340,North,Gadget,853
189348,North,Widget,728
189353,North,Gizmo,735
189372,North,Doohickey,540
189381,North,Gadget,781
189385,North,Widget,822
189388,North,Gizmo,990
189420,North,Doohickey,841
189428,North,Widget,700
189429,North,Gadget,900
189433,North,Gizmo,917
189440,North,Widget,729
189460,North,Gadget,839
189464,North,Widget,861
189480,North,Widget,586
189490,North,Widget,821
189519,North,Doohickey,896
189520,North,Gizmo,961
189523,North,Gadget,884
189555,North,Widget,591
189558,North,Gadget,505
189559,North,Doohickey,553
189574,North,Doohickey,601
189576,North,Gizmo,748
189586,North,Gizmo,924
189590,North,Gizmo,517
189599,North,Widget,544
189602,North,Widget,810
189614,North,Doohickey,516
189616,North,Widget,839
189621,North,Gizmo,559
189628,North,Gizmo,520
189643,North,Widget,735
189649,North,Gizmo,959
189674,North,Gadget,938
189686,North,Gizmo,913
189690,North,Widget,875
189699,North,Gizmo,727
189702,North,Gizmo,858
189704,North,Gizmo,721
189713,North,Doohickey,682
189760,North,Doohickey,939
189771,North,Widget,608
189775,North,Widget,969
189777,North,Gadget,811
189783,North,Doohickey,739
189793,North,Gadget,726
189798,North,Doohickey,785
189799,North,Gizmo,582
189803,North,Doohickey,934
189817,North,Doohickey,930
189819,North,Gizmo,714
189828,North,Widget,575
189833,North,Doohickey,745
189846,North,Doohickey,678
189847,North,Gadget,746
189857,North,Widget,617
189863,North,Widget,572
189875,North,Gadget,991
189877,North,Widget,532
189887,North,Gadget,671
189901,North,Widget,997
189904,North,Gizmo,899
189908,North,Widget,835
189911,North,Gizmo,630
189913,North,Doohickey,771
189919,North,Widget,607
189933,North,Gizmo,746
189947,North,Gadget,675
189949,North,Gadget,728
189973,North,Doohickey,641
189987,North,Gadget,906
189990,North,Gizmo,994
189992,North,Gizmo,774
189994,North,Gadget,663
190014,North,Gadget,973
190020,North,Widget,874
190023,North,Gadget,628
190024,North,Doohickey,620
190030,North,Doohickey,590
190035,North,Doohickey,894
190036,North,Widget,828
190042,North,Gizmo,844
190044,North,Doohickey,871
190062,North,Gizmo,723
190063,North,Doohickey,716
190074,North,Gizmo,514
190075,North,Gadget,805
190088,North,Gadget,555
190089,North,Gadget,735
190093,North,Doohickey,754
190096,North,Doohickey,880
190103,North,Widget,655
190106,North,Doohickey,756
190111,North,Gizmo,718
190114,North,Gizmo,819
190129,North,Gizmo,984
190134,North,Widget,672
190160,North,Gadget,675
190170,North,Widget,768
190175,North,Gadget,679
190176,North,Gizmo,861
190180,North,Doohickey,717
190183,North,Gadget,786
190184,North,Gizmo,544
190186,North,Gizmo,936
190207,North,Widget,615
190210,North,Widget,923
190213,North,Widget,554
190217,North,Doohickey,891
190220,North,Doohickey,546
190221,North,Widget,509
190224,North,Doohickey,747
190229,North,Gadget,594
190252,North,Widget,701
190273,North,Widget,517
190274,North,Doohickey,877
190287,North,Gadget,616
190291,North,Widget,864
190295,North,Widget,637
190325,North,Gadget,897
190328,North,Doohickey,523
190366,North,Gadget,664
190369,North,Gizmo,548
190371,North,Widget,566
190374,North,Gadget,680
190377,North,Widget,828
190392,North,Gizmo,553
190411,North,Gizmo,514
190424,North,Gadget,947
190426,North,Widget,513
190456,North,Widget,806
190502,North,Gizmo,543
190508,North,Gizmo,611
190513,North,Doohickey,736
190522,North,Doohickey,751
190541,North,Gizmo,552
190545,North,Gadget,666
190578,North,Gadget,894
190579,North,Gizmo,707
190582,North,Doohickey,674
190585,North,Gizmo,865
190595,North,Doohickey,846
190604,North,Gadget,538
190605,North,Gizmo,737
190611,North,Gizmo,692
190614,North,Gadget,755
190627,North,Gadget,819
190639,North,Doohickey,654
190652,North,Gadget,869
190664,North,Doohickey,888
190667,North,Doohickey,823
190675,North,Gadget,860
190679,North,Gadget,877
190688,North,Doohickey,844
190690,North,Doohickey,676
190691,North,Widget,710
190693,North,Gadget,644
190696,North,Doohickey,855
190700,North,Gadget,691
190704,North,Doohickey,737
190710,North,Gadget,840
190720,North,Gadget,600
190734,North,Gizmo,520
190749,North,Widget,608
190751,North,Gizmo,519
190760,North,Widget,985
190784,North,Doohickey,953
190790,North,Widget,531
190800,North,Gizmo,503
190813,North,Widget,503
190822,North,Gadget,576
190842,North,Gadget,724
190855,North,Gadget,595
190863,North,Widget,591
190864,North,Doohickey,911
190867,North,Gizmo,520
190874,North,Gizmo,643
190892,North,Gizmo,642
190893,North,Gizmo,616
190938,North,Doohickey,999
190944,North,Gadget,717
190945,North,Gadget,957
190956,North,Gadget,771
190965,North,Gizmo,631
190969,North,Gadget,605
190973,North,Widget,656
190984,North,Gizmo,988
190990,North,Widget,984
191021,North,Widget,694
191027,North,Gadget,568
191028,North,Gadget,724
191032,North,Doohickey,560
191037,North,Gizmo,974
191042,North,Doohickey,974
191051,North,Widget,992
191052,North,Doohickey,985
191059,North,Gizmo,722
191067,North,Widget,942
191079,North,Gizmo,549
191084,North,Gizmo,905
191102,North,Gizmo,552
191103,North,Widget,787
191105,North,Widget,921
191109,North,Gizmo,670
191115,North,Gadget,952
191117,North,Widget,841
191121,North,Gizmo,750
191124,North,Widget,771
191135,North,Doohickey,573
191157,North,Gadget,967
191175,North,Gadget,617
191181,North,Doohickey,832
191183,North,Gizmo,833
191194,North,Gizmo,961
191197,North,Doohickey,525
191198,North,Widget,751
191211,North,Doohickey,807
191215,North,Gizmo,511
191223,North,Gadget,873
191227,North,Widget,957
191228,North,Gadget,942
191231,North,Gadget,926
191237,North,Gadget,902
191261,North,Gadget,969
191265,North,Doohickey,559
191291,North,Gizmo,684
191310,North,Doohickey,851
191320,North,Gizmo,790
191329,North,Gizmo,607
191342,North,Gadget,535
191351,North,Doohickey,777
191357,North,Doohickey,792
191360,North,Gizmo,598
191372,North,Doohickey,844
191378,North,Gadget,772
191379,North,Doohickey,787
191387,North,Gizmo,608
191391,North,Gadget,582
191395,North,Doohickey,951
191409,North,Widget,591
191411,North,Gadget,578
191428,North,Widget,932
191429,North,Widget,639
191443,North,Widget,992
191445,North,Widget,939
191447,North,Widget,638
191456,North,Gadget,712
191458,North,Widget,927
191476,North,Gizmo,527
191485,North,Gizmo,701
191490,North,Doohickey,537
191492,North,Gizmo,649
191499,North,Gizmo,583
191506,North,Gadget,806
191511,North,Widget,529
191533,North,Gadget,533
191541,North,Gadget,994
191558,North,Widget,927
191570,North,Widget,672
191597,North,Gizmo,651
191602,North,Gadget,866
191607,North,Gadget,949
191614,North,Gadget,566
191616,North,Gizmo,752
191619,North,Gadget,934
191645,North,Gadget,994
191649,North,Gadget,787
191656,North,Widget,569
191661,North,Gizmo,632
191667,North,Widget,978
191673,North,Doohickey,739
191677,North,Gizmo,649
191693,North,Gizmo,973
191709,North,Widget,599
191717,North,Gadget,593
191719,North,Doohickey,935
191728,North,Doohickey,946
191733,North,Widget,789
191747,North,Gizmo,538
191749,North,Gizmo,511
191756,North,Gizmo,981
191771,North,Doohickey,968
191777,North,Gizmo,822
191783,North,Gizmo,679
191806,North,Widget,734
191810,North,Gadget,858
191813,North,Doohickey,559
191831,North,Gizmo,737
191840,North,Gadget,999
191842,North,Gadget,765
191843,North,Gizmo,875
191848,North,Gizmo,882
191857,North,Widget,753
191882,North,Widget,780
191890,North,Widget,876
191893,North,Gadget,793
191915,North,Gizmo,761
191923,North,Gadget,847
191933,North,Gizmo,792
191939,North,Gizmo,997
191944,North,Gadget,633
191947,North,Widget,540
191949,North,Widget,505
191956,North,Doohickey,927
191957,North,Gadget,725
191959,North,Gizmo,974
191960,North,Gizmo,611
191964,North,Gadget,990
191967,North,Widget,559
191974,North,Widget,746
191984,North,Doohickey,789
191996,North,Doohickey,952
192024,North,Gizmo,559
192027,North,Doohickey,749
192051,North,Gizmo,684
192054,North,Doohickey,792
192059,North,Gizmo,622
192066,North,Gizmo,653
192074,North,Gadget,884
192082,North,Doohickey,713
192090,North,Doohickey,748
192091,North,Gadget,603
192092,North,Widget,881
192093,North,Doohickey,964
192112,North,Gadget,526
192129,North,Doohickey,549
192131,North,Gadget,791
192135,North,Widget,873
192143,North,Gadget,971
192146,North,Gadget,566
192159,North,Gizmo,695
192178,North,Widget,894
192192,North,Gizmo,827
192198,North,Doohickey,718
192200,North,Widget,518
192203,North,Widget,597
192206,North,Gizmo,846
192238,North,Widget,765
192270,North,Widget,897
192292,North,Gadget,786
192302,North,Gadget,621
192310,North,Gadget,856
192313,North,Gadget,515
192316,North,Gizmo,586
192321,North,Widget,727
192327,North,Gizmo,614
192329,North,Doohickey,983
192355,North,Gizmo,762
192356,North,Doohickey,523
192372,North,Gadget,673
192380,North,Widget,793
192383,North,Doohickey,788
192386,North,Widget,606
192388,North,Doohickey,526
192390,North,Doohickey,809
192396,North,Gizmo,943
192417,North,Doohickey,520
192423,North,Gadget,766
192441,North,Widget,877
192454,North,Widget,869
192459,North,Gizmo,685
192468,North,Doohickey,733
192469,North,Doohickey,842
192471,North,Gadget,688
192474,North,Gizmo,906
192480,North,Doohickey,595
192505,North,Gadget,993
192508,North,Widget,543
192515,North,Gadget,595
192530,North,Widget,605
192538,North,Widget,869
192539,North,Gizmo,719
192541,North,Gizmo,961
192544,North,Doohickey,515
192545,North,Doohickey,623
192551,North,Gizmo,745
192560,North,Gadget,934
192570,North,Gadget,923
192574,North,Gizmo,775
192575,North,Gadget,971
192580,North,Gadget,670
192582,North,Gadget,550
192584,North,Widget,753
192594,North,Widget,746
192597,North,Doohickey,648
192609,North,Gizmo,647
192612,North,Gizmo,674
192636,North,Gizmo,782
192645,North,Gadget,851
192647,North,Widget,624
192666,North,Gadget,877
192670,North,Widget,802
192687,North,Doohickey,948
192688,North,Doohickey,579
192689,North,Widget,977
192690,North,Gadget,892
192699,North,Gizmo,513
192736,North,Doohickey,564
192742,North,Gadget,898
192751,North,Widget,661
192752,North,Doohickey,835
192753,North,Gizmo,808
192756,North,Doohickey,957
192758,North,Gizmo,671
192781,North,Widget,587
192787,North,Widget,677
192801,North,Doohickey,701
192822,North,Doohickey,715
192827,North,Gizmo,882
192828,North,Widget,612
192832,North,Gizmo,747
192843,North,Doohickey,998
192851,North,Gadget,991
192858,North,Widget,625
192866,North,Gadget,557
192867,North,Widget,844
192885,North,Gizmo,617
192886,North,Widget,632
192893,North,Gadget,985
192915,North,Doohickey,524
192926,North,Widget,994
192932,North,Gizmo,884
192944,North,Gizmo,853
192947,North,Doohickey,866
192949,North,Doohickey,825
192960,North,Gizmo,907
192968,North,Doohickey,534
192982,North,Widget,581
192990,North,Gizmo,653
192994,North,Gizmo,701
192995,North,Doohickey,965
192997,North,Widget,992
193001,North,Gizmo,522
193004,North,Gadget,685
193005,North,Doohickey,857
193012,North,Gadget,575
193014,North,Widget,875
193021,North,Gizmo,840
193022,North,Gadget,595
193024,North,Gizmo,745
193029,North,Doohickey,696
193040,North,Widget,878
193043,North,Gadget,606
193054,North,Widget,734
193058,North,Widget,597
193061,North,Doohickey,634
193075,North,Gadget,725
193082,North,Doohickey,807
193087,North,Widget,512
193099,North,Gadget,633
193111,North,Gadget,625
193114,North,Gizmo,779
193120,North,Gadget,951
193129,North,Doohickey,999
193132,North,Widget,907
193150,North,Gizmo,756
193162,North,Gizmo,666
193170,North,Gadget,861
193190,North,Doohickey,893
193192,North,Widget,791
193193,North,Gadget,674
193204,North,Widget,909
193208,North,Gizmo,934
193212,North,Widget,851
193221,North,Gizmo,718
193231,North,Widget,782
193233,North,Doohickey,897
193245,North,Widget,646
193258,North,Gadget,933
193259,North,Gizmo,689
193261,North,Widget,538
193268,North,Doohickey,810
193270,North,Doohickey,576
193294,North,Gadget,892
193304,North,Doohickey,615
193308,North,Widget,799
193310,North,Gadget,648
193327,North,Widget,638
193329,North,Doohickey,947
193357,North,Gizmo,993
193380,North,Gizmo,501
193387,North,Gadget,956
193390,North,Gizmo,589
193398,North,Gizmo,756
193418,North,Gadget,777
193420,North,Gadget,936
193441,North,Widget,717
193442,North,Widget,593
193446,North,Gadget,910
193453,North,Gizmo,843
193473,North,Gadget,755
193480,North,Gizmo,719
193481,North,Widget,826
193482,North,Gadget,882
193484,North,Widget,963
193485,North,Doohickey,647
193491,North,Widget,836
193501,North,Widget,905
193507,North,Gadget,537
193512,North,Doohickey,614
193520,North,Gadget,967
193522,North,Gizmo,531
193532,North,Widget,588
193534,North,Widget,711
193539,North,Doohickey,505
193542,North,Gadget,641
193547,North,Gadget,589
193548,North,Widget,535
193549,North,Doohickey,654
193554,North,Doohickey,885
193558,North,Gadget,501
193560,North,Widget,925
193566,North,Gizmo,858
193570,North,Gizmo,690
193583,North,Gizmo,539
193587,North,Widget,705
193593,North,Widget,939
193605,North,Gizmo,972
193615,North,Doohickey,654
193631,North,Doohickey,606
193633,North,Widget,751
193646,North,Doohickey,893
193666,North,Doohickey,980
193667,North,Gizmo,852
193674,North,Doohickey,684
193677,North,Doohickey,868
193697,North,Widget,857
193704,North,Gadget,691
193720,North,Doohickey,838
193744,North,Doohickey,628
193754,North,Widget,610
193766,North,Gizmo,709
193786,North,Gadget,688
193787,North,Doohickey,697
193791,North,Doohickey,897
193800,North,Doohickey,751
193804,North,Widget,836
193807,North,Doohickey,672
193812,North,Gadget,793
193813,North,Widget,598
193815,North,Gadget,534
193818,North,Gadget,733
193823,North,Gadget,907
193824,North,Doohickey,661
193843,North,Gizmo,873
193846,North,Widget,726
193849,North,Doohickey,762
193851,North,Doohickey,832
193853,North,Gadget,535
193867,North,Gizmo,886
193868,North,Widget,728
193892,North,Gadget,759
193897,North,Widget,630
193901,North,Widget,869
193925,North,Widget,720
193926,North,Doohickey,541
193935,North,Gadget,958
193950,North,Gadget,530
193951,North,Gadget,903
193953,North,Gadget,884
193958,North,Gadget,865
193964,North,Doohickey,591
193971,North,Doohickey,824
193979,North,Gadget,742
193984,North,Gizmo,972
194016,North,Doohickey,919
194019,North,Widget,972
194026,North,Gizmo,766
194027,North,Gizmo,818
194031,North,Gadget,587
194044,North,Widget,849
194045,North,Widget,668
194061,North,Gadget,571
194064,North,Gadget,889
194070,North,Doohickey,608
194085,North,Gizmo,784
194110,North,Gadget,518
194114,North,Gizmo,606
194119,North,Doohickey,975
194124,North,Gizmo,902
194132,North,Doohickey,551
194142,North,Gadget,735
194194,North,Doohickey,761
194204,North,Gadget,788
194206,North,Doohickey,992
194211,North,Doohickey,898
194241,North,Widget,868
194250,North,Gadget,756
194253,North,Gizmo,716
194259,North,Widget,952
194260,North,Gadget,881
194279,North,Widget,663
194283,North,Gadget,509
194294,North,Widget,864
194305,North,Widget,580
194314,North,Widget,567
194327,North,Doohickey,700
194329,North,Widget,997
194331,North,Gadget,784
194332,North,Widget,758
194339,North,Gizmo,742
194345,North,Gadget,974
194374,North,Widget,813
194421,North,Gadget,602
194424,North,Gizmo,833
194428,North,Gizmo,936
194454,North,Widget,678
194457,North,Gizmo,731
194459,North,Gizmo,744
194464,North,Doohickey,986
194474,North,Doohickey,749
194486,North,Doohickey,968
194488,North,Gadget,917
194500,North,Gadget,503
194512,North,Widget,524
194520,North,Widget,609
194526,North,Gadget,691
194530,North,Doohickey,956
194559,North,Gizmo,578
194561,North,Widget,913
194565,North,Widget,919
194566,North,Widget,844
194572,North,Widget,709
194581,North,Doohickey,884
194583,North,Gizmo,742
194587,North,Widget,601
194592,North,Gadget,724
194598,North,Widget,550
194611,North,Doohickey,809
194612,North,Gizmo,691
194613,North,Doohickey,585
194615,North,Gadget,892
194650,North,Gadget,635
194652,North,Gizmo,595
194653,North,Gizmo,559
194692,North,Gizmo,933
194693,North,Gizmo,810
194700,North,Gizmo,589
194705,North,Gadget,981
194710,North,Gadget,640
194716,North,Gizmo,626
194719,North,Gadget,701
194724,North,Doohickey,671
194727,North,Widget,777
194728,North,Gadget,713
194729,North,Widget,617
194730,North,Widget,794
194731,North,Gadget,764
194750,North,Gizmo,671
194760,North,Widget,721
194770,North,Doohickey,529
194775,North,Gizmo,964
194782,North,Widget,827
194788,North,Widget,896
194789,North,Widget,681
194790,North,Widget,602
194799,North,Gizmo,597
194807,North,Widget,643
194811,North,Widget,575
194819,North,Gizmo,881
194820,North,Gizmo,994
194829,North,Doohickey,877
194839,North,Widget,996
194841,North,Doohickey,923
194851,North,Doohickey,598
194856,North,Gizmo,524
194862,North,Gizmo,555
194898,North,Gadget,568
194907,North,Widget,978
194908,North,Widget,947
194913,North,Doohickey,655
194914,North,Gadget,700
194916,North,Gizmo,886
194917,North,Gadget,775
194922,North,Widget,609
194925,North,Doohickey,730
194939,North,Widget,751
194949,North,Doohickey,657
194950,North,Gadget,525
194961,North,Gadget,774
194967,North,Gadget,673
194971,North,Gizmo,822
194982,North,Gizmo,889
194987,North,Doohickey,592
194988,North,Gadget,896
195011,North,Gadget,889
195012,North,Gadget,562
195021,North,Doohickey,600
195022,North,Gadget,540
195045,North,Doohickey,843
195047,North,Widget,869
195054,North,Gadget,867
195062,North,Widget,509
195068,North,Gizmo,859
195073,North,Doohickey,915
195074,North,Doohickey,865
195080,North,Gadget,650
195102,North,Widget,778
195103,North,Gizmo,941
195107,North,Gizmo,739
195108,North,Doohickey,806
195119,North,Gadget,575
195125,North,Gadget,583
195140,North,Widget,825
195142,North,Widget,692
195148,North,Gizmo,537
195158,North,Gizmo,723
195168,North,Gizmo,938
195173,North,Widget,916
195180,North,Doohickey,756
195183,North,Gizmo,965
195188,North,Widget,903
195206,North,Gizmo,963
195216,North,Doohickey,535
195228,North,Gadget,550
195232,North,Widget,630
195236,North,Widget,974
195246,North,Gadget,658
195261,North,Gizmo,736
195266,North,Widget,822
195275,North,Widget,682
195289,North,Widget,708
195291,North,Gadget,739
195306,North,Doohickey,877
195316,North,Widget,557
195325,North,Doohickey,853
195339,North,Doohickey,677
195356,North,Gadget,603
195368,North,Doohickey,959
195392,North,Widget,978
195400,North,Doohickey,957
195401,North,Gizmo,840
195416,North,Widget,516
195418,North,Doohickey,547
195423,North,Widget,789
195426,North,Gizmo,767
195427,North,Gizmo,867
195437,North,Gizmo,851
195444,North,Gadget,550
195450,North,Widget,963
195461,North,Gizmo,791
195467,North,Doohickey,552
195470,North,Gizmo,999
195477,North,Doohickey,633
195480,North,Gizmo,520
195486,North,Gizmo,511
195491,North,Widget,610
195498,North,Gizmo,983
195504,North,Widget,586
195515,North,Gadget,986
195524,North,Gadget,565
195528,North,Doohickey,604
195530,North,Doohickey,521
195551,North,Doohickey,796
195555,North,Doohickey,666
195556,North,Gizmo,599
195565,North,Doohickey,545
195569,North,Gadget,805
195572,North,Widget,646
195590,North,Gizmo,542
195592,North,Widget,793
195593,North,Doohickey,750
195611,North,Gadget,749
195612,North,Gizmo,628
195628,North,Gadget,539
195636,North,Gizmo,541
195638,North,Gadget,751
195640,North,Widget,562
195647,North,Gizmo,591
195675,North,Widget,978
195677,North,Doohickey,641
195685,North,Widget,699
195690,North,Doohickey,532
195691,North,Gizmo,576
195696,North,Doohickey,616
195704,North,Gizmo,566
195723,North,Doohickey,646
195744,North,Gadget,950
195747,North,Gadget,504
195748,North,Widget,715
195751,North,Doohickey,993
195761,North,Gizmo,656
195762,North,Gizmo,931
195768,North,Gadget,733
195770,North,Gizmo,738
195772,North,Gadget,557
195776,North,Gizmo,584
195789,North,Widget,723
195790,North,Widget,705
195798,North,Widget,877
195808,North,Gizmo,742
195823,North,Gizmo,571
195825,North,Doohickey,749
195829,North,Gadget,880
195864,North,Widget,574
195867,North,Widget,541
195880,North,Gizmo,520
195890,North,Gizmo,570
195893,North,Gadget,911
195912,North,Gadget,778
195924,North,Widget,661
195926,North,Doohickey,843
195930,North,Gadget,997
195939,North,Widget,535
195940,North,Doohickey,601
195942,North,Gadget,778
195948,North,Gadget,813
195956,North,Doohickey,919
195959,North,Gadget,638
195968,North,Gizmo,819
195979,North,Gadget,927
195985,North,Gadget,975
195989,North,Widget,921
196011,North,Doohickey,746
196014,North,Gizmo,743
196023,North,Widget,757
196024,North,Widget,755
196037,North,Gadget,872
196040,North,Widget,844
196048,North,Gizmo,559
196059,North,Widget,501
196060,North,Widget,861
196065,North,Gizmo,578
196081,North,Widget,899
196090,North,Gizmo,914
196094,North,Doohickey,942
196106,North,Doohickey,555
196122,North,Gadget,646
196131,North,Widget,663
196139,North,Doohickey,882
196158,North,Doohickey,749
196160,North,Gizmo,673
196166,North,Gadget,534
196179,North,Gadget,672
196188,North,Gizmo,732
196194,North,Doohickey,717
196195,North,Gizmo,836
196196,North,Doohickey,573
196200,North,Widget,664
196208,North,Gadget,776
196227,North,Gizmo,790
196240,North,Gizmo,828
196241,North,Widget,644
196253,North,Widget,993
196254,North,Doohickey,973
196257,North,Gizmo,707
196260,North,Gadget,608
196268,North,Widget,833
196271,North,Doohickey,926
196274,North,Widget,977
196275,North,Doohickey,740
196276,North,Gizmo,952
196302,North,Doohickey,956
196306,North,Doohickey,986
196309,North,Widget,781
196323,North,Gadget,698
196341,North,Gizmo,950
196347,North,Widget,703
196371,North,Widget,816
196375,North,Widget,926
196387,North,Widget,684
196414,North,Gizmo,503
196451,North,Doohickey,538
196456,North,Doohickey,740
196458,North,Gizmo,754
196462,North,Gadget,802
196468,North,Widget,593
196498,North,Widget,542
196501,North,Doohickey,803
196504,North,Widget,669
196522,North,Gizmo,745
196523,North,Widget,672
196526,North,Doohickey,984
196537,North,Gadget,993
196545,North,Gizmo,552
196551,North,Gizmo,577
196557,North,Gadget,762
196563,North,Gizmo,599
196565,North,Widget,935
196579,North,Gadget,818
196580,North,Gadget,679
196614,North,Doohickey,581
196617,North,Widget,891
196624,North,Gadget,741
196636,North,Gadget,677
196642,North,Doohickey,625
196644,North,Gadget,821
196650,North,Widget,861
196672,North,Widget,648
196678,North,Doohickey,903
196681,North,Doohickey,916
196685,North,Doohickey,941
196688,North,Widget,956
196689,North,Gadget,527
196711,North,Doohickey,684
196716,North,Doohickey,583
196720,North,Gadget,935
196722,North,Gizmo,544
196728,North,Gizmo,801
196742,North,Widget,793
196744,North,Widget,657
196748,North,Gadget,604
196757,North,Gizmo,784
196793,North,Doohickey,638
196795,North,Doohickey,803
196830,North,Widget,844
196848,North,Gizmo,650
196857,North,Widget,772
196860,North,Gizmo,902
196861,North,Widget,706
196866,North,Doohickey,618
196869,North,Gadget,774
196870,North,Gadget,798
196880,North,Gizmo,782
196885,North,Gizmo,949
196890,North,Widget,531
196892,North,Gadget,585
196901,North,Gadget,661
196902,North,Widget,572
196910,North,Gizmo,760
196918,North,Doohickey,738
196928,North,Gadget,615
196935,North,Gizmo,702
196938,North,Gadget,897
196940,North,Gadget,747
196944,North,Widget,682
196948,North,Doohickey,786
196950,North,Widget,607
196953,North,Widget,865
196955,North,Doohickey,623
196958,North,Gadget,509
196959,North,Widget,649
196960,North,Doohickey,698
196964,North,Gadget,624
196965,North,Doohickey,534
196974,North,Doohickey,611
196976,North,Doohickey,767
196977,North,Doohickey,953
196982,North,Gadget,939
197007,North,Doohickey,586
197012,North,Widget,579
197016,North,Doohickey,844
197034,North,Doohickey,729
197041,North,Gadget,898
197047,North,Widget,511
197050,North,Gadget,542
197061,North,Gadget,994
197072,North,Gadget,747
197077,North,Doohickey,501
197085,North,Widget,802
197087,North,Gizmo,692
197088,North,Gizmo,792
197098,North,Gadget,672
197100,North,Widget,504
197102,North,Gadget,556
197119,North,Widget,585
197128,North,Gadget,719
197131,North,Gadget,770
197133,North,Gizmo,658
197135,North,Doohickey,741
197139,North,Doohickey,781
197153,North,Widget,553
197165,North,Gadget,956
197176,North,Doohickey,708
197186,North,Gizmo,984
197190,North,Widget,881
197196,North,Doohickey,636
197208,North,Gizmo,779
197212,North,Gizmo,583
197214,North,Gizmo,515
197219,North,Doohickey,556
197231,North,Doohickey,567
197241,North,Gadget,944
197256,North,Doohickey,861
197265,North,Widget,719
197267,North,Doohickey,974
197268,North,Widget,645
197271,North,Widget,549
197278,North,Doohickey,593
197289,North,Doohickey,852
197290,North,Gadget,690
197291,North,Doohickey,664
197324,North,Gizmo,960
197325,North,Gadget,641
197332,North,Gadget,636
197337,North,Gadget,861
197346,North,Widget,936
197391,North,Widget,988
197395,North,Doohickey,893
197398,North,Doohickey,691
197400,North,Gadget,839
197403,North,Doohickey,647
197405,North,Gizmo,632
197417,North,Gadget,652
197420,North,Gadget,600
197422,North,Doohickey,654
197428,North,Gadget,743
197449,North,Doohickey,580
197454,North,Gizmo,947
197467,North,Gadget,941
197476,North,Gizmo,664
197493,North,Gadget,705
197507,North,Doohickey,948
197508,North,Gadget,867
197528,North,Gizmo,580
197534,North,Gizmo,527
197566,North,Doohickey,963
197568,North,Widget,961
197569,North,Gizmo,838
197573,North,Gadget,568
197589,North,Gizmo,505
197593,North,Doohickey,699
197600,North,Widget,781
197606,North,Widget,796
197616,North,Gizmo,859
197627,North,Gizmo,505
197629,North,Gizmo,508
197632,North,Gadget,966
197637,North,Gizmo,852
197647,North,Doohickey,852
197663,North,Doohickey,984
197667,North,Gizmo,899
197670,North,Widget,706
197671,North,Gizmo,717
197678,North,Gizmo,757
197690,North,Gizmo,696
197705,North,Doohickey,717
197720,North,Widget,757
197724,North,Gizmo,695
197725,North,Gizmo,953
197730,North,Widget,781
197748,North,Gizmo,750
197766,North,Gizmo,861
197775,North,Gizmo,772
197781,North,Widget,873
197807,North,Gizmo,534
197809,North,Doohickey,738
197812,North,Doohickey,849
197813,North,Gadget,846
197821,North,Gizmo,501
197824,North,Gadget,892
197829,North,Gizmo,701
197831,North,Gizmo,796
197833,North,Widget,567
197850,North,Widget,527
197858,North,Gadget,918
197865,North,Gadget,943
197866,North,Gadget,622
197870,North,Gizmo,579
197874,North,Doohickey,548
197889,North,Gizmo,719
197900,North,Gizmo,753
197904,North,Widget,677
197907,North,Doohickey,723
197914,North,Widget,627
197924,North,Widget,677
197930,North,Gadget,710
197933,North,Doohickey,509
197935,North,Gizmo,802
197936,North,Widget,868
197939,North,Gadget,514
197940,North,Gizmo,857
197955,North,Widget,922
197961,North,Gizmo,691
197979,North,Doohickey,535
197985,North,Doohickey,689
197988,North,Doohickey,678
197991,North,Doohickey,848
198001,North,Gizmo,678
198008,North,Gizmo,910
198014,North,Widget,908
198015,North,Gadget,689
198021,North,Gizmo,547
198022,North,Doohickey,989
198046,North,Widget,518
198055,North,Doohickey,701
198070,North,Gadget,916
198073,North,Gadget,637
198075,North,Doohickey,941
198076,North,Doohickey,737
198095,North,Gadget,544
198105,North,Gizmo,798
198107,North,Gadget,861
198113,North,Widget,848
198130,North,Gizmo,888
198137,North,Doohickey,694
198152,North,Doohickey,717
198170,North,Doohickey,543
198171,North,Gadget,660
198185,North,Gizmo,606
198197,North,Widget,587
198214,North,Gizmo,581
198219,North,Doohickey,595
198228,North,Doohickey,674
198231,North,Gizmo,739
198234,North,Gizmo,626
198248,North,Gizmo,952
198251,North,Doohickey,557
198288,North,Widget,959
198304,North,Gizmo,629
198305,North,Gadget,940
198310,North,Gadget,666
198313,North,Doohickey,958
198320,North,Gizmo,576
198322,North,Doohickey,685
198330,North,Gadget,808
198337,North,Doohickey,736
198340,North,Gizmo,515
198367,North,Gizmo,514
198370,North,Widget,697
198373,North,Doohickey,788
198378,North,Gadget,668
198413,North,Gizmo,913
198415,North,Gadget,965
198418,North,Gadget,969
198427,North,Doohickey,567
198428,North,Gadget,689
198435,North,Gadget,758
198436,North,Widget,949
198444,North,Doohickey,952
198451,North,Doohickey,991
198456,North,Gizmo,856
198460,North,Gizmo,855
198467,North,Widget,712
198468,North,Gizmo,654
198479,North,Gadget,558
198480,North,Widget,809
198487,North,Gizmo,758
198500,North,Gizmo,880
198502,North,Gizmo,609
198504,North,Widget,878
198509,North,Widget,943
198514,North,Widget,998
198522,North,Gizmo,573
198532,North,Gadget,528
198547,North,Gadget,974
198550,North,Gadget,766
198551,North,Widget,821
198566,North,Doohickey,674
198599,North,Doohickey,786
198606,North,Widget,697
198619,North,Widget,806
198633,North,Doohickey,972
198650,North,Doohickey,740
198652,North,Gizmo,836
198658,North,Gizmo,764
198665,North,Gizmo,902
198667,North,Widget,645
198669,North,Doohickey,813
198676,North,Doohickey,942
198678,North,Widget,540
198684,North,Widget,911
198685,North,Doohickey,705
198708,North,Gadget,939
198733,North,Gizmo,872
198744,North,Widget,556
198751,North,Gizmo,505
198757,North,Widget,784
198758,North,Gizmo,652
198759,North,Gizmo,698
198768,North,Gadget,749
198773,North,Doohickey,943
198774,North,Gizmo,983
198782,North,Doohickey,685
198785,North,Gizmo,861
198787,North,Gadget,941
198791,North,Doohickey,774
198803,North,Gadget,806
198817,North,Gadget,584
198828,North,Doohickey,535
198841,North,Widget,568
198846,North,Gizmo,874
198855,North,Doohickey,535
198873,North,Gadget,899
198890,North,Widget,509
198915,North,Gadget,635
198945,North,Doohickey,683
198946,North,Gadget,878
198947,North,Widget,760
198949,North,Widget,573
198963,North,Doohickey,763
198973,North,Doohickey,571
198982,North,Doohickey,731
198986,North,Widget,717
198990,North,Widget,515
199031,North,Doohickey,819
199039,North,Widget,610
199046,North,Widget,805
199063,North,Doohickey,876
199067,North,Widget,955
199072,North,Gadget,902
199079,North,Doohickey,809
199080,North,Gizmo,818
199089,North,Widget,779
199106,North,Widget,769
199126,North,Widget,944
199142,North,Widget,827
199170,North,Widget,524
199172,North,Gadget,631
199176,North,Gadget,988
199187,North,Widget,803
199197,North,Widget,709
199214,North,Gadget,968
199230,North,Doohickey,865
199234,North,Gadget,843
199235,North,Gadget,839
199267,North,Gadget,769
199268,North,Widget,789
199273,North,Gadget,760
199274,North,Widget,697
199288,North,Gadget,966
199295,North,Widget,587
199312,North,Gizmo,741
199315,North,Doohickey,798
199317,North,Gizmo,651
199319,North,Gadget,998
199349,North,Widget,801
199353,North,Gizmo,643
199358,North,Doohickey,521
199360,North,Gizmo,653
199361,North,Gadget,520
199374,North,Widget,899
199399,North,Widget,736
199400,North,Widget,555
199405,North,Gadget,709
199406,North,Doohickey,866
199421,North,Doohickey,1000
199441,North,Widget,793
199445,North,Doohickey,568
199448,North,Widget,738
199451,North,Doohickey,903
199455,North,Widget,861
199463,North,Widget,999
199464,North,Doohickey,681
199466,North,Doohickey,525
199470,North,Doohickey,902
199474,North,Gadget,830
199506,North,Gizmo,760
199512,North,Gadget,900
199519,North,Gadget,503
199521,North,Gadget,822
199525,North,Gadget,567
199543,North,Widget,726
199563,North,Widget,902
199600,North,Gadget,834
199604,North,Gizmo,680
199605,North,Gadget,690
199607,North,Gadget,661
199614,North,Gizmo,596
199616,North,Gizmo,898
199623,North,Gizmo,816
199640,North,Gadget,911
199657,North,Gizmo,573
199668,North,Widget,924
199671,North,Gadget,890
199673,North,Doohickey,523
199689,North,Widget,841
199700,North,Gizmo,505
199720,North,Gizmo,938
199730,North,Doohickey,981
199731,North,Widget,915
199735,North,Gadget,523
199740,North,Gadget,721
199742,North,Widget,661
199748,North,Gizmo,939
199777,North,Gadget,562
199786,North,Doohickey,956
199787,North,Widget,859
199798,North,Gadget,607
199801,North,Gadget,645
199806,North,Doohickey,724
199815,North,Widget,566
199816,North,Gadget,676
199822,North,Widget,572
199829,North,Gizmo,725
199831,North,Gadget,509
199833,North,Gadget,561
199851,North,Gadget,963
199853,North,Gizmo,521
199854,North,Gadget,877
199867,North,Doohickey,788
199874,North,Gadget,896
199876,North,Gadget,682
199880,North,Doohickey,917
199886,North,Gizmo,701
199901,North,Doohickey,633
199904,North,Gizmo,749
199922,North,Gadget,737
199927,North,Doohickey,822
199929,North,Doohickey,572
199944,North,Gizmo,916
199945,North,Gadget,644
199946,North,Gadget,919
199953,North,Widget,800
199965,North,Gadget,515
199968,North,Widget,640
199973,North,Gadget,994
199986,North,Doohickey,789
199990,North,Widget,519
199997,North,Widget,847
200014,North,Gizmo,885
200017,North,Gizmo,728
200020,North,Doohickey,877
200024,North,Gadget,539
200025,North,Doohickey,527
200035,North,Gizmo,602
200057,North,Widget,848
200065,North,Gadget,965
200066,North,Doohickey,741
200070,North,Gizmo,699
200078,North,Doohickey,599
200091,North,Gizmo,848
200124,North,Widget,764
200130,North,Gizmo,719
200134,North,Doohickey,530
200151,North,Gizmo,519
200152,North,Gadget,758
200155,North,Gadget,811
200159,North,Gizmo,926
200162,North,Doohickey,513
200163,North,Gizmo,911
200165,North,Gadget,639
200168,North,Widget,723
200181,North,Widget,953
200185,North,Gadget,779
200190,North,Widget,977
200193,North,Widget,604
200203,North,Gadget,623
200212,North,Gizmo,568
200216,North,Gadget,765
200218,North,Doohickey,848
200219,North,Gizmo,600
200233,North,Gizmo,722
200260,North,Widget,881
200263,North,Widget,999
200278,North,Doohickey,944
200280,North,Widget,678
200283,North,Gadget,539
200286,North,Doohickey,990
200291,North,Gizmo,583
200307,North,Doohickey,852
200309,North,Widget,603
200332,North,Doohickey,805
200334,North,Gadget,641
200353,North,Gadget,591
200354,North,Gadget,751
200362,North,Doohickey,559
200368,North,Widget,590
200369,North,Gadget,855
200381,North,Widget,610
200384,North,Gizmo,994
200392,North,Gadget,608
200414,North,Gadget,994
200421,North,Gadget,663
200426,North,Gadget,917
200435,North,Gadget,926
200436,North,Doohickey,864
200443,North,Doohickey,574
200450,North,Gizmo,864
200453,North,Gadget,533
200462,North,Doohickey,936
200466,North,Gizmo,892
200472,North,Gadget,540
200477,North,Widget,922
200498,North,Gadget,918
200514,North,Widget,657
200516,North,Gizmo,841
200518,North,Doohickey,861
200520,North,Widget,969
200521,North,Doohickey,645
200525,North,Widget,709
200531,North,Doohickey,798
200538,North,Gadget,651
200543,North,Gizmo,796
200544,North,Gizmo,952
200545,North,Doohickey,700
200549,North,Doohickey,632
200552,North,Widget,697
200574,North,Gadget,868
200591,North,Widget,597
200597,North,Gizmo,574
200623,North,Gizmo,757
200626,North,Gizmo,526
200630,North,Doohickey,720
200631,North,Gizmo,529
200637,North,Widget,640
200648,North,Widget,649
200665,North,Widget,640
200667,North,Gizmo,729
200672,North,Gadget,520
200682,North,Doohickey,662
200685,North,Doohickey,667
200698,North,Gadget,713
200700,North,Gadget,836
200703,North,Gizmo,545
200738,North,Gadget,785
200741,North,Doohickey,1000
200743,North,Gizmo,836
200749,North,Doohickey,619
200766,North,Widget,649
200769,North,Widget,555
200779,North,Gadget,653
200821,North,Gizmo,641
200830,North,Gizmo,526
200831,North,Gizmo,677
200836,North,Doohickey,538
200841,North,Widget,736
200873,North,Doohickey,927
200877,North,Doohickey,965
200891,North,Doohickey,925
200915,North,Doohickey,846
200935,North,Gadget,897
200943,North,Gadget,903
200947,North,Doohickey,707
200957,North,Widget,917
200979,North,Widget,661
200980,North,Gizmo,893
200981,North,Doohickey,659
200982,North,Widget,867
200986,North,Doohickey,775
200997,North,Doohickey,775
201001,North,Doohickey,936
201012,North,Widget,572
201016,North,Gadget,952
201021,North,Widget,910
201023,North,Doohickey,503
201031,North,Gadget,696
201051,North,Gizmo,554
201052,North,Gadget,652
201064,North,Doohickey,825
201065,North,Gizmo,964
201072,North,Doohickey,605
201083,North,Gadget,559
201103,North,Widget,634
201110,North,Doohickey,811
201111,North,Doohickey,587
201119,North,Gizmo,528
201128,North,Gadget,592
201153,North,Doohickey,737
201166,North,Gizmo,576
201172,North,Doohickey,722
201200,North,Doohickey,771
201203,North,Gizmo,968
201216,North,Gizmo,659
201229,North,Gadget,805
201230,North,Gizmo,622
201239,North,Gizmo,624
201248,North,Doohickey,996
201251,North,Gizmo,882
201263,North,Gadget,938
201266,North,Gadget,966
201270,North,Widget,957
201279,North,Doohickey,835
201290,North,Widget,874
201309,North,Doohickey,669
201311,North,Widget,877
201312,North,Doohickey,901
201351,North,Gizmo,523
201355,North,Widget,909
201356,North,Widget,663
201366,North,Gizmo,768
201377,North,Doohickey,536
201378,North,Widget,582
201382,North,Gizmo,513
201396,North,Doohickey,548
201410,North,Gadget,878
201429,North,Gizmo,992
201432,North,Doohickey,657
201441,North,Widget,721
201443,North,Widget,581
201452,North,Gizmo,640
201456,North,Gizmo,536
201458,North,Gizmo,902
201466,North,Doohickey,599
201468,North,Gizmo,893
201474,North,Gadget,997
201476,North,Gadget,893
201485,North,Doohickey,886
201489,North,Doohickey,811
201498,North,Widget,532
201501,North,Doohickey,951
201532,North,Widget,856
201539,North,Gizmo,916
201540,North,Doohickey,755
201552,North,Doohickey,827
201557,North,Gizmo,827
201559,North,Doohickey,876
201563,North,Widget,902
201582,North,Gadget,686
201586,North,Widget,568
201594,North,Gadget,718
201609,North,Gadget,609
201613,North,Doohickey,505
201637,North,Doohickey,787
201654,North,Widget,566
201658,North,Gizmo,883
201678,North,Gizmo,858
201686,North,Widget,802
201693,North,Gizmo,967
201695,North,Widget,656
201722,North,Widget,822
201730,North,Doohickey,788
201734,North,Gadget,559
201739,North,Gizmo,683
201741,North,Doohickey,847
201744,North,Gadget,597
201754,North,Doohickey,848
201757,North,Doohickey,911
201759,North,Gadget,589
201761,North,Gizmo,861
201763,North,Doohickey,728
201771,North,Widget,844
201780,North,Gizmo,783
201783,North,Doohickey,807
201789,North,Widget,580
201792,North,Gadget,905
201794,North,Gizmo,564
201824,North,Doohickey,731
201829,North,Gadget,666
201832,North,Gizmo,557
201840,North,Doohickey,503
201849,North,Gizmo,986
201861,North,Doohickey,572
201872,North,Widget,994
201890,North,Gizmo,560
201897,North,Gadget,903
201899,North,Gizmo,822
201901,North,Widget,990
201913,North,Gizmo,667
201934,North,Widget,938
201935,North,Doohickey,927
201939,North,Widget,684
201943,North,Doohickey,800
201947,North,Gadget,591
201955,North,Gizmo,600
201961,North,Widget,599
201983,North,Gizmo,615
202033,North,Gizmo,597
202045,North,Widget,547
202059,North,Gizmo,698
202060,North,Gadget,588
202065,North,Widget,940
202079,North,Widget,833
202087,North,Widget,867
202096,North,Doohickey,742
202103,North,Gadget,577
202106,North,Gadget,653
202108,North,Widget,955
202139,North,Doohickey,886
202158,North,Doohickey,654
202177,North,Gadget,860
202180,North,Doohickey,805
202183,North,Gizmo,761
202200,North,Gizmo,613
202211,North,Gadget,836
202218,North,Gizmo,580
202239,North,Gadget,562
202257,North,Gizmo,877
202287,North,Doohickey,602
202292,North,Gizmo,934
202295,North,Widget,816
202299,North,Gadget,635
202303,North,Doohickey,655
202332,North,Gadget,800
202335,North,Widget,852
202336,North,Widget,983
202342,North,Gadget,980
202348,North,Widget,869
202353,North,Gadget,638
202377,North,Gizmo,625
202389,North,Widget,684
202390,North,Gizmo,758
202394,North,Gizmo,774
202407,North,Widget,919
202433,North,Gizmo,795
202438,North,Widget,633
202450,North,Widget,888
202473,North,Doohickey,876
202486,North,Gizmo,753
202503,North,Gadget,762
202507,North,Doohickey,643
202511,North,Gizmo,580
202520,North,Gizmo,708
202528,North,Gizmo,553
202538,North,Doohickey,846
202557,North,Gadget,639
202563,North,Widget,594
202571,North,Gizmo,878
202593,North,Doohickey,911
202601,North,Doohickey,958
202602,North,Widget,743
202605,North,Gizmo,847
202610,North,Gadget,931
202613,North,Gizmo,592
202615,North,Doohickey,946
202618,North,Gizmo,786
202621,North,Gadget,806
202631,North,Widget,661
202638,North,Gadget,539
202642,North,Gadget,974
202663,North,Gizmo,714
202691,North,Widget,743
202694,North,Gadget,573
202695,North,Gizmo,537
202701,North,Gadget,512
202711,North,Gadget,628
202730,North,Doohickey,641
202745,North,Widget,543
202756,North,Gizmo,986
202774,North,Doohickey,761
202786,North,Doohickey,586
202787,North,Gadget,719
202790,North,Widget,778
202793,North,Gadget,668
202796,North,Doohickey,768
202803,North,Gadget,813
202821,North,Gadget,653
202831,North,Gadget,775
202838,North,Widget,922
202846,North,Gadget,571
202856,North,Widget,881
202871,North,Gadget,786
202892,North,Gadget,978
202895,North,Gadget,903
202897,North,Widget,828
202911,North,Gizmo,598
202924,North,Gadget,811
202926,North,Gadget,933
202935,North,Widget,526
202939,North,Gadget,875
202946,North,Doohickey,661
202972,North,Gizmo,902
202981,North,Gadget,877
203002,North,Gadget,541
203010,North,Doohickey,669
203013,North,Widget,585
203017,North,Gizmo,712
203019,North,Doohickey,921
203030,North,Gizmo,745
203045,North,Widget,548
203059,North,Widget,926
203061,North,Doohickey,732
203066,North,Widget,843
203084,North,Doohickey,782
203114,North,Gadget,789
203126,North,Doohickey,924
203128,North,Gadget,635
203138,North,Gadget,650
203144,North,Widget,960
203148,North,Gadget,612
203150,North,Widget,896
203151,North,Doohickey,917
203152,North,Gizmo,965
203156,North,Gizmo,928
203176,North,Gadget,763
203199,North,Doohickey,577
203201,North,Widget,877
203208,North,Doohickey,770
203211,North,Doohickey,998
203217,North,Gadget,579
203220,North,Gadget,874
203223,North,Doohickey,731
203228,North,Gizmo,977
203252,North,Doohickey,682
203256,North,Gadget,850
203257,North,Gizmo,536
203260,North,Gadget,839
203270,North,Widget,876
203273,North,Gizmo,914
203278,North,Gizmo,561
203287,North,Gizmo,530
203289,North,Doohickey,978
203323,North,Doohickey,526
203329,North,Widget,795
203330,North,Gizmo,529
203337,North,Gizmo,941
203343,North,Widget,598
203357,North,Doohickey,790
203375,North,Gadget,750
203386,North,Doohickey,1000
203387,North,Widget,798
203394,North,Gadget,524
203395,North,Gadget,650
203399,North,Widget,619
203401,North,Gadget,803
203414,North,Gadget,741
203417,North,Gadget,519
203419,North,Doohickey,771
203425,North,Gadget,842
203433,North,Doohickey,599
203452,North,Widget,560
203459,North,Gadget,924
203485,North,Gizmo,787
203486,North,Doohickey,922
203491,North,Gadget,903
203502,North,Gadget,505
203527,North,Widget,990
203550,North,Gadget,972
203583,North,Doohickey,772
203588,North,Gizmo,838
203590,North,Doohickey,777
203603,North,Gizmo,799
203606,North,Widget,906
203610,North,Gizmo,621
203625,North,Gadget,855
203639,North,Gizmo,693
203654,North,Doohickey,608
203668,North,Doohickey,684
203684,North,Doohickey,991
203686,North,Widget,743
203687,North,Gadget,671
203688,North,Gizmo,530
203691,North,Gadget,599
203692,North,Widget,720
203697,North,Widget,891
203719,North,Widget,687
203721,North,Widget,527
203734,North,Widget,628
203741,North,Doohickey,790
203746,North,Doohickey,560
203752,North,Widget,852
203761,North,Doohickey,849
203763,North,Gadget,802
203766,North,Gizmo,505
203769,North,Doohickey,657
203770,North,Widget,774
203772,North,Gizmo,868
203776,North,Widget,591
203778,North,Doohickey,734
203781,North,Gadget,605
203785,North,Gadget,646
203798,North,Widget,851
203818,North,Widget,794
203834,North,Widget,892
203843,North,Gizmo,733
203844,North,Doohickey,538
203848,North,Gizmo,765
203855,North,Widget,582
203859,North,Gizmo,991
203860,North,Doohickey,657
203870,North,Doohickey,952
203876,North,Gizmo,712
203878,North,Widget,718
203880,North,Gadget,509
203886,North,Gizmo,599
203887,North,Gadget,773
203897,North,Gizmo,930
203917,North,Doohickey,697
203922,North,Doohickey,574
203937,North,Widget,614
203944,North,Gadget,792
203949,North,Gizmo,919
203971,North,Gadget,873
203979,North,Widget,730
203981,North,Gizmo,557
203982,North,Widget,711
203994,North,Widget,636
204001,North,Gadget,980
204002,North,Gizmo,550
204007,North,Widget,894
204020,North,Gizmo,603
204026,North,Gizmo,921
204049,North,Doohickey,560
204060,North,Widget,753
204064,North,Gizmo,618
204067,North,Gizmo,915
204072,North,Gadget,814
204087,North,Widget,780
204096,North,Gizmo,974
204097,North,Doohickey,781
204103,North,Doohickey,530
204104,North,Gizmo,651
204105,North,Doohickey,976
204116,North,Doohickey,977
204119,North,Gadget,507
204125,North,Doohickey,767
204147,North,Gadget,561
204148,North,Widget,683
204149,North,Gadget,678
204160,North,Doohickey,592
204161,North,Gizmo,732
204170,North,Gadget,526
204179,North,Gadget,581
204191,North,Gizmo,882
204207,North,Gizmo,983
204218,North,Gadget,504
204223,North,Gizmo,935
204224,North,Doohickey,783
204225,North,Gadget,823
204243,North,Gadget,827
204247,North,Gadget,630
204278,North,Widget,762
204305,North,Doohickey,594
204307,North,Gadget,572
204314,North,Gizmo,814
204336,North,Widget,932
204341,North,Doohickey,558
204345,North,Gadget,635
204357,North,Doohickey,763
204360,North,Doohickey,568
204366,North,Doohickey,684
204375,North,Gizmo,958
204376,North,Gizmo,881
204396,North,Gadget,576
204413,North,Gizmo,966
204423,North,Doohickey,728
204437,North,Doohickey,797
204442,North,Widget,877
204443,North,Widget,865
204468,North,Gadget,616
204469,North,Widget,846
204476,North,Doohickey,960
204484,North,Gizmo,667
204491,North,Gizmo,632
204497,North,Doohickey,740
204501,North,Widget,539
204508,North,Widget,725
204511,North,Widget,959
204518,North,Gizmo,641
204524,North,Gadget,627
204532,North,Gizmo,717
204545,North,Doohickey,630
204556,North,Widget,727
204558,North,Gadget,545
204559,North,Widget,655
204571,North,Gadget,939
204579,North,Widget,585
204583,North,Doohickey,821
204584,North,Gizmo,740
204586,North,Widget,891
204619,North,Gadget,988
204623,North,Gizmo,873
204630,North,Widget,760
204634,North,Gizmo,682
204642,North,Gizmo,659
204653,North,Gizmo,839
204656,North,Gadget,688
204658,North,Doohickey,501
204662,North,Doohickey,515
204668,North,Gadget,752
204672,North,Doohickey,525
204679,North,Gadget,690
204680,North,Doohickey,770
204696,North,Gizmo,997
204699,North,Gadget,655
204722,North,Doohickey,832
204723,North,Gadget,758
204743,North,Gizmo,642
204750,North,Widget,941
204751,North,Gizmo,836
204760,North,Gadget,609
204764,North,Gizmo,856
204766,North,Gadget,934
204791,North,Widget,549
204803,North,Gadget,851
204805,North,Gadget,765
204811,North,Widget,959
204813,North,Gadget,844
204825,North,Widget,846
204829,North,Widget,606
204836,North,Doohickey,894
204840,North,Gadget,587
204855,North,Doohickey,803
204868,North,Doohickey,849
204869,North,Gizmo,682
204887,North,Gizmo,856
204891,North,Gadget,653
204895,North,Doohickey,572
204898,North,Gadget,713
204916,North,Gadget,851
204919,North,Gizmo,900
204927,North,Widget,930
204937,North,Doohickey,788
204939,North,Widget,999
204955,North,Gizmo,591
204956,North,Doohickey,780
204965,North,Gadget,556
204969,North,Gizmo,977
204978,North,Gadget,969
204979,North,Widget,663
204980,North,Doohickey,766
205000,North,Widget,652
205003,North,Gadget,886
205011,North,Gizmo,543
205026,North,Gizmo,557
205027,North,Gadget,501
205033,North,Gadget,763
205034,North,Doohickey,986
205043,North,Gadget,548
205045,North,Widget,663
205061,North,Widget,697
205062,North,Gizmo,729
205066,North,Gadget,900
205067,North,Widget,519
205074,North,Gadget,958
205077,North,Gadget,707
205082,North,Doohickey,953
205091,North,Widget,708
205101,North,Widget,565
205110,North,Gizmo,802
205146,North,Doohickey,530
205150,North,Gizmo,718
205153,North,Doohickey,892
205154,North,Widget,950
205156,North,Doohickey,641
205175,North,Gadget,981
205188,North,Gizmo,977
205190,North,Doohickey,990
205193,North,Gadget,913
205195,North,Gizmo,734
205202,North,Widget,923
205219,North,Gizmo,697
205249,North,Widget,732
205253,North,Widget,737
205263,North,Widget,980
205267,North,Gizmo,519
205284,North,Gadget,615
205288,North,Widget,748
205294,North,Widget,605
205327,North,Widget,568
205332,North,Doohickey,882
205336,North,Gadget,763
205357,North,Gadget,714
205360,North,Gizmo,808
205371,North,Doohickey,811
205375,North,Gadget,663
205382,North,Gizmo,574
205406,North,Widget,933
205407,North,Doohickey,874
205415,North,Gadget,814
205417,North,Gadget,678
205418,North,Doohickey,883
205421,North,Widget,852
205434,North,Widget,523
205439,North,Doohickey,897
205457,North,Gadget,784
205459,North,Gadget,863
205461,North,Gizmo,936
205472,North,Widget,606
205477,North,Gizmo,873
205500,North,Widget,766
205505,North,Widget,693
205516,North,Gizmo,961
205547,North,Gizmo,539
205548,North,Gizmo,537
205559,North,Widget,608
205580,North,Widget,908
205581,North,Gadget,933
205585,North,Gizmo,540
205592,North,Widget,964
205595,North,Doohickey,638
205596,North,Gadget,825
205607,North,Doohickey,605
205618,North,Gadget,933
205627,North,Doohickey,651
205630,North,Gadget,961
205632,North,Gadget,715
205634,North,Gizmo,923
205640,North,Doohickey,594
205644,North,Gizmo,728
205648,North,Doohickey,632
205660,North,Gizmo,609
205665,North,Gadget,894
205672,North,Doohickey,897
205683,North,Doohickey,780
205692,North,Doohickey,773
205694,North,Gadget,849
205698,North,Gizmo,805
205705,North,Doohickey,789
205708,North,Doohickey,763
205713,North,Doohickey,833
205714,North,Doohickey,659
205717,North,Gadget,619
205726,North,Doohickey,561
205737,North,Gadget,549
205742,North,Widget,664
205753,North,Gadget,774
205756,North,Gizmo,501
205782,North,Widget,877
205788,North,Gadget,709
205789,North,Gadget,998
205791,North,Gizmo,731
205792,North,Gizmo,765
205864,North,Gizmo,877
205888,North,Gizmo,568
205892,North,Doohickey,768
205894,North,Gadget,713
205900,North,Gadget,861
205906,North,Widget,629
205908,North,Doohickey,827
205924,North,Gadget,743
205937,North,Doohickey,986
205947,North,Gizmo,675
205961,North,Gizmo,619
205977,North,Doohickey,838
205995,North,Doohickey,834
206009,North,Doohickey,658
206013,North,Gadget,988
206021,North,Gadget,896
206022,North,Doohickey,782
206025,North,Doohickey,644
206037,North,Gizmo,796
206063,North,Gadget,774
206068,North,Widget,701
206070,North,Widget,676
206073,North,Gizmo,706
206079,North,Gizmo,657
206080,North,Widget,790
206082,North,Gizmo,683
206083,North,Widget,878
206087,North,Widget,675
206100,North,Widget,745
206101,North,Widget,598
206116,North,Widget,603
206129,North,Gizmo,679
206130,North,Gizmo,851
206151,North,Gadget,782
206175,North,Widget,686
206176,North,Widget,975
206180,North,Gizmo,963
206191,North,Gadget,834
206210,North,Doohickey,894
206223,North,Gadget,769
206230,North,Gadget,785
206243,North,Gadget,663
206263,North,Doohickey,807
206267,North,Gadget,689
206268,North,Doohickey,981
206275,North,Gizmo,545
206281,North,Gadget,748
206296,North,Gadget,672
206305,North,Gizmo,662
206316,North,Gadget,798
206335,North,Gadget,509
206336,North,Gadget,714
206349,North,Gizmo,706
206352,North,Gadget,692
206355,North,Gizmo,527
206368,North,Gadget,821
206372,North,Doohickey,535
206375,North,Doohickey,752
206382,North,Gadget,544
206406,North,Doohickey,616
206412,North,Gadget,857
206414,North,Gadget,798
206416,North,Gizmo,659
206417,North,Gadget,647
206429,North,Doohickey,763
206444,North,Gadget,927
206445,North,Gizmo,821
206474,North,Widget,942
206481,North,Gizmo,752
206489,North,Gizmo,524
206535,North,Doohickey,782
206542,North,Gizmo,916
206555,North,Gizmo,628
206572,North,Gadget,609
206586,North,Doohickey,670
206589,North,Doohickey,978
206598,North,Gadget,521
206616,North,Widget,541
206627,North,Gizmo,999
206632,North,Doohickey,556
206634,North,Doohickey,511
206642,North,Gizmo,835
206659,North,Widget,959
206662,North,Gadget,801
206665,North,Widget,795
206666,North,Gadget,528
206674,North,Doohickey,611
206686,North,Widget,501
206691,North,Doohickey,658
206704,North,Gizmo,981
206710,North,Widget,623
206724,North,Gizmo,740
206731,North,Doohickey,844
206744,North,Gadget,559
206762,North,Widget,849
206763,North,Gadget,783
206782,North,Widget,819
206786,North,Doohickey,560
206797,North,Widget,741
206808,North,Widget,833
206811,North,Gadget,776
206824,North,Widget,992
206828,North,Widget,505
206833,North,Doohickey,593
206835,North,Widget,949
206838,North,Gizmo,693
206840,North,Widget,567
206856,North,Widget,950
206868,North,Widget,639
206872,North,Gadget,518
206875,North,Widget,774
206879,North,Doohickey,699
206893,North,Doohickey,531
206895,North,Gizmo,849
206898,North,Widget,562
206906,North,Doohickey,533
206909,North,Doohickey,597
206913,North,Gadget,779
206930,North,Gadget,840
206933,North,Gizmo,585
206954,North,Gizmo,940
206961,North,Gizmo,607
206970,North,Doohickey,874
206983,North,Doohickey,841
207002,North,Doohickey,990
207005,North,Widget,908
207009,North,Gizmo,526
207020,North,Doohickey,543
207076,North,Widget,607
207082,North,Gizmo,931
207095,North,Gadget,724
207113,North,Gadget,692
207124,North,Doohickey,788
207126,North,Gadget,563
207147,North,Gadget,596
207157,North,Widget,886
207159,North,Widget,806
207170,North,Doohickey,533
207176,North,Doohickey,795
207179,North,Doohickey,679
207186,North,Widget,735
207194,North,Doohickey,746
207196,North,Widget,636
207197,North,Gadget,856
207220,North,Doohickey,843
207224,North,Gizmo,762
207230,North,Gizmo,849
207234,North,Gizmo,728
207236,North,Gadget,907
207250,North,Gadget,802
207253,North,Gizmo,600
207257,North,Gadget,732
207261,North,Gizmo,680
207265,North,Doohickey,573
207274,North,Doohickey,521
207278,North,Gadget,573
207282,North,Doohickey,796
207286,North,Widget,898
207290,North,Gizmo,936
207297,North,Widget,585
207300,North,Doohickey,650
207301,North,Gadget,561
207304,North,Widget,750
207313,North,Doohickey,705
207339,North,Widget,514
207347,North,Gizmo,713
207348,North,Gadget,545
207350,North,Doohickey,951
207355,North,Gadget,831
207360,North,Gizmo,771
207361,North,Gizmo,830
207365,North,Widget,657
207372,North,Doohickey,881
207393,North,Widget,684
207395,North,Gizmo,599
207397,North,Doohickey,861
207401,North,Doohickey,601
207403,North,Gadget,555
207406,North,Gizmo,938
207407,North,Gadget,693
207413,North,Widget,924
207418,North,Widget,976
207428,North,Doohickey,809
207433,North,Gizmo,671
207489,North,Widget,513
207493,North,Gizmo,996
207504,North,Gadget,597
207505,North,Gadget,551
207524,North,Gadget,718
207533,North,Gadget,704
207539,North,Gadget,735
207540,North,Gizmo,964
207550,North,Doohickey,556
207559,North,Gadget,878
207571,North,Gizmo,977
207579,North,Gadget,888
207588,North,Gadget,613
207590,North,Widget,624
207610,North,Gadget,571
207611,North,Gizmo,680
207618,North,Gadget,811
207627,North,Doohickey,540
207633,North,Gizmo,811
207639,North,Doohickey,971
207646,North,Doohickey,633
207658,North,Doohickey,657
207696,North,Widget,590
207704,North,Gadget,637
207718,North,Gizmo,791
207728,North,Gadget,906
207735,North,Doohickey,656
207736,North,Gadget,927
207746,North,Gadget,872
207747,North,Gizmo,674
207751,North,Doohickey,683
207756,North,Doohickey,572
207763,North,Gadget,805
207765,North,Gadget,971
207780,North,Gizmo,672
207788,North,Gadget,562
207797,North,Widget,527
207811,North,Gadget,908
207819,North,Gadget,959
207823,North,Gadget,715
207836,North,Widget,957
207837,North,Widget,873
207841,North,Doohickey,864
207846,North,Widget,523
207850,North,Doohickey,657
207852,North,Doohickey,905
207860,North,Widget,963
207879,North,Gizmo,988
207889,North,Gizmo,558
207897,North,Doohickey,850
207901,North,Gadget,989
207907,North,Gadget,886
207911,North,Gizmo,791
207912,North,Widget,600
207939,North,Gadget,976
207966,North,Widget,882
207973,North,Gizmo,614
207976,North,Widget,508
207980,North,Doohickey,560
207993,North,Gadget,742
208003,North,Widget,574
208006,North,Gadget,620
208008,North,Widget,764
208019,North,Gizmo,827
208035,North,Widget,817
208036,North,Gizmo,554
208040,North,Gadget,643
208043,North,Doohickey,550
208056,North,Gizmo,852
208068,North,Gadget,939
208078,North,Widget,986
208089,North,Gadget,724
208097,North,Gizmo,548
208101,North,Widget,640
208108,North,Doohickey,881
208118,North,Doohickey,974
208132,North,Widget,763
208155,North,Widget,806
208156,North,Widget,997
208157,North,Gadget,672
208169,North,Gizmo,641
208174,North,Widget,770
208178,North,Widget,926
208191,North,Widget,906
208196,North,Gizmo,755
208200,North,Gizmo,692
208202,North,Widget,863
208218,North,Widget,969
208229,North,Doohickey,745
208240,North,Widget,645
208244,North,Widget,935
208257,North,Gizmo,889
208271,North,Gizmo,907
208274,North,Widget,927
208284,North,Doohickey,638
208306,North,Gizmo,694
208321,North,Gizmo,597
208327,North,Widget,873
208341,North,Doohickey,690
208343,North,Gadget,632
208349,North,Doohickey,807
208372,North,Gadget,974
208387,North,Gizmo,537
208390,North,Gadget,774
208401,North,Gizmo,877
208410,North,Gadget,793
208428,North,Doohickey,906
208439,North,Gizmo,710
208441,North,Doohickey,637
208445,North,Doohickey,834
208446,North,Doohickey,767
208450,North,Gadget,762
208451,North,Doohickey,511
208455,North,Gizmo,915
208465,North,Gadget,811
208467,North,Doohickey,712
208479,North,Gadget,651
208512,North,Gizmo,595
208515,North,Gizmo,549
208516,North,Gadget,552
208518,North,Gizmo,540
208522,North,Widget,971
208524,North,Widget,773
208526,North,Gadget,875
208543,North,Doohickey,602
208549,North,Widget,823
208550,North,Widget,943
208556,North,Gadget,540
208568,North,Gizmo,541
208571,North,Widget,519
208576,North,Gizmo,923
208579,North,Widget,785
208590,North,Widget,561
208599,North,Gadget,750
208607,North,Gadget,816
208647,North,Gizmo,509
208655,North,Widget,748
208657,North,Gizmo,548
208659,North,Gadget,952
208684,North,Gizmo,901
208699,North,Gizmo,841
208701,North,Gadget,949
208709,North,Gadget,881
208717,North,Doohickey,573
208721,North,Gadget,647
208731,North,Doohickey,902
208742,North,Widget,926
208746,North,Gadget,603
208747,North,Gadget,523
208754,North,Widget,757
208777,North,Widget,969
208778,North,Gadget,602
208780,North,Widget,719
208790,North,Widget,702
208797,North,Gadget,719
208828,North,Doohickey,599
208832,North,Gizmo,586
208834,North,Doohickey,614
208846,North,Widget,930
208854,North,Doohickey,757
208860,North,Widget,799
208884,North,Gadget,918
208890,North,Gizmo,656
208909,North,Gadget,650
208913,North,Widget,704
208936,North,Doohickey,977
208944,North,Doohickey,668
208945,North,Gadget,516
208963,North,Doohickey,752
208974,North,Gadget,668
208978,North,Doohickey,765
208982,North,Doohickey,827
208988,North,Gizmo,799
208997,North,Doohickey,512
208998,North,Widget,708
209002,North,Widget,638
209003,North,Gadget,968
209010,North,Gizmo,700
209018,North,Gizmo,663
209039,North,Doohickey,535
209056,North,Gizmo,755
209060,North,Doohickey,905
209062,North,Doohickey,517
209066,North,Gizmo,797
209070,North,Gizmo,667
209071,North,Gizmo,856
209075,North,Doohickey,836
209087,North,Gizmo,623
209090,North,Doohickey,622
209098,North,Gizmo,681
209110,North,Widget,626
209118,North,Widget,998
209146,North,Gizmo,997
209148,North,Doohickey,504
209157,North,Widget,872
209158,North,Doohickey,938
209160,North,Doohickey,993
209166,North,Doohickey,809
209175,North,Gizmo,702
209190,North,Doohickey,941
209200,North,Widget,936
209207,North,Widget,855
209208,North,Gizmo,924
209230,North,Gadget,869
209257,North,Widget,787
209268,North,Doohickey,917
209292,North,Gizmo,950
209294,North,Gadget,884
209305,North,Gizmo,736
209307,North,Widget,994
209313,North,Gizmo,986
209315,North,Gadget,650
209317,North,Doohickey,824
209323,North,Gizmo,559
209329,North,Gadget,917
209331,North,Widget,939
209334,North,Gizmo,596
209335,North,Gadget,637
209338,North,Widget,756
209345,North,Gizmo,715
209350,North,Gadget,608
209353,North,Gizmo,571
209356,North,Widget,558
209362,North,Gadget,918
209367,North,Gadget,786
209368,North,Gizmo,661
209381,North,Doohickey,900
209391,North,Widget,604
209402,North,Widget,704
209404,North,Gizmo,872
209412,North,Widget,555
209431,North,Gadget,985
209433,North,Gizmo,850
209448,North,Gizmo,908
209458,North,Gizmo,504
209465,North,Gizmo,819
209467,North,Doohickey,883
209482,North,Doohickey,913
209491,North,Gizmo,778
209505,North,Widget,632
209528,North,Doohickey,770
209531,North,Doohickey,773
209537,North,Gadget,630
209540,North,Widget,522
209546,North,Gizmo,950
209550,North,Widget,927
209559,North,Gadget,527
209560,North,Gadget,579
209564,North,Doohickey,978
209567,North,Doohickey,512
209571,North,Doohickey,898
209572,North,Widget,850
209573,North,Doohickey,917
209592,North,Doohickey,888
209593,North,Gizmo,726
209605,North,Gizmo,719
209612,North,Gadget,797
209613,North,Widget,736
209616,North,Gadget,572
209618,North,Gadget,972
209630,North,Gizmo,869
209631,North,Gizmo,902
209634,North,Gadget,927
209647,North,Gizmo,916
209649,North,Widget,881
209656,North,Doohickey,552
209657,North,Gizmo,694
209659,North,Doohickey,638
209665,North,Doohickey,772
209668,North,Widget,532
209671,North,Gadget,760
209684,North,Gadget,668
209685,North,Widget,623
209687,North,Gadget,694
209698,North,Gadget,914
209707,North,Doohickey,561
209719,North,Gadget,696
209726,North,Gizmo,800
209734,North,Gadget,821
209745,North,Gadget,649
209746,North,Gizmo,665
209764,North,Gizmo,859
209765,North,Doohickey,869
209771,North,Gizmo,642
209772,North,Gizmo,728
209780,North,Gizmo,968
209787,North,Widget,891
209790,North,Doohickey,761
209798,North,Widget,778
209807,North,Gizmo,637
209816,North,Gadget,997
209820,North,Gadget,797
209833,North,Gadget,594
209835,North,Widget,700
209837,North,Widget,991
209839,North,Gizmo,631
209851,North,Gizmo,843
209863,North,Doohickey,852
209868,North,Gadget,505
209875,North,Gadget,865
209878,North,Gadget,775
209888,North,Gizmo,702
209895,North,Widget,749
209902,North,Doohickey,627
209906,North,Widget,908
209908,North,Gizmo,964
209912,North,Gadget,750
209913,North,Doohickey,914
209924,North,Doohickey,942
209925,North,Gizmo,532
209935,North,Gadget,541
209941,North,Gadget,548
209943,North,Gizmo,570
209950,North,Gizmo,734
209970,North,Widget,796
209978,North,Gadget,719
209982,North,Gizmo,568
209990,North,Gadget,744
210007,North,Widget,768
210017,North,Gadget,737
210059,North,Widget,771
210060,North,Doohickey,885
210083,North,Widget,695
210101,North,Doohickey,575
210105,North,Doohickey,835
210112,North,Gizmo,642
210114,North,Doohickey,755
210117,North,Widget,622
210118,North,Gadget,623
210134,North,Gadget,863
210135,North,Doohickey,718
210141,North,Doohickey,967
210149,North,Widget,872
210158,North,Gizmo,969
210168,North,Doohickey,880
210178,North,Doohickey,876
210182,North,Gizmo,678
210194,North,Gizmo,842
210205,North,Gizmo,706
210214,North,Gadget,529
210215,North,Doohickey,801
210218,North,Gizmo,739
210225,North,Gadget,856
210231,North,Gadget,520
210245,North,Gadget,788
210251,North,Widget,522
210267,North,Widget,620
210270,North,Doohickey,681
210276,North,Gadget,828
210282,North,Gadget,614
210289,North,Gadget,633
210298,North,Gadget,785
210305,North,Gizmo,942
210306,North,Widget,855
210311,North,Gizmo,679
210315,North,Doohickey,923
210326,North,Gizmo,580
210328,North,Gadget,800
210357,North,Doohickey,898
210361,North,Gizmo,509
210377,North,Doohickey,572
210381,North,Gizmo,668
210386,North,Doohickey,590
210417,North,Doohickey,742
210420,North,Gadget,748
210422,North,Gizmo,505
210474,North,Widget,893
210479,North,Gadget,529
210506,North,Widget,720
210510,North,Gizmo,664
210527,North,Gizmo,835
210536,North,Gizmo,847
210537,North,Widget,623
210547,North,Doohickey,886
210548,North,Gadget,732
210557,North,Doohickey,606
210570,North,Gizmo,703
210590,North,Gizmo,959
210597,North,Doohickey,542
210598,North,Widget,556
210606,North,Doohickey,699
210620,North,Gizmo,662
210628,North,Gadget,504
210632,North,Widget,988
210640,North,Gizmo,531
210645,North,Widget,555
210651,North,Doohickey,833
210663,North,Gadget,521
210692,North,Gadget,852
210704,North,Gadget,655
210708,North,Gadget,926
210718,North,Doohickey,588
210720,North,Doohickey,716
210725,North,Doohickey,787
210726,North,Gadget,616
210729,North,Gizmo,682
210746,North,Gadget,761
210768,North,Gizmo,857
210787,North,Widget,685
210810,North,Doohickey,739
210819,North,Gadget,516
210828,North,Gadget,609
210832,North,Widget,930
210853,North,Doohickey,784
210867,North,Widget,541
210877,North,Doohickey,617
210883,North,Widget,637
210890,North,Gizmo,556
210900,North,Gadget,596
210905,North,Gizmo,517
210913,North,Gadget,647
210916,North,Gadget,581
210918,North,Gizmo,811
210920,North,Gadget,646
210932,North,Doohickey,825
210941,North,Widget,953
210943,North,Gizmo,919
210949,North,Gizmo,875
210958,North,Widget,871
210993,North,Gizmo,600
210995,North,Gizmo,650
211014,North,Doohickey,755
211032,North,Doohickey,958
211036,North,Widget,757
211058,North,Gadget,618
211065,North,Widget,893
211072,North,Widget,648
211080,North,Widget,706
211084,North,Doohickey,750
211093,North,Doohickey,651
211098,North,Gizmo,811
211104,North,Gizmo,881
211116,North,Doohickey,983
211128,North,Widget,900
211130,North,Widget,519
211147,North,Gadget,516
211160,North,Gadget,976
211172,North,Gadget,543
211173,North,Widget,570
211183,North,Widget,951
211190,North,Gizmo,944
211192,North,Doohickey,893
211194,North,Widget,801
211200,North,Gadget,953
211226,North,Doohickey,524
211230,North,Gadget,796
211231,North,Gizmo,748
211238,North,Widget,875
211268,North,Doohickey,725
211270,North,Widget,545
211272,North,Gadget,553
211287,North,Gadget,629
211313,North,Gadget,800
211324,North,Widget,898
211325,North,Gizmo,689
211332,North,Gadget,666
211335,North,Gizmo,899
211336,North,Doohickey,984
211343,North,Widget,673
211348,North,Widget,741
211364,North,Widget,682
211367,North,Widget,816
211372,North,Doohickey,888
211392,North,Doohickey,889
211436,North,Gizmo,794
211453,North,Gadget,572
211464,North,Gizmo,553
211474,North,Gizmo,919
211478,North,Gadget,733
211481,North,Widget,508
211492,North,Gizmo,933
211494,North,Gadget,813
211514,North,Doohickey,528
211537,North,Gizmo,666
211551,North,Gizmo,758
211552,North,Widget,727
211553,North,Doohickey,764
211572,North,Gadget,672
211575,North,Gizmo,569
211577,North,Gadget,801
211581,North,Gadget,762
211583,North,Gadget,755
211584,North,Gizmo,877
211586,North,Widget,783
211589,North,Gadget,773
211592,North,Doohickey,695
211605,North,Doohickey,894
211619,North,Widget,681
211633,North,Gadget,874
211644,North,Gizmo,574
211656,North,Gizmo,557
211681,North,Widget,894
211693,North,Widget,899
211694,North,Gadget,505
211696,North,Doohickey,990
211699,North,Gizmo,825
211707,North,Widget,976
211710,North,Gizmo,915
211714,North,Doohickey,815
211718,North,Widget,747
211723,North,Doohickey,700
211731,North,Gizmo,624
211753,North,Gizmo,950
211757,North,Doohickey,757
211774,North,Doohickey,989
211789,North,Gizmo,705
211792,North,Gadget,525
211798,North,Gadget,944
211807,North,Gadget,633
211810,North,Gadget,955
211814,North,Doohickey,842
211825,North,Widget,982
211828,North,Doohickey,509
211831,North,Gizmo,865
211833,North,Gadget,569
211835,North,Widget,569
211837,North,Gizmo,591
211846,North,Widget,613
211847,North,Gadget,803
211856,North,Gadget,899
211858,North,Widget,650
211862,North,Doohickey,849
211871,North,Doohickey,984
211875,North,Doohickey,604
211883,North,Widget,964
211884,North,Widget,783
211896,North,Gadget,782
211901,North,Gizmo,864
211913,North,Gizmo,532
211917,North,Gadget,927
211922,North,Doohickey,538
211932,North,Gizmo,864
211940,North,Widget,822
211950,North,Widget,727
211952,North,Gizmo,686
211974,North,Widget,509
211978,North,Gizmo,811
211982,North,Widget,809
211985,North,Gadget,520
211987,North,Widget,620
211989,North,Gadget,831
211993,North,Doohickey,831
211996,North,Gizmo,640
212001,North,Widget,638
212002,North,Gadget,802
212003,North,Gadget,886
212011,North,Gadget,526
212013,North,Widget,981
212019,North,Doohickey,569
212026,North,Gadget,781
212054,North,Gizmo,666
212063,North,Doohickey,763
212070,North,Widget,703
212080,North,Gizmo,573
212084,North,Gizmo,1000
212085,North,Gizmo,943
212086,North,Widget,731
212093,North,Gadget,893
212100,North,Doohickey,955
212105,North,Gizmo,983
212108,North,Doohickey,574
212117,North,Gizmo,509
212120,North,Gadget,665
212132,North,Gizmo,880
212135,North,Widget,560
212141,North,Doohickey,871
212145,North,Doohickey,740
212150,North,Gizmo,546
212153,North,Widget,696
212159,North,Gadget,782
212168,North,Gadget,638
212171,North,Doohickey,730
212175,North,Doohickey,860
212182,North,Doohickey,647
212198,North,Widget,606
212207,North,Widget,955
212213,North,Gadget,575
212218,North,Doohickey,702
212225,North,Widget,545
212242,North,Doohickey,643
212246,North,Doohickey,633
212250,North,Doohickey,599
212251,North,Widget,909
212252,North,Widget,525
212257,North,Gadget,943
212258,North,Gizmo,759
212260,North,Gadget,777
212270,North,Gadget,909
212280,North,Gadget,797
212283,North,Widget,759
212299,North,Gadget,526
212300,North,Doohickey,997
212302,North,Gizmo,842
212303,North,Doohickey,535
212305,North,Gadget,612
212308,North,Gadget,836
212314,North,Doohickey,567
212317,North,Gadget,566
212320,North,Gizmo,685
212328,North,Doohickey,935
212330,North,Doohickey,694
212331,North,Gizmo,630
212336,North,Doohickey,988
212349,North,Doohickey,633
212350,North,Widget,814
212351,North,Widget,637
212359,North,Gadget,974
212360,North,Gizmo,792
212364,North,Gizmo,800
212377,North,Gizmo,650
212387,North,Gizmo,631
212388,North,Widget,973
212400,North,Gizmo,668
212410,North,Doohickey,735
212426,North,Doohickey,558
212431,North,Doohickey,693
212439,North,Gadget,777
212442,North,Gizmo,921
212446,North,Gadget,907
212447,North,Gadget,598
212448,North,Gadget,843
212459,North,Gizmo,541
212466,North,Gizmo,966
212467,North,Gadget,689
212476,North,Gadget,536
212488,North,Gizmo,880
212510,North,Gizmo,810
212527,North,Gizmo,831
212532,North,Gizmo,823
212541,North,Doohickey,503
212542,North,Widget,717
212567,North,Doohickey,890
212575,North,Doohickey,781
212580,North,Doohickey,620
212616,North,Gizmo,852
212639,North,Gizmo,779
212642,North,Widget,824
212647,North,Gizmo,590
212654,North,Doohickey,878
212655,North,Gadget,528
212671,North,Gizmo,573
212678,North,Gadget,791
212685,North,Gizmo,853
212688,North,Gadget,557
212702,North,Gizmo,662
212710,North,Widget,726
212728,North,Widget,877
212732,North,Doohickey,973
212739,North,Doohickey,834
212763,North,Gizmo,550
212766,North,Doohickey,587
212777,North,Gadget,537
212782,North,Widget,924
212797,North,Widget,926
212825,North,Doohickey,730
212828,North,Gizmo,750
212844,North,Gizmo,744
212847,North,Gadget,686
212850,North,Gizmo,708
212851,North,Widget,609
212896,North,Doohickey,608
212914,North,Doohickey,819
212926,North,Gadget,673
212937,North,Gizmo,675
212940,North,Widget,659
212948,North,Gizmo,946
212950,North,Gadget,874
212974,North,Doohickey,857
212983,North,Widget,560
212987,North,Doohickey,813
212995,North,Doohickey,712
213017,North,Gadget,960
213019,North,Widget,654
213021,North,Doohickey,733
213028,North,Gizmo,527
213033,North,Doohickey,796
213044,North,Doohickey,566
213046,North,Gadget,672
213060,North,Widget,974
213083,North,Gizmo,677
213086,North,Widget,773
213089,North,Gizmo,957
213130,North,Gizmo,732
213134,North,Doohickey,899
213135,North,Gizmo,893
213137,North,Doohickey,675
213147,North,Doohickey,815
213156,North,Widget,588
213169,North,Gadget,776
213177,North,Gadget,568
213179,North,Widget,767
213181,North,Doohickey,534
213185,North,Doohickey,516
213191,North,Widget,983
213206,North,Gadget,889
213209,North,Doohickey,530
213219,North,Gadget,727
213221,North,Widget,555
213222,North,Widget,911
213227,North,Gadget,644
213240,North,Widget,750
213242,North,Doohickey,733
213252,North,Gadget,801
213256,North,Gizmo,992
213261,North,Doohickey,556
213277,North,Gadget,835
213278,North,Widget,635
213284,North,Doohickey,784
213287,North,Doohickey,646
213295,North,Widget,710
213302,North,Doohickey,561
213307,North,Gadget,833
213318,North,Gizmo,741
213319,North,Gadget,618
213333,North,Gadget,989
213334,North,Doohickey,935
213336,North,Doohickey,964
213342,North,Gadget,863
213345,North,Widget,850
213356,North,Gizmo,977
213359,North,Gadget,759
213392,North,Doohickey,559
213396,North,Gadget,738
213422,North,Doohickey,878
213423,North,Widget,594
213428,North,Gizmo,636
213436,North,Doohickey,646
213439,North,Gadget,861
213441,North,Gizmo,935
213453,North,Widget,796
213456,North,Gadget,932
213461,North,Doohickey,654
213468,North,Gizmo,828
213471,North,Gadget,853
213475,North,Gizmo,834
213487,North,Widget,851
213496,North,Doohickey,841
213498,North,Gizmo,608
213503,North,Gizmo,587
213507,North,Doohickey,836
213509,North,Gizmo,713
213511,North,Gadget,802
213529,North,Widget,651
213531,North,Doohickey,839
213544,North,Doohickey,712
213556,North,Gadget,628
213568,North,Gizmo,871
213571,North,Gadget,766
213575,North,Doohickey,852
213582,North,Gadget,698
213587,North,Gizmo,544
213591,North,Widget,572
213595,North,Widget,705
213596,North,Widget,886
213610,North,Doohickey,616
213627,North,Gizmo,705
213638,North,Doohickey,905
213653,North,Gizmo,677
213659,North,Gadget,826
213663,North,Doohickey,748
213679,North,Widget,543
213690,North,Widget,890
213692,North,Widget,511
213696,North,Doohickey,865
213702,North,Widget,865
213707,North,Doohickey,936
213708,North,Widget,859
213709,North,Widget,677
213712,North,Gizmo,569
213721,North,Widget,761
213723,North,Doohickey,889
213726,North,Widget,994
213730,North,Widget,666
213749,North,Gizmo,716
213750,North,Doohickey,677
213759,North,Doohickey,898
213760,North,Doohickey,975
213765,North,Widget,732
213772,North,Gadget,504
213775,North,Doohickey,594
213796,North,Gizmo,722
213803,North,Widget,685
213804,North,Doohickey,965
213814,North,Gadget,705
213815,North,Gizmo,640
213818,North,Widget,930
213826,North,Widget,748
213838,North,Gadget,667
213848,North,Gizmo,523
213858,North,Widget,677
213863,North,Doohickey,919
213876,North,Widget,732
213906,North,Gadget,695
213908,North,Gadget,680
213917,North,Doohickey,946
213921,North,Doohickey,806
213941,North,Gadget,777
213952,North,Gadget,590
213960,North,Gadget,516
213961,North,Widget,911
213976,North,Widget,547
213994,North,Widget,798
214003,North,Doohickey,508
214004,North,Gadget,523
214012,North,Widget,597
214014,North,Doohickey,827
214015,North,Doohickey,792
214018,North,Doohickey,905
214032,North,Gadget,884
214036,North,Gizmo,665
214045,North,Gizmo,615
214049,North,Gadget,566
214056,North,Widget,931
214060,North,Gadget,813
214066,North,Gadget,942
214098,North,Widget,568
214100,North,Gadget,751
214112,North,Gadget,946
214126,North,Gadget,824
214127,North,Gadget,751
214132,North,Doohickey,961
214146,North,Gadget,990
214156,North,Doohickey,991
214166,North,Gizmo,666
214167,North,Widget,644
214168,North,Gizmo,583
214171,North,Gadget,677
214172,North,Gizmo,675
214179,North,Gadget,834
214183,North,Widget,911
214194,North,Gizmo,761
214202,North,Widget,814
214208,North,Doohickey,793
214213,North,Gizmo,768
214229,North,Gadget,661
214233,North,Gizmo,986
214240,North,Doohickey,594
214253,North,Doohickey,530
214256,North,Doohickey,786
214259,North,Gizmo,952
214264,North,Gadget,540
214310,North,Widget,947
214346,North,Doohickey,759
214352,North,Widget,961
214369,North,Doohickey,582
214372,North,Doohickey,509
214374,North,Widget,775
214378,North,Gizmo,803
214387,North,Widget,969
214397,North,Gadget,645
214415,North,Doohickey,952
214420,North,Doohickey,680
214439,North,Gizmo,972
214442,North,Gizmo,558
214445,North,Gadget,535
214453,North,Gadget,712
214466,North,Gizmo,888
214469,North,Doohickey,698
214487,North,Gadget,981
214512,North,Widget,668
214523,North,Doohickey,740
214535,North,Gizmo,605
214538,North,Gizmo,525
214544,North,Gadget,764
214545,North,Gadget,653
214546,North,Widget,588
214547,North,Gizmo,652
214567,North,Doohickey,509
214569,North,Widget,627
214576,North,Widget,936
214581,North,Gadget,805
214586,North,Gadget,600
214594,North,Doohickey,739
214596,North,Widget,626
214601,North,Gadget,773
214602,North,Gizmo,571
214626,North,Gizmo,944
214635,North,Gizmo,646
214638,North,Gizmo,668
214647,North,Doohickey,528
214654,North,Gadget,881
214658,North,Doohickey,875
214659,North,Widget,780
214694,North,Gadget,989
214702,North,Gadget,527
214709,North,Gizmo,515
214723,North,Doohickey,551
214732,North,Doohickey,828
214741,North,Doohickey,593
214758,North,Gizmo,674
214761,North,Doohickey,640
214780,North,Gadget,538
214796,North,Gadget,562
214799,North,Widget,961
214801,North,Doohickey,582
214802,North,Widget,686
214807,North,Gadget,943
214821,North,Gadget,754
214837,North,Doohickey,867
214843,North,Doohickey,965
214844,North,Gadget,599
214858,North,Doohickey,648
214862,North,Gizmo,926
214872,North,Widget,969
214881,North,Gizmo,677
214886,North,Doohickey,824
214896,North,Gizmo,691
214898,North,Gadget,647
214903,North,Doohickey,505
214904,North,Doohickey,592
214908,North,Widget,999
214914,North,Widget,629
214943,North,Widget,544
214944,North,Doohickey,622
214976,North,Widget,695
214977,North,Gadget,927
214982,North,Gizmo,942
214985,North,Widget,775
214986,North,Widget,712
214991,North,Gadget,790
214992,North,Doohickey,682
214995,North,Gadget,562
215000,North,Gizmo,513
215001,North,Gizmo,719
215009,North,Gizmo,796
215010,North,Doohickey,961
215012,North,Gadget,787
215021,North,Gizmo,579
215024,North,Gizmo,600
215025,North,Widget,651
215030,North,Doohickey,706
215039,North,Gizmo,783
215040,North,Gizmo,927
215046,North,Gizmo,949
215050,North,Gadget,643
215053,North,Gadget,657
215064,North,Gadget,808
215089,North,Doohickey,876
215103,North,Gizmo,745
215106,North,Doohickey,925
215109,North,Gizmo,586
215112,North,Gizmo,742
215118,North,Gizmo,582
215120,North,Widget,524
215123,North,Gizmo,921
215128,North,Gizmo,728
215132,North,Widget,931
215134,North,Doohickey,546
215138,North,Gizmo,811
215148,North,Doohickey,634
215152,North,Doohickey,817
215153,North,Doohickey,775
215155,North,Doohickey,558
215164,North,Widget,594
215177,North,Gizmo,703
215190,North,Widget,751
215191,North,Gizmo,689
215195,North,Gadget,731
215200,North,Widget,872
215210,North,Gizmo,589
215216,North,Doohickey,892
215218,North,Gizmo,722
215229,North,Doohickey,789
215234,North,Gizmo,737
215235,North,Doohickey,938
215259,North,Widget,842
215267,North,Doohickey,986
215272,North,Widget,928
215283,North,Gizmo,944
215286,North,Widget,817
215287,North,Widget,749
215295,North,Gizmo,972
215299,North,Gadget,690
215320,North,Widget,692
215322,North,Doohickey,885
215325,North,Doohickey,798
215332,North,Widget,853
215343,North,Gizmo,888
215373,North,Doohickey,681
215376,North,Gadget,883
215377,North,Widget,616
215383,North,Gadget,653
215396,North,Widget,665
215399,North,Widget,998
215406,North,Doohickey,813
215418,North,Widget,643
215419,North,Gizmo,678
215433,North,Gadget,716
215457,North,Gizmo,928
215464,North,Doohickey,896
215467,North,Gizmo,587
215468,North,Gizmo,880
215481,North,Gadget,960
215485,North,Gadget,515
215486,North,Gadget,570
215489,North,Widget,587
215516,North,Doohickey,797
215520,North,Doohickey,724
215522,North,Widget,784
215540,North,Gizmo,908
215541,North,Gadget,604
215542,North,Gizmo,952
215561,North,Doohickey,791
215565,North,Gadget,621
215575,North,Widget,947
215590,North,Doohickey,528
215592,North,Doohickey,831
215601,North,Gadget,662
215604,North,Gizmo,881
215608,North,Gadget,745
215611,North,Gizmo,957
215612,North,Widget,780
215622,North,Doohickey,899
215625,North,Doohickey,787
215626,North,Doohickey,678
215628,North,Doohickey,855
215650,North,Gadget,655
215652,North,Widget,861
215659,North,Widget,667
215673,North,Gadget,538
215675,North,Doohickey,700
215679,North,Widget,936
215688,North,Widget,539
215698,North,Gadget,641
215702,North,Widget,587
215703,North,Widget,1000
215710,North,Gizmo,757
215714,North,Doohickey,680
215718,North,Widget,710
215732,North,Widget,871
215735,North,Doohickey,961
215742,North,Gizmo,677
215753,North,Widget,955
215754,North,Gizmo,612
215773,North,Gizmo,659
215783,North,Widget,551
215786,North,Gizmo,700
215795,North,Widget,850
215800,North,Gizmo,911
215801,North,Doohickey,717
215809,North,Widget,607
215813,North,Gizmo,965
215816,North,Doohickey,667
215818,North,Widget,815
215823,North,Gizmo,653
215833,North,Gadget,996
215847,North,Widget,778
215850,North,Gadget,753
215855,North,Gadget,758
215861,North,Gadget,566
215867,North,Widget,986
215876,North,Gizmo,998
215877,North,Doohickey,505
215890,North,Gizmo,932
215898,North,Doohickey,901
215903,North,Gizmo,839
215921,North,Widget,868
215923,North,Doohickey,819
215934,North,Doohickey,656
215935,North,Gizmo,779
215937,North,Gadget,778
215961,North,Gizmo,942
215965,North,Doohickey,896
215968,North,Gadget,672
215981,North,Doohickey,775
215983,North,Gizmo,846
215998,North,Gizmo,744
216012,North,Gizmo,950
216026,North,Widget,874
216043,North,Gizmo,721
216046,North,Doohickey,742
216053,North,Gizmo,586
216062,North,Widget,801
216070,North,Doohickey,525
216071,North,Doohickey,663
216073,North,Widget,848
216079,North,Doohickey,592
216083,North,Gizmo,817
216095,North,Gizmo,631
216101,North,Doohickey,969
216102,North,Gadget,897
216114,North,Gadget,986
216131,North,Widget,520
216145,North,Doohickey,511
216149,North,Gizmo,712
216154,North,Gadget,866
216158,North,Gadget,584
216177,North,Gizmo,973
216185,North,Doohickey,943
216187,North,Doohickey,647
216192,North,Widget,890
216199,North,Doohickey,988
216204,North,Widget,916
216215,North,Gadget,737
216216,North,Gadget,661
216217,North,Doohickey,974
216233,North,Gizmo,635
216240,North,Widget,725
216244,North,Gizmo,741
216258,North,Doohickey,780
216269,North,Doohickey,891
216279,North,Widget,567
216295,North,Gadget,914
216306,North,Gadget,834
216315,North,Doohickey,919
216341,North,Gadget,764
216353,North,Gizmo,778
216355,North,Doohickey,687
216363,North,Gadget,714
216379,North,Gadget,501
216384,North,Gizmo,574
216398,North,Widget,747
216406,North,Gadget,632
216419,North,Doohickey,936
216424,North,Gizmo,764
216426,North,Gizmo,726
216427,North,Gizmo,855
216430,North,Gizmo,894
216435,North,Widget,999
216446,North,Gadget,989
216453,North,Gizmo,620
216462,North,Widget,547
216464,North,Widget,573
216474,North,Widget,813
216477,North,Gizmo,767
216483,North,Widget,849
216491,North,Gadget,944
216502,North,Gadget,988
216507,North,Gizmo,855
216511,North,Widget,710
216519,North,Doohickey,786
216525,North,Gizmo,960
216527,North,Widget,671
216529,North,Gadget,832
216536,North,Gizmo,653
216538,North,Gizmo,691
216547,North,Gadget,784
216552,North,Doohickey,768
216553,North,Widget,965
216563,North,Widget,662
216568,North,Gizmo,593
216574,North,Doohickey,535
216582,North,Doohickey,808
216621,North,Gizmo,888
216623,North,Gadget,988
216643,North,Gizmo,761
216661,North,Gizmo,932
216663,North,Gizmo,550
216692,North,Gadget,913
216708,North,Widget,913
216718,North,Gadget,902
216723,North,Doohickey,513
216734,North,Widget,951
216740,North,Doohickey,551
216744,North,Widget,625
216752,North,Widget,610
216757,North,Gizmo,652
216761,North,Gizmo,505
216762,North,Doohickey,737
216767,North,Gizmo,882
216775,North,Gadget,918
216804,North,Widget,652
216809,North,Gizmo,673
216815,North,Doohickey,765
216817,North,Doohickey,965
216825,North,Gadget,874
216830,North,Widget,734
216833,North,Widget,890
216846,North,Doohickey,734
216853,North,Gadget,532
216862,North,Doohickey,571
216874,North,Gizmo,596
216898,North,Gizmo,655
216902,North,Gizmo,969
216917,North,Gizmo,773
216922,North,Widget,783
216924,North,Doohickey,976
216935,North,Gadget,625
216938,North,Gizmo,674
216942,North,Widget,611
216943,North,Widget,606
216949,North,Gadget,770
216952,North,Widget,682
216965,North,Gadget,835
216967,North,Gizmo,649
216974,North,Doohickey,909
216987,North,Doohickey,856
216988,North,Gizmo,769
216989,North,Gizmo,838
217003,North,Gadget,921
217004,North,Gizmo,613
217024,North,Gizmo,793
217033,North,Gizmo,530
217035,North,Widget,518
217036,North,Gizmo,894
217037,North,Widget,771
217064,North,Widget,720
217075,North,Widget,967
217082,North,Widget,583
217084,North,Gizmo,561
217107,North,Gadget,986
217111,North,Gadget,743
217112,North,Gizmo,592
217132,North,Doohickey,640
217133,North,Doohickey,897
217134,North,Doohickey,813
217135,North,Gadget,716
217136,North,Gadget,734
217143,North,Gizmo,848
217145,North,Gadget,816
217154,North,Doohickey,531
217166,North,Gadget,723
217186,North,Widget,534
217194,North,Doohickey,846
217195,North,Gadget,555
217201,North,Widget,522
217216,North,Gizmo,558
217220,North,Gizmo,906
217224,North,Gadget,893
217235,North,Doohickey,576
217240,North,Gizmo,943
217241,North,Gadget,951
217252,North,Doohickey,606
217267,North,Gadget,641
217269,North,Gizmo,606
217278,North,Gadget,653
217305,North,Doohickey,978
217309,North,Widget,923
217319,North,Gizmo,892
217326,North,Widget,571
217327,North,Gadget,877
217334,North,Gadget,688
217352,North,Doohickey,902
217364,North,Doohickey,864
217381,North,Gizmo,576
217388,North,Gadget,878
217389,North,Doohickey,760
217395,North,Gadget,758
217400,North,Widget,952
217401,North,Doohickey,605
217407,North,Gizmo,677
217422,North,Gizmo,840
217425,North,Gizmo,677
217434,North,Gizmo,982
217441,North,Gizmo,606
217448,North,Gadget,642
217464,North,Doohickey,802
217475,North,Gadget,944
217476,North,Widget,769
217481,North,Widget,723
217483,North,Widget,561
217484,North,Gizmo,935
217504,North,Gadget,815
217528,North,Gizmo,655
217533,North,Gizmo,565
217535,North,Gadget,755
217536,North,Gadget,910
217537,North,Gizmo,642
217555,North,Doohickey,873
217556,North,Doohickey,813
217562,North,Doohickey,743
217568,North,Widget,968
217571,North,Doohickey,676
217572,North,Widget,675
217607,North,Widget,977
217614,North,Widget,968
217623,North,Doohickey,805
217625,North,Widget,518
217629,North,Gadget,665
217631,North,Widget,513
217635,North,Gadget,583
217651,North,Gizmo,654
217665,North,Doohickey,777
217671,North,Gadget,996
217673,North,Gizmo,593
217679,North,Doohickey,926
217689,North,Widget,519
217698,North,Gizmo,776
217699,North,Widget,946
217707,North,Doohickey,610
217714,North,Widget,731
217719,North,Doohickey,605
217735,North,Gadget,873
217737,North,Widget,557
217741,North,Gizmo,803
217747,North,Doohickey,981
217750,North,Gizmo,521
217755,North,Gizmo,596
217756,North,Gadget,683
217760,North,Widget,759
217769,North,Gadget,941
217771,North,Gadget,681
217772,North,Widget,859
217778,North,Doohickey,660
217779,North,Gizmo,827
217781,North,Doohickey,949
217817,North,Gadget,542
217847,North,Widget,688
217854,North,Widget,910
217858,North,Widget,639
217873,North,Widget,505
217894,North,Doohickey,615
217914,North,Widget,852
217934,North,Gizmo,731
217940,North,Gadget,597
217942,North,Doohickey,562
217951,North,Doohickey,613
217965,North,Doohickey,760
217987,North,Doohickey,996
218004,North,Gadget,886
218005,North,Widget,974
218017,North,Gadget,577
218020,North,Gizmo,686
218031,North,Doohickey,964
218041,North,Gizmo,521
218049,North,Gadget,783
218058,North,Doohickey,679
218059,North,Widget,771
218060,North,Gizmo,968
218071,North,Gadget,873
218082,North,Doohickey,832
218086,North,Doohickey,910
218089,North,Doohickey,509
218096,North,Gadget,917
218098,North,Gizmo,810
218109,North,Gizmo,944
218117,North,Doohickey,720
218128,North,Gadget,866
218135,North,Gizmo,642
218166,North,Gizmo,899
218179,North,Widget,725
218189,North,Gadget,585
218200,North,Gizmo,836
218201,North,Widget,672
218206,North,Gadget,701
218211,North,Doohickey,919
218214,North,Doohickey,751
218216,North,Doohickey,839
218260,North,Gizmo,766
218265,North,Gizmo,934
218285,North,Gadget,955
218287,North,Gadget,861
218288,North,Widget,848
218289,North,Gizmo,689
218299,North,Gadget,710
218306,North,Gadget,694
218313,North,Widget,596
218329,North,Widget,635
218348,North,Gadget,938
218354,North,Doohickey,638
218359,North,Doohickey,986
218367,North,Gadget,519
218374,North,Widget,931
218379,North,Gizmo,763
218381,North,Gadget,861
218389,North,Gadget,953
218404,North,Doohickey,941
218416,North,Doohickey,840
218419,North,Gizmo,762
218436,North,Doohickey,707
218445,North,Gadget,930
218448,North,Gadget,927
218457,North,Gadget,919
218461,North,Gadget,656
218464,North,Gadget,725
218472,North,Doohickey,934
218478,North,Doohickey,978
218483,North,Doohickey,734
218486,North,Gizmo,809
218489,North,Gizmo,936
218500,North,Gadget,939
218507,North,Gadget,806
218512,North,Doohickey,587
218521,North,Widget,721
218537,North,Widget,809
218546,North,Doohickey,540
218557,North,Gadget,986
218567,North,Doohickey,883
218568,North,Doohickey,953
218570,North,Widget,811
218574,North,Widget,644
218575,North,Gadget,674
218578,North,Widget,643
218596,North,Widget,923
218603,North,Doohickey,908
218605,North,Gizmo,556
218624,North,Doohickey,596
218625,North,Doohickey,925
218628,North,Doohickey,811
218629,North,Gizmo,624
218664,North,Gadget,916
218666,North,Gizmo,649
218688,North,Widget,732
218693,North,Doohickey,977
218698,North,Doohickey,508
218701,North,Widget,530
218720,North,Widget,986
218727,North,Gadget,982
218752,North,Doohickey,600
218757,North,Doohickey,869
218768,North,Widget,659
218772,North,Gizmo,967
218779,North,Gadget,643
218788,North,Gizmo,810
218790,North,Gizmo,907
218800,North,Doohickey,819
218811,North,Doohickey,943
218816,North,Widget,734
218817,North,Gizmo,936
218826,North,Gizmo,648
218829,North,Gizmo,1000
218832,North,Widget,534
218852,North,Gizmo,655
218853,North,Doohickey,609
218858,North,Doohickey,911
218869,North,Doohickey,679
218871,North,Doohickey,899
218872,North,Gizmo,917
218874,North,Doohickey,519
218896,North,Doohickey,988
218900,North,Doohickey,722
218908,North,Widget,948
218920,North,Doohickey,801
218950,North,Widget,725
218952,North,Widget,671
218954,North,Gizmo,798
218959,North,Gadget,740
218963,North,Gizmo,910
218971,North,Doohickey,621
218979,North,Gadget,677
218995,North,Gizmo,646
219006,North,Gadget,754
219016,North,Gadget,969
219021,North,Doohickey,710
219024,North,Doohickey,966
219027,North,Gadget,921
219028,North,Gizmo,687
219029,North,Doohickey,535
219037,North,Gadget,583
219039,North,Gizmo,694
219049,North,Gizmo,539
219082,North,Gizmo,541
219094,North,Doohickey,555
219095,North,Gadget,786
219101,North,Gadget,546
219105,North,Doohickey,793
219121,North,Widget,528
219131,North,Gizmo,673
219145,North,Gadget,999
219148,North,Gizmo,609
219151,North,Gadget,803
219156,North,Doohickey,880
219165,North,Doohickey,867
219181,North,Gizmo,779
219188,North,Gizmo,738
219201,North,Gizmo,906
219203,North,Gadget,769
219204,North,Doohickey,994
219206,North,Widget,721
219233,North,Doohickey,749
219236,North,Gadget,505
219237,North,Gadget,795
219246,North,Widget,525
219250,North,Doohickey,629
219259,North,Gizmo,784
219262,North,Doohickey,731
219263,North,Widget,657
219302,North,Gizmo,515
219311,North,Gizmo,520
219336,North,Gadget,521
219337,North,Gizmo,789
219349,North,Widget,927
219350,North,Doohickey,646
219357,North,Gizmo,523
219358,North,Doohickey,556
219360,North,Gadget,830
219365,North,Gadget,761
219381,North,Gizmo,973
219388,North,Gizmo,690
219395,North,Gizmo,713
219406,North,Doohickey,756
219420,North,Widget,932
219430,North,Doohickey,702
219435,North,Doohickey,520
219440,North,Doohickey,773
219442,North,Gadget,724
219444,North,Gizmo,949
219456,North,Gadget,607
219457,North,Widget,996
219459,North,Widget,993
219464,North,Widget,590
219467,North,Widget,608
219476,North,Gadget,618
219478,North,Doohickey,693
219481,North,Doohickey,541
219484,North,Gadget,823
219498,North,Gadget,838
219508,North,Doohickey,696
219512,North,Doohickey,811
219540,North,Doohickey,734
219562,North,Doohickey,505
219568,North,Gadget,860
219574,North,Doohickey,846
219579,North,Doohickey,853
219584,North,Widget,764
219593,North,Doohickey,791
219594,North,Gizmo,628
219595,North,Widget,843
219615,North,Gizmo,818
219629,North,Widget,623
219636,North,Gizmo,909
219650,North,Gadget,627
219657,North,Doohickey,617
219678,North,Widget,960
219681,North,Gadget,924
219707,North,Doohickey,599
219709,North,Doohickey,918
219716,North,Gadget,711
219717,North,Gadget,544
219722,North,Widget,614
219732,North,Doohickey,694
219742,North,Gadget,756
219748,North,Widget,802
219761,North,Widget,598
219763,North,Doohickey,745
219787,North,Widget,952
219792,North,Gadget,744
219793,North,Widget,720
219794,North,Gadget,717
219802,North,Doohickey,606
219820,North,Doohickey,563
219822,North,Widget,572
219845,North,Gadget,575
219852,North,Widget,543
219859,North,Widget,742
219871,North,Gizmo,727
219878,North,Gizmo,647
219881,North,Widget,578
219890,North,Doohickey,504
219899,North,Gadget,757
219916,North,Gizmo,797
219920,North,Doohickey,732
219931,North,Doohickey,738
219932,North,Doohickey,876
219933,North,Widget,759
219946,North,Gizmo,911
219947,North,Doohickey,836
219959,North,Widget,529
219967,North,Gadget,921
219969,North,Doohickey,813
219971,North,Doohickey,798
219974,North,Gadget,603
219987,North,Gizmo,712
219995,North,Widget,853
220001,North,Gadget,702
220016,North,Widget,817
220029,North,Doohickey,610
220031,North,Gadget,726
220035,North,Gadget,946
220036,North,Doohickey,875
220047,North,Gizmo,783
220063,North,Gizmo,501
220066,North,Gadget,700
220072,North,Widget,527
220075,North,Gadget,676
220079,North,Gizmo,742
220088,North,Widget,888
220092,North,Gizmo,811
220106,North,Gizmo,836
220107,North,Doohickey,915
220110,North,Widget,707
220128,North,Widget,972
220134,North,Doohickey,819
220144,North,Gadget,764
220152,North,Gadget,638
220154,North,Doohickey,662
220168,North,Widget,936
220190,North,Doohickey,522
220212,North,Doohickey,866
220230,North,Widget,916
220241,North,Gizmo,805
220246,North,Doohickey,775
220261,North,Gizmo,827
220263,North,Gadget,985
220266,North,Widget,766
220272,North,Gadget,711
220277,North,Gadget,943
220285,North,Gizmo,747
220287,North,Widget,836
220289,North,Gadget,729
220294,North,Widget,738
220297,North,Gizmo,985
220309,North,Gizmo,726
220331,North,Gizmo,509
220333,North,Gadget,697
220338,North,Gadget,974
220339,North,Doohickey,939
220362,North,Gizmo,817
220369,North,Doohickey,961
220387,North,Gadget,501
220414,North,Gadget,740
220415,North,Widget,911
220425,North,Doohickey,504
220428,North,Gizmo,795
220436,North,Doohickey,777
220440,North,Widget,664
220465,North,Widget,859
220468,North,Gizmo,531
220469,North,Doohickey,606
220470,North,Gizmo,827
220490,North,Gizmo,972
220492,North,Gadget,729
220493,North,Widget,529
220520,North,Gadget,649
220548,North,Gadget,630
220551,North,Widget,601
220554,North,Doohickey,715
220570,North,Gizmo,526
220572,North,Gizmo,908
220574,North,Gizmo,676
220576,North,Widget,675
220579,North,Gadget,884
220580,North,Gizmo,751
220586,North,Gadget,772
220605,North,Gadget,546
220607,North,Gizmo,923
220635,North,Gadget,677
220644,North,Gizmo,909
220647,North,Gadget,931
220671,North,Gizmo,601
220683,North,Widget,944
220686,North,Gadget,815
220689,North,Doohickey,795
220702,North,Widget,989
220723,North,Gadget,741
220725,North,Widget,505
220727,North,Gizmo,705
220745,North,Gadget,777
220753,North,Gadget,878
220754,North,Gizmo,578
220757,North,Doohickey,858
220759,North,Gizmo,672
220762,North,Gizmo,597
220773,North,Gizmo,688
220778,North,Gadget,850
220783,North,Doohickey,805
220796,North,Gizmo,875
220801,North,Gadget,903
220808,North,Gizmo,739
220813,North,Widget,952
220814,North,Gadget,963
220821,North,Gizmo,957
220822,North,Doohickey,855
220829,North,Doohickey,559
220832,North,Gadget,939
220835,North,Widget,511
220839,North,Widget,840
220844,North,Doohickey,701
220847,North,Gadget,924
220848,North,Gizmo,733
220859,North,Gizmo,596
220863,North,Gizmo,976
220870,North,Doohickey,955
220876,North,Widget,617
220892,North,Gadget,511
220903,North,Gadget,859
220904,North,Gadget,992
220909,North,Gizmo,931
220939,North,Gadget,762
220944,North,Gadget,763
220946,North,Widget,746
220952,North,Widget,714
220975,North,Gizmo,902
220984,North,Gadget,529
220986,North,Widget,986
220998,North,Gadget,944
221003,North,Gizmo,660
221005,North,Gizmo,716
221012,North,Gadget,595
221017,North,Gadget,950
221024,North,Widget,896
221039,North,Widget,688
221080,North,Doohickey,958
221081,North,Gadget,909
221099,North,Gizmo,818
221108,North,Doohickey,717
221109,North,Gadget,857
221111,North,Doohickey,578
221138,North,Doohickey,936
221142,North,Widget,642
221166,North,Gadget,725
221180,North,Gadget,978
221184,North,Gizmo,844
221188,North,Gadget,762
221201,North,Doohickey,568
221207,North,Gadget,813
221210,North,Doohickey,934
221232,North,Doohickey,942
221233,North,Doohickey,776
221239,North,Gadget,940
221268,North,Gadget,858
221279,North,Doohickey,836
221302,North,Gadget,519
221304,North,Widget,872
221307,North,Gadget,570
221314,North,Gadget,601
221344,North,Gizmo,926
221357,North,Gadget,922
221365,North,Widget,745
221366,North,Widget,950
221369,North,Doohickey,775
221371,North,Gizmo,727
221384,North,Doohickey,850
221389,North,Gizmo,522
221396,North,Doohickey,772
221409,North,Gadget,564
221437,North,Widget,785
221446,North,Gadget,541
221453,North,Gadget,555
221460,North,Widget,794
221475,North,Doohickey,924
221477,North,Gadget,612
221479,North,Doohickey,989
221493,North,Widget,803
221508,North,Gadget,838
221517,North,Gizmo,914
221535,North,Gizmo,723
221536,North,Widget,773
221537,North,Gizmo,547
221547,North,Doohickey,536
221551,North,Gadget,963
221555,North,Gadget,836
221587,North,Widget,851
221596,North,Widget,787
221609,North,Widget,520
221613,North,Gizmo,992
221628,North,Gadget,772
221646,North,Gadget,831
221653,North,Gadget,892
221662,North,Widget,775
221687,North,Widget,716
221690,North,Doohickey,747
221707,North,Doohickey,889
221712,North,Doohickey,852
221716,North,Gizmo,733
221720,North,Widget,508
221721,North,Doohickey,702
221723,North,Doohickey,636
221727,North,Gadget,906
221730,North,Widget,835
221742,North,Doohickey,593
221744,North,Doohickey,528
221768,North,Doohickey,924
221782,North,Doohickey,541
221791,North,Doohickey,685
221795,North,Widget,603
221798,North,Doohickey,877
221802,North,Gizmo,641
221807,North,Widget,507
221817,North,Doohickey,587
221820,North,Doohickey,538
221821,North,Widget,793
221834,North,Gizmo,942
221843,North,Widget,897
221845,North,Gizmo,614
221850,North,Gizmo,679
221860,North,Gizmo,785
221888,North,Doohickey,798
221894,North,Gizmo,936
221900,North,Gizmo,654
221907,North,Gadget,778
221914,North,Widget,926
221918,North,Gadget,957
221923,North,Widget,994
221926,North,Gizmo,678
221940,North,Doohickey,773
221956,North,Gizmo,743
221964,North,Widget,889
221971,North,Gadget,897
221973,North,Doohickey,818
221976,North,Gizmo,925
221977,North,Widget,852
222001,North,Gizmo,867
222005,North,Widget,832
222009,North,Gadget,994
222051,North,Gizmo,553
222058,North,Gizmo,821
222060,North,Gadget,731
222062,North,Gizmo,534
222064,North,Widget,572
222074,North,Widget,831
222095,North,Gadget,541
222097,North,Doohickey,507
222104,North,Doohickey,953
222122,North,Widget,800
222131,North,Widget,986
222138,North,Gizmo,655
222143,North,Doohickey,719
222166,North,Gizmo,911
222168,North,Doohickey,505
222170,North,Gizmo,549
222172,North,Gadget,644
222178,North,Gizmo,886
222188,North,Doohickey,874
222193,North,Doohickey,997
222195,North,Gadget,894
222198,North,Gadget,604
222199,North,Gadget,857
222214,North,Doohickey,831
222216,North,Gadget,633
222233,North,Doohickey,930
222237,North,Doohickey,761
222239,North,Gadget,916
222243,North,Doohickey,581
222244,North,Gadget,733
222266,North,Gizmo,645
222273,North,Gizmo,700
222275,North,Widget,587
222281,North,Widget,647
222306,North,Widget,504
222312,North,Gadget,511
222321,North,Doohickey,761
222335,North,Gizmo,576
222353,North,Widget,638
222354,North,Widget,625
222365,North,Gizmo,797
222368,North,Widget,875
222386,North,Widget,772
222393,North,Widget,983
222404,North,Gadget,852
222417,North,Gizmo,964
222421,North,Gadget,989
222428,North,Gizmo,533
222438,North,Widget,791
222453,North,Gadget,857
222454,North,Gadget,650
222496,North,Gadget,901
222506,North,Gadget,843
222518,North,Widget,851
222525,North,Gizmo,819
222527,North,Gadget,717
222528,North,Doohickey,617
222535,North,Gadget,640
222541,North,Gadget,736
222544,North,Doohickey,618
222556,North,Gizmo,692
222561,North,Gadget,512
222567,North,Doohickey,827
222575,North,Widget,939
222576,North,Widget,509
222582,North,Doohickey,724
222584,North,Widget,803
222591,North,Gizmo,786
222609,North,Gizmo,823
222622,North,Doohickey,731
222637,North,Gizmo,694
222654,North,Widget,939
222657,North,Gadget,764
222679,North,Widget,901
222683,North,Widget,688
222693,North,Doohickey,582
222709,North,Gadget,872
222715,North,Gadget,973
222722,North,Widget,669
222725,North,Gizmo,855
222746,North,Doohickey,683
222747,North,Gadget,762
222784,North,Gizmo,858
222819,North,Gadget,821
222831,North,Gizmo,856
222833,North,Widget,948
222842,North,Doohickey,587
222844,North,Gadget,565
222850,North,Gizmo,986
222855,North,Widget,537
222856,North,Widget,684
222879,North,Gizmo,744
222889,North,Gizmo,618
222890,North,Doohickey,911
222892,North,Gizmo,663
222893,North,Widget,661
222895,North,Gizmo,747
222898,North,Gadget,504
222920,North,Gizmo,743
222923,North,Widget,851
222926,North,Widget,898
222928,North,Gadget,749
222933,North,Doohickey,859
222934,North,Gadget,860
222937,North,Widget,735
222943,North,Gadget,786
222947,North,Widget,834
222951,North,Widget,585
222953,North,Widget,952
222958,North,Gizmo,564
222970,North,Widget,596
222975,North,Gadget,541
222992,North,Gadget,576
222998,North,Gizmo,515
223005,North,Doohickey,651
223009,North,Widget,504
223019,North,Gizmo,843
223024,North,Widget,949
223029,North,Doohickey,549
223042,North,Gizmo,640
223056,North,Widget,941
223067,North,Gizmo,994
223080,North,Gizmo,883
223085,North,Widget,573
223100,North,Gadget,693
223103,North,Gadget,634
223114,North,Gadget,896
223120,North,Widget,824
223125,North,Gizmo,599
223127,North,Doohickey,509
223136,North,Gadget,916
223155,North,Doohickey,944
223163,North,Doohickey,986
223165,North,Widget,999
223171,North,Gizmo,875
223174,North,Gadget,935
223190,North,Widget,794
223218,North,Gizmo,791
223219,North,Widget,797
223225,North,Doohickey,797
223237,North,Gizmo,794
223248,North,Gadget,986
223252,North,Doohickey,546
223267,North,Gizmo,681
223285,North,Gadget,722
223304,North,Gadget,881
223315,North,Gizmo,687
223331,North,Doohickey,749
223338,North,Widget,565
223343,North,Widget,682
223351,North,Gadget,658
223358,North,Gadget,818
223359,North,Doohickey,957
223361,North,Gadget,677
223365,North,Gadget,996
223367,North,Doohickey,591
223376,North,Gadget,564
223380,North,Doohickey,588
223406,North,Doohickey,864
223410,North,Gizmo,997
223428,North,Gadget,917
223451,North,Doohickey,743
223453,North,Doohickey,844
223471,North,Gadget,706
223482,North,Widget,652
223483,North,Doohickey,628
223499,North,Gadget,608
223502,North,Gadget,702
223503,North,Doohickey,637
223505,North,Widget,749
223525,North,Gizmo,565
223526,North,Gadget,807
223531,North,Doohickey,965
223537,North,Widget,818
223543,North,Gadget,703
223549,North,Doohickey,866
223556,North,Widget,567
223564,North,Widget,646
223567,North,Gadget,630
223587,North,Widget,519
223592,North,Doohickey,641
223593,North,Widget,674
223598,North,Gadget,610
223601,North,Gadget,711
223604,North,Gadget,848
223632,North,Gizmo,546
223633,North,Gadget,809
223662,North,Gizmo,692
223673,North,Doohickey,924
223687,North,Doohickey,971
223690,North,Gadget,684
223699,North,Doohickey,985
223705,North,Gadget,776
223708,North,Gadget,707
223719,North,Doohickey,583
223725,North,Gadget,574
223731,North,Doohickey,530
223733,North,Gizmo,952
223737,North,Gadget,577
223761,North,Widget,876
223779,North,Gizmo,622
223783,North,Gadget,678
223793,North,Gadget,619
223797,North,Doohickey,828
223839,North,Gizmo,969
223842,North,Widget,777
223844,North,Gadget,511
223857,North,Gizmo,509
223870,North,Widget,789
223879,North,Gadget,939
223885,North,Doohickey,928
223886,North,Doohickey,626
223900,North,Gizmo,893
223905,North,Gizmo,982
223908,North,Doohickey,590
223911,North,Gadget,944
223914,North,Gadget,899
223917,North,Gadget,567
223924,North,Doohickey,967
223942,North,Doohickey,530
223944,North,Gadget,951
223946,North,Gizmo,508
223947,North,Widget,846
223949,North,Gadget,975
223954,North,Widget,861
223956,North,Widget,508
223959,North,Doohickey,515
223963,North,Widget,514
223972,North,Widget,991
223973,North,Gizmo,965
223981,North,Gizmo,840
223983,North,Gadget,850
223987,North,Widget,811
223993,North,Gadget,787
224004,North,Widget,875
224010,North,Gizmo,997
224013,North,Gizmo,818
224022,North,Gadget,947
224029,North,Widget,761
224037,North,Widget,787
224053,North,Gizmo,551
224056,North,Gadget,928
224058,North,Gadget,501
224075,North,Widget,813
224087,North,Gizmo,685
224088,North,Gadget,992
224091,North,Gadget,722
224094,North,Gizmo,938
224095,North,Widget,996
224101,North,Widget,753
224103,North,Widget,819
224110,North,Widget,722
224115,North,Widget,695
224139,North,Gizmo,642
224143,North,Doohickey,533
224158,North,Gadget,745
224161,North,Gizmo,876
224162,North,Gizmo,743
224177,North,Widget,922
224178,North,Widget,892
224180,North,Gadget,647
224194,North,Gizmo,673
224207,North,Gizmo,568
224221,North,Widget,624
224223,North,Gizmo,509
224237,North,Gadget,977
224245,North,Gizmo,835
224259,North,Doohickey,598
224261,North,Gizmo,919
224285,North,Widget,501
224291,North,Widget,518
224299,North,Gizmo,509
224303,North,Widget,585
224306,North,Widget,539
224323,North,Gizmo,806
224331,North,Gizmo,535
224332,North,Widget,551
224333,North,Gadget,852
224346,North,Widget,848
224354,North,Gizmo,509
224362,North,Gadget,816
224368,North,Gizmo,696
224375,North,Gadget,670
224379,North,Gizmo,994
224383,North,Widget,558
224387,North,Widget,749
224389,North,Gadget,704
224398,North,Gadget,548
224406,North,Widget,754
224411,North,Gadget,749
224418,North,Gadget,986
224433,North,Doohickey,633
224457,North,Gizmo,527
224458,North,Doohickey,763
224466,North,Widget,852
224479,North,Gizmo,559
224496,North,Widget,759
224498,North,Gizmo,690
224503,North,Doohickey,908
224505,North,Gizmo,719
224515,North,Gadget,916
224539,North,Doohickey,765
224578,North,Gizmo,875
224585,North,Gizmo,737
224593,North,Gadget,893
224597,North,Doohickey,790
224599,North,Gadget,894
224611,North,Widget,541
224612,North,Gadget,549
224615,North,Widget,947
224622,North,Widget,618
224628,North,Widget,905
224640,North,Doohickey,626
224644,North,Widget,644
224655,North,Doohickey,670
224673,North,Gizmo,899
224690,North,Widget,805
224696,North,Gadget,993
224714,North,Gizmo,884
224715,North,Widget,980
224723,North,Gizmo,601
224742,North,Gizmo,953
224754,North,Widget,836
224761,North,Gadget,738
224767,North,Gadget,701
224782,North,Gadget,902
224787,North,Widget,588
224793,North,Gizmo,683
224798,North,Doohickey,525
224801,North,Doohickey,713
224803,North,Widget,888
224805,North,Widget,908
224816,North,Doohickey,608
224817,North,Widget,782
224834,North,Gizmo,562
224838,North,Gizmo,673
224844,North,Gizmo,944
224857,North,Gizmo,909
224860,North,Gizmo,809
224873,North,Gizmo,974
224874,North,Widget,868
224876,North,Gizmo,993
224878,North,Gizmo,903
224880,North,Widget,819
224892,North,Gadget,601
224895,North,Gadget,914
224896,North,Doohickey,632
224903,North,Gadget,721
224907,North,Doohickey,542
224909,North,Widget,546
224910,North,Gadget,723
224915,North,Gizmo,662
224924,North,Widget,798
224928,North,Gadget,867
224933,North,Gadget,738
224941,North,Doohickey,718
224943,North,Gizmo,521
224944,North,Gizmo,803
224949,North,Doohickey,586
224952,North,Gizmo,780
224964,North,Gadget,831
224969,North,Gizmo,966
224971,North,Doohickey,796
224983,North,Gizmo,797
224985,North,Widget,638
224990,North,Gadget,650
224992,North,Gizmo,556
224998,North,Gadget,534
225011,North,Doohickey,546
225012,North,Doohickey,965
225016,North,Widget,885
225044,North,Gadget,514
225049,North,Widget,621
225060,North,Doohickey,719
225070,North,Gizmo,514
225078,North,Widget,607
225088,North,Gadget,710
225105,North,Gadget,983
225107,North,Gizmo,654
225108,North,Widget,640
225111,North,Widget,779
225115,North,Doohickey,724
225120,North,Gizmo,501
225125,North,Widget,952
225128,North,Gizmo,776
225137,North,Gizmo,682
225164,North,Gizmo,773
225169,North,Widget,868
225189,North,Doohickey,947
225202,North,Gadget,992
225215,North,Gadget,966
225218,North,Gadget,766
225227,North,Widget,963
225232,North,Doohickey,552
225240,North,Gizmo,977
225242,North,Gizmo,631
225258,North,Doohickey,563
225269,North,Gizmo,588
225287,North,Gadget,591
225307,North,Gizmo,968
225334,North,Doohickey,808
225335,North,Widget,819
225336,North,Doohickey,611
225341,North,Gadget,998
225343,North,Gizmo,535
225355,North,Widget,560
225382,North,Doohickey,788
225391,North,Gadget,650
225401,North,Doohickey,698
225406,North,Gadget,524
225408,North,Widget,539
225413,North,Doohickey,599
225414,North,Gizmo,738
225416,North,Gizmo,538
225421,North,Widget,852
225424,North,Gadget,585
225425,North,Gizmo,785
225429,North,Gadget,581
225433,North,Widget,956
225439,North,Doohickey,519
225464,North,Gadget,716
225465,North,Gadget,689
225479,North,Gizmo,750
225480,North,Gadget,617
225493,North,Doohickey,537
225504,North,Gadget,889
225509,North,Doohickey,746
225512,North,Gadget,605
225520,North,Gizmo,989
225534,North,Gadget,663
225545,North,Gizmo,894
225580,North,Gizmo,550
225585,North,Gadget,813
225590,North,Gizmo,749
225593,North,Widget,944
225596,North,Gizmo,623
225599,North,Gadget,584
225601,North,Doohickey,968
225611,North,Doohickey,869
225613,North,Gizmo,676
225624,North,Gizmo,633
225629,North,Doohickey,533
225634,North,Widget,632
225636,North,Gizmo,616
225654,North,Widget,678
225662,North,Gadget,769
225667,North,Widget,504
225683,North,Gadget,612
225692,North,Gizmo,932
225700,North,Gizmo,770
225726,North,Widget,719
225727,North,Widget,915
225728,North,Doohickey,810
225740,North,Gadget,580
225742,North,Gizmo,935
225753,North,Widget,914
225762,North,Gizmo,538
225766,North,Widget,551
225768,North,Widget,763
225777,North,Doohickey,614
225782,North,Widget,763
225787,North,Gizmo,980
225798,North,Widget,776
225819,North,Doohickey,851
225825,North,Widget,523
225831,North,Gizmo,603
225861,North,Doohickey,795
225867,North,Gizmo,886
225874,North,Widget,892
225876,North,Gadget,913
225888,North,Gadget,808
225890,North,Gizmo,927
225893,North,Widget,580
225898,North,Doohickey,888
225902,North,Gadget,848
225906,North,Gizmo,741
225918,North,Gizmo,939
225932,North,Gizmo,545
225933,North,Gadget,952
225943,North,Doohickey,754
225962,North,Gizmo,682
225978,North,Gadget,600
225980,North,Gizmo,832
225981,North,Gizmo,961
225993,North,Gizmo,571
225999,North,Gizmo,512
226017,North,Doohickey,726
226018,North,Doohickey,605
226039,North,Doohickey,910
226045,North,Gadget,998
226053,North,Doohickey,749
226061,North,Gizmo,519
226064,North,Doohickey,767
226071,North,Widget,902
226077,North,Gizmo,909
226079,North,Gadget,923
226082,North,Gadget,550
226083,North,Widget,831
226085,North,Doohickey,678
226091,North,Doohickey,902
226099,North,Widget,513
226109,North,Gizmo,719
226124,North,Doohickey,567
226125,North,Gadget,640
226131,North,Doohickey,749
226132,North,Widget,621
226165,North,Gadget,564
226177,North,Gizmo,774
226181,North,Doohickey,519
226182,North,Gadget,554
226183,North,Widget,655
226186,North,Doohickey,577
226188,North,Gadget,988
226189,North,Gizmo,909
226192,North,Gizmo,836
226194,North,Gadget,669
226197,North,Gadget,744
226207,North,Widget,509
226212,North,Doohickey,667
226231,North,Widget,605
226233,North,Doohickey,914
226237,North,Gizmo,836
226246,North,Gizmo,664
226263,North,Widget,733
226266,North,Gadget,605
226271,North,Gizmo,509
226286,North,Gadget,505
226306,North,Doohickey,811
226322,North,Widget,946
226323,North,Doohickey,844
226328,North,Gizmo,626
226340,North,Gizmo,864
226343,North,Gizmo,913
226350,North,Doohickey,659
226355,North,Widget,865
226356,North,Gizmo,992
226358,North,Gizmo,763
226380,North,Widget,728
226383,North,Widget,520
226391,North,Gizmo,907
226392,North,Gizmo,577
226400,North,Widget,589
226418,North,Widget,885
226422,North,Gizmo,652
226429,North,Gizmo,978
226480,North,Doohickey,756
226490,North,Widget,682
226499,North,Gadget,593
226520,North,Doohickey,518
226527,North,Widget,751
226528,North,Gizmo,674
226529,North,Widget,607
226557,North,Gizmo,756
226571,North,Widget,626
226576,North,Gadget,561
226592,North,Widget,622
226595,North,Doohickey,582
226612,North,Gizmo,675
226613,North,Doohickey,868
226622,North,Gadget,527
226623,North,Gizmo,874
226633,North,Gadget,846
226634,North,Doohickey,595
226644,North,Widget,654
226651,North,Widget,998
226653,North,Doohickey,537
226664,North,Widget,878
226670,North,Gizmo,898
226677,North,Widget,693
226684,North,Widget,980
226714,North,Doohickey,957
226731,North,Doohickey,726
226734,North,Gadget,501
226737,North,Widget,621
226745,North,Doohickey,580
226758,North,Widget,746
226766,North,Gizmo,634
226771,North,Doohickey,785
226786,North,Doohickey,706
226787,North,Widget,875
226799,North,Widget,597
226804,North,Gadget,910
226816,North,Widget,839
226842,North,Widget,566
226852,North,Widget,952
226857,North,Doohickey,969
226859,North,Widget,732
226862,North,Gizmo,955
226871,North,Widget,993
226872,North,Widget,737
226881,North,Doohickey,756
226897,North,Doohickey,551
226905,North,Gizmo,669
226907,North,Gadget,897
226909,North,Widget,685
226920,North,Gadget,545
226926,North,Doohickey,532
226927,North,Doohickey,911
226931,North,Widget,902
226946,North,Widget,598
226950,North,Gizmo,643
226952,North,Gizmo,712
226963,North,Widget,897
226965,North,Doohickey,571
226970,North,Gadget,821
226976,North,Widget,704
226985,North,Gizmo,833
226996,North,Doohickey,530
226997,North,Gadget,822
227000,North,Widget,774
227001,North,Gizmo,902
227003,North,Gadget,752
227012,North,Widget,722
227014,North,Widget,714
227027,North,Widget,547
227032,North,Gadget,567
227037,North,Doohickey,953
227047,North,Gadget,543
227048,North,Gadget,616
227049,North,Doohickey,598
227065,North,Gadget,586
227070,North,Doohickey,899
227071,North,Doohickey,723
227078,North,Gadget,523
227084,North,Gadget,699
227096,North,Gadget,785
227098,North,Gizmo,907
227102,North,Gadget,571
227110,North,Doohickey,705
227111,North,Gizmo,676
227118,North,Widget,541
227120,North,Widget,546
227129,North,Doohickey,737
227134,North,Gizmo,648
227136,North,Widget,817
227145,North,Gizmo,957
227151,North,Doohickey,595
227168,North,Gizmo,584
227171,North,Doohickey,919
227188,North,Widget,860
227194,North,Widget,752
227207,North,Gadget,980
227214,North,Doohickey,910
227215,North,Widget,883
227221,North,Gizmo,665
227233,North,Widget,822
227234,North,Gadget,740
227260,North,Doohickey,748
227271,North,Gadget,531
227275,North,Gadget,919
227280,North,Doohickey,569
227283,North,Doohickey,917
227303,North,Gizmo,802
227306,North,Doohickey,519
227309,North,Widget,940
227312,North,Gadget,890
227332,North,Gadget,858
227333,North,Widget,852
227337,North,Widget,501
227345,North,Doohickey,594
227355,North,Gadget,818
227357,North,Widget,534
227360,North,Widget,928
227367,North,Gizmo,585
227378,North,Gizmo,795
227386,North,Gadget,675
227387,North,Widget,714
227396,North,Doohickey,691
227408,North,Doohickey,790
227422,North,Gadget,740
227426,North,Widget,620
227437,North,Gizmo,914
227449,North,Gadget,759
227455,North,Doohickey,788
227470,North,Gizmo,657
227476,North,Doohickey,996
227483,North,Doohickey,596
227489,North,Gadget,706
227495,North,Gizmo,938
227508,North,Gizmo,840
227523,North,Gadget,569
227527,North,Doohickey,865
227528,North,Gadget,617
227568,North,Gizmo,754
227581,North,Widget,657
227582,North,Gadget,658
227595,North,Gizmo,711
227598,North,Doohickey,949
227611,North,Widget,554
227623,North,Gizmo,542
227624,North,Doohickey,600
227625,North,Doohickey,815
227634,North,Doohickey,999
227636,North,Gizmo,553
227680,North,Gadget,732
227687,North,Widget,668
227693,North,Doohickey,692
227694,North,Gadget,864
227700,North,Widget,684
227701,North,Gizmo,729
227706,North,Doohickey,644
227748,North,Doohickey,509
227750,North,Widget,894
227754,North,Gadget,853
227757,North,Gizmo,876
227764,North,Gadget,731
227765,North,Gizmo,898
227768,North,Doohickey,743
227775,North,Gadget,632
227778,North,Gizmo,657
227779,North,Widget,832
227786,North,Gadget,694
227804,North,Doohickey,622
227806,North,Doohickey,824
227831,North,Gizmo,501
227836,North,Widget,796
227839,North,Doohickey,736
227847,North,Doohickey,593
227850,North,Doohickey,873
227872,North,Gadget,899
227883,North,Widget,864
227896,North,Widget,865
227904,North,Widget,940
227911,North,Doohickey,826
227918,North,Gadget,975
227919,North,Gadget,652
227930,North,Widget,700
227933,North,Doohickey,891
227937,North,Gizmo,997
227941,North,Gizmo,545
227962,North,Gizmo,572
227966,North,Gizmo,601
227977,North,Doohickey,827
227986,North,Gizmo,990
228002,North,Widget,550
228013,North,Doohickey,501
228020,North,Widget,835
228025,North,Gadget,640
228044,North,Gizmo,575
228060,North,Gadget,597
228071,North,Gadget,614
228075,North,Gadget,528
228109,North,Doohickey,903
228112,North,Gizmo,721
228115,North,Gizmo,835
228138,North,Gadget,704
228144,North,Widget,930
228146,North,Doohickey,693
228151,North,Doohickey,743
228154,North,Doohickey,556
228164,North,Gizmo,591
228166,North,Doohickey,515
228181,North,Widget,878
228184,North,Widget,973
228188,North,Widget,989
228196,North,Widget,841
228198,North,Doohickey,949
228224,North,Doohickey,650
228225,North,Gadget,661
228242,North,Widget,907
228247,North,Widget,827
228260,North,Gizmo,557
228266,North,Gizmo,702
228282,North,Widget,817
228287,North,Widget,735
228288,North,Widget,665
228290,North,Widget,775
228300,North,Gadget,740
228324,North,Widget,722
228325,North,Doohickey,744
228326,North,Gizmo,613
228334,North,Widget,575
228356,North,Widget,517
228360,North,Gizmo,969
228408,North,Widget,957
228412,North,Gadget,805
228413,North,Gizmo,814
228461,North,Widget,611
228466,North,Doohickey,652
228468,North,Gadget,568
228478,North,Widget,859
228484,North,Gadget,817
228491,North,Doohickey,545
228498,North,Widget,734
228501,North,Gizmo,764
228505,North,Gadget,867
228511,North,Widget,844
228533,North,Gizmo,572
228547,North,Gadget,605
228563,North,Doohickey,656
228567,North,Widget,869
228576,North,Doohickey,877
228579,North,Widget,857
228582,North,Widget,606
228583,North,Gadget,744
228585,North,Gadget,960
228586,North,Widget,905
228605,North,Widget,558
228612,North,Gizmo,798
228614,North,Gadget,998
228617,North,Gizmo,634
228634,North,Doohickey,747
228641,North,Gadget,806
228664,North,Widget,735
228667,North,Widget,754
228673,North,Widget,527
228684,North,Widget,764
228685,North,Gizmo,815
228687,North,Widget,794
228719,North,Doohickey,554
228721,North,Gizmo,728
228741,North,Doohickey,740
228763,North,Doohickey,946
228766,North,Gadget,738
228793,North,Gizmo,534
228794,North,Doohickey,601
228799,North,Doohickey,785
228802,North,Gadget,771
228805,North,Widget,846
228812,North,Widget,993
228814,North,Widget,572
228818,North,Doohickey,577
228820,North,Widget,868
228839,North,Doohickey,668
228845,North,Widget,689
228847,North,Gadget,590
228849,North,Gadget,592
228864,North,Gizmo,601
228865,North,Gadget,827
228872,North,Gizmo,545
228875,North,Widget,779
228879,North,Gadget,703
228887,North,Doohickey,715
228892,North,Gadget,626
228906,North,Widget,509
228907,North,Gizmo,582
228908,North,Doohickey,795
228925,North,Gizmo,684
228931,North,Gizmo,639
228936,North,Gizmo,808
228973,North,Widget,668
228976,North,Widget,867
228983,North,Gizmo,526
228987,North,Widget,649
228989,North,Gadget,575
228996,North,Gizmo,900
228999,North,Gadget,855
229003,North,Gadget,877
229007,North,Doohickey,860
229021,North,Doohickey,844
229027,North,Gizmo,985
229049,North,Widget,645
229054,North,Gadget,827
229056,North,Gadget,578
229069,North,Widget,746
229075,North,Doohickey,890
229079,North,Doohickey,891
229084,North,Gadget,961
229089,North,Doohickey,590
229097,North,Doohickey,902
229100,North,Gadget,727
229107,North,Doohickey,513
229108,North,Widget,562
229114,North,Doohickey,814
229115,North,Doohickey,513
229126,North,Doohickey,978
229137,North,Gadget,890
229143,North,Widget,851
229144,North,Doohickey,661
229145,North,Gadget,615
229167,North,Gadget,894
229176,North,Gizmo,674
229178,North,Gizmo,918
229191,North,Gadget,946
229195,North,Gizmo,950
229196,North,Gizmo,863
229211,North,Doohickey,677
229232,North,Gadget,669
229235,North,Widget,931
229241,North,Doohickey,714
229243,North,Gadget,758
229246,North,Widget,846
229261,North,Doohickey,902
229262,North,Gizmo,783
229272,North,Gizmo,590
229276,North,Doohickey,975
229279,North,Doohickey,785
229289,North,Gizmo,1000
229290,North,Gizmo,899
229299,North,Gizmo,751
229304,North,Gizmo,520
229312,North,Widget,713
229327,North,Widget,986
229341,North,Gizmo,690
229348,North,Gizmo,575
229351,North,Gadget,701
229356,North,Gadget,737
229370,North,Gizmo,816
229377,North,Gadget,931
229383,North,Gadget,943
229393,North,Gizmo,603
229399,North,Gadget,952
229405,North,Gizmo,663
229408,North,Gadget,714
229413,North,Doohickey,568
229415,North,Doohickey,579
229420,North,Gizmo,803
229427,North,Gizmo,750
229428,North,Gizmo,877
229439,North,Doohickey,588
229443,North,Widget,556
229447,North,Gadget,967
229448,North,Widget,744
229452,North,Widget,999
229457,North,Gizmo,961
229467,North,Gadget,799
229470,North,Gizmo,990
229473,North,Gizmo,998
229485,North,Doohickey,663
229509,North,Gadget,766
229514,North,Gadget,586
229521,North,Widget,546
229530,North,Doohickey,884
229535,North,Gizmo,715
229545,North,Gizmo,683
229546,North,Gadget,561
229549,North,Widget,872
229584,North,Gadget,701
229598,North,Doohickey,702
229602,North,Widget,963
229613,North,Gizmo,977
229618,North,Gadget,916
229628,North,Doohickey,877
229640,North,Gizmo,588
229659,North,Gizmo,634
229665,North,Gizmo,795
229675,North,Gadget,746
229676,North,Gizmo,676
229680,North,Gizmo,790
229696,North,Doohickey,569
229699,North,Doohickey,977
229709,North,Doohickey,681
229729,North,Widget,983
229735,North,Doohickey,627
229738,North,Gadget,943
229740,North,Gadget,765
229743,North,Widget,944
229756,North,Gadget,678
229757,North,Gadget,696
229761,North,Doohickey,536
229787,North,Doohickey,926
229790,North,Doohickey,928
229795,North,Widget,603
229797,North,Gadget,740
229800,North,Gadget,664
229812,North,Doohickey,865
229830,North,Doohickey,521
229831,North,Widget,696
229835,North,Doohickey,863
229836,North,Widget,545
229845,North,Gadget,906
229856,North,Doohickey,859
229862,North,Gadget,621
229873,North,Gadget,526
229874,North,Widget,720
229876,North,Doohickey,679
229882,North,Gadget,994
229912,North,Widget,892
229936,North,Doohickey,775
229937,North,Doohickey,950
229954,North,Doohickey,762
229955,North,Doohickey,751
229962,North,Gizmo,684
229963,North,Widget,906
229965,North,Widget,839
229972,North,Widget,806
229974,North,Gizmo,838
229988,North,Gadget,564
229993,North,Widget,782
229994,North,Doohickey,957
230001,North,Doohickey,520
230002,North,Gizmo,921
230008,North,Gadget,800
230021,North,Gadget,728
230030,North,Doohickey,925
230031,North,Widget,758
230038,North,Gizmo,982
230045,North,Doohickey,763
230057,North,Widget,547
230060,North,Widget,604
230069,North,Gizmo,633
230076,North,Doohickey,527
230082,North,Gadget,542
230093,North,Widget,993
230097,North,Doohickey,672
230111,North,Doohickey,600
230114,North,Doohickey,993
230117,North,Doohickey,706
230121,North,Gizmo,924
230126,North,Doohickey,537
230139,North,Doohickey,541
230145,North,Gadget,992
230148,North,Gadget,636
230150,North,Doohickey,561
230153,North,Widget,573
230154,North,Gizmo,559
230162,North,Gizmo,850
230164,North,Widget,531
230168,North,Gadget,760
230185,North,Widget,766
230197,North,Widget,540
230203,North,Doohickey,575
230205,North,Widget,712
230211,North,Gizmo,725
230225,North,Gizmo,775
230236,North,Doohickey,679
230238,North,Doohickey,888
230240,North,Widget,943
230255,North,Doohickey,969
230256,North,Gizmo,725
230258,North,Widget,822
230262,North,Gadget,943
230266,North,Doohickey,717
230267,North,Widget,545
230272,North,Gizmo,607
230287,North,Gizmo,715
230288,North,Gizmo,943
230294,North,Gizmo,969
230304,North,Gizmo,536
230317,North,Doohickey,619
230318,North,Doohickey,551
230341,North,Widget,861
230343,North,Gadget,922
230349,North,Gadget,925
230357,North,Gizmo,993
230365,North,Doohickey,938
230368,North,Widget,836
230369,North,Gadget,906
230378,North,Widget,714
230395,North,Gizmo,842
230402,North,Gadget,901
230410,North,Doohickey,531
230411,North,Gizmo,996
230413,North,Gadget,642
230416,North,Widget,966
230420,North,Gizmo,818
230429,North,Widget,715
230434,North,Doohickey,961
230458,North,Doohickey,876
230459,North,Doohickey,833
230465,North,Gadget,744
230466,North,Gadget,916
230483,North,Doohickey,931
230485,North,Widget,728
230494,North,Gadget,567
230516,North,Widget,867
230521,North,Widget,780
230527,North,Gizmo,770
230535,North,Gadget,772
230541,North,Doohickey,578
230572,North,Gadget,919
230573,North,Gizmo,911
230576,North,Widget,897
230579,North,Doohickey,562
230590,North,Gizmo,861
230597,North,Widget,544
230599,North,Gizmo,873
230600,North,Gadget,774
230605,North,Gizmo,916
230606,North,Gizmo,900
230619,North,Gadget,898
230623,North,Gadget,853
230635,North,Gizmo,828
230636,North,Doohickey,515
230638,North,Widget,886
230646,North,Doohickey,965
230653,North,Widget,504
230663,North,Gizmo,777
230666,North,Widget,942
230673,North,Widget,653
230674,North,Doohickey,978
230680,North,Gizmo,526
230682,North,Doohickey,700
230686,North,Gizmo,901
230708,North,Doohickey,530
230711,North,Gadget,737
230712,North,Widget,907
230724,North,Gadget,818
230728,North,Gizmo,998
230731,North,Gizmo,503
230740,North,Gadget,852
230746,North,Doohickey,720
230759,North,Widget,881
230769,North,Gizmo,509
230771,North,Gizmo,704
230785,North,Gizmo,891
230788,North,Gadget,965
230800,North,Widget,543
230811,North,Gizmo,914
230823,North,Doohickey,595
230829,North,Widget,790
230830,North,Gizmo,932
230851,North,Doohickey,558
230852,North,Doohickey,853
230859,North,Widget,551
230878,North,Doohickey,849
230882,North,Gadget,608
230885,North,Widget,927
230888,North,Widget,656
230901,North,Gizmo,726
230909,North,Gadget,710
230912,North,Widget,806
230915,North,Widget,551
230924,North,Widget,566
230928,North,Gizmo,595
230933,North,Doohickey,723
230939,North,Gadget,648
230942,North,Gizmo,842
230945,North,Doohickey,766
230953,North,Doohickey,861
230957,North,Doohickey,629
230964,North,Widget,811
230976,North,Gizmo,969
230984,North,Widget,758
231024,North,Gadget,741
231025,North,Gizmo,623
231030,North,Widget,638
231056,North,Widget,712
231067,North,Gadget,654
231069,North,Widget,636
231081,North,Gadget,507
231082,North,Gadget,919
231084,North,Gadget,637
231093,North,Doohickey,766
231097,North,Gadget,598
231098,North,Doohickey,731
231106,North,Doohickey,736
231117,North,Gizmo,503
231122,North,Gadget,661
231128,North,Doohickey,885
231148,North,Gizmo,716
231161,North,Widget,994
231163,North,Gizmo,867
231192,North,Gadget,598
231195,North,Widget,728
231196,North,Doohickey,986
231200,North,Gizmo,549
231205,North,Widget,903
231212,North,Gadget,796
231213,North,Gizmo,672
231215,North,Doohickey,566
231221,North,Doohickey,529
231223,North,Gadget,663
231226,North,Gadget,543
231245,North,Gadget,823
231249,North,Doohickey,893
231253,North,Gizmo,725
231254,North,Widget,953
231268,North,Widget,553
231275,North,Gizmo,509
231280,North,Gizmo,994
231302,North,Widget,782
231314,North,Gadget,560
231316,North,Gizmo,848
231318,North,Gadget,860
231319,North,Widget,512
231337,North,Widget,760
231344,North,Doohickey,648
231352,North,Gadget,589
231360,North,Gadget,547
231372,North,Gizmo,901
231383,North,Widget,537
231394,North,Gadget,993
231401,North,Gadget,925
231403,North,Gizmo,737
231415,North,Gadget,605
231419,North,Gizmo,752
231440,North,Doohickey,567
231444,North,Widget,755
231446,North,Doohickey,856
231475,North,Widget,762
231482,North,Widget,759
231488,North,Gadget,874
231494,North,Gizmo,629
231499,North,Widget,675
231510,North,Gadget,952
231518,North,Gadget,576
231537,North,Gadget,745
231543,North,Doohickey,523
231549,North,Widget,767
231550,North,Gadget,669
231560,North,Gizmo,663
231564,North,Gadget,600
231566,North,Doohickey,505
231577,North,Doohickey,817
231589,North,Gizmo,686
231593,North,Gadget,735
231596,North,Doohickey,533
231602,North,Gizmo,504
231603,North,Doohickey,950
231616,North,Widget,747
231622,North,Doohickey,883
231648,North,Widget,855
231650,North,Widget,658
231658,North,Gadget,886
231661,North,Widget,719
231668,North,Widget,899
231672,North,Gizmo,932
231673,North,Gadget,667
231674,North,Gizmo,776
231696,North,Widget,699
231705,North,Doohickey,647
231715,North,Gizmo,678
231722,North,Doohickey,671
231733,North,Gadget,530
231752,North,Doohickey,703
231773,North,Widget,595
231791,North,Widget,732
231792,North,Gadget,733
231803,North,Gadget,754
231806,North,Gadget,913
231808,North,Widget,819
231817,North,Widget,943
231831,North,Gizmo,596
231832,North,Doohickey,525
231841,North,Gadget,780
231846,North,Widget,975
231854,North,Gadget,765
231858,North,Widget,810
231862,North,Widget,737
231880,North,Widget,889
231882,North,Widget,908
231890,North,Widget,984
231899,North,Widget,935
231904,North,Gadget,869
231905,North,Doohickey,873
231919,North,Doohickey,629
231922,North,Doohickey,556
231936,North,Widget,756
231947,North,Gadget,861
231953,North,Widget,821
231962,North,Gizmo,853
231975,North,Widget,641
231981,North,Gadget,602
231984,North,Doohickey,799
231988,North,Gadget,689
231993,North,Gizmo,601
231996,North,Gadget,640
232005,North,Widget,574
232006,North,Gadget,730
232031,North,Gadget,815
232039,North,Gadget,992
232043,North,Gadget,835
232045,North,Gadget,624
232053,North,Widget,992
232055,North,Gizmo,578
232062,North,Doohickey,586
232077,North,Gadget,899
232084,North,Widget,683
232091,North,Widget,800
232095,North,Gizmo,746
232098,North,Gizmo,636
232100,North,Doohickey,975
232103,North,Gizmo,885
232106,North,Doohickey,538
232136,North,Gizmo,848
232137,North,Doohickey,682
232144,North,Gizmo,522
232154,North,Doohickey,899
232155,North,Gadget,723
232159,North,Widget,714
232160,North,Gadget,600
232180,North,Gadget,558
232182,North,Doohickey,793
232183,North,Widget,787
232189,North,Doohickey,742
232198,North,Gizmo,671
232200,North,Gizmo,919
232209,North,Gadget,996
232218,North,Gizmo,843
232225,North,Gizmo,730
232233,North,Widget,905
232240,North,Widget,587
232253,North,Gizmo,769
232257,North,Gizmo,624
232262,North,Doohickey,720
232266,North,Gizmo,996
232268,North,Gizmo,611
232281,North,Doohickey,932
232284,North,Gizmo,894
232313,North,Widget,841
232315,North,Gadget,795
232318,North,Widget,960
232328,North,Widget,763
232331,North,Gadget,941
232339,North,Doohickey,942
232340,North,Widget,994
232387,North,Gadget,919
232389,North,Widget,925
232395,North,Widget,872
232398,North,Gizmo,949
232407,North,Gizmo,857
232419,North,Gizmo,580
232440,North,Doohickey,727
232451,North,Gadget,936
232455,North,Gadget,537
232463,North,Gizmo,823
232467,North,Widget,508
232469,North,Doohickey,618
232480,North,Doohickey,976
232483,North,Gadget,967
232498,North,Widget,791
232503,North,Widget,589
232511,North,Gadget,533
232517,North,Widget,781
232535,North,Gizmo,801
232543,North,Gizmo,616
232545,North,Gadget,766
232546,North,Gadget,589
232547,North,Gizmo,686
232557,North,Gizmo,802
232571,North,Doohickey,771
232572,North,Doohickey,972
232575,North,Doohickey,534
232595,North,Widget,661
232600,North,Gizmo,846
232614,North,Widget,623
232615,North,Widget,568
232616,North,Gizmo,901
232622,North,Widget,999
232631,North,Widget,811
232632,North,Gadget,762
232641,North,Gadget,915
232653,North,Gadget,727
232659,North,Gizmo,844
232661,North,Doohickey,626
232663,North,Gizmo,805
232664,North,Widget,825
232666,North,Gadget,736
232667,North,Gizmo,936
232679,North,Gadget,813
232693,North,Widget,940
232695,North,Gizmo,922
232698,North,Gadget,824
232711,North,Gadget,699
232717,North,Doohickey,530
232721,North,Gadget,566
232728,North,Widget,867
232734,North,Gizmo,952
232736,North,Widget,770
232744,North,Gadget,974
232745,North,Widget,911
232747,North,Widget,731
232769,North,Doohickey,851
232770,North,Widget,529
232781,North,Widget,731
232782,North,Gadget,967
232783,North,Widget,675
232789,North,Widget,728
232790,North,Widget,587
232803,North,Gadget,773
232815,North,Doohickey,951
232822,North,Gizmo,579
232824,North,Gadget,686
232832,North,Doohickey,729
232834,North,Doohickey,684
232841,North,Doohickey,749
232842,North,Widget,501
232848,North,Doohickey,806
232857,North,Doohickey,925
232868,North,Doohickey,768
232872,North,Doohickey,505
232881,North,Gizmo,894
232906,North,Widget,600
232908,North,Gadget,560
232909,North,Doohickey,966
232914,North,Widget,562
232916,North,Gadget,930
232920,North,Gadget,682
232921,North,Widget,797
232945,North,Gizmo,647
232948,North,Gadget,606
232968,North,Gizmo,931
232980,North,Gizmo,524
232985,North,Doohickey,994
232989,North,Doohickey,877
232990,North,Widget,742
232991,North,Gadget,509
232992,North,Gizmo,675
232993,North,Gizmo,544
233023,North,Gizmo,819
233025,North,Doohickey,795
233027,North,Gadget,865
233032,North,Gizmo,793
233048,North,Doohickey,503
233049,North,Doohickey,947
233051,North,Widget,618
233063,North,Doohickey,589
233068,North,Doohickey,606
233072,North,Gadget,890
233075,North,Gizmo,782
233077,North,Widget,806
233110,North,Widget,688
233116,North,Widget,636
233125,North,Gadget,793
233128,North,Doohickey,781
233146,North,Doohickey,648
233167,North,Gizmo,679
233172,North,Gizmo,699
233186,North,Widget,630
233191,North,Gizmo,969
233204,North,Doohickey,991
233212,North,Gadget,822
233216,North,Doohickey,783
233220,North,Gadget,993
233227,North,Gadget,984
233250,North,Doohickey,720
233252,North,Gizmo,944
233272,North,Gizmo,971
233275,North,Doohickey,629
233278,North,Gadget,668
233284,North,Gadget,836
233311,North,Widget,996
233321,North,Widget,857
233322,North,Widget,630
233355,North,Widget,916
233359,North,Gizmo,601
233376,North,Widget,909
233383,North,Doohickey,773
233392,North,Gadget,767
233400,North,Gadget,733
233405,North,Doohickey,576
233429,North,Gadget,592
233436,North,Widget,605
233437,North,Gadget,886
233453,North,Gizmo,807
233459,North,Doohickey,919
233460,North,Doohickey,549
233463,North,Widget,836
233468,North,Doohickey,798
233469,North,Widget,639
233477,North,Doohickey,881
233498,North,Doohickey,738
233507,North,Gadget,645
233511,North,Gadget,644
233518,North,Doohickey,840
233527,North,Widget,947
233559,North,Doohickey,534
233564,North,Gadget,674
233574,North,Gizmo,588
233575,North,Gizmo,732
233578,North,Widget,763
233582,North,Gizmo,645
233602,North,Gadget,556
233637,North,Gizmo,660
233646,North,Doohickey,610
233671,North,Gizmo,527
233678,North,Gizmo,509
233682,North,Doohickey,964
233683,North,Gadget,963
233688,North,Widget,647
233710,North,Gadget,952
233743,North,Doohickey,865
233768,North,Gadget,874
233811,North,Gizmo,768
233816,North,Widget,748
233823,North,Gizmo,875
233839,North,Gadget,601
233840,North,Gadget,585
233841,North,Widget,535
233853,North,Doohickey,759
233874,North,Gizmo,775
233893,North,Widget,738
233904,North,Widget,907
233909,North,Widget,577
233919,North,Gizmo,903
233931,North,Doohickey,720
233934,North,Widget,796
233937,North,Gadget,509
233946,North,Widget,926
233947,North,Widget,613
233952,North,Widget,686
233961,North,Gizmo,853
233964,North,Gizmo,647
233966,North,Widget,983
233969,North,Gizmo,577
233985,North,Doohickey,956
233995,North,Gizmo,877
233997,North,Gadget,568
234009,North,Gizmo,657
234013,North,Gizmo,792
234035,North,Doohickey,563
234037,North,Gadget,725
234041,North,Gadget,873
234048,North,Gadget,583
234050,North,Gizmo,554
234057,North,Doohickey,505
234062,North,Gadget,513
234071,North,Widget,893
234088,North,Widget,831
234103,North,Doohickey,858
234120,North,Gadget,848
234123,North,Doohickey,944
234124,North,Doohickey,520
234125,North,Widget,779
234160,North,Gadget,518
234164,North,Widget,992
234172,North,Doohickey,765
234174,North,Widget,778
234175,North,Gadget,587
234176,North,Gizmo,719
234193,North,Gadget,512
234196,North,Gizmo,703
234202,North,Widget,540
234205,North,Gadget,880
234206,North,Gizmo,927
234219,North,Gizmo,531
234236,North,Gadget,874
234239,North,Widget,666
234247,North,Gadget,902
234249,North,Gizmo,977
234262,North,Gadget,898
234265,North,Gadget,684
234267,North,Widget,673
234280,North,Gadget,630
234286,North,Gizmo,883
234297,North,Gizmo,580
234299,North,Doohickey,781
234300,North,Gadget,541
234303,North,Widget,849
234312,North,Gadget,689
234313,North,Widget,743
234315,North,Widget,788
234319,North,Gizmo,898
234330,North,Gadget,560
234344,North,Gadget,959
234346,North,Doohickey,807
234353,North,Widget,591
234358,North,Widget,725
234361,North,Gadget,889
234365,North,Doohickey,850
234377,North,Gizmo,586
234387,North,Widget,551
234391,North,Gizmo,602
234405,North,Doohickey,828
234408,North,Gadget,509
234440,North,Widget,537
234448,North,Gadget,562
234449,North,Widget,740
234453,North,Gadget,817
234461,North,Gadget,888
234475,North,Gizmo,760
234477,North,Gadget,678
234486,North,Gizmo,505
234487,North,Widget,634
234498,North,Widget,967
234502,North,Gizmo,607
234503,North,Doohickey,741
234517,North,Gizmo,679
234520,North,Gizmo,549
234523,North,Gizmo,653
234531,North,Widget,661
234537,North,Gizmo,596
234544,North,Gizmo,714
234555,North,Gizmo,593
234558,North,Widget,984
234559,North,Gadget,818
234560,North,Widget,700
234569,North,Gadget,669
234571,North,Gadget,561
234572,North,Doohickey,647
234596,North,Doohickey,625
234604,North,Gizmo,789
234618,North,Widget,529
234627,North,Widget,872
234632,North,Doohickey,733
234666,North,Gizmo,631
234667,North,Gizmo,781
234674,North,Gadget,880
234693,North,Gizmo,537
234695,North,Gizmo,802
234705,North,Doohickey,802
234706,North,Widget,835
234708,North,Gizmo,693
234718,North,Doohickey,886
234719,North,Gadget,792
234733,North,Gizmo,860
234738,North,Widget,783
234740,North,Widget,533
234743,North,Gadget,726
234764,North,Doohickey,523
234768,North,Gadget,672
234769,North,Gizmo,905
234774,North,Gizmo,932
234778,North,Gizmo,824
234779,North,Gizmo,785
234786,North,Widget,997
234793,North,Gadget,826
234816,North,Gadget,659
234831,North,Doohickey,823
234832,North,Gizmo,523
234852,North,Widget,905
234859,North,Gadget,799
234861,North,Gizmo,861
234877,North,Widget,899
234878,North,Doohickey,632
234882,North,Widget,939
234884,North,Widget,827
234951,North,Gadget,639
234964,North,Widget,694
234969,North,Gizmo,967
234976,North,Gadget,952
234994,North,Widget,981
234995,North,Doohickey,658
235005,North,Widget,807
235017,North,Gadget,573
235024,North,Widget,905
235028,North,Doohickey,556
235029,North,Gadget,659
235033,North,Widget,715
235034,North,Gadget,746
235039,North,Doohickey,532
235040,North,Doohickey,664
235041,North,Gadget,503
235063,North,Widget,777
235064,North,Widget,843
235069,North,Doohickey,709
235071,North,Gadget,660
235089,North,Doohickey,692
235090,North,Widget,839
235101,North,Widget,883
235104,North,Widget,695
235106,North,Widget,676
235119,North,Doohickey,716
235123,North,Doohickey,932
235130,North,Doohickey,940
235139,North,Gadget,762
235158,North,Gizmo,863
235183,North,Doohickey,516
235184,North,Gizmo,515
235185,North,Gizmo,800
235207,North,Widget,932
235213,North,Doohickey,872
235222,North,Widget,818
235233,North,Gadget,1000
235238,North,Doohickey,878
235252,North,Gadget,846
235256,North,Doohickey,635
235257,North,Doohickey,903
235258,North,Widget,707
235275,North,Doohickey,838
235276,North,Doohickey,755
235292,North,Gadget,880
235296,North,Gizmo,790
235312,North,Gadget,791
235325,North,Gadget,972
235348,North,Doohickey,654
235364,North,Gizmo,573
235369,North,Widget,961
235387,North,Gizmo,767
235391,North,Gadget,894
235393,North,Doohickey,809
235399,North,Doohickey,705
235403,North,Widget,835
235405,North,Gizmo,963
235413,North,Gadget,803
235415,North,Gizmo,969
235417,North,Gizmo,785
235423,North,Gizmo,752
235426,North,Gizmo,641
235430,North,Doohickey,855
235440,North,Doohickey,533
235447,North,Widget,856
235451,North,Gizmo,581
235452,North,Doohickey,538
235462,North,Doohickey,543
235466,North,Widget,581
235477,North,Gizmo,696
235488,North,Doohickey,821
235498,North,Gizmo,582
235499,North,Doohickey,976
235500,North,Gizmo,564
235505,North,Gizmo,864
235521,North,Doohickey,575
235526,North,Widget,725
235529,North,Gadget,612
235538,North,Gizmo,787
235546,North,Gizmo,583
235556,North,Doohickey,762
235562,North,Gizmo,986
235588,North,Widget,894
235590,North,Gadget,587
235591,North,Doohickey,732
235614,North,Widget,880
235628,North,Gizmo,943
235636,North,Widget,656
235641,North,Doohickey,973
235643,North,Doohickey,511
235653,North,Gizmo,633
235654,North,Widget,759
235661,North,Widget,963
235681,North,Widget,758
235688,North,Gadget,785
235702,North,Doohickey,524
235703,North,Gadget,778
235706,North,Doohickey,631
235730,North,Gizmo,802
235738,North,Gizmo,914
235748,North,Gadget,501
235777,North,Doohickey,533
235792,North,Gadget,981
235795,North,Gadget,682
235800,North,Gadget,581
235820,North,Widget,556
235822,North,Widget,847
235823,North,Gizmo,708
235825,North,Doohickey,601
235831,North,Gadget,569
235836,North,Gadget,558
235843,North,Gizmo,884
235848,North,Gadget,755
235851,North,Gadget,592
235857,North,Gadget,864
235863,North,Widget,659
235869,North,Gadget,801
235880,North,Doohickey,691
235882,North,Doohickey,803
235887,North,Doohickey,830
235901,North,Doohickey,759
235914,North,Widget,992
235921,North,Gizmo,919
235927,North,Gizmo,823
235929,North,Doohickey,906
235930,North,Widget,917
235938,North,Gizmo,516
235942,North,Widget,712
235945,North,Doohickey,832
235960,North,Doohickey,781
235966,North,Widget,902
235980,North,Doohickey,790
235981,North,Widget,652
235996,North,Doohickey,618
236008,North,Doohickey,668
236015,North,Gadget,800
236023,North,Gizmo,649
236025,North,Doohickey,694
236046,North,Widget,810
236057,North,Gizmo,703
236069,North,Widget,690
236078,North,Widget,927
236083,North,Doohickey,946
236087,North,Widget,582
236090,North,Gizmo,584
236102,North,Gadget,501
236130,North,Gizmo,961
236139,North,Doohickey,967
236147,North,Widget,826
236150,North,Widget,890
236157,North,Gizmo,671
236162,North,Doohickey,941
236163,North,Gadget,562
236177,North,Widget,868
236189,North,Doohickey,766
236213,North,Gadget,731
236222,North,Gadget,853
236227,North,Doohickey,917
236233,North,Gadget,836
236260,North,Gizmo,774
236265,North,Widget,926
236277,North,Gadget,869
236286,North,Gadget,565
236301,North,Gizmo,922
236306,North,Gadget,856
236327,North,Gizmo,803
236329,North,Doohickey,720
236341,North,Gizmo,682
236350,North,Doohickey,916
236356,North,Doohickey,561
236362,North,Doohickey,901
236370,North,Gizmo,769
236373,North,Doohickey,709
236377,North,Gizmo,910
236385,North,Doohickey,542
236394,North,Doohickey,580
236426,North,Gizmo,567
236439,North,Gadget,690
236443,North,Doohickey,944
236448,North,Gadget,523
236470,North,Gadget,960
236471,North,Widget,964
236480,North,Doohickey,659
236507,North,Gizmo,722
236511,North,Gizmo,663
236512,North,Doohickey,944
236523,North,Widget,563
236530,North,Gizmo,816
236544,North,Gizmo,838
236547,North,Gizmo,894
236553,North,Widget,808
236563,North,Widget,908
236590,North,Gizmo,936
236594,North,Widget,930
236613,North,Gizmo,745
236624,North,Gizmo,764
236631,North,Gadget,654
236642,North,Widget,501
236653,North,Doohickey,926
236669,North,Doohickey,513
236672,North,Gizmo,844
236680,North,Gadget,984
236683,North,Widget,993
236697,North,Gizmo,846
236715,North,Gizmo,636
236728,North,Gadget,770
236741,North,Doohickey,737
236742,North,Gizmo,522
236748,North,Gadget,805
236775,North,Widget,860
236793,North,Gadget,842
236794,North,Doohickey,819
236806,North,Widget,589
236814,North,Widget,692
236816,North,Widget,902
236828,North,Gizmo,659
236832,North,Doohickey,693
236833,North,Doohickey,760
236838,North,Widget,709
236839,North,Gizmo,832
236847,North,Widget,650
236851,North,Gizmo,679
236852,North,Gadget,575
236858,North,Gadget,728
236890,North,Gizmo,533
236899,North,Gadget,749
236904,North,Gadget,753
236912,North,Gadget,558
236918,North,Gadget,755
236924,North,Widget,577
236931,North,Gizmo,961
236939,North,Gizmo,723
236959,North,Doohickey,520
236960,North,Widget,608
236962,North,Widget,857
236982,North,Gizmo,743
236984,North,Gadget,730
236999,North,Doohickey,950
237016,North,Gizmo,647
237022,North,Widget,836
237030,North,Widget,760
237039,North,Gadget,503
237057,North,Widget,782
237062,North,Gizmo,853
237070,North,Gadget,684
237077,North,Gizmo,751
237084,North,Doohickey,585
237089,North,Gadget,925
237117,North,Gadget,780
237123,North,Doohickey,809
237125,North,Gadget,813
237130,North,Gizmo,877
237131,North,Doohickey,810
237135,North,Widget,606
237145,North,Gadget,775
237147,North,Gadget,640
237153,North,Widget,613
237155,North,Gizmo,661
237161,North,Gizmo,976
237164,North,Gizmo,779
237174,North,Doohickey,625
237185,North,Gadget,847
237200,North,Gadget,763
237203,North,Gizmo,827
237225,North,Doohickey,799
237226,North,Widget,865
237228,North,Widget,626
237230,North,Gadget,983
237237,North,Gizmo,581
237239,North,Widget,992
237243,North,Gizmo,880
237251,North,Widget,670
237252,North,Gizmo,514
237253,North,Doohickey,590
237258,North,Doohickey,806
237282,North,Widget,622
237287,North,Gizmo,859
237294,North,Doohickey,530
237296,North,Gizmo,646
237311,North,Doohickey,752
237313,North,Doohickey,671
237323,North,Gizmo,722
237340,North,Doohickey,695
237344,North,Gadget,747
237361,North,Gadget,751
237368,North,Gadget,752
237381,North,Widget,516
237385,North,Gizmo,740
237390,North,Doohickey,864
237405,North,Gizmo,583
237409,North,Gadget,602
237415,North,Doohickey,521
237421,North,Gizmo,536
237423,North,Gizmo,651
237426,North,Gizmo,996
237427,North,Doohickey,709
237439,North,Doohickey,774
237445,North,Widget,626
237453,North,Gadget,961
237459,North,Gizmo,587
237461,North,Gadget,730
237470,North,Widget,534
237472,North,Gadget,654
237475,North,Widget,944
237483,North,Doohickey,900
237502,North,Doohickey,699
237512,North,Doohickey,850
237522,North,Doohickey,730
237525,North,Gizmo,560
237530,North,Doohickey,778
237543,North,Gadget,732
237565,North,Widget,779
237599,North,Gizmo,620
237621,North,Gadget,573
237626,North,Widget,966
237628,North,Doohickey,935
237631,North,Gizmo,932
237659,North,Widget,898
237668,North,Gadget,957
237684,North,Gizmo,762
237691,North,Gadget,511
237698,North,Doohickey,593
237705,North,Widget,707
237722,North,Widget,969
237725,North,Widget,562
237729,North,Gizmo,695
237755,North,Gadget,605
237762,North,Widget,803
237777,North,Gizmo,911
237787,North,Gizmo,827
237788,North,Gadget,789
237792,North,Widget,819
237793,North,Gadget,561
237794,North,Doohickey,814
237795,North,Gizmo,973
237812,North,Widget,720
237814,North,Gizmo,532
237820,North,Gadget,972
237827,North,Gizmo,772
237831,North,Doohickey,618
237844,North,Gadget,763
237852,North,Gizmo,540
237864,North,Gadget,978
237867,North,Gizmo,609
237872,North,Gizmo,1000
237899,North,Widget,961
237911,North,Gadget,744
237925,North,Gadget,575
237933,North,Gadget,598
237939,North,Doohickey,727
237942,North,Gizmo,666
237954,North,Doohickey,884
237975,North,Gadget,641
237978,North,Widget,875
237982,North,Gadget,843
237987,North,Widget,938
237991,North,Gizmo,677
237996,North,Widget,530
237997,North,Widget,668
238019,North,Widget,842
238032,North,Doohickey,874
238036,North,Gizmo,892
238047,North,Widget,960
238050,North,Gadget,522
238052,North,Doohickey,746
238072,North,Gadget,526
238077,North,Widget,785
238093,North,Gizmo,611
238095,North,Doohickey,665
238096,North,Widget,700
238105,North,Doohickey,610
238106,North,Doohickey,951
238132,North,Doohickey,834
238144,North,Gadget,698
238145,North,Doohickey,749
238148,North,Widget,550
238152,North,Widget,935
238160,North,Gadget,969
238161,North,Doohickey,531
238169,North,Gizmo,509
238170,North,Doohickey,763
238194,North,Gadget,878
238207,North,Gizmo,596
238212,North,Widget,706
238231,North,Gizmo,868
238247,North,Gizmo,611
238254,North,Gizmo,803
238276,North,Gizmo,631
238277,North,Doohickey,660
238279,North,Gadget,570
238294,North,Gadget,577
238308,North,Gadget,618
238313,North,Widget,580
238314,North,Gizmo,613
238322,North,Widget,512
238331,North,Gadget,951
238346,North,Doohickey,647
238363,North,Doohickey,654
238365,North,Doohickey,592
238374,North,Widget,884
238387,North,Gadget,659
238399,North,Doohickey,986
238405,North,Doohickey,530
238409,North,Gizmo,598
238414,North,Widget,856
238422,North,Widget,963
238426,North,Doohickey,643
238428,North,Doohickey,505
238433,North,Gadget,734
238435,North,Doohickey,509
238443,North,Gizmo,701
238446,North,Doohickey,507
238448,North,Widget,589
238463,North,Gizmo,986
238464,North,Gizmo,677
238466,North,Gizmo,578
238469,North,Gadget,602
238471,North,Widget,855
238479,North,Widget,610
238483,North,Doohickey,607
238491,North,Gadget,927
238493,North,Widget,574
238500,North,Doohickey,942
238503,North,Gizmo,582
238509,North,Widget,691
238514,North,Gizmo,624
238528,North,Gizmo,841
238536,North,Widget,518
238545,North,Gizmo,636
238548,North,Gadget,932
238560,North,Gizmo,900
238569,North,Gizmo,610
238583,North,Gadget,608
238584,North,Widget,554
238585,North,Gadget,800
238587,North,Gizmo,544
238589,North,Doohickey,616
238595,North,Widget,556
238604,North,Doohickey,874
238612,North,Doohickey,775
238630,North,Gadget,531
238642,North,Widget,861
238646,North,Gizmo,523
238650,North,Gadget,730
238674,North,Widget,755
238679,North,Widget,602
238681,North,Gadget,799
238684,North,Widget,935
238689,North,Gizmo,689
238703,North,Doohickey,899
238706,North,Gadget,509
238710,North,Gizmo,505
238719,North,Gadget,840
238720,North,Widget,725
238730,North,Widget,591
238762,North,Gizmo,627
238765,North,Gadget,768
238768,North,Doohickey,801
238772,North,Gadget,919
238779,North,Gadget,591
238782,North,Widget,603
238798,North,Gizmo,717
238807,North,Gadget,791
238808,North,Doohickey,554
238812,North,Doohickey,948
238820,North,Doohickey,843
238821,North,Gizmo,961
238830,North,Doohickey,847
238838,North,Gadget,833
238839,North,Doohickey,865
238850,North,Gizmo,513
238856,North,Gizmo,747
238861,North,Widget,678
238869,North,Gizmo,896
238880,North,Widget,746
238897,North,Gadget,779
238902,North,Gadget,538
238904,North,Gadget,850
238918,North,Gadget,655
238941,North,Gizmo,691
238942,North,Gizmo,800
238962,North,Gadget,741
238965,North,Gizmo,972
238981,North,Doohickey,926
238989,North,Doohickey,619
238994,North,Doohickey,685
239007,North,Doohickey,852
239011,North,Doohickey,726
239031,North,Widget,522
239036,North,Gadget,581
239037,North,Gadget,923
239041,North,Gizmo,686
239042,North,Doohickey,827
239049,North,Widget,735
239053,North,Gizmo,836
239057,North,Widget,819
239085,North,Gadget,788
239086,North,Gizmo,881
239092,North,Gizmo,983
239102,North,Gadget,541
239104,North,Gadget,684
239117,North,Widget,526
239129,North,Gizmo,598
239130,North,Widget,544
239140,North,Widget,609
239141,North,Doohickey,531
239150,North,Doohickey,823
239152,North,Gadget,571
239153,North,Gizmo,615
239166,North,Gizmo,911
239168,North,Gizmo,562
239172,North,Doohickey,798
239183,North,Gizmo,672
239189,North,Doohickey,725
239193,North,Widget,626
239208,North,Doohickey,948
239212,North,Doohickey,692
239222,North,Widget,961
239241,North,Gadget,614
239256,North,Doohickey,709
239257,North,Gizmo,878
239263,North,Gizmo,678
239274,North,Widget,859
239283,North,Gizmo,571
239318,North,Widget,629
239322,North,Gizmo,682
239339,North,Doohickey,822
239346,North,Gadget,772
239351,North,Gadget,901
239356,North,Widget,668
239357,North,Doohickey,897
239367,North,Doohickey,827
239371,North,Gadget,919
239384,North,Widget,590
239391,North,Widget,801
239393,North,Gadget,664
239409,North,Doohickey,588
239414,North,Doohickey,654
239449,North,Gadget,567
239450,North,Gadget,554
239460,North,Gizmo,691
239463,North,Gadget,774
239465,North,Widget,875
239503,North,Doohickey,834
239506,North,Gadget,936
239512,North,Gizmo,569
239518,North,Widget,876
239522,North,Gadget,806
239523,North,Widget,559
239537,North,Gadget,633
239554,North,Gadget,914
239559,North,Gizmo,734
239571,North,Doohickey,984
239575,North,Doohickey,946
239584,North,Doohickey,676
239605,North,Gadget,715
239628,North,Gadget,906
239647,North,Gizmo,864
239657,North,Gizmo,871
239671,North,Widget,596
239676,North,Doohickey,928
239687,North,Widget,865
239690,North,Gadget,681
239695,North,Gizmo,839
239698,North,Doohickey,726
239701,North,Gizmo,578
239717,North,Doohickey,658
239722,North,Gizmo,857
239729,North,Widget,547
239744,North,Widget,982
239745,North,Gadget,953
239750,North,Gadget,561
239756,North,Gizmo,958
239758,North,Doohickey,766
239768,North,Widget,654
239772,North,Gadget,697
239806,North,Gadget,619
239808,North,Doohickey,959
239811,North,Gizmo,693
239823,North,Doohickey,668
239848,North,Gadget,746
239858,North,Doohickey,998
239865,North,Gizmo,714
239868,North,Widget,721
239870,North,Gadget,681
239887,North,Gizmo,689
239917,North,Doohickey,639
239925,North,Doohickey,925
239928,North,Gizmo,871
239946,North,Widget,756
239948,North,Doohickey,780
239952,North,Gadget,531
240001,North,Gizmo,978
240002,North,Doohickey,861
240034,North,Widget,982
240037,North,Gadget,540
240044,North,Gizmo,628
240045,North,Widget,805
240048,North,Widget,615
240058,North,Doohickey,932
240063,North,Gizmo,766
240079,North,Gadget,521
240080,North,Gadget,911
240087,North,Doohickey,965
240091,North,Widget,848
240095,North,Gizmo,852
240096,North,Widget,784
240106,North,Gadget,891
240107,North,Doohickey,568
240115,North,Gizmo,616
240121,North,Widget,749
240127,North,Doohickey,605
240131,North,Doohickey,931
240133,North,Gizmo,638
240136,North,Doohickey,509
240157,North,Widget,779
240163,North,Widget,836
240190,North,Gizmo,811
240192,North,Gadget,606
240197,North,Doohickey,892
240226,North,Widget,625
240229,North,Gizmo,938
240232,North,Widget,878
240243,North,Doohickey,595
240250,North,Gizmo,797
240264,North,Gadget,640
240265,North,Gizmo,886
240284,North,Doohickey,710
240299,North,Gadget,754
240305,North,Doohickey,697
240310,North,Gadget,762
240314,North,Doohickey,907
240316,North,Gizmo,939
240331,North,Widget,515
240334,North,Doohickey,817
240335,North,Gadget,908
240368,North,Gadget,964
240369,North,Gizmo,859
240389,North,Doohickey,764
240394,North,Gizmo,664
240407,North,Doohickey,702
240409,North,Widget,848
240413,North,Gizmo,630
240416,North,Gizmo,865
240435,North,Gadget,787
240436,North,Doohickey,893
240438,North,Widget,606
240440,North,Widget,882
240451,North,Gadget,590
240459,North,Gadget,787
240480,North,Doohickey,789
240482,North,Widget,926
240484,North,Widget,718
240499,North,Doohickey,928
240502,North,Gizmo,604
240530,North,Gizmo,873
240548,North,Gadget,874
240556,North,Gizmo,934
240561,North,Widget,825
240568,North,Gizmo,554
240579,North,Gadget,847
240580,North,Doohickey,601
240614,North,Widget,694
240622,North,Doohickey,838
240626,North,Widget,700
240628,North,Gadget,538
240636,North,Doohickey,864
240640,North,Doohickey,830
240647,North,Gizmo,734
240650,North,Widget,734
240662,North,Gizmo,865
240665,North,Gizmo,944
240675,North,Widget,839
240676,North,Gizmo,803
240694,North,Gadget,988
240700,North,Gizmo,591
240712,North,Widget,654
240719,North,Gadget,501
240723,North,Widget,924
240725,North,Doohickey,936
240727,North,Gadget,938
240733,North,Widget,976
240757,North,Doohickey,792
240759,North,Widget,800
240763,North,Doohickey,976
240773,North,Doohickey,508
240796,North,Gizmo,911
240797,North,Gizmo,732
240799,North,Gadget,762
240809,North,Doohickey,783
240819,North,Widget,785
240820,North,Gadget,923
240827,North,Widget,516
240839,North,Gadget,774
240847,North,Gizmo,716
240849,North,Widget,976
240858,North,Gadget,633
240888,North,Widget,849
240896,North,Gadget,736
240903,North,Doohickey,911
240905,North,Gizmo,993
240911,North,Doohickey,861
240930,North,Gizmo,940
240933,North,Gizmo,900
240940,North,Gadget,914
240947,North,Gizmo,670
240957,North,Doohickey,907
240962,North,Gadget,544
240965,North,Doohickey,620
240979,North,Gadget,639
240981,North,Widget,910
240986,North,Doohickey,924
241011,North,Gizmo,807
241034,North,Doohickey,869
241038,North,Gizmo,696
241043,North,Gizmo,669
241046,North,Doohickey,788
241047,North,Gizmo,977
241053,North,Widget,776
241060,North,Widget,930
241061,North,Doohickey,894
241064,North,Gadget,822
241065,North,Gizmo,916
241068,North,Gadget,808
241087,North,Gizmo,911
241092,North,Gadget,839
241100,North,Gizmo,758
241103,North,Gadget,977
241113,North,Gizmo,619
241133,North,Gizmo,897
241148,North,Gizmo,712
241170,North,Gizmo,944
241173,North,Gizmo,593
241181,North,Gadget,522
241199,North,Widget,539
241201,North,Gadget,863
241210,North,Doohickey,926
241220,North,Gadget,972
241231,North,Widget,723
241235,North,Doohickey,964
241236,North,Gadget,669
241239,North,Widget,968
241244,North,Doohickey,808
241259,North,Doohickey,711
241260,North,Doohickey,530
241282,North,Gadget,791
241287,North,Gadget,626
241305,North,Gizmo,810
241308,North,Doohickey,953
241323,North,Gizmo,949
241339,North,Gizmo,697
241356,North,Gizmo,512
241374,North,Doohickey,910
241376,North,Doohickey,928
241380,North,Gadget,819
241386,North,Doohickey,637
241410,North,Gizmo,792
241421,North,Doohickey,532
241424,North,Widget,564
241425,North,Gadget,910
241427,North,Gizmo,938
241432,North,Gadget,555
241449,North,Widget,897
241451,North,Doohickey,824
241453,North,Doohickey,852
241454,North,Gizmo,576
241455,North,Gizmo,529
241467,North,Doohickey,509
241470,North,Gadget,943
241471,North,Gizmo,743
241482,North,Widget,953
241485,North,Gadget,542
241488,North,Widget,899
241496,North,Gizmo,601
241499,North,Gizmo,730
241510,North,Widget,605
241514,North,Widget,514
241515,North,Gadget,827
241522,North,Gadget,808
241525,North,Gadget,616
241533,North,Gizmo,634
241543,North,Gadget,529
241546,North,Doohickey,836
241554,North,Gadget,557
241556,North,Gadget,802
241558,North,Widget,816
241561,North,Widget,589
241588,North,Doohickey,638
241601,North,Gadget,576
241608,North,Widget,827
241617,North,Gizmo,871
241628,North,Doohickey,739
241634,North,Widget,575
241639,North,Gadget,848
241641,North,Gizmo,815
241651,North,Gadget,936
241652,North,Doohickey,876
241662,North,Gizmo,737
241666,North,Gadget,794
241673,North,Widget,516
241675,North,Widget,902
241681,North,Doohickey,843
241684,North,Doohickey,741
241691,North,Widget,900
241692,North,Gizmo,802
241724,North,Gizmo,659
241732,North,Widget,955
241740,North,Widget,721
241746,North,Gizmo,546
241765,North,Gizmo,710
241766,North,Gadget,561
241781,North,Gizmo,504
241794,North,Widget,740
241807,North,Gadget,648
241810,North,Gizmo,930
241822,North,Gadget,878
241827,North,Gadget,994
241829,North,Gizmo,653
241831,North,Gizmo,683
241832,North,Doohickey,583
241833,North,Widget,836
241836,North,Widget,794
241840,North,Gadget,755
241849,North,Gizmo,582
241868,North,Gizmo,601
241878,North,Doohickey,978
241890,North,Gizmo,623
241892,North,Gadget,691
241894,North,Gadget,658
241898,North,Gizmo,772
241912,North,Doohickey,560
241919,North,Widget,659
241920,North,Doohickey,722
241929,North,Widget,631
241941,North,Doohickey,608
241942,North,Gadget,834
241946,North,Gadget,905
241948,North,Gizmo,792
241959,North,Doohickey,751
241967,North,Gadget,896
241975,North,Gadget,982
241988,North,Gizmo,507
241994,North,Gizmo,996
242017,North,Gadget,771
242026,North,Gizmo,793
242027,North,Gizmo,522
242029,North,Gizmo,893
242033,North,Gizmo,640
242054,North,Gadget,599
242058,North,Gizmo,883
242064,North,Widget,672
242083,North,Doohickey,925
242087,North,Widget,731
242091,North,Gizmo,818
242107,North,Gadget,901
242108,North,Gadget,644
242112,North,Doohickey,958
242118,North,Widget,734
242121,North,Widget,633
242124,North,Gadget,943
242125,North,Gadget,715
242127,North,Gadget,886
242128,North,Gizmo,817
242144,North,Gadget,637
242153,North,Gadget,608
242154,North,Gadget,682
242170,North,Doohickey,695
242181,North,Gizmo,707
242186,North,Gadget,788
242196,North,Widget,894
242200,North,Gadget,981
242208,North,Gadget,668
242211,North,Gadget,619
242212,North,Gadget,682
242214,North,Gadget,683
242221,North,Gadget,986
242225,North,Gizmo,878
242243,North,Gadget,675
242255,North,Widget,769
242262,North,Doohickey,691
242267,North,Widget,545
242286,North,Widget,973
242287,North,Widget,711
242299,North,Gizmo,857
242309,North,Gizmo,532
242310,North,Widget,792
242316,North,Gadget,501
242333,North,Widget,656
242336,North,Gizmo,514
242340,North,Doohickey,675
242352,North,Doohickey,654
242359,North,Doohickey,598
242361,North,Widget,547
242368,North,Widget,931
242376,North,Gizmo,696
242392,North,Gizmo,551
242395,North,Widget,655
242420,North,Widget,592
242421,North,Widget,595
242423,North,Doohickey,957
242427,North,Widget,936
242428,North,Doohickey,784
242431,North,Gizmo,628
242438,North,Gizmo,544
242439,North,Doohickey,505
242442,North,Gizmo,542
242446,North,Doohickey,505
242484,North,Widget,971
242493,North,Doohickey,914
242495,North,Gizmo,544
242505,North,Doohickey,936
242522,North,Gizmo,790
242559,North,Gadget,894
242561,North,Widget,878
242584,North,Doohickey,971
242586,North,Widget,727
242591,North,Widget,519
242592,North,Gizmo,521
242613,North,Doohickey,946
242632,North,Doohickey,608
242640,North,Doohickey,654
242648,North,Widget,756
242651,North,Widget,839
242652,North,Doohickey,718
242659,North,Widget,643
242663,North,Gadget,821
242667,North,Widget,841
242688,North,Gadget,713
242695,North,Doohickey,795
242716,North,Doohickey,986
242732,North,Gizmo,663
242736,North,Gadget,961
242742,North,Gizmo,633
242750,North,Doohickey,981
242752,North,Gizmo,539
242762,North,Gadget,876
242768,North,Doohickey,564
242769,North,Widget,528
242773,North,Gadget,769
242777,North,Widget,575
242788,North,Widget,952
242793,North,Doohickey,754
242809,North,Doohickey,956
242821,North,Widget,915
242833,North,Doohickey,608
242834,North,Widget,698
242837,North,Doohickey,856
242838,North,Widget,731
242843,North,Widget,727
242857,North,Doohickey,927
242870,North,Widget,770
242873,North,Gizmo,952
242890,North,Widget,935
242893,North,Widget,950
242895,North,Gizmo,898
242900,North,Doohickey,669
242904,North,Gadget,802
242912,North,Doohickey,570
242927,North,Gadget,875
242935,North,Gadget,586
242938,North,Doohickey,968
242948,North,Gadget,883
242952,North,Doohickey,944
242953,North,Widget,514
242959,North,Gizmo,713
242965,North,Doohickey,737
242967,North,Gizmo,501
242970,North,Doohickey,815
242976,North,Doohickey,940
242977,North,Gadget,688
242981,North,Gizmo,775
242988,North,Doohickey,849
242989,North,Doohickey,997
242990,North,Gadget,772
242993,North,Gadget,723
242994,North,Gadget,512
243003,North,Widget,665
243011,North,Widget,971
243019,North,Gizmo,923
243022,North,Doohickey,732
243037,North,Widget,832
243043,North,Gadget,740
243055,North,Doohickey,975
243057,North,Gizmo,608
243072,North,Gizmo,528
243076,North,Doohickey,835
243079,North,Gadget,524
243081,North,Gizmo,610
243090,North,Gizmo,911
243093,North,Gizmo,569
243098,North,Doohickey,523
243099,North,Doohickey,755
243105,North,Gadget,606
243108,North,Gizmo,900
243116,North,Doohickey,548
243118,North,Widget,861
243160,North,Widget,580
243172,North,Gadget,748
243179,North,Gizmo,509
243208,North,Doohickey,577
243222,North,Doohickey,996
243235,North,Widget,980
243247,North,Widget,731
243248,North,Doohickey,663
243258,North,Gizmo,603
243260,North,Gadget,573
243263,North,Gizmo,560
243267,North,Doohickey,741
243271,North,Gizmo,711
243277,North,Gadget,821
243278,North,Doohickey,709
243284,North,Doohickey,968
243295,North,Doohickey,564
243300,North,Gizmo,765
243310,North,Gizmo,775
243316,North,Widget,760
243318,North,Gadget,835
243319,North,Doohickey,888
243320,North,Widget,988
243334,North,Gadget,813
243337,North,Doohickey,596
243340,North,Gadget,537
243342,North,Gadget,856
243345,North,Doohickey,939
243355,North,Doohickey,757
243369,North,Widget,780
243371,North,Doohickey,752
243373,North,Widget,605
243382,North,Gizmo,708
243394,North,Gadget,919
243395,North,Widget,984
243419,North,Widget,602
243423,North,Gadget,974
243457,North,Doohickey,911
243461,North,Widget,964
243469,North,Doohickey,770
243482,North,Widget,842
243484,North,Gadget,986
243503,North,Gadget,612
243510,North,Gadget,852
243514,North,Gadget,547
243515,North,Gizmo,913
243517,North,Doohickey,969
243561,North,Doohickey,603
243563,North,Widget,557
243579,North,Gadget,589
243581,North,Doohickey,849
243590,North,Widget,651
243598,North,Widget,766
243600,North,Doohickey,513
243602,North,Gizmo,551
243609,North,Doohickey,881
243622,North,Doohickey,858
243626,North,Doohickey,831
243627,North,Doohickey,842
243632,North,Gadget,693
243636,North,Doohickey,721
243638,North,Doohickey,742
243642,North,Gizmo,784
243655,North,Doohickey,943
243658,North,Gizmo,636
243659,North,Gadget,645
243660,North,Doohickey,759
243664,North,Widget,874
243674,North,Gizmo,657
243685,North,Widget,588
243688,North,Widget,559
243690,North,Gizmo,531
243701,North,Doohickey,964
243729,North,Widget,540
243736,North,Gizmo,712
243739,North,Gadget,734
243749,North,Doohickey,544
243751,North,Gizmo,713
243765,North,Doohickey,848
243771,North,Doohickey,503
243773,North,Doohickey,923
243774,North,Gizmo,654
243784,North,Gizmo,896
243785,North,Gadget,639
243798,North,Gizmo,689
243799,North,Doohickey,601
243804,North,Gizmo,650
243817,North,Doohickey,977
243823,North,Doohickey,788
243830,North,Widget,935
243832,North,Gadget,892
243834,North,Gizmo,643
243835,North,Gadget,642
243837,North,Gadget,991
243845,North,Gizmo,958
243846,North,Gadget,704
243851,North,Gizmo,517
243873,North,Doohickey,626
243874,North,Doohickey,876
243878,North,Gadget,609
243881,North,Widget,593
243886,North,Doohickey,751
243888,North,Gizmo,659
243892,North,Gadget,708
243895,North,Widget,680
243908,North,Gizmo,680
243915,North,Gadget,759
243930,North,Doohickey,615
243936,North,Doohickey,877
243937,North,Gizmo,579
243945,North,Gizmo,715
243952,North,Gadget,688
243959,North,Gadget,746
243972,North,Doohickey,594
243982,North,Gizmo,933
244000,North,Gizmo,806
244001,North,Gadget,913
244023,North,Widget,918
244028,North,Gizmo,741
244037,North,Gizmo,792
244040,North,Gadget,882
244046,North,Widget,507
244051,North,Doohickey,571
244062,North,Widget,894
244072,North,Gadget,692
244077,North,Doohickey,951
244108,North,Gizmo,877
244109,North,Widget,894
244114,North,Gizmo,824
244118,North,Widget,764
244120,North,Gadget,700
244125,North,Gadget,976
244129,North,Widget,789
244140,North,Gizmo,552
244141,North,Doohickey,708
244151,North,Widget,935
244154,North,Doohickey,676
244158,North,Gadget,501
244162,North,Doohickey,925
244163,North,Doohickey,825
244169,North,Doohickey,733
244175,North,Widget,706
244178,North,Gadget,743
244186,North,Gizmo,629
244195,North,Widget,964
244197,North,Widget,501
244202,North,Gizmo,881
244207,North,Widget,562
244208,North,Doohickey,571
244209,North,Widget,701
244220,North,Gizmo,783
244224,North,Doohickey,584
244234,North,Widget,560
244243,North,Widget,604
244244,North,Doohickey,905
244245,North,Widget,781
244250,North,Widget,843
244251,North,Doohickey,785
244254,North,Widget,625
244261,North,Gadget,700
244267,North,Gizmo,575
244277,North,Gadget,755
244289,North,Gadget,976
244302,North,Doohickey,809
244306,North,Doohickey,505
244325,North,Gadget,907
244339,North,Doohickey,764
244346,North,Widget,900
244351,North,Doohickey,953
244356,North,Doohickey,878
244360,North,Widget,828
244373,North,Widget,877
244374,North,Gizmo,924
244381,North,Doohickey,906
244383,North,Widget,891
244384,North,Gizmo,515
244386,North,Gizmo,782
244393,North,Widget,933
244395,North,Widget,680
244402,North,Gizmo,885
244413,North,Gadget,706
244414,North,Widget,525
244418,North,Widget,553
244430,North,Gizmo,817
244438,North,Doohickey,525
244443,North,Doohickey,909
244444,North,Doohickey,795
244460,North,Widget,725
244483,North,Doohickey,517
244488,North,Gadget,801
244491,North,Gizmo,685
244492,North,Widget,526
244533,North,Gadget,787
244542,North,Widget,625
244545,North,Gadget,846
244553,North,Gizmo,741
244572,North,Widget,968
244594,North,Doohickey,907
244609,North,Widget,857
244611,North,Gadget,783
244615,North,Widget,802
244618,North,Gadget,516
244638,North,Gadget,703
244639,North,Gizmo,853
244664,North,Gizmo,985
244685,North,Gizmo,594
244692,North,Doohickey,902
244699,North,Doohickey,752
244703,North,Doohickey,857
244705,North,Widget,566
244713,North,Gizmo,838
244720,North,Gadget,952
244722,North,Gadget,911
244726,North,Doohickey,850
244731,North,Widget,856
244735,North,Gizmo,564
244743,North,Doohickey,523
244745,North,Doohickey,993
244754,North,Widget,778
244759,North,Gizmo,611
244761,North,Doohickey,710
244764,North,Widget,546
244766,North,Doohickey,656
244772,North,Gadget,564
244775,North,Gizmo,849
244784,North,Gadget,818
244794,North,Doohickey,578
244797,North,Gadget,580
244802,North,Gadget,913
244814,North,Doohickey,936
244815,North,Widget,867
244823,North,Widget,903
244825,North,Widget,560
244826,North,Gadget,825
244844,North,Widget,894
244848,North,Gadget,769
244857,North,Doohickey,967
244860,North,Doohickey,943
244865,North,Gadget,971
244872,North,Gizmo,557
244876,North,Doohickey,734
244878,North,Gadget,827
244883,North,Gizmo,727
244889,North,Gadget,1000
244903,North,Gizmo,1000
244919,North,Gizmo,732
244936,North,Gizmo,707
244949,North,Gadget,633
244956,North,Widget,981
244960,North,Gizmo,940
244964,North,Widget,556
244965,North,Widget,930
244996,North,Gizmo,948
244998,North,Doohickey,580
245004,North,Widget,809
245012,North,Widget,664
245016,North,Gadget,508
245020,North,Gizmo,975
245024,North,Gadget,644
245027,North,Gizmo,528
245035,North,Gizmo,868
245040,North,Gadget,591
245049,North,Widget,729
245085,North,Doohickey,872
245097,North,Gadget,905
245106,North,Doohickey,625
245109,North,Gizmo,517
245111,North,Gizmo,966
245118,North,Widget,892
245130,North,Gizmo,557
245133,North,Widget,639
245140,North,Doohickey,875
245145,North,Gadget,901
245152,North,Widget,955
245162,North,Gadget,705
245164,North,Widget,608
245165,North,Gizmo,603
245186,North,Gadget,792
245201,North,Widget,759
245240,North,Widget,573
245247,North,Doohickey,522
245249,North,Gadget,576
245257,North,Gizmo,621
245264,North,Doohickey,967
245265,North,Widget,911
245282,North,Gizmo,779
245288,North,Gizmo,660
245292,North,Gadget,802
245298,North,Gizmo,967
245307,North,Gadget,764
245320,North,Gadget,511
245332,North,Doohickey,618
245333,North,Widget,651
245349,North,Widget,520
245353,North,Gadget,636
245357,North,Widget,694
245362,North,Gizmo,813
245364,North,Gizmo,678
245366,North,Widget,933
245370,North,Doohickey,603
245372,North,Gizmo,859
245390,North,Widget,741
245406,North,Doohickey,644
245409,North,Gizmo,982
245410,North,Widget,946
245428,North,Gadget,512
245431,North,Gadget,886
245438,North,Gadget,886
245441,North,Widget,933
245445,North,Gizmo,674
245451,North,Gadget,925
245455,North,Gadget,549
245457,North,Doohickey,635
245466,North,Doohickey,554
245469,North,Widget,605
245472,North,Gizmo,839
245473,North,Doohickey,891
245474,North,Gadget,531
245477,North,Widget,659
245492,North,Doohickey,772
245504,North,Widget,637
245512,North,Gizmo,923
245518,North,Gizmo,531
245521,North,Doohickey,885
245529,North,Widget,541
245542,North,Doohickey,515
245545,North,Gadget,707
245551,North,Gadget,913
245554,North,Widget,591
245578,North,Gadget,550
245583,North,Widget,871
245601,North,Widget,629
245602,North,Gizmo,731
245603,North,Doohickey,992
245607,North,Gadget,843
245615,North,Gadget,610
245624,North,Gizmo,621
245650,North,Widget,700
245672,North,Widget,702
245676,North,Gadget,601
245687,North,Doohickey,540
245711,North,Gadget,653
245715,North,Gadget,894
245743,North,Gadget,675
245744,North,Doohickey,503
245746,North,Gizmo,623
245751,North,Doohickey,743
245793,North,Doohickey,613
245796,North,Doohickey,655
245800,North,Gadget,982
245801,North,Doohickey,828
245802,North,Gadget,909
245809,North,Doohickey,650
245815,North,Doohickey,801
245827,North,Gadget,569
245845,North,Gizmo,579
245850,North,Doohickey,881
245860,North,Gizmo,813
245861,North,Gizmo,540
245868,North,Gizmo,590
245888,North,Widget,726
245892,North,Gadget,796
245894,North,Gadget,857
245895,North,Gadget,819
245906,North,Gizmo,936
245909,North,Gadget,760
245931,North,Gadget,586
245934,North,Widget,901
245935,North,Gizmo,535
245936,North,Gadget,589
245943,North,Gadget,693
245950,North,Widget,524
245951,North,Gizmo,663
245952,North,Gizmo,576
245971,North,Widget,612
245978,North,Doohickey,626
245994,North,Doohickey,822
246005,North,Widget,595
246010,North,Gizmo,524
246029,North,Gizmo,567
246038,North,Widget,927
246044,North,Widget,890
246086,North,Widget,985
246088,North,Gadget,933
246096,North,Doohickey,720
246107,North,Gadget,985
246109,North,Gadget,632
246114,North,Doohickey,598
246117,North,Gadget,620
246119,North,Gizmo,935
246123,North,Gadget,730
246129,North,Widget,795
246148,North,Doohickey,960
246152,North,Widget,960
246156,North,Gadget,758
246159,North,Widget,522
246162,North,Doohickey,759
246168,North,Widget,706
246171,North,Gadget,698
246175,North,Doohickey,898
246177,North,Widget,972
246180,North,Gizmo,790
246184,North,Widget,858
246198,North,Doohickey,709
246204,North,Doohickey,827
246206,North,Gizmo,780
246208,North,Doohickey,651
246233,North,Widget,576
246235,North,Doohickey,790
246237,North,Doohickey,897
246260,North,Doohickey,890
246282,North,Doohickey,656
246285,North,Gadget,996
246307,North,Gadget,864
246310,North,Widget,883
246313,North,Gadget,788
246325,North,Gizmo,871
246332,North,Widget,902
246333,North,Widget,539
246334,North,Widget,639
246340,North,Gadget,919
246363,North,Doohickey,863
246367,North,Gadget,875
246368,North,Gadget,774
246371,North,Gadget,595
246393,North,Gadget,542
246398,North,Widget,513
246416,North,Widget,509
246419,North,Gizmo,590
246425,North,Gizmo,952
246429,North,Widget,935
246431,North,Doohickey,769
246440,North,Gizmo,676
246450,North,Gadget,885
246454,North,Widget,584
246462,North,Widget,690
246473,North,Widget,905
246506,North,Gizmo,883
246508,North,Widget,972
246519,North,Doohickey,969
246542,North,Doohickey,938
246545,North,Widget,906
246567,North,Gizmo,969
246568,North,Gadget,724
246570,North,Doohickey,680
246577,North,Doohickey,889
246583,North,Gizmo,770
246585,North,Widget,692
246588,North,Gadget,992
246615,North,Doohickey,720
246641,North,Doohickey,914
246669,North,Widget,990
246678,North,Widget,684
246701,North,Widget,575
246702,North,Widget,978
246703,North,Doohickey,784
246715,North,Doohickey,584
246718,North,Widget,587
246720,North,Gizmo,740
246725,North,Gadget,697
246735,North,Doohickey,614
246751,North,Gadget,869
246761,North,Gizmo,554
246766,North,Gizmo,740
246769,North,Gizmo,614
246774,North,Gadget,885
246800,North,Widget,799
246802,North,Widget,896
246815,North,Widget,576
246820,North,Gadget,551
246822,North,Widget,795
246823,North,Widget,687
246824,North,Gadget,864
246826,North,Gizmo,776
246828,North,Gadget,723
246830,North,Widget,560
246831,North,Widget,754
246834,North,Widget,902
246838,North,Gizmo,589
246844,North,Gadget,890
246851,North,Gadget,536
246853,North,Widget,524
246877,North,Gadget,632
246878,North,Gadget,908
246888,North,Doohickey,647
246893,North,Gadget,711
246911,North,Gadget,784
246925,North,Doohickey,622
246928,North,Gizmo,612
246937,North,Doohickey,894
246940,North,Gadget,652
246942,North,Doohickey,691
246957,North,Widget,999
246960,North,Gadget,869
246977,North,Gadget,653
246979,North,Gizmo,907
246980,North,Gadget,847
246983,North,Gizmo,986
246984,North,Doohickey,680
246985,North,Gadget,724
246988,North,Doohickey,589
246992,North,Widget,504
246993,North,Gizmo,779
246999,North,Widget,736
247002,North,Gizmo,732
247018,North,Gadget,886
247024,North,Gizmo,953
247029,North,Doohickey,580
247032,North,Doohickey,564
247036,North,Gizmo,921
247037,North,Gizmo,994
247052,North,Gizmo,557
247059,North,Doohickey,505
247062,North,Gizmo,769
247075,North,Doohickey,802
247078,North,Gadget,657
247097,North,Gadget,969
247101,North,Gadget,807
247105,North,Doohickey,699
247109,North,Gadget,648
247111,North,Gizmo,505
247121,North,Widget,557
247124,North,Doohickey,745
247134,North,Widget,826
247135,North,Gadget,956
247145,North,Gadget,786
247154,North,Gizmo,960
247171,North,Widget,989
247187,North,Doohickey,591
247188,North,Doohickey,570
247189,North,Doohickey,617
247195,North,Gizmo,607
247199,North,Gadget,659
247218,North,Doohickey,948
247230,North,Widget,926
247232,North,Widget,777
247237,North,Widget,579
247242,North,Widget,588
247254,North,Doohickey,831
247259,North,Doohickey,584
247262,North,Gizmo,734
247263,North,Widget,534
247275,North,Gizmo,687
247276,North,Gizmo,680
247299,North,Gizmo,756
247303,North,Doohickey,682
247310,North,Gadget,735
247324,North,Gizmo,844
247330,North,Gadget,852
247331,North,Doohickey,627
247355,North,Gadget,630
247365,North,Gadget,789
247369,North,Doohickey,597
247371,North,Doohickey,720
247378,North,Gadget,638
247389,North,Widget,818
247412,North,Widget,942
247413,North,Widget,711
247423,North,Gadget,960
247434,North,Gizmo,590
247437,North,Gizmo,992
247440,North,Gadget,653
247448,North,Gadget,616
247452,North,Widget,710
247454,North,Doohickey,938
247456,North,Gadget,633
247463,North,Doohickey,649
247465,North,Gizmo,788
247466,North,Gadget,731
247476,North,Widget,842
247479,North,Widget,798
247481,North,Widget,553
247482,North,Widget,872
247491,North,Gadget,553
247495,North,Gadget,771
247506,North,Widget,547
247515,North,Gizmo,590
247528,North,Gadget,757
247530,North,Gizmo,842
247538,North,Gadget,897
247544,North,Widget,719
247546,North,Doohickey,889
247552,North,Gizmo,802
247555,North,Gizmo,751
247583,North,Gadget,678
247596,North,Gadget,620
247599,North,Widget,716
247608,North,Widget,706
247609,North,Doohickey,713
247610,North,Widget,869
247612,North,Widget,563
247618,North,Gadget,555
247620,North,Gadget,515
247624,North,Widget,699
247628,North,Widget,524
247636,North,Doohickey,942
247639,North,Gizmo,639
247673,North,Gizmo,541
247678,North,Gadget,636
247679,North,Gadget,919
247689,North,Widget,886
247690,North,Gadget,757
247692,North,Widget,606
247701,North,Gizmo,780
247708,North,Widget,728
247727,North,Gadget,521
247729,North,Doohickey,655
247740,North,Doohickey,698
247756,North,Doohickey,733
247757,North,Widget,726
247764,North,Gizmo,853
247772,North,Gizmo,905
247774,North,Widget,631
247786,North,Gizmo,838
247794,North,Doohickey,919
247803,North,Widget,998
247820,North,Gizmo,827
247865,North,Doohickey,756
247872,North,Widget,921
247897,North,Doohickey,574
247899,North,Widget,541
247901,North,Widget,989
247906,North,Gizmo,681
247911,North,Gizmo,612
247913,North,Gizmo,723
247918,North,Doohickey,821
247931,North,Gizmo,650
247945,North,Gizmo,818
247949,North,Gizmo,628
247953,North,Doohickey,528
247957,North,Gizmo,549
247963,North,Widget,867
247966,North,Doohickey,998
247971,North,Widget,615
247982,North,Gadget,714
247988,North,Widget,965
247992,North,Gadget,747
248007,North,Widget,515
248013,North,Widget,886
248037,North,Gadget,973
248045,North,Gadget,746
248047,North,Gizmo,940
248056,North,Doohickey,662
248057,North,Gizmo,896
248072,North,Widget,952
248080,North,Gizmo,702
248089,North,Gizmo,694
248093,North,Widget,741
248108,North,Gadget,750
248109,North,Widget,788
248118,North,Gadget,908
248142,North,Gizmo,890
248162,North,Gizmo,893
248193,North,Doohickey,894
248201,North,Doohickey,976
248210,North,Gizmo,825
248212,North,Gizmo,633
248213,North,Doohickey,513
248218,North,Widget,722
248240,North,Doohickey,976
248243,North,Doohickey,838
248247,North,Widget,733
248248,North,Doohickey,973
248260,North,Widget,986
248317,North,Doohickey,872
248329,North,Widget,526
248334,North,Widget,919
248335,North,Gizmo,844
248339,North,Widget,678
248346,North,Gizmo,742
248355,North,Doohickey,890
248361,North,Doohickey,744
248363,North,Gizmo,567
248375,North,Widget,780
248390,North,Doohickey,974
248396,North,Doohickey,977
248414,North,Widget,746
248419,North,Doohickey,841
248429,North,Widget,576
248434,North,Gizmo,779
248435,North,Doohickey,582
248455,North,Doohickey,994
248459,North,Gadget,886
248460,North,Widget,759
248467,North,Gizmo,917
248509,North,Widget,635
248518,North,Gizmo,530
248531,North,Widget,839
248549,North,Gadget,718
248552,North,Doohickey,517
248558,North,Gizmo,908
248561,North,Widget,991
248566,North,Widget,546
248568,North,Gadget,763
248569,North,Gizmo,559
248575,North,Doohickey,605
248577,North,Gizmo,926
248579,North,Gizmo,1000
248588,North,Doohickey,692
248596,North,Gizmo,843
248599,North,Gizmo,938
248610,North,Widget,902
248614,North,Gizmo,669
248617,North,Doohickey,715
248618,North,Gizmo,773
248622,North,Doohickey,866
248627,North,Widget,811
248634,North,Gizmo,688
248637,North,Widget,813
248643,North,Widget,623
248644,North,Gizmo,876
248663,North,Doohickey,994
248665,North,Doohickey,551
248667,North,Gizmo,797
248680,North,Widget,980
248711,North,Doohickey,681
248720,North,Gizmo,561
248721,North,Gadget,809
248725,North,Gadget,727
248733,North,Doohickey,564
248736,North,Doohickey,622
248744,North,Gizmo,805
248747,North,Gadget,647
248758,North,Doohickey,808
248761,North,Gizmo,604
248762,North,Doohickey,778
248790,North,Gizmo,807
248798,North,Gizmo,537
248803,North,Widget,792
248804,North,Widget,581
248813,North,Widget,760
248820,North,Doohickey,787
248830,North,Doohickey,980
248831,North,Gadget,956
248834,North,Gizmo,875
248835,North,Doohickey,923
248856,North,Gizmo,759
248860,North,Gadget,679
248862,North,Gadget,738
248869,North,Gizmo,648
248877,North,Gizmo,983
248878,North,Gizmo,600
248881,North,Widget,739
248888,North,Gadget,814
248889,North,Widget,676
248894,North,Gizmo,761
248913,North,Doohickey,600
248924,North,Widget,651
248934,North,Widget,691
248940,North,Gadget,638
248955,North,Gadget,610
248970,North,Doohickey,663
248971,North,Gadget,642
248980,North,Gizmo,805
248982,North,Gadget,539
248985,North,Gizmo,892
248987,North,Gizmo,584
248992,North,Widget,762
248996,North,Widget,583
249007,North,Gizmo,944
249012,North,Gizmo,944
249041,North,Widget,609
249049,North,Widget,632
249069,North,Gadget,660
249076,North,Doohickey,669
249077,North,Gizmo,928
249084,North,Widget,634
249101,North,Gadget,865
249103,North,Gadget,855
249111,North,Widget,885
249121,North,Gizmo,593
249122,North,Doohickey,863
249124,North,Doohickey,905
249135,North,Gizmo,589
249163,North,Gadget,846
249170,North,Gizmo,578
249178,North,Gadget,867
249179,North,Widget,618
249198,North,Gadget,994
249200,North,Gadget,852
249216,North,Gadget,863
249220,North,Doohickey,571
249226,North,Doohickey,911
249235,North,Gizmo,579
249241,North,Doohickey,761
249243,North,Gizmo,782
249251,North,Widget,994
249260,North,Widget,818
249266,North,Gadget,801
249278,North,Gizmo,968
249281,North,Widget,715
249288,North,Widget,734
249300,North,Gizmo,982
249303,North,Doohickey,724
249308,North,Doohickey,583
249313,North,Widget,723
249316,North,Gadget,688
249319,North,Gadget,853
249327,North,Gizmo,640
249328,North,Doohickey,676
249329,North,Gizmo,629
249335,North,Gadget,511
249342,North,Doohickey,613
249345,North,Widget,789
249346,North,Doohickey,552
249347,North,Gadget,815
249353,North,Gadget,627
249364,North,Gadget,776
249367,North,Gadget,735
249374,North,Gizmo,754
249377,North,Gizmo,936
249384,North,Doohickey,637
249399,North,Gadget,783
249415,North,Gizmo,587
249416,North,Doohickey,838
249418,North,Widget,660
249419,North,Gadget,647
249425,North,Gizmo,554
249439,North,Widget,599
249446,North,Gizmo,787
249456,North,Doohickey,726
249458,North,Gizmo,959
249492,North,Gadget,852
249514,North,Gadget,579
249515,North,Widget,986
249517,North,Gadget,587
249533,North,Gadget,803
249539,North,Gizmo,788
249543,North,Doohickey,521
249545,North,Gadget,608
249551,North,Widget,782
249553,North,Widget,746
249559,North,Widget,849
249562,North,Doohickey,508
249571,North,Gizmo,901
249575,North,Gizmo,592
249577,North,Gizmo,994
249591,North,Doohickey,788
249612,North,Gadget,711
249617,North,Doohickey,595
249618,North,Widget,759
249619,North,Gadget,560
249628,North,Gadget,958
249633,North,Gizmo,600
249644,North,Gizmo,750
249648,North,Widget,688
249654,North,Doohickey,886
249659,North,Gadget,865
249669,North,Gadget,940
249677,North,Gadget,661
249680,North,Doohickey,573
249693,North,Gadget,641
249694,North,Doohickey,939
249701,North,Doohickey,660
249703,North,Doohickey,625
249716,North,Doohickey,822
249720,North,Widget,863
249724,North,Gadget,760
249729,North,Doohickey,928
249740,North,Widget,750
249741,North,Widget,906
249753,North,Widget,769
249754,North,Doohickey,521
249776,North,Gadget,637
249781,North,Gadget,621
249782,North,Gizmo,692
249783,North,Doohickey,714
249796,North,Doohickey,768
249812,North,Doohickey,612
249816,North,Gadget,752
249821,North,Doohickey,716
249826,North,Widget,548
249831,North,Gadget,534
249832,North,Gizmo,776
249834,North,Gadget,934
249841,North,Widget,788
249852,North,Widget,548
249859,North,Gadget,574
249875,North,Widget,865
249878,North,Doohickey,781
249888,North,Doohickey,589
249895,North,Widget,512
249915,North,Gadget,651
249925,North,Doohickey,710
249927,North,Doohickey,958
249938,North,Gizmo,855
249958,North,Widget,709
249987,North,Widget,617
249989,North,Doohickey,921
250013,North,Widget,660
250016,North,Gizmo,897
250017,North,Widget,642
250020,North,Gadget,819
250021,North,Gadget,504
250058,North,Doohickey,671
250059,North,Gizmo,877
250060,North,Widget,892
250064,North,Gizmo,624
250074,North,Gizmo,620
250087,North,Widget,874
250095,North,Doohickey,776
250097,North,Gadget,661
250104,North,Gadget,737
250111,North,Gizmo,810
250125,North,Gadget,758
250131,North,Gadget,644
250132,North,Widget,601
250141,North,Doohickey,738
250146,North,Gadget,988
250160,North,Gadget,992
250161,North,Gadget,967
250162,North,Gizmo,836
250173,North,Widget,880
250179,North,Doohickey,894
250192,North,Doohickey,764
250202,North,Gizmo,967
250211,North,Gizmo,740
250216,North,Widget,974
250222,North,Doohickey,930
250235,North,Gadget,775
250254,North,Widget,605
250255,North,Widget,863
250260,North,Gizmo,802
250273,North,Widget,597
250276,North,Doohickey,672
250277,North,Gadget,778
250279,North,Widget,903
250291,North,Widget,716
250301,North,Widget,882
250309,North,Widget,884
250311,North,Widget,791
250314,North,Gizmo,969
250321,North,Widget,501
250333,North,Doohickey,619
250335,North,Gadget,702
250346,North,Doohickey,730
250351,North,Gadget,734
250352,North,Widget,709
250360,North,Gizmo,828
250362,North,Widget,963
250363,North,Gadget,856
250376,North,Widget,894
250379,North,Widget,919
250381,North,Widget,836
250387,North,Gizmo,697
250399,North,Gizmo,680
250407,North,Gizmo,940
250410,North,Widget,650
250415,North,Widget,872
250435,North,Widget,772
250439,North,Doohickey,844
250440,North,Widget,685
250442,North,Gizmo,557
250447,North,Doohickey,756
250468,North,Doohickey,877
250469,North,Doohickey,566
250475,North,Widget,913
250477,North,Gadget,850
250482,North,Gadget,565
250511,North,Gizmo,717
250514,North,Doohickey,931
250516,North,Gadget,798
250521,North,Gadget,910
250527,North,Gadget,788
250540,North,Gadget,775
250561,North,Gizmo,606
250584,North,Gadget,968
250586,North,Doohickey,855
250608,North,Gadget,939
250609,North,Gizmo,948
250628,North,Doohickey,754
250629,North,Widget,958
250679,North,Doohickey,608
250682,North,Gizmo,791
250683,North,Gizmo,918
250691,North,Doohickey,550
250711,North,Gadget,654
250717,North,Gizmo,642
250718,North,Doohickey,505
250723,North,Doohickey,728
250724,North,Widget,665
250728,North,Gadget,579
250730,North,Widget,611
250751,North,Doohickey,695
250768,North,Gizmo,936
250773,North,Gadget,607
250776,North,Doohickey,759
250785,North,Gizmo,786
250788,North,Gizmo,781
250790,North,Widget,828
250798,North,Doohickey,523
250801,North,Gizmo,953
250822,North,Gizmo,843
250833,North,Doohickey,739
250836,North,Gadget,797
250848,North,Gizmo,969
250858,North,Doohickey,559
250865,North,Doohickey,896
250866,North,Widget,514
250878,North,Widget,871
250882,North,Widget,999
250884,North,Gadget,692
250896,North,Widget,656
250900,North,Gizmo,687
250903,North,Doohickey,768
250905,North,Gadget,981
250912,North,Gizmo,722
250924,North,Doohickey,983
250930,North,Widget,747
250938,North,Widget,682
250993,North,Doohickey,622
250994,North,Widget,714
251002,North,Gadget,748
251032,North,Gadget,703
251034,North,Widget,614
251038,North,Gizmo,865
251039,North,Gizmo,971
251059,North,Gadget,765
251071,North,Doohickey,526
251083,North,Gizmo,974
251084,North,Widget,981
251089,North,Doohickey,857
251092,North,Gadget,903
251103,North,Gizmo,882
251104,North,Gizmo,641
251112,North,Doohickey,627
251128,North,Widget,660
251136,North,Gadget,739
251145,North,Gadget,613
251153,North,Widget,697
251158,North,Widget,838
251182,North,Doohickey,761
251187,North,Widget,651
251198,North,Widget,617
251199,North,Doohickey,504
251209,North,Doohickey,896
251216,North,Gizmo,681
251217,North,Gizmo,657
251237,North,Gadget,936
251239,North,Gadget,693
251257,North,Gizmo,872
251260,North,Gizmo,753
251261,North,Widget,969
251275,North,Widget,855
251280,North,Widget,710
251299,North,Widget,536
251303,North,Doohickey,649
251308,North,Gizmo,530
251320,North,Gizmo,517
251326,North,Gadget,996
251337,North,Widget,767
251340,North,Gadget,578
251356,North,Doohickey,610
251363,North,Gadget,579
251365,North,Gadget,583
251375,North,Widget,844
251381,North,Gizmo,588
251395,North,Doohickey,762
251400,North,Gizmo,814
251405,North,Widget,757
251414,North,Widget,731
251422,North,Widget,575
251432,North,Widget,600
251442,North,Doohickey,528
251443,North,Gizmo,816
251448,North,Widget,661
251462,North,Widget,935
251492,North,Gizmo,559
251500,North,Gizmo,952
251512,North,Gizmo,737
251514,North,Doohickey,731
251524,North,Gizmo,750
251531,North,Gadget,835
251538,North,Gadget,518
251546,North,Gizmo,878
251556,North,Gadget,795
251557,North,Doohickey,548
251574,North,Widget,943
251577,North,Widget,586
251580,North,Doohickey,639
251582,North,Widget,520
251588,North,Gizmo,759
251594,North,Gizmo,626
251600,North,Gizmo,893
251603,North,Gadget,994
251611,North,Doohickey,581
251613,North,Doohickey,951
251617,North,Widget,925
251623,North,Gizmo,634
251628,North,Gadget,674
251634,North,Gadget,645
251635,North,Gizmo,677
251643,North,Doohickey,648
251646,North,Gadget,649
251650,North,Widget,596
251664,North,Gadget,571
251668,North,Gizmo,650
251671,North,Doohickey,757
251694,North,Gizmo,927
251695,North,Doohickey,948
251702,North,Gizmo,552
251711,North,Doohickey,604
251731,North,Gizmo,967
251735,North,Doohickey,778
251737,North,Widget,714
251764,North,Widget,894
251787,North,Widget,814
251790,North,Doohickey,977
251809,North,Widget,783
251812,North,Gadget,868
251818,North,Gadget,910
251825,North,Widget,961
251828,North,Gizmo,554
251829,North,Widget,925
251864,North,Doohickey,787
251876,North,Gizmo,792
251900,North,Doohickey,576
251906,North,Doohickey,971
251913,North,Doohickey,657
251916,North,Doohickey,886
251930,North,Doohickey,994
251945,North,Gizmo,824
251948,North,Doohickey,936
251949,North,Widget,548
251958,North,Doohickey,836
251964,North,Gadget,683
251989,North,Widget,853
252009,North,Gizmo,923
252011,North,Gizmo,507
252019,North,Widget,952
252031,North,Widget,933
252032,North,Widget,843
252034,North,Gadget,977
252051,North,Gizmo,529
252064,North,Widget,513
252069,North,Gizmo,960
252096,North,Doohickey,878
252117,North,Gizmo,730
252119,North,Widget,777
252121,North,Widget,670
252135,North,Doohickey,696
252150,North,Gadget,701
252161,North,Doohickey,952
252176,North,Gizmo,734
252191,North,Widget,702
252193,North,Widget,910
252196,North,Gizmo,869
252203,North,Gizmo,664
252205,North,Gadget,827
252206,North,Gizmo,624
252218,North,Gizmo,849
252229,North,Gizmo,844
252247,North,Gadget,531
252261,North,Widget,633
252277,North,Gadget,783
252284,North,Gadget,927
252288,North,Widget,653
252289,North,Doohickey,593
252303,North,Widget,917
252310,North,Gizmo,761
252322,North,Gadget,923
252345,North,Gizmo,936
252349,North,Doohickey,590
252351,North,Gizmo,639
252371,North,Gadget,789
252372,North,Doohickey,738
252375,North,Gadget,809
252378,North,Gadget,544
252397,North,Gizmo,528
252419,North,Doohickey,844
252423,North,Gadget,769
252426,North,Widget,712
252447,North,Widget,891
252455,North,Widget,603
252462,North,Widget,934
252464,North,Gadget,551
252470,North,Gizmo,709
252491,North,Gadget,634
252509,North,Gizmo,905
252539,North,Doohickey,505
252548,North,Doohickey,628
252549,North,Widget,572
252558,North,Gizmo,915
252561,North,Gadget,644
252563,North,Widget,836
252573,North,Gadget,509
252587,North,Doohickey,869
252599,North,Gizmo,861
252618,North,Widget,617
252631,North,Doohickey,949
252633,North,Widget,911
252634,North,Gizmo,762
252636,North,Widget,574
252639,North,Gizmo,581
252667,North,Gadget,732
252687,North,Gizmo,936
252688,North,Gizmo,940
252689,North,Doohickey,963
252690,North,Gadget,505
252699,North,Doohickey,841
252728,North,Doohickey,637
252729,North,Gizmo,930
252730,North,Widget,835
252759,North,Gadget,978
252763,North,Gizmo,621
252766,North,Widget,629
252790,North,Gizmo,654
252798,North,Widget,539
252822,North,Doohickey,556
252830,North,Gadget,902
252831,North,Gadget,903
252835,North,Gadget,566
252836,North,Widget,880
252837,North,Widget,852
252860,North,Gadget,1000
252870,North,Gizmo,550
252887,North,Gadget,873
252896,North,Gizmo,996
252897,North,Gizmo,857
252900,North,Gizmo,717
252904,North,Gizmo,789
252908,North,Doohickey,923
252929,North,Gadget,633
252933,North,Doohickey,791
252945,North,Gadget,586
252947,North,Gizmo,913
252950,North,Doohickey,537
252952,North,Doohickey,563
252962,North,Widget,805
252976,North,Gizmo,858
252977,North,Gadget,530
252988,North,Widget,919
252998,North,Gadget,614
253011,North,Widget,717
253020,North,Widget,922
253027,North,Doohickey,703
253044,North,Gizmo,594
253052,North,Gizmo,727
253066,North,Gizmo,946
253076,North,Gizmo,655
253092,North,Gizmo,886
253105,North,Gizmo,984
253120,North,Gizmo,581
253123,North,Doohickey,557
253134,North,Gizmo,974
253137,North,Widget,802
253143,North,Gadget,511
253144,North,Widget,827
253146,North,Gadget,918
253164,North,Gadget,627
253166,North,Gadget,717
253172,North,Gizmo,844
253180,North,Gadget,844
253186,North,Gizmo,659
253193,North,Widget,547
253195,North,Gadget,877
253201,North,Gadget,525
253204,North,Gadget,926
253206,North,Widget,662
253214,North,Doohickey,880
253217,North,Gizmo,712
253222,North,Doohickey,773
253229,North,Gizmo,964
253233,North,Widget,893
253234,North,Gizmo,868
253235,North,Widget,612
253262,North,Gadget,841
253270,North,Widget,933
253277,North,Gadget,726
253278,North,Widget,516
253286,North,Doohickey,758
253288,North,Gadget,756
253297,North,Doohickey,898
253313,North,Widget,841
253318,North,Doohickey,604
253350,North,Doohickey,561
253354,North,Gadget,756
253358,North,Gadget,716
253364,North,Doohickey,893
253370,North,Gizmo,906
253372,North,Widget,762
253377,North,Gizmo,664
253392,North,Doohickey,707
253394,North,Gadget,630
253400,North,Widget,843
253414,North,Doohickey,770
253443,North,Gizmo,880
253449,North,Gizmo,628
253451,North,Gadget,881
253454,North,Gadget,599
253466,North,Gadget,942
253472,North,Widget,891
253473,North,Widget,729
253485,North,Widget,815
253487,North,Gizmo,955
253491,North,Gizmo,642
253496,North,Gadget,743
253502,North,Gadget,841
253505,North,Widget,983
253548,North,Gadget,751
253559,North,Widget,501
253567,North,Widget,501
253572,North,Widget,826
253578,North,Gizmo,893
253584,North,Widget,844
253595,North,Gizmo,907
253596,North,Gadget,705
253601,North,Gizmo,699
253607,North,Widget,840
253611,North,Gadget,642
253613,North,Widget,607
253615,North,Doohickey,815
253616,North,Gadget,822
253619,North,Gadget,991
253635,North,Doohickey,569
253646,North,Widget,559
253653,North,Gizmo,919
253655,North,Gadget,889
253659,North,Gadget,781
253660,North,Gizmo,530
253669,North,Widget,813
253701,North,Widget,573
253702,North,Doohickey,695
253704,North,Doohickey,890
253712,North,Doohickey,721
253722,North,Widget,866
253725,North,Doohickey,600
253738,North,Widget,597
253743,North,Gizmo,941
253754,North,Gadget,579
253767,North,Gizmo,897
253776,North,Widget,853
253781,North,Gizmo,935
253786,North,Gizmo,676
253790,North,Doohickey,882
253813,North,Gizmo,957
253817,North,Gadget,770
253839,North,Gizmo,818
253846,North,Gizmo,932
253909,North,Gizmo,560
253920,North,Widget,734
253923,North,Gadget,530
253935,North,Widget,542
253937,North,Gizmo,861
253941,North,Widget,860
253946,North,Widget,669
253961,North,Gizmo,911
253970,North,Gadget,611
253985,North,Gadget,936
254008,North,Doohickey,554
254013,North,Doohickey,701
254016,North,Gadget,579
254030,North,Widget,996
254031,North,Doohickey,813
254032,North,Gadget,993
254061,North,Gizmo,881
254092,North,Gizmo,958
254093,North,Widget,678
254095,North,Doohickey,711
254097,North,Gadget,714
254098,North,Widget,601
254100,North,Gadget,994
254117,North,Gadget,875
254118,North,Gadget,512
254121,North,Doohickey,524
254126,North,Gizmo,944
254129,North,Doohickey,850
254130,North,Doohickey,729
254137,North,Widget,550
254159,North,Gadget,650
254178,North,Gadget,587
254183,North,Gizmo,684
254184,North,Gadget,731
254200,North,Gadget,638
254232,North,Widget,603
254236,North,Doohickey,625
254262,North,Doohickey,751
254263,North,Gadget,737
254268,North,Gizmo,794
254272,North,Gadget,801
254277,North,Doohickey,562
254278,North,Gadget,897
254281,North,Widget,646
254288,North,Gadget,969
254295,North,Doohickey,760
254300,North,Gadget,805
254304,North,Widget,795
254316,North,Doohickey,939
254324,North,Doohickey,555
254325,North,Doohickey,574
254326,North,Gadget,942
254342,North,Gadget,577
254345,North,Doohickey,501
254350,North,Gizmo,562
254360,North,Gadget,974
254370,North,Gadget,529
254373,North,Widget,550
254383,North,Gizmo,806
254397,North,Gadget,515
254399,North,Gadget,622
254407,North,Doohickey,641
254414,North,Gadget,759
254419,North,Widget,646
254420,North,Doohickey,627
254445,North,Gadget,774
254453,North,Gadget,552
254461,North,Doohickey,884
254476,North,Widget,700
254479,North,Gadget,986
254487,North,Doohickey,801
254492,North,Widget,659
254494,North,Gadget,608
254496,North,Gadget,661
254509,North,Doohickey,601
254511,North,Gizmo,794
254516,North,Gizmo,508
254535,North,Widget,664
254539,North,Gizmo,725
254541,North,Gizmo,930
254568,North,Gadget,519
254570,North,Gadget,657
254572,North,Gizmo,811
254579,North,Doohickey,950
254581,North,Gizmo,515
254592,North,Gizmo,587
254600,North,Gadget,689
254603,North,Doohickey,672
254614,North,Gizmo,960
254616,North,Doohickey,600
254619,North,Doohickey,919
254623,North,Gadget,700
254624,North,Gizmo,616
254670,North,Gizmo,791
254680,North,Gadget,681
254686,North,Gadget,616
254702,North,Widget,988
254712,North,Doohickey,629
254719,North,Doohickey,880
254723,North,Gizmo,993
254731,North,Widget,673
254738,North,Gadget,805
254750,North,Gizmo,864
254754,North,Gadget,983
254756,North,Widget,674
254765,North,Gadget,955
254767,North,Widget,841
254771,North,Gizmo,592
254809,North,Gizmo,877
254813,North,Doohickey,902
254816,North,Gadget,725
254826,North,Gadget,721
254834,North,Gizmo,993
254844,North,Gadget,833
254845,North,Doohickey,861
254850,North,Widget,719
254857,North,Doohickey,944
254864,North,Gadget,777
254874,North,Gizmo,612
254886,North,Doohickey,778
254909,North,Gizmo,516
254925,North,Gizmo,744
254942,North,Widget,831
254946,North,Doohickey,724
254951,North,Gadget,619
254954,North,Doohickey,853
254978,North,Widget,699
254984,North,Widget,802
254985,North,Widget,821
254987,North,Widget,852
254992,North,Gizmo,872
255003,North,Gadget,978
255006,North,Doohickey,969
255020,North,Doohickey,691
255024,North,Doohickey,927
255029,North,Widget,969
255031,North,Widget,699
255040,North,Gadget,963
255042,North,Doohickey,513
255044,North,Gizmo,698
255045,North,Gadget,806
255047,North,Doohickey,751
255051,North,Gadget,933
255067,North,Doohickey,593
255089,North,Widget,850
255092,North,Gadget,648
255094,North,Gadget,674
255103,North,Doohickey,603
255112,North,Gizmo,894
255122,North,Doohickey,900
255128,North,Gizmo,858
255134,North,Gizmo,543
255144,North,Gadget,817
255145,North,Widget,819
255159,North,Gizmo,927
255160,North,Widget,867
255180,North,Widget,878
255184,North,Doohickey,645
255185,North,Gizmo,728
255192,North,Doohickey,751
255193,North,Gizmo,638
255199,North,Gizmo,739
255201,North,Widget,703
255203,North,Doohickey,505
255216,North,Widget,633
255221,North,Doohickey,553
255228,North,Widget,906
255240,North,Doohickey,867
255282,North,Widget,663
255285,North,Doohickey,637
255286,North,Widget,997
255288,North,Gizmo,658
255295,North,Doohickey,556
255296,North,Widget,986
255298,North,Gadget,826
255320,North,Doohickey,894
255341,North,Gizmo,700
255353,North,Widget,801
255368,North,Widget,910
255370,North,Doohickey,621
255376,North,Gadget,730
255378,North,Doohickey,617
255391,North,Widget,723
255392,North,Gizmo,606
255403,North,Doohickey,775
255417,North,Widget,785
255428,North,Widget,628
255429,North,Gadget,649
255435,North,Gadget,666
255463,North,Widget,883
255466,North,Doohickey,532
255467,North,Widget,501
255472,North,Doohickey,927
255473,North,Widget,547
255475,North,Gadget,813
255476,North,Doohickey,514
255482,North,Gizmo,520
255494,North,Gizmo,911
255501,North,Widget,824
255509,North,Widget,959
255511,North,Gadget,973
255527,North,Widget,583
255530,North,Gizmo,923
255533,North,Widget,590
255554,North,Widget,931
255569,North,Gizmo,986
255571,North,Doohickey,842
255574,North,Widget,822
255579,North,Gizmo,573
255595,North,Gizmo,505
255616,North,Gizmo,953
255621,North,Doohickey,991
255627,North,Widget,674
255634,North,Gizmo,548
255642,North,Gizmo,890
255660,North,Widget,774
255673,North,Gadget,836
255675,North,Widget,550
255683,North,Gizmo,677
255690,North,Gadget,766
255730,North,Widget,518
255734,North,Gadget,669
255747,North,Gadget,570
255756,North,Widget,688
255761,North,Widget,959
255775,North,Doohickey,656
255782,North,Gizmo,544
255794,North,Gadget,769
255799,North,Gizmo,911
255818,North,Gadget,878
255819,North,Gizmo,548
255826,North,Widget,961
255836,North,Gizmo,743
255846,North,Widget,805
255848,North,Widget,786
255863,North,Gizmo,522
255870,North,Gadget,547
255876,North,Gadget,509
255887,North,Gadget,505
255888,North,Doohickey,847
255901,North,Doohickey,824
255902,North,Widget,570
255925,North,Doohickey,986
255933,North,Doohickey,505
255934,North,Gadget,788
255946,North,Gadget,514
255950,North,Gadget,535
255961,North,Gizmo,649
255974,North,Gizmo,794
255982,North,Gizmo,883
255987,North,Widget,801
255995,North,Doohickey,967
256004,North,Gizmo,698
256011,North,Gizmo,778
256023,North,Widget,575
256024,North,Widget,998
256048,North,Doohickey,696
256051,North,Doohickey,768
256060,North,Gadget,986
256069,North,Gizmo,609
256078,North,Gizmo,919
256106,North,Widget,816
256112,North,Gizmo,651
256117,North,Gadget,971
256121,North,Gizmo,744
256134,North,Gizmo,688
256135,North,Widget,551
256149,North,Widget,627
256153,North,Gadget,771
256157,North,Doohickey,620
256158,North,Gizmo,992
256168,North,Gadget,661
256171,North,Gadget,896
256175,North,Gadget,605
256183,North,Gizmo,538
256191,North,Gizmo,623
256192,North,Doohickey,545
256202,North,Gadget,758
256204,North,Doohickey,852
256221,North,Doohickey,736
256222,North,Gadget,971
256226,North,Doohickey,737
256233,North,Gizmo,609
256246,North,Gizmo,830
256252,North,Gadget,828
256260,North,Widget,989
256283,North,Gizmo,711
256289,North,Widget,696
256297,North,Gizmo,705
256299,North,Widget,990
256306,North,Gadget,686
256307,North,Gadget,788
256310,North,Gadget,868
256314,North,Gadget,683
256331,North,Gadget,915
256333,North,Gadget,934
256335,North,Gadget,927
256337,North,Doohickey,760
256338,North,Gadget,578
256348,North,Gadget,868
256354,North,Gizmo,952
256359,North,Gizmo,770
256366,North,Doohickey,643
256369,North,Gizmo,655
256395,North,Gadget,943
256406,North,Doohickey,739
256409,North,Widget,610
256410,North,Gadget,536
256420,North,Gizmo,715
256429,North,Gizmo,697
256455,North,Gizmo,573
256472,North,Widget,831
256495,North,Widget,501
256499,North,Doohickey,972
256504,North,Widget,923
256505,North,Doohickey,713
256508,North,Doohickey,532
256527,North,Gadget,728
256536,North,Gizmo,622
256555,North,Doohickey,678
256556,North,Gizmo,700
256563,North,Doohickey,790
256564,North,Doohickey,957
256571,North,Gadget,836
256572,North,Gizmo,633
256573,North,Doohickey,836
256582,North,Gizmo,751
256587,North,Gizmo,523
256597,North,Gizmo,511
256601,North,Doohickey,520
256603,North,Gadget,858
256607,North,Gadget,928
256617,North,Widget,908
256622,North,Gizmo,894
256623,North,Doohickey,695
256645,North,Gadget,855
256646,North,Widget,566
256664,North,Gizmo,790
256670,North,Gadget,898
256671,North,Widget,694
256686,North,Doohickey,960
256687,North,Widget,734
256698,North,Doohickey,772
256716,North,Gizmo,817
256718,North,Widget,718
256729,North,Gizmo,800
256735,North,Gizmo,737
256739,North,Gizmo,724
256752,North,Gizmo,671
256758,North,Doohickey,814
256761,North,Widget,671
256767,North,Gadget,684
256768,North,Gizmo,733
256774,North,Gadget,650
256776,North,Doohickey,778
256781,North,Gizmo,731
256789,North,Gadget,770
256790,North,Widget,965
256801,North,Gadget,511
256811,North,Widget,683
256817,North,Widget,558
256827,North,Gadget,671
256839,North,Gadget,977
256851,North,Widget,938
256852,North,Gizmo,752
256854,North,Gizmo,777
256855,North,Gizmo,755
256871,North,Gadget,509
256885,North,Doohickey,578
256892,North,Gizmo,565
256900,North,Doohickey,709
256904,North,Gizmo,973
256911,North,Doohickey,534
256924,North,Gadget,514
256926,North,Gadget,736
256927,North,Doohickey,791
256932,North,Gadget,647
256946,North,Doohickey,521
256966,North,Gadget,578
256971,North,Gadget,788
256972,North,Gizmo,650
256988,North,Gadget,609
256995,North,Widget,572
257012,North,Widget,677
257017,North,Gizmo,861
257018,North,Doohickey,509
257026,North,Gadget,836
257040,North,Gadget,943
257066,North,Gadget,780
257076,North,Doohickey,588
257077,North,Widget,774
257080,North,Gadget,885
257083,North,Doohickey,735
257116,North,Widget,559
257117,North,Doohickey,827
257118,North,Gizmo,968
257122,North,Gadget,784
257134,North,Gadget,869
257136,North,Doohickey,534
257138,North,Widget,643
257140,North,Widget,509
257144,North,Gadget,902
257146,North,Gizmo,642
257150,North,Widget,791
257167,North,Widget,802
257169,North,Widget,865
257173,North,Gadget,620
257177,North,Gizmo,557
257189,North,Gadget,976
257194,North,Widget,688
257201,North,Gadget,637
257219,North,Gizmo,778
257223,North,Doohickey,501
257230,North,Gadget,924
257233,North,Gadget,914
257236,North,Doohickey,952
257242,North,Widget,729
257256,North,Widget,978
257270,North,Widget,728
257272,North,Widget,859
257277,North,Gizmo,847
257278,North,Gizmo,710
257280,North,Widget,662
257281,North,Widget,768
257294,North,Gizmo,989
257300,North,Gadget,551
257302,North,Doohickey,793
257303,North,Doohickey,648
257327,North,Doohickey,657
257331,North,Doohickey,749
257341,North,Doohickey,818
257347,North,Doohickey,585
257348,North,Gizmo,980
257360,North,Gizmo,988
257366,North,Widget,556
257372,North,Doohickey,751
257387,North,Widget,783
257388,North,Doohickey,596
257390,North,Doohickey,856
257396,North,Gadget,674
257412,North,Doohickey,630
257417,North,Doohickey,569
257418,North,Gadget,630
257422,North,Widget,947
257433,North,Gadget,784
257438,North,Gizmo,941
257439,North,Gadget,576
257450,North,Gizmo,732
257454,North,Gizmo,807
257455,North,Gadget,974
257456,North,Gizmo,727
257471,North,Gadget,602
257472,North,Doohickey,990
257497,North,Doohickey,894
257501,North,Widget,720
257502,North,Gadget,582
257511,North,Widget,515
257515,North,Widget,941
257533,North,Gadget,916
257541,North,Doohickey,581
257553,North,Gadget,613
257559,North,Doohickey,558
257562,North,Gadget,581
257566,North,Doohickey,548
257582,North,Gizmo,762
257589,North,Doohickey,584
257596,North,Gadget,600
257597,North,Doohickey,910
257601,North,Doohickey,906
257619,North,Widget,760
257630,North,Gadget,704
257635,North,Widget,965
257645,North,Gizmo,968
257647,North,Gadget,548
257658,North,Gizmo,936
257661,North,Gizmo,924
257663,North,Gadget,800
257671,North,Widget,851
257678,North,Gizmo,930
257680,North,Gadget,518
257686,North,Gadget,973
257689,North,Widget,809
257693,North,Gadget,839
257700,North,Gizmo,990
257710,North,Gizmo,841
257733,North,Doohickey,615
257743,North,Widget,659
257747,North,Doohickey,526
257752,North,Doohickey,969
257753,North,Doohickey,574
257755,North,Widget,997
257756,North,Gadget,574
257764,North,Widget,796
257774,North,Widget,574
257775,North,Widget,587
257782,North,Gizmo,676
257786,North,Gadget,744
257787,North,Doohickey,681
257788,North,Doohickey,770
257811,North,Gadget,632
257815,North,Doohickey,661
257816,North,Doohickey,867
257825,North,Gadget,669
257828,North,Gadget,609
257840,North,Doohickey,690
257851,North,Gadget,697
257861,North,Doohickey,703
257864,North,Gizmo,799
257869,North,Widget,632
257873,North,Doohickey,599
257875,North,Gadget,734
257895,North,Gadget,680
257900,North,Widget,703
257904,North,Gizmo,642
257908,North,Doohickey,714
257926,North,Gizmo,932
257932,North,Doohickey,716
257944,North,Gadget,973
257949,North,Gadget,585
257982,North,Gadget,728
257984,North,Gadget,698
257988,North,Doohickey,858
257995,North,Widget,913
258000,North,Gadget,803
258012,North,Gizmo,806
258017,North,Doohickey,771
258042,North,Widget,963
258053,North,Doohickey,711
258054,North,Gadget,668
258066,North,Doohickey,921
258080,North,Widget,670
258085,North,Gadget,939
258090,North,Doohickey,662
258091,North,Widget,634
258102,North,Gadget,943
258105,North,Gizmo,757
258122,North,Gadget,615
258123,North,Gizmo,545
258137,North,Doohickey,869
258145,North,Widget,517
258146,North,Gizmo,969
258166,North,Gizmo,778
258168,North,Doohickey,600
258195,North,Widget,553
258196,North,Doohickey,530
258202,North,Gizmo,881
258203,North,Gadget,906
258217,North,Gadget,816
258227,North,Widget,880
258230,North,Gadget,831
258235,North,Gadget,749
258252,North,Widget,957
258256,North,Gizmo,948
258259,North,Gizmo,864
258261,North,Widget,728
258269,North,Gizmo,750
258272,North,Doohickey,531
258274,North,Doohickey,919
258283,North,Gizmo,561
258290,North,Widget,771
258300,North,Gizmo,576
258302,North,Doohickey,713
258303,North,Gizmo,868
258304,North,Widget,561
258308,North,Doohickey,911
258333,North,Doohickey,993
258363,North,Doohickey,738
258374,North,Gadget,869
258381,North,Gizmo,556
258384,North,Widget,584
258385,North,Gadget,763
258391,North,Doohickey,724
258400,North,Gizmo,863
258401,North,Widget,575
258402,North,Doohickey,594
258415,North,Widget,623
258424,North,Doohickey,828
258427,North,Gizmo,655
258439,North,Gizmo,733
258440,North,Doohickey,619
258458,North,Gizmo,602
258460,North,Doohickey,596
258461,North,Gadget,654
258486,North,Doohickey,881
258496,North,Gizmo,903
258504,North,Gizmo,936
258509,North,Gadget,799
258517,North,Doohickey,803
258525,North,Gizmo,722
258536,North,Gadget,517
258545,North,Gadget,795
258549,North,Doohickey,721
258553,North,Doohickey,733
258567,North,Widget,772
258636,North,Gadget,961
258651,North,Doohickey,542
258653,North,Gizmo,974
258684,North,Gizmo,751
258687,North,Gizmo,626
258706,North,Gizmo,869
258709,North,Gizmo,516
258734,North,Gizmo,886
258739,North,Widget,810
258749,North,Widget,573
258758,North,Doohickey,520
258762,North,Widget,731
258764,North,Gadget,844
258770,North,Gizmo,593
258782,North,Widget,515
258795,North,Gizmo,934
258797,North,Gizmo,849
258801,North,Doohickey,915
258807,North,Gadget,809
258825,North,Gizmo,831
258831,North,Doohickey,738
258836,North,Gadget,698
258844,North,Widget,890
258864,North,Widget,861
258866,North,Gizmo,569
258869,North,Gizmo,776
258872,North,Doohickey,918
258897,North,Widget,503
258903,North,Doohickey,767
258904,North,Widget,531
258910,North,Doohickey,961
258915,North,Gadget,959
258923,North,Gizmo,646
258932,North,Gizmo,589
258943,North,Widget,809
258945,North,Gizmo,719
258955,North,Gizmo,924
258963,North,Doohickey,819
258973,North,Doohickey,720
258980,North,Gadget,876
258995,North,Gadget,810
259004,North,Widget,505
259028,North,Gizmo,994
259031,North,Doohickey,609
259047,North,Gizmo,977
259059,North,Gizmo,672
259083,North,Gizmo,952
259086,North,Widget,934
259094,North,Doohickey,545
259103,North,Gizmo,927
259105,North,Doohickey,898
259109,North,Doohickey,537
259111,North,Widget,834
259112,North,Gadget,709
259120,North,Gizmo,608
259121,North,Gadget,727
259125,North,Gizmo,647
259139,North,Gadget,831
259143,North,Widget,782
259162,North,Gadget,943
259163,North,Gizmo,821
259165,North,Gizmo,513
259172,North,Gizmo,710
259173,North,Gadget,631
259191,North,Gadget,567
259193,North,Gizmo,972
259196,North,Widget,584
259197,North,Widget,893
259199,North,Gadget,841
259206,North,Gizmo,605
259211,North,Gadget,712
259219,North,Gizmo,985
259235,North,Doohickey,723
259243,North,Gizmo,797
259253,North,Gadget,562
259258,North,Gadget,783
259259,North,Doohickey,781
259264,North,Widget,720
259271,North,Widget,509
259281,North,Doohickey,642
259286,North,Widget,585
259301,North,Gadget,952
259309,North,Gadget,956
259311,North,Gizmo,715
259320,North,Gadget,665
259334,North,Doohickey,699
259337,North,Gizmo,632
259338,North,Gadget,997
259340,North,Gadget,894
259342,North,Gadget,963
259363,North,Gadget,990
259366,North,Doohickey,880
259389,North,Gizmo,977
259397,North,Widget,915
259409,North,Widget,698
259426,North,Doohickey,969
259427,North,Gadget,771
259433,North,Gizmo,841
259435,North,Gadget,810
259437,North,Doohickey,615
259438,North,Gadget,921
259439,North,Gizmo,826
259443,North,Doohickey,680
259461,North,Gizmo,919
259467,North,Widget,996
259471,North,Widget,986
259488,North,Gizmo,753
259493,North,Gizmo,801
259509,North,Gadget,667
259512,North,Widget,668
259520,North,Doohickey,544
259522,North,Gadget,977
259534,North,Widget,801
259535,North,Gizmo,591
259537,North,Gizmo,878
259546,North,Widget,886
259559,North,Gadget,927
259575,North,Doohickey,590
259583,North,Doohickey,932
259584,North,Gizmo,709
259592,North,Doohickey,503
259611,North,Gadget,606
259614,North,Doohickey,647
259617,North,Doohickey,579
259619,North,Doohickey,640
259628,North,Doohickey,986
259651,North,Widget,614
259677,North,Gizmo,919
259678,North,Gizmo,695
259682,North,Doohickey,752
259686,North,Widget,523
259691,North,Gizmo,696
259692,North,Gizmo,640
259709,North,Gadget,644
259710,North,Gadget,994
259721,North,Doohickey,933
259731,North,Gizmo,603
259737,North,Doohickey,846
259739,North,Widget,703
259743,North,Gizmo,836
259764,North,Gizmo,645
259769,North,Doohickey,553
259771,North,Gizmo,930
259772,North,Widget,509
259774,North,Gadget,617
259776,North,Doohickey,881
259803,North,Gadget,575
259811,North,Gadget,796
259813,North,Gadget,735
259817,North,Widget,546
259818,North,Gizmo,702
259820,North,Gizmo,795
259826,North,Gadget,765
259845,North,Widget,721
259849,North,Doohickey,768
259861,North,Doohickey,520
259867,North,Doohickey,969
259869,North,Doohickey,919
259879,North,Doohickey,849
259881,North,Doohickey,583
259888,North,Widget,952
259913,North,Doohickey,635
259920,North,Widget,907
259927,North,Widget,990
259942,North,Widget,581
259949,North,Gizmo,693
259951,North,Doohickey,656
259957,North,Gadget,811
259960,North,Doohickey,759
259965,North,Gizmo,913
259975,North,Doohickey,735
259990,North,Gizmo,714
259996,North,Gadget,952
260004,North,Widget,607
260041,North,Gadget,597
260042,North,Widget,818
260049,North,Gizmo,784
260057,North,Gizmo,733
260061,North,Gizmo,911
260062,North,Doohickey,871
260070,North,Gizmo,586
260076,North,Gadget,558
260092,North,Gadget,675
260097,North,Doohickey,957
260109,North,Gizmo,797
260110,North,Widget,808
260111,North,Doohickey,684
260118,North,Gadget,907
260125,North,Gizmo,782
260142,North,Gadget,714
260144,North,Widget,689
260161,North,Widget,594
260186,North,Gizmo,852
260187,North,Widget,814
260197,North,Doohickey,623
260223,North,Gizmo,565
260230,North,Gizmo,701
260232,North,Gizmo,959
260241,North,Doohickey,653
260250,North,Gizmo,636
260251,North,Widget,726
260257,North,Gadget,814
260265,North,Widget,927
260269,North,Doohickey,874
260278,North,Gizmo,701
260280,North,Gizmo,853
260285,North,Gizmo,951
260286,North,Gizmo,747
260287,North,Doohickey,761
260312,North,Gadget,775
260322,North,Widget,918
260326,North,Doohickey,664
260329,North,Gadget,957
260337,North,Doohickey,684
260342,North,Gadget,660
260345,North,Widget,673
260356,North,Gadget,876
260360,North,Gadget,514
260391,North,Widget,651
260396,North,Gadget,814
260403,North,Gadget,585
260405,North,Gizmo,765
260406,North,Widget,545
260417,North,Widget,541
260440,North,Widget,902
260448,North,Gadget,844
260450,North,Gadget,847
260457,North,Widget,566
260468,North,Gadget,994
260482,North,Widget,638
260490,North,Widget,676
260491,North,Doohickey,674
260494,North,Gadget,833
260501,North,Doohickey,892
260515,North,Widget,977
260517,North,Widget,608
260528,North,Doohickey,974
260537,North,Doohickey,658
260540,North,Doohickey,755
260546,North,Gizmo,757
260550,North,Doohickey,944
260567,North,Doohickey,936
260572,North,Gadget,956
260574,North,Gizmo,576
260578,North,Widget,759
260587,North,Gadget,984
260588,North,Doohickey,902
260610,North,Doohickey,871
260613,North,Gadget,749
260614,North,Gadget,727
260622,North,Doohickey,742
260626,North,Doohickey,747
260632,North,Doohickey,881
260646,North,Gizmo,634
260666,North,Gizmo,630
260670,North,Doohickey,765
260679,North,Gadget,873
260685,North,Gizmo,975
260692,North,Gadget,573
260710,North,Gizmo,769
260719,North,Gizmo,756
260720,North,Doohickey,935
260735,North,Doohickey,553
260740,North,Gadget,897
260752,North,Gadget,639
260753,North,Doohickey,642
260760,North,Widget,819
260766,North,Doohickey,724
260779,North,Doohickey,844
260785,North,Doohickey,934
260791,North,Widget,729
260797,North,Gizmo,974
260813,North,Doohickey,877
260816,North,Doohickey,926
260823,North,Gadget,626
260826,North,Gizmo,565
260829,North,Gizmo,505
260845,North,Gadget,683
260851,North,Gadget,649
260853,North,Doohickey,833
260862,North,Gadget,501
260868,North,Widget,583
260875,North,Gadget,649
260881,North,Gizmo,704
260883,North,Gizmo,660
260897,North,Doohickey,670
260898,North,Doohickey,680
260904,North,Gizmo,783
260913,North,Gizmo,501
260920,North,Doohickey,909
260931,North,Widget,761
260932,North,Gadget,625
260934,North,Gizmo,819
260959,North,Widget,977
260964,North,Gizmo,702
260968,North,Widget,701
260976,North,Gizmo,616
260979,North,Doohickey,503
260991,North,Widget,620
260995,North,Widget,780
261011,North,Widget,788
261025,North,Doohickey,600
261036,North,Gizmo,975
261037,North,Gadget,935
261042,North,Gizmo,508
261047,North,Doohickey,508
261070,North,Gizmo,685
261077,North,Widget,543
261080,North,Gadget,737
261086,North,Gizmo,974
261100,North,Gadget,654
261101,North,Widget,680
261116,North,Gadget,622
261135,North,Widget,577
261138,North,Doohickey,982
261140,North,Gadget,888
261143,North,Gadget,927
261144,North,Doohickey,645
261168,North,Gizmo,780
261173,North,Doohickey,871
261175,North,Gadget,890
261184,North,Widget,927
261190,North,Gizmo,609
261201,North,Widget,621
261206,North,Widget,958
261207,North,Doohickey,578
261239,North,Widget,778
261240,North,Gadget,528
261262,North,Widget,655
261266,North,Widget,617
261275,North,Doohickey,654
261287,North,Gizmo,872
261291,North,Widget,647
261304,North,Doohickey,700
261322,North,Doohickey,934
261323,North,Doohickey,550
261327,North,Gizmo,520
261328,North,Doohickey,965
261334,North,Gadget,529
261352,North,Gadget,592
261356,North,Doohickey,613
261361,North,Gizmo,512
261363,North,Widget,680
261376,North,Widget,848
261387,North,Doohickey,876
261392,North,Gadget,924
261406,North,Doohickey,570
261409,North,Doohickey,710
261417,North,Gizmo,850
261419,North,Gizmo,718
261421,North,Widget,976
261426,North,Widget,960
261436,North,Gizmo,735
261438,North,Gizmo,894
261440,North,Gadget,988
261450,North,Gadget,535
261452,North,Doohickey,946
261454,North,Doohickey,559
261457,North,Doohickey,607
261464,North,Gadget,615
261492,North,Gadget,629
261499,North,Doohickey,846
261500,North,Gizmo,932
261504,North,Gadget,650
261507,North,Gadget,674
261515,North,Doohickey,617
261518,North,Gizmo,529
261521,North,Gizmo,507
261524,North,Widget,566
261535,North,Doohickey,955
261565,North,Widget,897
261571,North,Doohickey,659
261583,North,Doohickey,736
261589,North,Doohickey,950
261592,North,Doohickey,742
261601,North,Gizmo,608
261604,North,Widget,706
261625,North,Gadget,670
261644,North,Gadget,788
261650,North,Widget,598
261686,North,Gadget,850
261688,North,Gizmo,986
261699,North,Gadget,530
261708,North,Gadget,562
261713,North,Gizmo,743
261718,North,Doohickey,714
261730,North,Doohickey,629
261753,North,Widget,751
261766,North,Gadget,561
261782,North,Gadget,683
261791,North,Gizmo,649
261796,North,Gizmo,781
261797,North,Gadget,752
261798,North,Doohickey,953
261800,North,Widget,830
261805,North,Doohickey,645
261810,North,Gadget,906
261811,North,Doohickey,983
261816,North,Doohickey,894
261820,North,Gizmo,809
261826,North,Widget,884
261843,North,Gizmo,998
261847,North,Widget,817
261850,North,Doohickey,708
261861,North,Gizmo,839
261873,North,Gizmo,810
261882,North,Gizmo,726
261903,North,Gadget,562
261913,North,Widget,790
261918,North,Widget,852
261923,North,Widget,978
261939,North,Doohickey,902
261943,North,Widget,524
261947,North,Doohickey,916
261950,North,Gadget,767
261951,North,Doohickey,780
261955,North,Widget,677
261959,North,Widget,552
261972,North,Gizmo,535
261986,North,Gadget,722
261996,North,Widget,556
262012,North,Doohickey,737
262033,North,Gadget,641
262035,North,Doohickey,883
262039,North,Gadget,926
262040,North,Widget,796
262041,North,Gadget,905
262051,North,Doohickey,996
262061,North,Widget,611
262079,North,Gizmo,782
262084,North,Widget,612
262088,North,Doohickey,657
262095,North,Gizmo,772
262097,North,Gizmo,780
262099,North,Widget,636
262103,North,Widget,740
262108,North,Widget,781
262110,North,Gadget,520
262113,North,Doohickey,524
262120,North,Widget,588
262130,North,Gadget,600
262131,North,Gadget,503
262141,North,Gizmo,806
262162,North,Widget,919
262178,North,Gadget,750
262200,North,Gadget,544
262206,North,Widget,866
262213,North,Gadget,871
262215,North,Doohickey,546
262225,North,Widget,655
262237,North,Gizmo,514
262244,North,Gizmo,876
262271,North,Doohickey,883
262273,North,Doohickey,570
262277,North,Gadget,674
262282,North,Widget,638
262284,North,Doohickey,680
262289,North,Gadget,667
262301,North,Widget,646
262302,North,Widget,710
262310,North,Gizmo,731
262315,North,Gadget,927
262316,North,Doohickey,570
262317,North,Gizmo,919
262318,North,Doohickey,601
262323,North,Gizmo,799
262324,North,Gadget,630
262332,North,Gadget,798
262338,North,Gizmo,578
262367,North,Gadget,960
262369,North,Gizmo,989
262370,North,Gadget,509
262397,North,Gadget,589
262404,North,Gadget,664
262411,North,Widget,732
262412,North,Gizmo,615
262420,North,Gadget,964
262432,North,Doohickey,648
262439,North,Gadget,805
262441,North,Gadget,759
262443,North,Doohickey,842
262456,North,Doohickey,626
262457,North,Widget,573
262469,North,Gizmo,687
262472,North,Doohickey,915
262483,North,Widget,923
262501,North,Gizmo,545
262502,North,Widget,790
262512,North,Widget,761
262513,North,Widget,601
262530,North,Gadget,802
262531,North,Gizmo,699
262538,North,Gadget,536
262545,North,Gizmo,647
262546,North,Gizmo,582
262547,North,Gadget,840
262561,North,Gadget,793
262568,North,Gizmo,514
262590,North,Gadget,934
262596,North,Gadget,634
262597,North,Doohickey,643
262599,North,Gizmo,773
262613,North,Gadget,708
262622,North,Gizmo,505
262627,North,Gadget,529
262630,North,Gadget,838
262646,North,Doohickey,806
262647,North,Doohickey,884
262648,North,Doohickey,771
262655,North,Gadget,843
262657,North,Doohickey,835
262671,North,Gadget,967
262687,North,Widget,810
262688,North,Gizmo,928
262709,North,Gadget,766
262711,North,Doohickey,764
262720,North,Widget,602
262733,North,Gizmo,704
262758,North,Gadget,973
262764,North,Gizmo,570
262777,North,Doohickey,906
262778,North,Doohickey,679
262779,North,Gadget,565
262789,North,Doohickey,598
262797,North,Doohickey,899
262798,North,Gadget,676
262801,North,Widget,627
262803,North,Gizmo,813
262806,North,Widget,636
262823,North,Doohickey,860
262825,North,Gadget,594
262836,North,Gadget,545
262851,North,Widget,554
262853,North,Widget,852
262857,North,Gadget,918
262866,North,Gizmo,561
262876,North,Doohickey,827
262878,North,Doohickey,984
262897,North,Gadget,817
262903,North,Doohickey,523
262913,North,Gizmo,631
262925,North,Widget,801
262940,North,Gizmo,982
262949,North,Widget,554
262959,North,Doohickey,898
262961,North,Gadget,528
262969,North,Gizmo,994
262972,North,Gadget,942
262984,North,Gadget,553
262993,North,Doohickey,650
263003,North,Gadget,699
263005,North,Widget,961
263009,North,Doohickey,934
263022,North,Gizmo,791
263030,North,Gizmo,658
263034,North,Doohickey,780
263036,North,Gizmo,640
263063,North,Doohickey,773
263065,North,Gizmo,515
263067,North,Gizmo,636
263071,North,Widget,653
263074,North,Gizmo,658
263076,North,Gadget,935
263081,North,Gizmo,525
263084,North,Doohickey,578
263085,North,Widget,779
263086,North,Gadget,608
263089,North,Widget,591
263092,North,Doohickey,606
263096,North,Doohickey,527
263105,North,Widget,707
263107,North,Widget,608
263109,North,Doohickey,992
263115,North,Gadget,814
263124,North,Gizmo,729
263147,North,Doohickey,674
263152,North,Gizmo,877
263155,North,Doohickey,964
263157,North,Gadget,750
263159,North,Gadget,963
263171,North,Widget,606
263181,North,Gadget,966
263194,North,Gadget,541
263197,North,Doohickey,613
263208,North,Doohickey,960
263216,North,Doohickey,883
263221,North,Widget,726
263222,North,Gadget,861
263227,North,Gizmo,933
263231,North,Doohickey,756
263234,North,Widget,640
263241,North,Gizmo,834
263263,North,Gadget,786
263284,North,Gizmo,755
263290,North,Gadget,950
263337,North,Gadget,966
263338,North,Doohickey,846
263339,North,Doohickey,991
263351,North,Gizmo,567
263353,North,Widget,825
263355,North,Widget,844
263357,North,Doohickey,858
263360,North,Gadget,783
263361,North,Gizmo,902
263371,North,Gadget,946
263386,North,Gadget,603
263394,North,Widget,773
263401,North,Gadget,931
263407,North,Gadget,516
263410,North,Doohickey,616
263413,North,Gadget,559
263415,North,Doohickey,662
263417,North,Widget,902
263423,North,Widget,853
263440,North,Widget,561
263441,North,Widget,863
263442,North,Doohickey,972
263444,North,Widget,558
263450,North,Gadget,628
263464,North,Doohickey,830
263475,North,Widget,710
263477,North,Doohickey,890
263480,North,Widget,522
263488,North,Widget,625
263491,North,Doohickey,778
263494,North,Gizmo,830
263503,North,Gadget,718
263508,North,Gizmo,800
263509,North,Doohickey,746
263511,North,Gadget,969
263521,North,Gizmo,993
263531,North,Gizmo,768
263532,North,Widget,876
263553,North,Widget,579
263556,North,Gizmo,826
263564,North,Widget,522
263574,North,Gizmo,573
263577,North,Gadget,551
263579,North,Doohickey,547
263581,North,Gadget,781
263584,North,Widget,838
263585,North,Gadget,615
263601,North,Doohickey,589
263603,North,Doohickey,808
263607,North,Gizmo,662
263612,North,Widget,839
263613,North,Gadget,530
263614,North,Widget,617
263621,North,Widget,959
263622,North,Gadget,963
263624,North,Doohickey,865
263630,North,Gizmo,958
263632,North,Doohickey,967
263642,North,Widget,657
263643,North,Doohickey,775
263661,North,Gadget,856
263673,North,Gizmo,811
263674,North,Widget,978
263675,North,Widget,727
263680,North,Gadget,857
263697,North,Gizmo,952
263710,North,Doohickey,692
263714,North,Gizmo,575
263736,North,Gadget,933
263762,North,Widget,858
263768,North,Doohickey,865
263770,North,Widget,867
263781,North,Widget,651
263797,North,Widget,513
263820,North,Widget,658
263824,North,Gadget,969
263832,North,Gadget,546
263836,North,Doohickey,629
263842,North,Doohickey,763
263851,North,Gizmo,773
263859,North,Doohickey,636
263873,North,Widget,544
263877,North,Gizmo,857
263880,North,Gizmo,927
263888,North,Doohickey,620
263890,North,Widget,640
263897,North,Gadget,768
263901,North,Widget,897
263918,North,Doohickey,767
263937,North,Widget,560
263940,North,Widget,961
263942,North,Gizmo,623
263944,North,Widget,993
263945,North,Doohickey,966
263948,North,Widget,629
263957,North,Doohickey,948
263959,North,Gadget,750
263979,North,Widget,857
263987,North,Doohickey,542
264008,North,Doohickey,762
264034,North,Gadget,553
264047,North,Doohickey,795
264055,North,Widget,722
264060,North,Widget,619
264064,North,Widget,716
264095,North,Gadget,663
264098,North,Gizmo,542
264102,North,Doohickey,687
264103,North,Widget,936
264106,North,Doohickey,957
264112,North,Doohickey,693
264115,North,Gadget,669
264121,North,Gizmo,682
264122,North,Gizmo,671
264124,North,Gizmo,702
264132,North,Doohickey,775
264142,North,Gizmo,924
264150,North,Gadget,671
264155,North,Gadget,727
264167,North,Doohickey,858
264177,North,Gizmo,529
264188,North,Gadget,554
264201,North,Widget,787
264202,North,Doohickey,828
264206,North,Doohickey,628
264216,North,Gadget,583
264218,North,Widget,959
264222,North,Doohickey,562
264224,North,Widget,539
264231,North,Gizmo,557
264234,North,Widget,802
264239,North,Doohickey,508
264240,North,Doohickey,840
264265,North,Widget,641
264267,North,Doohickey,504
264271,North,Widget,695
264272,North,Widget,897
264273,North,Widget,805
264280,North,Gadget,800
264289,North,Gizmo,943
264297,North,Gizmo,753
264301,North,Doohickey,799
264304,North,Doohickey,589
264337,North,Gizmo,668
264344,North,Widget,916
264346,North,Widget,702
264354,North,Gizmo,621
264356,North,Widget,644
264360,North,Widget,792
264364,North,Doohickey,769
264366,North,Widget,844
264388,North,Widget,733
264405,North,Gizmo,969
264409,North,Gizmo,622
264413,North,Gizmo,659
264417,North,Widget,976
264420,North,Doohickey,608
264429,North,Gadget,834
264435,North,Doohickey,789
264453,North,Widget,824
264456,North,Gadget,604
264460,North,Widget,656
264464,North,Widget,706
264471,North,Gadget,848
264480,North,Doohickey,925
264510,North,Widget,906
264524,North,Gizmo,886
264537,North,Gizmo,905
264543,North,Widget,852
264545,North,Widget,842
264552,North,Widget,836
264568,North,Doohickey,529
264573,North,Gadget,903
264575,North,Doohickey,515
264576,North,Gizmo,730
264577,North,Gizmo,653
264594,North,Doohickey,822
264604,North,Gizmo,940
264611,North,Doohickey,643
264613,North,Gizmo,861
264624,North,Gadget,629
264625,North,Gadget,652
264632,North,Doohickey,579
264651,North,Gizmo,595
264652,North,Widget,927
264654,North,Widget,579
264657,North,Doohickey,571
264678,North,Doohickey,517
264679,North,Widget,778
264686,North,Widget,966
264687,North,Gadget,910
264694,North,Widget,622
264700,North,Doohickey,785
264702,North,Gizmo,803
264703,North,Doohickey,882
264706,North,Gizmo,658
264709,North,Widget,994
264713,North,Gizmo,792
264729,North,Gadget,668
264751,North,Gadget,756
264763,North,Gadget,602
264786,North,Doohickey,751
264791,North,Gizmo,931
264793,North,Doohickey,814
264794,North,Doohickey,528
264797,North,Gadget,755
264811,North,Widget,894
264820,North,Widget,905
264822,North,Widget,740
264824,North,Gizmo,682
264828,North,Gizmo,717
264836,North,Gadget,852
264841,North,Gadget,851
264861,North,Gadget,661
264865,North,Widget,673
264866,North,Widget,652
264869,North,Doohickey,581
264870,North,Doohickey,518
264873,North,Gadget,766
264875,North,Gadget,751
264879,North,Gizmo,947
264898,North,Gizmo,680
264905,North,Gadget,994
264907,North,Doohickey,802
264914,North,Widget,847
264919,North,Gizmo,545
264920,North,Gizmo,857
264924,North,Gizmo,594
264943,North,Widget,999
264955,North,Gadget,635
264962,North,Gizmo,835
264964,North,Doohickey,927
264982,North,Widget,527
264985,North,Doohickey,675
264988,North,Widget,966
264990,North,Gizmo,891
265002,North,Gizmo,565
265013,North,Gadget,701
265016,North,Widget,926
265017,North,Doohickey,740
265018,North,Widget,618
265026,North,Gizmo,610
265032,North,Widget,861
265043,North,Gadget,689
265057,North,Gizmo,640
265060,North,Widget,777
265061,North,Gadget,806
265072,North,Doohickey,637
265077,North,Doohickey,805
265080,North,Gadget,886
265084,North,Widget,897
265107,North,Doohickey,533
265109,North,Doohickey,844
265113,North,Gizmo,885
265117,North,Gadget,559
265119,North,Widget,540
265121,North,Gizmo,977
265127,North,Widget,538
265141,North,Gizmo,611
265145,North,Gadget,562
265150,North,Gadget,744
265162,North,Doohickey,556
265170,North,Gizmo,724
265173,North,Gizmo,773
265174,North,Doohickey,560
265179,North,Widget,947
265190,North,Gizmo,816
265191,North,Doohickey,527
265192,North,Widget,980
265194,North,Gizmo,835
265198,North,Doohickey,654
265199,North,Gizmo,588
265202,North,Gadget,628
265210,North,Widget,602
265227,North,Gizmo,994
265244,North,Doohickey,647
265249,North,Gadget,623
265263,North,Gadget,926
265265,North,Widget,885
265273,North,Gadget,597
265285,North,Widget,761
265289,North,Doohickey,617
265291,North,Doohickey,591
265296,North,Widget,725
265298,North,Widget,936
265303,North,Doohickey,699
265305,North,Gizmo,992
265306,North,Widget,547
265308,North,Gadget,932
265314,North,Doohickey,835
265323,North,Widget,533
265325,North,Gadget,932
265332,North,Widget,660
265341,North,Doohickey,661
265353,North,Gadget,609
265355,North,Widget,570
265363,North,Doohickey,722
265365,North,Widget,607
265373,North,Doohickey,557
265376,North,Gizmo,505
265383,North,Gadget,762
265390,North,Doohickey,928
265405,North,Gadget,877
265406,North,Doohickey,872
265407,North,Gadget,576
265424,North,Doohickey,711
265434,North,Doohickey,927
265435,North,Gadget,630
265447,North,Doohickey,603
265466,North,Gizmo,861
265485,North,Widget,541
265488,North,Gadget,698
265494,North,Gizmo,867
265496,North,Gadget,885
265498,North,Doohickey,635
265502,North,Gadget,527
265534,North,Doohickey,532
265543,North,Gizmo,974
265560,North,Gadget,591
265567,North,Gizmo,571
265604,North,Doohickey,897
265605,North,Gadget,686
265609,North,Widget,911
265612,North,Widget,552
265614,North,Widget,918
265620,North,Widget,758
265621,North,Gadget,802
265624,North,Widget,546
265628,North,Gizmo,802
265634,North,Gadget,849
265635,North,Gizmo,667
265655,North,Gadget,728
265670,North,Widget,662
265675,North,Widget,599
265676,North,Doohickey,861
265683,North,Doohickey,529
265692,North,Gizmo,594
265698,North,Widget,806
265705,North,Gadget,950
265712,North,Gadget,701
265713,North,Doohickey,833
265722,North,Doohickey,760
265723,North,Doohickey,731
265724,North,Widget,511
265748,North,Doohickey,876
265751,North,Doohickey,590
265755,North,Doohickey,748
265760,North,Doohickey,528
265768,North,Gadget,786
265770,North,Widget,603
265771,North,Doohickey,769
265789,North,Gizmo,769
265796,North,Gadget,789
265817,North,Doohickey,686
265824,North,Doohickey,663
265833,North,Gizmo,508
265839,North,Doohickey,877
265844,North,Gizmo,835
265851,North,Gizmo,902
265859,North,Gizmo,729
265870,North,Gadget,713
265883,North,Doohickey,959
265911,North,Widget,978
265915,North,Gizmo,622
265939,North,Gadget,922
265956,North,Gizmo,944
265962,North,Gizmo,546
265970,North,Doohickey,884
265979,North,Gizmo,893
265990,North,Gadget,951
265992,North,Gadget,679
265993,North,Gizmo,927
266001,North,Gizmo,780
266021,North,Gadget,803
266026,North,Gizmo,725
266031,North,Widget,878
266041,North,Gadget,932
266056,North,Widget,822
266065,North,Widget,699
266094,North,Gizmo,881
266095,North,Gizmo,863
266110,North,Widget,526
266112,North,Doohickey,589
266139,North,Gadget,981
266140,North,Widget,663
266159,North,Widget,869
266176,North,Gizmo,852
266191,North,Gadget,623
266208,North,Gadget,633
266210,North,Gadget,878
266229,North,Doohickey,695
266235,North,Doohickey,581
266248,North,Gizmo,680
266273,North,Doohickey,990
266282,North,Gizmo,801
266283,North,Doohickey,721
266296,North,Gizmo,598
266297,North,Gizmo,586
266306,North,Gizmo,595
266334,North,Widget,958
266337,North,Widget,670
266339,North,Gadget,696
266349,North,Widget,686
266360,North,Gadget,543
266382,North,Widget,919
266391,North,Widget,761
266394,North,Gadget,575
266396,North,Gizmo,767
266404,North,Gadget,972
266412,North,Gadget,770
266431,North,Gadget,592
266434,North,Gizmo,640
266443,North,Gadget,971
266465,North,Widget,961
266471,North,Gadget,861
266494,North,Widget,852
266495,North,Gadget,832
266497,North,Gadget,582
266511,North,Widget,567
266522,North,Gadget,874
266527,North,Doohickey,615
266529,North,Gizmo,751
266531,North,Widget,874
266546,North,Doohickey,618
266560,North,Doohickey,673
266567,North,Widget,917
266571,North,Widget,827
266574,North,Doohickey,550
266577,North,Gizmo,592
266579,North,Gizmo,875
266596,North,Widget,810
266598,North,Widget,754
266606,North,Doohickey,853
266623,North,Widget,706
266624,North,Doohickey,927
266634,North,Gadget,960
266637,North,Gizmo,991
266638,North,Widget,655
266647,North,Widget,727
266648,North,Gizmo,551
266657,North,Widget,798
266672,North,Gizmo,532
266673,North,Gizmo,670
266679,North,Gizmo,753
266694,North,Gizmo,960
266699,North,Doohickey,958
266713,North,Gizmo,535
266720,North,Doohickey,858
266737,North,Gadget,977
266744,North,Widget,616
266746,North,Doohickey,824
266767,North,Gadget,786
266771,North,Doohickey,534
266782,North,Gadget,670
266788,North,Doohickey,777
266835,North,Widget,713
266844,North,Gadget,927
266855,North,Widget,729
266864,North,Doohickey,528
266867,North,Gizmo,634
266875,North,Gizmo,860
266901,North,Gadget,786
266907,North,Gadget,753
266912,North,Widget,869
266916,North,Widget,687
266919,North,Doohickey,512
266943,North,Gadget,584
266944,North,Gizmo,640
266950,North,Doohickey,957
266957,North,Widget,569
266966,North,Doohickey,971
266967,North,Widget,759
266979,North,Gadget,738
266997,North,Gadget,913
267007,North,Gadget,702
267009,North,Widget,571
267013,North,Gadget,896
267014,North,Gizmo,742
267022,North,Gizmo,936
267064,North,Gadget,514
267072,North,Widget,878
267075,North,Doohickey,873
267079,North,Doohickey,698
267080,North,Doohickey,616
267091,North,Doohickey,961
267097,North,Doohickey,515
267100,North,Gizmo,938
267103,North,Gizmo,798
267114,North,Widget,833
267115,North,Gadget,535
267117,North,Gadget,538
267122,North,Gadget,798
267136,North,Widget,683
267138,North,Gizmo,655
267140,North,Doohickey,756
267142,North,Gizmo,731
267153,North,Gizmo,539
267155,North,Doohickey,872
267157,North,Doohickey,978
267162,North,Doohickey,952
267167,North,Gadget,529
267176,North,Widget,572
267192,North,Gizmo,688
267194,North,Gizmo,689
267198,North,Gizmo,714
267218,North,Doohickey,994
267220,North,Gadget,889
267225,North,Widget,629
267238,North,Gizmo,963
267244,North,Widget,577
267247,North,Widget,969
267265,North,Gadget,513
267268,North,Gizmo,744
267279,North,Widget,960
267292,North,Doohickey,694
267300,North,Widget,550
267307,North,Doohickey,964
267319,North,Widget,715
267322,North,Widget,633
267324,North,Gizmo,755
267329,North,Doohickey,844
267336,North,Gadget,567
267340,North,Gizmo,738
267356,North,Gadget,644
267365,North,Widget,634
267369,North,Gadget,540
267414,North,Gizmo,728
267415,North,Gadget,848
267420,North,Doohickey,832
267429,North,Gizmo,959
267437,North,Doohickey,839
267438,North,Gadget,758
267440,North,Gadget,762
267441,North,Gizmo,973
267446,North,Doohickey,575
267450,North,Gizmo,821
267452,North,Doohickey,576
267460,North,Gizmo,677
267471,North,Doohickey,790
267473,North,Doohickey,600
267477,North,Gizmo,806
267486,North,Gadget,693
267497,North,Gadget,986
267557,North,Widget,980
267563,North,Gizmo,655
267582,North,Widget,803
267593,North,Widget,902
267598,North,Widget,946
267613,North,Widget,608
267621,North,Gizmo,991
267623,North,Gadget,880
267637,North,Widget,537
267640,North,Widget,687
267657,North,Gizmo,748
267661,North,Widget,591
267674,North,Widget,663
267676,North,Gadget,794
267682,North,Widget,843
267686,North,Gizmo,788
267687,North,Widget,813
267690,North,Widget,828
267703,North,Widget,653
267704,North,Gizmo,908
267721,North,Widget,841
267729,North,Widget,789
267732,North,Gizmo,656
267734,North,Widget,952
267737,North,Widget,646
267748,North,Widget,971
267755,North,Gizmo,621
267758,North,Gizmo,644
267764,North,Widget,986
267765,North,Gadget,557
267767,North,Gizmo,791
267777,North,Gizmo,828
267784,North,Gadget,643
267786,North,Gadget,725
267788,North,Doohickey,554
267791,North,Doohickey,750
267795,North,Gizmo,790
267804,North,Doohickey,825
267815,North,Doohickey,524
267817,North,Widget,605
267823,North,Gizmo,599
267824,North,Widget,883
267825,North,Gadget,690
267834,North,Gadget,692
267854,North,Doohickey,716
267864,North,Gadget,756
267871,North,Doohickey,747
267873,North,Doohickey,994
267885,North,Widget,824
267887,North,Widget,832
267888,North,Widget,511
267889,North,Gizmo,731
267902,North,Widget,849
267935,North,Gizmo,834
267947,North,Gadget,927
267957,North,Doohickey,956
267962,North,Widget,781
267966,North,Gizmo,550
267967,North,Gizmo,730
267974,North,Widget,873
267975,North,Gizmo,772
267977,North,Gadget,590
267980,North,Doohickey,661
267985,North,Gadget,852
267987,North,Doohickey,507
267991,North,Doohickey,615
267992,North,Doohickey,695
268021,North,Gadget,919
268048,North,Gizmo,615
268051,North,Widget,996
268066,North,Gizmo,885
268070,North,Gadget,534
268071,North,Doohickey,596
268082,North,Widget,744
268087,North,Gadget,844
268096,North,Doohickey,583
268100,North,Widget,639
268102,North,Widget,777
268105,North,Widget,770
268111,North,Gadget,846
268117,North,Widget,634
268135,North,Widget,1000
268155,North,Gizmo,753
268168,North,Doohickey,699
268183,North,Gizmo,611
268189,North,Doohickey,900
268192,North,Doohickey,744
268197,North,Doohickey,721
268202,North,Gizmo,553
268221,North,Doohickey,501
268227,North,Widget,827
268228,North,Doohickey,582
268234,North,Widget,944
268240,North,Doohickey,811
268246,North,Gadget,908
268249,North,Gadget,527
268250,North,Widget,730
268257,North,Widget,963
268258,North,Gizmo,503
268266,North,Gadget,692
268267,North,Widget,528
268270,North,Gadget,856
268276,North,Doohickey,615
268284,North,Widget,652
268300,North,Doohickey,632
268309,North,Widget,703
268319,North,Gizmo,599
268330,North,Widget,910
268332,North,Widget,695
268335,North,Gizmo,694
268341,North,Gizmo,601
268353,North,Widget,549
268356,North,Doohickey,755
268359,North,Widget,754
268361,North,Doohickey,902
268362,North,Gizmo,822
268374,North,Gizmo,860
268381,North,Gadget,948
268395,North,Doohickey,769
268420,North,Gizmo,571
268432,North,Gizmo,897
268440,North,Doohickey,894
268441,North,Gizmo,868
268443,North,Gizmo,756
268446,North,Widget,982
268447,North,Gadget,809
268477,North,Gadget,732
268489,North,Gizmo,821
268493,North,Gadget,839
268501,North,Doohickey,906
268512,North,Widget,915
268521,North,Gizmo,727
268539,North,Widget,810
268555,North,Gadget,763
268561,North,Gizmo,877
268569,North,Gadget,535
268571,North,Gadget,741
268572,North,Gadget,981
268581,North,Doohickey,844
268595,North,Widget,975
268614,North,Gizmo,515
268631,North,Widget,552
268640,North,Doohickey,657
268651,North,Gizmo,627
268661,North,Gadget,972
268669,North,Gadget,827
268671,North,Doohickey,595
268674,North,Gadget,925
268691,North,Widget,726
268697,North,Doohickey,693
268707,North,Doohickey,563
268723,North,Doohickey,992
268725,North,Gadget,561
268726,North,Gizmo,564
268727,North,Gizmo,838
268731,North,Gizmo,986
268742,North,Widget,693
268754,North,Doohickey,938
268763,North,Doohickey,571
268768,North,Widget,907
268769,North,Gadget,587
268771,North,Gadget,561
268773,North,Gadget,643
268776,North,Gadget,952
268780,North,Widget,735
268788,North,Gadget,994
268794,North,Gadget,790
268802,North,Gadget,766
268805,North,Gizmo,896
268812,North,Doohickey,560
268825,North,Doohickey,717
268829,North,Gadget,652
268830,North,Gizmo,772
268832,North,Doohickey,521
268835,North,Gadget,952
268846,North,Widget,768
268859,North,Widget,733
268864,North,Widget,637
268869,North,Gizmo,575
268901,North,Widget,509
268917,North,Widget,872
268929,North,Gizmo,661
268931,North,Gizmo,615
268936,North,Widget,748
268946,North,Doohickey,770
268971,North,Gizmo,603
268980,North,Widget,866
268983,North,Gadget,656
268986,North,Doohickey,969
269002,North,Gizmo,685
269008,North,Gadget,882
269009,North,Widget,801
269028,North,Gizmo,952
269041,North,Widget,773
269044,North,Gizmo,666
269051,North,Gadget,729
269057,North,Widget,617
269059,North,Doohickey,940
269068,North,Gizmo,851
269074,North,Gizmo,924
269080,North,Gadget,568
269095,North,Gizmo,857
269097,North,Gizmo,534
269112,North,Gadget,863
269114,North,Widget,827
269134,North,Doohickey,919
269136,North,Doohickey,844
269145,North,Gizmo,974
269162,North,Doohickey,710
269164,North,Doohickey,765
269172,North,Gadget,983
269204,North,Doohickey,617
269205,North,Doohickey,911
269210,North,Widget,750
269211,North,Gadget,825
269215,North,Gadget,901
269216,North,Doohickey,765
269223,North,Gizmo,755
269232,North,Gizmo,952
269233,North,Gadget,661
269234,North,Widget,671
269252,North,Widget,849
269256,North,Gizmo,864
269257,North,Gizmo,653
269260,North,Gadget,891
269272,North,Doohickey,733
269307,North,Doohickey,993
269310,North,Gizmo,532
269311,North,Gadget,518
269321,North,Gadget,696
269360,North,Doohickey,586
269364,North,Widget,891
269368,North,Widget,949
269372,North,Gadget,755
269373,North,Widget,816
269380,North,Gizmo,808
269382,North,Gadget,832
269410,North,Gadget,733
269413,North,Doohickey,676
269424,North,Widget,791
269439,North,Doohickey,689
269442,North,Gizmo,809
269447,North,Widget,681
269448,North,Gizmo,922
269452,North,Gadget,740
269465,North,Doohickey,507
269466,North,Doohickey,631
269480,North,Doohickey,994
269499,North,Doohickey,881
269502,North,Gizmo,883
269546,North,Widget,571
269559,North,Widget,585
269561,North,Gizmo,743
269566,North,Gadget,573
269574,North,Gizmo,953
269579,North,Gizmo,745
269580,North,Doohickey,544
269598,North,Doohickey,557
269615,North,Gadget,921
269631,North,Gizmo,761
269643,North,Widget,798
269652,North,Widget,971
269654,North,Doohickey,634
269660,North,Gadget,503
269672,North,Gadget,658
269687,North,Doohickey,580
269696,North,Gadget,893
269703,North,Gizmo,729
269704,North,Gadget,638
269714,North,Gizmo,717
269719,North,Widget,819
269745,North,Doohickey,949
269749,North,Gadget,871
269759,North,Doohickey,763
269760,North,Gizmo,850
269763,North,Widget,893
269764,North,Doohickey,876
269767,North,Widget,768
269773,North,Widget,838
269777,North,Gizmo,522
269778,North,Doohickey,861
269781,North,Widget,881
269794,North,Doohickey,915
269819,North,Widget,884
269831,North,Doohickey,790
269846,North,Widget,642
269848,North,Gizmo,761
269849,North,Widget,617
269875,North,Doohickey,840
269879,North,Gadget,844
269886,North,Widget,572
269900,North,Gadget,527
269917,North,Doohickey,750
269922,North,Gizmo,774
269933,North,Gizmo,674
269947,North,Doohickey,511
269950,North,Doohickey,928
269966,North,Gizmo,652
269969,North,Doohickey,991
269970,North,Gizmo,867
269977,North,Doohickey,593
269979,North,Doohickey,913
269981,North,Widget,981
269982,North,Widget,625
269985,North,Gadget,710
270000,North,Doohickey,603
270004,North,Widget,714
270005,North,Widget,589
270011,North,Gadget,780
270022,North,Widget,769
270023,North,Gadget,566
270029,North,Gizmo,949
270030,North,Gadget,525
270037,North,Widget,745
270044,North,Gizmo,761
270050,North,Gadget,650
270054,North,Doohickey,555
270070,North,Doohickey,546
270074,North,Widget,505
270092,North,Gadget,906
270108,North,Doohickey,702
270114,North,Doohickey,772
270115,North,Doohickey,763
270124,North,Doohickey,896
270129,North,Doohickey,963
270149,North,Doohickey,565
270152,North,Gadget,734
270160,North,Gadget,766
270163,North,Doohickey,888
270167,North,Gizmo,585
270172,North,Doohickey,607
270180,North,Gadget,773
270185,North,Gizmo,819
270186,North,Doohickey,741
270187,North,Gizmo,767
270195,North,Gadget,931
270196,North,Gadget,885
270199,North,Doohickey,619
270215,North,Doohickey,844
270218,North,Widget,785
270241,North,Doohickey,554
270250,North,Widget,726
270261,North,Gadget,978
270266,North,Widget,872
270268,North,Widget,707
270269,North,Gizmo,832
270277,North,Widget,697
270284,North,Widget,749
270285,North,Doohickey,865
270287,North,Gadget,501
270290,North,Doohickey,685
270292,North,Doohickey,890
270298,North,Widget,836
270307,North,Doohickey,881
270311,North,Doohickey,889
270337,North,Gadget,545
270339,North,Gizmo,611
270348,North,Doohickey,722
270354,North,Doohickey,982
270362,North,Gadget,560
270374,North,Widget,592
270377,North,Doohickey,975
270387,North,Doohickey,865
270398,North,Widget,766
270402,North,Gadget,927
270412,North,Gizmo,665
270415,North,Widget,746
270425,North,Doohickey,553
270430,North,Widget,590
270451,North,Doohickey,636
270467,North,Doohickey,876
270468,North,Doohickey,722
270469,North,Widget,867
270472,North,Doohickey,794
270475,North,Gadget,646
270478,North,Gadget,605
270482,North,Doohickey,539
270484,North,Gizmo,816
270498,North,Widget,986
270516,North,Widget,866
270520,North,Doohickey,894
270534,North,Gadget,770
270537,North,Widget,976
270540,North,Widget,503
270557,North,Widget,776
270566,North,Gadget,600
270574,North,Gadget,617
270580,North,Doohickey,998
270582,North,Gizmo,815
270585,North,Gizmo,955
270586,North,Widget,598
270617,North,Doohickey,618
270626,North,Gizmo,512
270631,North,Doohickey,988
270651,North,Doohickey,616
270655,North,Doohickey,849
270659,North,Gadget,783
270660,North,Widget,504
270661,North,Gadget,522
270681,North,Gadget,861
270684,North,Widget,665
270691,North,Doohickey,767
270705,North,Gizmo,915
270710,North,Widget,554
270728,North,Doohickey,723
270752,North,Widget,950
270764,North,Gizmo,512
270770,North,Doohickey,696
270775,North,Gadget,704
270783,North,Gizmo,724
270797,North,Doohickey,537
270804,North,Doohickey,648
270805,North,Doohickey,595
270811,North,Gizmo,508
270814,North,Gadget,606
270817,North,Doohickey,750
270826,North,Widget,957
270842,North,Gadget,857
270849,North,Gizmo,896
270852,North,Doohickey,926
270883,North,Doohickey,527
270889,North,Gadget,948
270891,North,Gizmo,536
270899,North,Gizmo,808
270907,North,Widget,846
270910,North,Widget,783
270912,North,Widget,699
270915,North,Doohickey,781
270919,North,Gadget,915
270928,North,Gadget,926
270934,North,Gizmo,585
270936,North,Widget,669
270941,North,Widget,844
270947,North,Gizmo,535
270954,North,Gadget,916
270964,North,Widget,532
270969,North,Doohickey,807
270971,North,Widget,855
270978,North,Gadget,821
270980,North,Gizmo,513
270982,North,Widget,853
271016,North,Widget,598
271021,North,Gizmo,545
271027,North,Gadget,683
271037,North,Doohickey,508
271076,North,Widget,902
271083,North,Gizmo,881
271094,North,Gizmo,874
271095,North,Gizmo,601
271115,North,Widget,624
271116,North,Doohickey,750
271123,North,Widget,809
271126,North,Doohickey,591
271137,North,Doohickey,733
271157,North,Widget,809
271160,North,Gadget,755
271173,North,Widget,934
271187,North,Gizmo,976
271190,North,Widget,679
271196,North,Gadget,830
271207,North,Doohickey,690
271213,North,Widget,777
271221,North,Gizmo,663
271229,North,Gizmo,773
271242,North,Doohickey,971
271246,North,Gizmo,776
271249,North,Widget,791
271251,North,Gizmo,892
271253,North,Gadget,922
271261,North,Doohickey,788
271273,North,Gadget,681
271274,North,Doohickey,748
271276,North,Doohickey,686
271279,North,Widget,994
271283,North,Doohickey,943
271288,North,Widget,840
271295,North,Doohickey,732
271299,North,Gadget,580
271310,North,Widget,757
271316,North,Doohickey,722
271330,North,Gizmo,913
271355,North,Widget,830
271362,North,Doohickey,765
271367,North,Gadget,663
271377,North,Gadget,650
271391,North,Gizmo,961
271396,North,Gizmo,657
271397,North,Gadget,652
271398,North,Doohickey,785
271412,North,Gizmo,553
271417,North,Doohickey,889
271419,North,Gizmo,928
271435,North,Widget,747
271447,North,Doohickey,924
271448,North,Widget,969
271450,North,Gizmo,580
271456,North,Widget,573
271457,North,Doohickey,743
271461,North,Widget,998
271462,North,Gadget,638
271477,North,Gadget,592
271478,North,Widget,927
271483,North,Doohickey,672
271500,North,Doohickey,701
271502,North,Doohickey,794
271505,North,Doohickey,1000
271506,North,Gadget,753
271523,North,Widget,877
271525,North,Gizmo,967
271540,North,Gadget,823
271550,North,Gadget,673
271552,North,Doohickey,760
271553,North,Widget,984
271558,North,Gizmo,523
271577,North,Widget,604
271579,North,Gadget,563
271581,North,Doohickey,988
271582,North,Gadget,501
271585,North,Widget,505
271586,North,Gadget,989
271595,North,Widget,694
271602,North,Doohickey,797
271604,North,Gadget,567
271607,North,Widget,913
271615,North,Doohickey,650
271673,North,Gadget,551
271675,North,Doohickey,959
271702,North,Gizmo,526
271713,North,Doohickey,856
271716,North,Gadget,706
271718,North,Widget,598
271721,North,Doohickey,942
271729,North,Doohickey,838
271750,North,Doohickey,936
271755,North,Widget,802
271759,North,Gizmo,969
271762,North,Widget,943
271781,North,Gizmo,570
271793,North,Gizmo,715
271794,North,Doohickey,742
271804,North,Widget,983
271807,North,Gadget,744
271811,North,Widget,652
271815,North,Gadget,528
271830,North,Widget,841
271839,North,Gadget,836
271841,North,Gizmo,892
271845,North,Gadget,802
271857,North,Doohickey,834
271861,North,Doohickey,921
271878,North,Gadget,637
271886,North,Doohickey,605
271887,North,Gadget,946
271889,North,Gizmo,900
271898,North,Widget,908
271904,North,Widget,672
271905,North,Widget,504
271907,North,Widget,511
271910,North,Widget,638
271914,North,Gizmo,749
271928,North,Gadget,700
271936,North,Widget,740
271943,North,Doohickey,946
271949,North,Gadget,880
271965,North,Gadget,936
271976,North,Gizmo,517
271986,North,Gizmo,964
271991,North,Doohickey,580
271994,North,Gizmo,878
271999,North,Gadget,688
272002,North,Gizmo,737
272007,North,Gadget,717
272009,North,Gizmo,817
272024,North,Doohickey,569
272030,North,Doohickey,586
272038,North,Gadget,705
272042,North,Gizmo,941
272043,North,Gadget,716
272045,North,Doohickey,771
272046,North,Widget,560
272047,North,Gadget,936
272054,North,Gadget,786
272058,North,Widget,560
272067,North,Doohickey,873
272072,North,Widget,534
272077,North,Widget,980
272079,North,Gizmo,942
272081,North,Doohickey,528
272094,North,Widget,809
272096,North,Gizmo,581
272103,North,Gadget,513
272106,North,Widget,789
272107,North,Doohickey,917
272113,North,Widget,704
272124,North,Gadget,927
272137,North,Widget,646
272154,North,Widget,596
272156,North,Doohickey,981
272161,North,Gizmo,662
272163,North,Doohickey,898
272214,North,Gizmo,715
272227,North,Gadget,616
272229,North,Doohickey,695
272235,North,Widget,990
272237,North,Doohickey,712
272238,North,Doohickey,851
272269,North,Widget,971
272279,North,Gadget,813
272283,North,Gadget,992
272284,North,Gadget,897
272289,North,Gizmo,709
272293,North,Gadget,688
272308,North,Gizmo,580
272319,North,Gizmo,999
272322,North,Gizmo,530
272325,North,Gadget,678
272344,North,Gadget,714
272375,North,Doohickey,959
272390,North,Doohickey,528
272413,North,Widget,740
272426,North,Doohickey,586
272432,North,Gadget,618
272442,North,Gadget,612
272458,North,Gadget,742
272463,North,Doohickey,770
272467,North,Doohickey,504
272471,North,Doohickey,764
272485,North,Widget,851
272487,North,Gadget,763
272491,North,Doohickey,596
272501,North,Widget,706
272506,North,Doohickey,832
272520,North,Gadget,534
272531,North,Gizmo,565
272538,North,Doohickey,927
272539,North,Doohickey,959
272553,North,Doohickey,822
272558,North,Gadget,581
272566,North,Doohickey,805
272573,North,Gadget,589
272583,North,Gizmo,923
272585,North,Gizmo,914
272588,North,Gizmo,539
272594,North,Gizmo,742
272616,North,Gadget,546
272620,North,Widget,958
272629,North,Gizmo,923
272647,North,Doohickey,648
272670,North,Doohickey,889
272673,North,Gadget,583
272675,North,Gizmo,622
272677,North,Gadget,781
272679,North,Gadget,832
272685,North,Gizmo,669
272693,North,Widget,739
272695,North,Gizmo,595
272701,North,Widget,611
272703,North,Gadget,897
272716,North,Doohickey,697
272727,North,Doohickey,955
272735,North,Doohickey,685
272740,North,Widget,951
272741,North,Gizmo,956
272742,North,Doohickey,529
272744,North,Doohickey,1000
272748,North,Doohickey,894
272755,North,Gadget,726
272772,North,Gadget,796
272776,North,Doohickey,868
272777,North,Gizmo,915
272796,North,Gadget,712
272802,North,Doohickey,972
272835,North,Doohickey,680
272845,North,Gizmo,638
272863,North,Doohickey,637
272877,North,Doohickey,881
272878,North,Gadget,748
272890,North,Widget,806
272895,North,Gizmo,578
272902,North,Gizmo,898
272918,North,Gizmo,902
272919,North,Doohickey,925
272946,North,Gadget,948
272967,North,Widget,859
272968,North,Doohickey,509
272994,North,Widget,735
273001,North,Doohickey,874
273004,North,Widget,855
273022,North,Widget,997
273028,North,Gizmo,653
273030,North,Doohickey,786
273036,North,Gizmo,700
273067,North,Widget,651
273068,North,Gadget,933
273080,North,Widget,865
273087,North,Gadget,764
273090,North,Widget,775
273095,North,Doohickey,755
273096,North,Doohickey,928
273098,North,Doohickey,813
273106,North,Gadget,899
273119,North,Gadget,641
273140,North,Doohickey,749
273160,North,Gizmo,669
273164,North,Gizmo,699
273165,North,Gizmo,950
273169,North,Gadget,730
273179,North,Gizmo,637
273199,North,Gadget,633
273205,North,Widget,976
273207,North,Widget,653
273211,North,Gizmo,923
273215,North,Gizmo,901
273219,North,Widget,806
273220,North,Gadget,557
273228,North,Gizmo,877
273231,North,Gadget,608
273232,North,Gadget,528
273237,North,Doohickey,788
273238,North,Doohickey,544
273243,North,Doohickey,786
273256,North,Gizmo,647
273264,North,Gizmo,586
273273,North,Doohickey,788
273281,North,Gizmo,755
273283,North,Widget,809
273289,North,Widget,763
273296,North,Gadget,764
273307,North,Doohickey,645
273312,North,Widget,941
273317,North,Doohickey,959
273321,North,Doohickey,509
273327,North,Widget,623
273337,North,Gizmo,564
273372,North,Gadget,956
273392,North,Doohickey,586
273394,North,Doohickey,556
273397,North,Widget,702
273400,North,Doohickey,772
273405,North,Gadget,705
273409,North,Gadget,682
273430,North,Gizmo,917
273434,North,Doohickey,744
273439,North,Widget,980
273455,North,Gizmo,967
273463,North,Widget,767
273470,North,Widget,609
273471,North,Gizmo,772
273476,North,Doohickey,617
273490,North,Gizmo,553
273499,North,Gadget,835
273502,North,Gadget,994
273510,North,Gizmo,906
273513,North,Widget,551
273518,North,Widget,527
273526,North,Gizmo,755
273530,North,Gadget,565
273542,North,Widget,673
273550,North,Doohickey,528
273553,North,Gizmo,919
273577,North,Gizmo,914
273581,North,Gadget,882
273582,North,Gizmo,569
273590,North,Gizmo,645
273593,North,Widget,741
273603,North,Widget,726
273611,North,Doohickey,796
273613,North,Doohickey,602
273628,North,Widget,869
273633,North,Widget,696
273636,North,Gizmo,505
273643,North,Widget,873
273652,North,Doohickey,993
273656,North,Gadget,534
273660,North,Gizmo,741
273712,North,Doohickey,892
273727,North,Doohickey,678
273728,North,Doohickey,729
273734,North,Gizmo,878
273735,North,Gizmo,885
273736,North,Widget,860
273751,North,Doohickey,743
273754,North,Gizmo,985
273770,North,Gadget,750
273772,North,Widget,656
273795,North,Gizmo,973
273800,North,Widget,875
273811,North,Gizmo,946
273816,North,Gadget,950
273821,North,Gadget,914
273824,North,Doohickey,798
273844,North,Doohickey,930
273849,North,Gizmo,517
273853,North,Widget,774
273860,North,Widget,981
273861,North,Gizmo,886
273870,North,Gadget,624
273871,North,Gizmo,556
273896,North,Doohickey,619
273905,North,Doohickey,893
273906,North,Gadget,592
273922,North,Gadget,841
273932,North,Widget,712
273945,North,Widget,819
273962,North,Gizmo,942
273964,North,Gizmo,618
273985,North,Gadget,552
273987,North,Widget,819
273996,North,Doohickey,834
274006,North,Gizmo,899
274021,North,Doohickey,799
274023,North,Widget,798
274030,North,Widget,781
274033,North,Doohickey,539
274043,North,Gizmo,509
274046,North,Doohickey,797
274048,North,Widget,654
274050,North,Gizmo,940
274059,North,Gadget,848
274090,North,Widget,926
274097,North,Gizmo,748
274107,North,Widget,986
274118,North,Widget,555
274125,North,Gadget,827
274137,North,Doohickey,682
274139,North,Gizmo,646
274140,North,Doohickey,676
274146,North,Gadget,665
274154,North,Gizmo,827
274158,North,Doohickey,563
274159,North,Gizmo,514
274165,North,Doohickey,864
274177,North,Widget,922
274179,North,Doohickey,583
274186,North,Gadget,823
274205,North,Gizmo,792
274208,North,Widget,589
274219,North,Doohickey,593
274220,North,Gadget,663
274223,North,Gadget,685
274233,North,Widget,788
274234,North,Gadget,791
274244,North,Gizmo,540
274246,North,Widget,695
274250,North,Gadget,587
274257,North,Gizmo,877
274259,North,Doohickey,819
274272,North,Gadget,787
274289,North,Doohickey,509
274291,North,Doohickey,547
274299,North,Gizmo,894
274301,North,Doohickey,630
274306,North,Widget,675
274315,North,Gadget,528
274322,North,Gizmo,516
274336,North,Gizmo,869
274343,North,Widget,852
274346,North,Gizmo,727
274350,North,Gadget,810
274357,North,Widget,910
274360,North,Gizmo,677
274362,North,Gadget,598
274379,North,Gizmo,890
274387,North,Widget,793
274394,North,Gadget,856
274400,North,Gizmo,986
274416,North,Widget,969
274426,North,Gadget,597
274437,North,Doohickey,625
274443,North,Doohickey,664
274465,North,Gizmo,654
274468,North,Doohickey,865
274474,North,Widget,716
274478,North,Widget,963
274480,North,Widget,927
274485,North,Widget,672
274497,North,Gizmo,742
274500,North,Gadget,581
274514,North,Widget,652
274538,North,Gizmo,973
274555,North,Doohickey,679
274565,North,Gadget,822
274566,North,Gadget,549
274570,North,Gizmo,652
274579,North,Widget,801
274580,North,Gizmo,971
274581,North,Widget,564
274591,North,Widget,728
274599,North,Gadget,679
274601,North,Widget,634
274615,North,Gadget,943
274622,North,Widget,788
274633,North,Widget,916
274661,North,Widget,955
274666,North,Gadget,809
274668,North,Doohickey,575
274703,North,Gizmo,534
274708,North,Widget,601
274709,North,Gadget,522
274725,North,Doohickey,731
274729,North,Doohickey,773
274732,North,Widget,852
274734,North,Gadget,986
274748,North,Doohickey,580
274750,North,Gizmo,959
274751,North,Gizmo,511
274771,North,Gadget,941
274783,North,Doohickey,513
274795,North,Gizmo,753
274819,North,Widget,980
274836,North,Gadget,589
274864,North,Gadget,880
274873,North,Doohickey,590
274875,North,Doohickey,579
274878,North,Gadget,611
274887,North,Gizmo,798
274895,North,Gadget,522
274904,North,Gadget,969
274909,North,Gizmo,554
274913,North,Doohickey,986
274925,North,Gizmo,926
274954,North,Gadget,675
274963,North,Doohickey,659
274964,North,Widget,764
274972,North,Gizmo,770
274973,North,Gizmo,566
274981,North,Gadget,852
274983,North,Gadget,600
274990,North,Gadget,943
274991,North,Gadget,778
275012,North,Gadget,861
275013,North,Gizmo,672
275020,North,Gizmo,888
275036,North,Doohickey,543
275050,North,Doohickey,538
275063,North,Gadget,587
275066,North,Doohickey,793
275067,North,Gadget,802
275077,North,Doohickey,873
275080,North,Doohickey,672
275090,North,Widget,731
275112,North,Gadget,855
275118,North,Gizmo,572
275125,North,Gizmo,657
275141,North,Gizmo,811
275157,North,Doohickey,963
275194,North,Widget,727
275224,North,Gizmo,834
275236,North,Gizmo,843
275237,North,Gizmo,863
275244,North,Doohickey,907
275252,North,Doohickey,976
275257,North,Gadget,588
275260,North,Gizmo,664
275287,North,Gadget,981
275301,North,Widget,647
275303,North,Doohickey,890
275328,North,Gadget,580
275335,North,Gadget,755
275336,North,Doohickey,850
275337,North,Doohickey,784
275357,North,Widget,908
275358,North,Gizmo,883
275361,North,Gizmo,738
275381,North,Widget,941
275389,North,Gadget,802
275396,North,Gizmo,844
275397,North,Gizmo,639
275406,North,Doohickey,566
275410,North,Gadget,773
275418,North,Doohickey,514
275419,North,Gadget,654
275421,North,Gadget,557
275432,North,Gadget,574
275433,North,Gizmo,869
275494,North,Gadget,604
275505,North,Gizmo,800
275513,North,Gadget,677
275519,North,Widget,537
275522,North,Gadget,764
275523,North,Doohickey,576
275532,North,Widget,864
275538,North,Widget,832
275557,North,Gizmo,603
275565,North,Doohickey,959
275567,North,Gizmo,591
275569,North,Doohickey,842
275582,North,Gizmo,919
275584,North,Widget,607
275586,North,Gizmo,832
275588,North,Gizmo,919
275590,North,Gizmo,766
275597,North,Widget,563
275599,North,Doohickey,618
275606,North,Widget,660
275612,North,Doohickey,600
275618,North,Widget,554
275621,North,Gadget,503
275625,North,Doohickey,518
275639,North,Widget,687
275641,North,Gizmo,983
275646,North,Gadget,732
275665,North,Doohickey,731
275676,North,Doohickey,783
275690,North,Doohickey,623
275695,North,Doohickey,538
275704,North,Gadget,923
275706,North,Gadget,735
275709,North,Doohickey,928
275725,North,Widget,543
275730,North,Doohickey,559
275733,North,Gadget,890
275748,North,Gadget,513
275761,North,Doohickey,724
275772,North,Doohickey,791
275773,North,Widget,997
275783,North,Gadget,906
275790,North,Widget,697
275797,North,Doohickey,886
275799,North,Widget,914
275807,North,Gizmo,801
275812,North,Gadget,624
275813,North,Widget,811
275814,North,Gadget,702
275826,North,Widget,931
275831,North,Gizmo,807
275837,North,Widget,685
275840,North,Widget,826
275846,North,Gizmo,872
275849,North,Widget,531
275856,North,Widget,509
275868,North,Gizmo,957
275871,North,Gadget,885
275876,North,Widget,986
275878,North,Doohickey,552
275899,North,Gizmo,989
275916,North,Widget,689
275933,North,Gadget,574
275938,North,Gadget,844
275939,North,Gadget,947
275951,North,Gadget,869
275956,North,Doohickey,802
275969,North,Gadget,838
275986,North,Widget,787
275997,North,Gizmo,730
276005,North,Widget,534
276012,North,Gizmo,777
276022,North,Gizmo,849
276035,North,Gadget,960
276041,North,Doohickey,627
276042,North,Gizmo,729
276043,North,Gadget,990
276050,North,Doohickey,638
276054,North,Doohickey,911
276067,North,Gadget,886
276068,North,Gizmo,896
276071,North,Gadget,622
276072,North,Gizmo,536
276073,North,Gizmo,789
276097,North,Widget,989
276101,North,Gadget,737
276107,North,Gizmo,674
276111,North,Gizmo,626
276115,North,Gizmo,969
276122,North,Gadget,951
276127,North,Gizmo,653
276134,North,Widget,660
276165,North,Widget,850
276168,North,Widget,884
276169,North,Widget,504
276173,North,Widget,773
276180,North,Doohickey,980
276183,North,Widget,585
276193,North,Doohickey,555
276209,North,Doohickey,991
276211,North,Widget,919
276213,North,Doohickey,511
276241,North,Gizmo,504
276246,North,Widget,545
276255,North,Gadget,671
276257,North,Widget,631
276263,North,Gizmo,525
276267,North,Gizmo,512
276273,North,Gizmo,564
276280,North,Doohickey,548
276284,North,Doohickey,864
276286,North,Doohickey,901
276292,North,Doohickey,688
276295,North,Gizmo,733
276313,North,Gizmo,753
276318,North,Doohickey,620
276321,North,Widget,589
276329,North,Doohickey,734
276338,North,Doohickey,613
276354,North,Gadget,814
276359,North,Gadget,968
276360,North,Doohickey,936
276369,North,Doohickey,715
276373,North,Gizmo,638
276375,North,Gizmo,902
276376,North,Doohickey,702
276378,North,Gadget,616
276388,North,Gadget,922
276390,North,Gadget,889
276399,North,Widget,941
276400,North,Widget,848
276401,North,Doohickey,698
276408,North,Widget,883
276435,North,Gadget,958
276436,North,Gizmo,639
276440,North,Gadget,668
276451,North,Gizmo,623
276455,North,Widget,509
276465,North,Gizmo,981
276472,North,Gizmo,935
276488,North,Widget,955
276506,North,Doohickey,699
276518,North,Gizmo,558
276530,North,Doohickey,729
276540,North,Gizmo,631
276543,North,Widget,557
276546,North,Gizmo,965
276549,North,Gadget,552
276550,North,Doohickey,873
276551,North,Gizmo,671
276558,North,Widget,593
276560,North,Gadget,868
276561,North,Gadget,731
276576,North,Gadget,524
276577,North,Widget,842
276581,North,Gadget,869
276587,North,Widget,927
276595,North,Gizmo,710
276600,North,Doohickey,528
276603,North,Gizmo,955
276612,North,Gizmo,509
276618,North,Gadget,905
276629,North,Widget,698
276647,North,Doohickey,942
276672,North,Gadget,830
276683,North,Gadget,675
276690,North,Gadget,741
276693,North,Gizmo,563
276698,North,Widget,921
276702,North,Gizmo,885
276705,North,Gizmo,687
276706,North,Widget,949
276713,North,Widget,598
276714,North,Gizmo,986
276737,North,Widget,790
276743,North,Widget,621
276748,North,Doohickey,710
276760,North,Widget,827
276767,North,Widget,594
276775,North,Gizmo,545
276787,North,Doohickey,761
276788,North,Gadget,917
276808,North,Gadget,683
276824,North,Doohickey,779
276839,North,Gizmo,662
276856,North,Gizmo,529
276859,North,Gizmo,752
276863,North,Gadget,771
276880,North,Widget,779
276887,North,Gizmo,917
276894,North,Gizmo,994
276903,North,Gadget,528
276913,North,Gizmo,707
276918,North,Gizmo,594
276927,North,Doohickey,600
276929,North,Widget,814
276933,North,Doohickey,651
276935,North,Gizmo,516
276947,North,Doohickey,877
276949,North,Gizmo,692
276955,North,Gizmo,893
276960,North,Doohickey,598
276966,North,Doohickey,582
276973,North,Doohickey,897
276979,North,Gizmo,827
276993,North,Gadget,767
276994,North,Widget,942
276997,North,Doohickey,674
277001,North,Gizmo,664
277004,North,Doohickey,718
277027,North,Gadget,799
277031,North,Doohickey,977
277037,North,Doohickey,672
277041,North,Gizmo,612
277059,North,Widget,544
277061,North,Gadget,612
277066,North,Gizmo,872
277082,North,Gizmo,844
277085,North,Doohickey,834
277093,North,Widget,727
277101,North,Widget,726
277103,North,Gizmo,603
277110,North,Doohickey,975
277128,North,Gizmo,687
277131,North,Gizmo,503
277133,North,Gadget,813
277135,North,Gizmo,682
277147,North,Gadget,541
277157,North,Widget,533
277162,North,Gadget,815
277165,North,Widget,827
277168,North,Gadget,689
277203,North,Gizmo,791
277206,North,Gadget,868
277211,North,Gadget,983
277219,North,Doohickey,627
277220,North,Gizmo,889
277225,North,Gizmo,737
277228,North,Gizmo,754
277229,North,Widget,733
277238,North,Gizmo,792
277242,North,Gadget,581
277243,North,Gizmo,605
277247,North,Gizmo,831
277252,North,Doohickey,916
277253,North,Gadget,967
277257,North,Widget,717
277260,North,Gadget,869
277261,North,Doohickey,918
277264,North,Widget,537
277268,North,Gadget,610
277269,North,Gadget,742
277290,North,Gizmo,689
277298,North,Widget,948
277307,North,Gizmo,501
277311,North,Gadget,853
277313,North,Gizmo,1000
277319,North,Gadget,782
277323,North,Widget,993
277325,North,Doohickey,936
277330,North,Widget,934
277344,North,Gadget,579
277345,North,Doohickey,511
277346,North,Gizmo,923
277349,North,Gizmo,603
277350,North,Widget,936
277353,North,Gizmo,560
277365,North,Gadget,689
277367,North,Gadget,608
277368,North,Widget,777
277372,North,Gizmo,545
277376,North,Gizmo,677
277385,North,Gadget,622
277388,North,Gadget,767
277389,North,Gadget,897
277392,North,Gizmo,601
277422,North,Widget,567
277423,North,Doohickey,919
277428,North,Gadget,981
277440,North,Gadget,745
277444,North,Doohickey,861
277447,North,Gadget,650
277454,North,Gadget,547
277500,North,Widget,706
277502,North,Doohickey,520
277512,North,Doohickey,529
277515,North,Gizmo,944
277519,North,Doohickey,851
277524,North,Gadget,919
277528,North,Gizmo,707
277529,North,Gadget,878
277533,North,Gizmo,556
277541,North,Gadget,765
277548,North,Gadget,911
277551,North,Gizmo,609
277556,North,Widget,926
277561,North,Widget,692
277572,North,Gizmo,865
277573,North,Gadget,700
277586,North,Gadget,822
277598,North,Gizmo,953
277607,North,Gadget,619
277628,North,Gizmo,537
277635,North,Gizmo,795
277636,North,Doohickey,902
277638,North,Gizmo,617
277642,North,Doohickey,737
277660,North,Gadget,692
277665,North,Widget,740
277667,North,Doohickey,518
277720,North,Widget,739
277723,North,Gadget,997
277737,North,Doohickey,852
277749,North,Widget,663
277751,North,Gadget,893
277757,North,Gizmo,806
277762,North,Gizmo,863
277767,North,Doohickey,850
277783,North,Gadget,885
277787,North,Doohickey,592
277793,North,Gadget,751
277811,North,Gadget,853
277822,North,Doohickey,935
277829,North,Widget,749
277838,North,Widget,515
277841,North,Gadget,901
277845,North,Gadget,869
277848,North,Gizmo,648
277869,North,Gadget,742
277870,North,Gizmo,852
277876,North,Gadget,911
277880,North,Gizmo,583
277908,North,Gizmo,980
277935,North,Doohickey,648
277965,North,Widget,635
277982,North,Gadget,755
277985,North,Gizmo,816
277992,North,Widget,531
278000,North,Doohickey,777
278002,North,Widget,902
278012,North,Widget,639
278021,North,Gizmo,923
278023,North,Widget,815
278029,North,Widget,950
278038,North,Gizmo,823
278052,North,Gadget,827
278060,North,Gizmo,869
278061,North,Gadget,764
278067,North,Widget,752
278068,North,Widget,737
278091,North,Gizmo,575
278094,North,Widget,807
278101,North,Widget,994
278105,North,Widget,993
278111,North,Gadget,973
278116,North,Doohickey,827
278131,North,Gadget,858
278137,North,Gizmo,943
278146,North,Doohickey,561
278149,North,Gizmo,518
278156,North,Doohickey,821
278157,North,Widget,521
278160,North,Doohickey,797
278161,North,Doohickey,868
278173,North,Widget,551
278189,North,Gizmo,721
278197,North,Doohickey,634
278200,North,Widget,591
278212,North,Gizmo,703
278216,North,Widget,555
278233,North,Gadget,984
278248,North,Gizmo,943
278251,North,Gizmo,636
278273,North,Doohickey,536
278276,North,Gizmo,701
278279,North,Gizmo,519
278315,North,Gizmo,544
278320,North,Gadget,567
278325,North,Gadget,909
278327,North,Gadget,578
278329,North,Gizmo,586
278331,North,Gizmo,982
278340,North,Gadget,894
278351,North,Doohickey,847
278354,North,Widget,852
278365,North,Widget,717
278372,North,Widget,817
278377,North,Gadget,863
278387,North,Widget,765
278388,North,Gizmo,803
278404,North,Doohickey,589
278414,North,Widget,773
278430,North,Doohickey,974
278477,North,Doohickey,760
278495,North,Gadget,521
278499,North,Doohickey,604
278503,North,Gadget,936
278512,North,Gizmo,708
278514,North,Gizmo,815
278533,North,Gizmo,982
278537,North,Gizmo,683
278549,North,Gadget,972
278557,North,Gizmo,846
278560,North,Gizmo,699
278569,North,Widget,713
278573,North,Gadget,858
278586,North,Gizmo,909
278587,North,Widget,905
278595,North,Gadget,514
278603,North,Gadget,646
278615,North,Doohickey,936
278616,North,Gizmo,980
278619,North,Gadget,768
278620,North,Doohickey,681
278628,North,Gizmo,742
278633,North,Widget,576
278636,North,Doohickey,997
278639,North,Gizmo,901
278656,North,Gadget,577
278676,North,Widget,905
278681,North,Doohickey,959
278686,North,Doohickey,518
278722,North,Widget,571
278723,North,Gizmo,844
278731,North,Gizmo,924
278756,North,Gizmo,539
278758,North,Gadget,661
278763,North,Doohickey,703
278764,North,Doohickey,882
278765,North,Widget,969
278767,North,Widget,824
278774,North,Doohickey,642
278784,North,Gadget,610
278793,North,Gizmo,844
278796,North,Gizmo,978
278807,North,Widget,921
278838,North,Doohickey,582
278840,North,Gizmo,980
278873,North,Gizmo,648
278878,North,Doohickey,763
278885,North,Widget,586
278887,North,Widget,917
278890,North,Gizmo,686
278897,North,Gadget,501
278906,North,Gizmo,886
278909,North,Gadget,672
278923,North,Doohickey,739
278929,North,Widget,527
278930,North,Doohickey,799
278950,North,Widget,868
278952,North,Doohickey,632
278972,North,Widget,811
278984,North,Gizmo,890
278990,North,Gadget,849
278994,North,Gizmo,869
278995,North,Gizmo,921
279009,North,Gadget,976
279014,North,Gadget,550
279018,North,Gadget,541
279035,North,Gizmo,654
279048,North,Gadget,668
279053,North,Doohickey,514
279055,North,Doohickey,563
279065,North,Widget,570
279067,North,Gadget,818
279068,North,Widget,603
279073,North,Gadget,760
279093,North,Widget,605
279107,North,Doohickey,542
279110,North,Gizmo,966
279111,North,Gizmo,825
279124,North,Gizmo,890
279144,North,Gizmo,553
279148,North,Gizmo,772
279150,North,Gizmo,585
279152,North,Gizmo,871
279154,North,Widget,656
279175,North,Gadget,634
279191,North,Gadget,693
279209,North,Widget,624
279214,North,Doohickey,580
279217,North,Gadget,556
279232,North,Doohickey,660
279234,North,Doohickey,722
279235,North,Gadget,919
279237,North,Gadget,741
279243,North,Doohickey,576
279247,North,Gizmo,652
279257,North,Doohickey,957
279268,North,Widget,866
279272,North,Widget,802
279278,North,Gadget,598
279281,North,Gadget,721
279283,North,Widget,640
279284,North,Doohickey,990
279286,North,Doohickey,755
279295,North,Gadget,844
279298,North,Gadget,572
279312,North,Gadget,702
279319,North,Gizmo,923
279323,North,Widget,794
279343,North,Gadget,795
279349,North,Gizmo,808
279356,North,Doohickey,716
279370,North,Gadget,697
279419,North,Gadget,753
279429,North,Gizmo,792
279446,North,Doohickey,960
279459,North,Gizmo,768
279465,North,Doohickey,985
279467,North,Doohickey,907
279481,North,Gizmo,654
279486,North,Doohickey,634
279487,North,Gadget,737
279491,North,Gizmo,515
279492,North,Gizmo,688
279519,North,Widget,902
279525,North,Gizmo,800
279526,North,Gadget,839
279535,North,Gadget,976
279547,North,Doohickey,770
279548,North,Gizmo,612
279549,North,Widget,671
279552,North,Gadget,926
279555,North,Widget,986
279556,North,Widget,740
279561,North,Gadget,928
279567,North,Gadget,949
279586,North,Gizmo,878
279587,North,Gizmo,803
279595,North,Gadget,835
279604,North,Gizmo,783
279614,North,Gadget,721
279618,North,Gadget,788
279648,North,Gadget,867
279655,North,Doohickey,750
279675,North,Gadget,976
279684,North,Gizmo,989
279707,North,Gizmo,560
279734,North,Widget,650
279735,North,Doohickey,902
279737,North,Doohickey,574
279744,North,Gizmo,875
279745,North,Gadget,702
279746,North,Gizmo,874
279748,North,Gizmo,683
279757,North,Doohickey,808
279759,North,Widget,985
279761,North,Gizmo,611
279767,North,Gizmo,574
279771,North,Gadget,565
279777,North,Gadget,969
279796,North,Gadget,595
279814,North,Widget,647
279817,North,Widget,956
279823,North,Widget,750
279844,North,Gizmo,698
279847,North,Widget,523
279848,North,Gizmo,892
279849,North,Doohickey,582
279850,North,Widget,755
279857,North,Doohickey,780
279874,North,Widget,859
279884,North,Widget,608
279896,North,Widget,567
279898,North,Doohickey,864
279915,North,Doohickey,927
279917,North,Doohickey,675
279927,North,Doohickey,554
279931,North,Gadget,893
279937,North,Gadget,777
279941,North,Gizmo,784
279949,North,Gadget,668
279954,North,Widget,629
279957,North,Gizmo,960
279963,North,Widget,732
279974,North,Doohickey,576
279975,North,Widget,573
279979,North,Gizmo,612
279982,North,Widget,894
279985,North,Gizmo,505
279991,North,Gadget,996
280000,North,Widget,654
280014,North,Gadget,888
280042,North,Doohickey,617
280044,North,Gadget,935
280046,North,Widget,746
280050,North,Gadget,677
280057,North,Widget,818
280060,North,Gadget,669
280066,North,Widget,958
280074,North,Gizmo,660
280082,North,Gizmo,660
280114,North,Gadget,807
280129,North,Doohickey,634
280136,North,Doohickey,612
280145,North,Doohickey,876
280147,North,Gadget,790
280151,North,Doohickey,544
280156,North,Widget,672
280159,North,Widget,819
280164,North,Doohickey,967
280165,North,Gizmo,781
280174,North,Gizmo,809
280178,North,Doohickey,574
280183,North,Gizmo,981
280190,North,Gizmo,589
280194,North,Doohickey,542
280197,North,Gizmo,933
280211,North,Doohickey,853
280218,North,Widget,714
280242,North,Doohickey,798
280252,North,Widget,546
280257,North,Gadget,619
280259,North,Gadget,944
280261,North,Widget,915
280274,North,Gizmo,938
280295,North,Gadget,561
280296,North,Widget,674
280299,North,Widget,627
280300,North,Widget,943
280312,North,Gadget,898
280328,North,Widget,877
280333,North,Gadget,526
280344,North,Gizmo,850
280350,North,Doohickey,725
280372,North,Doohickey,756
280375,North,Gizmo,986
280382,North,Gizmo,550
280383,North,Gizmo,872
280386,North,Doohickey,900
280388,North,Doohickey,941
280390,North,Gadget,628
280400,North,Doohickey,805
280402,North,Widget,755
280430,North,Gadget,846
280432,North,Gizmo,974
280440,North,Widget,969
280449,North,Gadget,734
280451,North,Gizmo,811
280453,North,Widget,565
280455,North,Gadget,927
280472,North,Doohickey,608
280484,North,Gadget,925
280489,North,Widget,578
280499,North,Widget,822
280520,North,Doohickey,657
280522,North,Widget,677
280525,North,Gadget,894
280531,North,Gizmo,796
280547,North,Gizmo,587
280550,North,Gizmo,639
280565,North,Gizmo,811
280576,North,Gadget,606
280579,North,Gizmo,877
280590,North,Doohickey,501
280598,North,Gizmo,888
280611,North,Gadget,821
280612,North,Gizmo,871
280621,North,Doohickey,852
280633,North,Gizmo,533
280652,North,Gizmo,752
280655,North,Widget,739
280657,North,Doohickey,944
280658,North,Doohickey,852
280660,North,Widget,800
280661,North,Gadget,770
280673,North,Doohickey,813
280679,North,Widget,583
280684,North,Doohickey,832
280701,North,Gadget,544
280711,North,Doohickey,675
280712,North,Widget,781
280720,North,Doohickey,927
280724,North,Gadget,618
280726,North,Doohickey,602
280727,North,Gadget,968
280728,North,Widget,576
280731,North,Gizmo,986
280741,North,Gadget,590
280744,North,Doohickey,963
280759,North,Gadget,817
280761,North,Doohickey,867
280763,North,Gizmo,504
280764,North,Doohickey,685
280767,North,Widget,822
280770,North,Doohickey,975
280776,North,Widget,797
280793,North,Gizmo,952
280797,North,Widget,944
280799,North,Gadget,562
280803,North,Gadget,891
280805,North,Widget,678
280807,North,Doohickey,661
280808,North,Doohickey,981
280815,North,Doohickey,531
280835,North,Widget,509
280840,North,Gizmo,811
280848,North,Gizmo,710
280856,North,Gadget,993
280875,North,Widget,883
280876,North,Gadget,963
280878,North,Gizmo,966
280890,North,Gadget,981
280895,North,Doohickey,558
280898,North,Doohickey,641
280899,North,Gizmo,983
280903,North,Gadget,736
280905,North,Gadget,974
280908,North,Doohickey,561
280913,North,Widget,890
280922,North,Doohickey,756
280925,North,Widget,625
280932,North,Gadget,901
280958,North,Gizmo,620
280965,North,Doohickey,921
280970,North,Widget,873
280971,North,Doohickey,712
280975,North,Widget,917
280997,North,Gizmo,672
281005,North,Widget,939
281023,North,Doohickey,797
281030,North,Gizmo,919
281048,North,Doohickey,523
281050,North,Doohickey,994
281051,North,Widget,943
281066,North,Widget,657
281069,North,Widget,745
281080,North,Gadget,774
281090,North,Gizmo,512
281095,North,Gadget,654
281108,North,Gizmo,891
281110,North,Widget,964
281125,North,Doohickey,603
281142,North,Gadget,756
281149,North,Gizmo,842
281151,North,Gizmo,613
281152,North,Widget,534
281153,North,Gadget,813
281154,North,Gadget,523
281162,North,Gizmo,544
281176,North,Gadget,635
281186,North,Widget,933
281197,North,Widget,785
281201,North,Gizmo,612
281202,North,Widget,847
281214,North,Gadget,965
281220,North,Gadget,974
281235,North,Gizmo,709
281251,North,Gizmo,501
281254,North,Widget,635
281261,North,Gadget,697
281266,North,Gadget,700
281286,North,Doohickey,913
281295,North,Doohickey,909
281297,North,Widget,850
281302,North,Doohickey,672
281320,North,Gizmo,530
281337,North,Widget,566
281339,North,Doohickey,888
281344,North,Doohickey,711
281345,North,Gizmo,690
281347,North,Doohickey,724
281353,North,Gizmo,501
281354,North,Widget,779
281355,North,Gadget,919
281358,North,Gadget,878
281365,North,Gadget,670
281380,North,Gadget,943
281401,North,Widget,722
281405,North,Gizmo,692
281412,North,Widget,836
281426,North,Widget,933
281428,North,Gizmo,550
281434,North,Widget,811
281437,North,Gadget,741
281439,North,Gizmo,872
281440,North,Doohickey,715
281442,North,Widget,711
281456,North,Doohickey,746
281457,North,Doohickey,615
281462,North,Gadget,886
281473,North,Doohickey,773
281477,North,Gizmo,638
281479,North,Gizmo,745
281480,North,Gadget,589
281487,North,Gadget,623
281490,North,Widget,851
281493,North,Widget,999
281496,North,Doohickey,952
281503,North,Gadget,936
281505,North,Doohickey,748
281512,North,Gizmo,552
281520,North,Widget,649
281530,North,Gizmo,569
281544,North,Widget,693
281548,North,Widget,793
281557,North,Gizmo,690
281564,North,Widget,653
281567,North,Gizmo,988
281574,North,Widget,610
281610,North,Doohickey,653
281615,North,Gizmo,610
281621,North,Doohickey,789
281625,North,Widget,655
281630,North,Gadget,996
281631,North,Widget,686
281633,North,Gizmo,758
281634,North,Gizmo,742
281637,North,Gizmo,536
281638,North,Gadget,707
281642,North,Widget,655
281643,North,Widget,941
281652,North,Doohickey,643
281668,North,Doohickey,802
281669,North,Gizmo,627
281675,North,Doohickey,651
281676,North,Widget,821
281681,North,Widget,946
281690,North,Gizmo,660
281695,North,Gizmo,708
281700,North,Gadget,935
281705,North,Doohickey,857
281734,North,Widget,715
281736,North,Widget,906
281741,North,Doohickey,878
281758,North,Gizmo,997
281762,North,Widget,717
281763,North,Doohickey,717
281765,North,Widget,715
281773,North,Gizmo,517
281776,North,Gadget,762
281786,North,Gadget,721
281817,North,Gizmo,628
281818,North,Widget,625
281822,North,Doohickey,636
281832,North,Widget,570
281839,North,Doohickey,570
281850,North,Doohickey,655
281860,North,Gadget,530
281876,North,Gizmo,959
281901,North,Gadget,561
281902,North,Gizmo,538
281906,North,Widget,965
281920,North,Gadget,996
281923,North,Gizmo,575
281934,North,Widget,779
281948,North,Widget,564
281960,North,Gizmo,675
281963,North,Gizmo,713
281966,North,Widget,652
281976,North,Widget,665
281981,North,Gadget,994
281987,North,Gizmo,773
281994,North,Doohickey,828
281996,North,Gizmo,861
282012,North,Doohickey,961
282029,North,Doohickey,852
282030,North,Widget,959
282048,North,Gadget,908
282053,North,Doohickey,798
282055,North,Gadget,789
282059,North,Widget,990
282063,North,Gizmo,921
282068,North,Widget,944
282072,North,Gadget,571
282073,North,Gizmo,888
282076,North,Gizmo,836
282090,North,Doohickey,761
282092,North,Gizmo,919
282102,North,Doohickey,886
282128,North,Gadget,844
282132,North,Widget,825
282147,North,Gizmo,720
282148,North,Gizmo,702
282150,North,Doohickey,844
282152,North,Gizmo,522
282154,North,Gadget,932
282178,North,Gizmo,924
282181,North,Widget,807
282182,North,Widget,936
282195,North,Widget,917
282221,North,Gadget,563
282223,North,Widget,803
282235,North,Gizmo,670
282236,North,Widget,917
282246,North,Gizmo,612
282252,North,Gizmo,556
282254,North,Gizmo,659
282256,North,Gizmo,986
282263,North,Gizmo,809
282269,North,Widget,730
282275,North,Doohickey,654
282280,North,Widget,521
282286,North,Doohickey,748
282287,North,Gadget,557
282290,North,Doohickey,716
282301,North,Widget,627
282313,North,Widget,799
282314,North,Widget,788
282333,North,Widget,861
282340,North,Widget,563
282345,North,Gizmo,919
282347,North,Gadget,629
282351,North,Doohickey,534
282358,North,Gizmo,565
282375,North,Gadget,958
282378,North,Gadget,619
282384,North,Gizmo,891
282394,North,Widget,783
282424,North,Gizmo,710
282445,North,Widget,651
282456,North,Gizmo,833
282458,North,Gizmo,574
282469,North,Widget,755
282470,North,Gizmo,953
282483,North,Widget,836
282493,North,Doohickey,896
282497,North,Gadget,679
282503,North,Widget,515
282518,North,Gadget,675
282541,North,Gadget,938
282544,North,Widget,598
282551,North,Doohickey,966
282563,North,Gizmo,795
282575,North,Gizmo,809
282627,North,Widget,890
282644,North,Widget,638
282647,North,Gizmo,881
282651,North,Gizmo,789
282653,North,Gizmo,602
282656,North,Doohickey,875
282658,North,Gizmo,725
282664,North,Gadget,926
282679,North,Gadget,946
282686,North,Gadget,765
282690,North,Doohickey,997
282691,North,Gadget,999
282713,North,Gizmo,625
282716,North,Doohickey,707
282723,North,Gadget,883
282727,North,Widget,833
282732,North,Doohickey,664
282739,North,Gadget,861
282741,North,Gizmo,902
282747,North,Gadget,972
282757,North,Gizmo,695
282778,North,Gizmo,842
282786,North,Widget,565
282787,North,Gizmo,832
282807,North,Gadget,851
282808,North,Widget,982
282816,North,Doohickey,971
282822,North,Gadget,874
282831,North,Gizmo,853
282833,North,Doohickey,566
282834,North,Gadget,704
282838,North,Gizmo,582
282848,North,Gadget,751
282861,North,Gadget,982
282875,North,Widget,674
282881,North,Widget,835
282882,North,Gizmo,528
282886,North,Gadget,750
282889,North,Gadget,706
282894,North,Doohickey,789
282895,North,Gadget,817
282900,North,Gadget,734
282910,North,Gizmo,956
282912,North,Widget,740
282935,North,Widget,519
282940,North,Gadget,649
282944,North,Doohickey,674
282966,North,Gizmo,663
282973,North,Doohickey,675
282980,North,Gizmo,578
282983,North,Doohickey,793
282984,North,Gadget,902
283011,North,Gadget,914
283012,North,Gizmo,740
283028,North,Gizmo,547
283044,North,Gadget,858
283050,North,Gizmo,746
283052,North,Gadget,802
283054,North,Doohickey,949
283056,North,Doohickey,705
283057,North,Doohickey,616
283059,North,Gadget,519
283060,North,Gadget,847
283068,North,Doohickey,873
283078,North,Doohickey,888
283079,North,Gizmo,950
283088,North,Widget,802
283102,North,Gizmo,856
283140,North,Gadget,666
283141,North,Gadget,968
283145,North,Gadget,797
283148,North,Doohickey,642
283157,North,Doohickey,874
283163,North,Widget,732
283177,North,Widget,926
283180,North,Gadget,869
283195,North,Doohickey,889
283201,North,Widget,771
283207,North,Doohickey,726
283231,North,Gadget,974
283241,North,Gizmo,504
283246,North,Widget,865
283250,North,Gadget,849
283254,North,Gadget,543
283261,North,Doohickey,941
283267,North,Widget,581
283275,North,Gizmo,913
283279,North,Gizmo,933
283299,North,Doohickey,771
283306,North,Widget,745
283308,North,Doohickey,931
283317,North,Widget,540
283331,North,Gizmo,509
283335,North,Gadget,988
283343,North,Gizmo,872
283344,North,Gadget,674
283359,North,Gadget,884
283363,North,Gizmo,725
283384,North,Gadget,743
283390,North,Widget,526
283391,North,Gadget,908
283394,North,Gizmo,990
283395,North,Gizmo,728
283401,North,Widget,844
283404,North,Widget,525
283409,North,Doohickey,803
283412,North,Doohickey,546
283423,North,Doohickey,522
283432,North,Widget,580
283442,North,Gizmo,811
283451,North,Widget,899
283452,North,Gadget,758
283464,North,Gadget,507
283478,North,Gizmo,941
283490,North,Doohickey,817
283495,North,Gizmo,968
283500,North,Gizmo,940
283501,North,Gizmo,501
283505,North,Doohickey,768
283524,North,Widget,501
283572,North,Widget,551
283578,North,Gadget,566
283580,North,Gizmo,613
283582,North,Gizmo,682
283614,North,Widget,985
283643,North,Widget,733
283666,North,Doohickey,981
283667,North,Gizmo,723
283680,North,Widget,650
283684,North,Gadget,693
283690,North,Gadget,999
283703,North,Gadget,985
283710,North,Widget,910
283715,North,Gizmo,814
283720,North,Gadget,798
283722,North,Gadget,843
283727,North,Doohickey,601
283743,North,Gizmo,650
283746,North,Gadget,721
283758,North,Gadget,927
283775,North,Gadget,611
283780,North,Widget,595
283781,North,Gadget,674
283786,North,Gadget,764
283787,North,Widget,882
283796,North,Gizmo,877
283803,North,Doohickey,519
283807,North,Doohickey,792
283811,North,Gizmo,992
283816,North,Doohickey,927
283837,North,Widget,501
283841,North,Gadget,800
283845,North,Doohickey,652
283856,North,Gizmo,631
283863,North,Doohickey,747
283865,North,Gizmo,717
283891,North,Gizmo,844
283904,North,Widget,590
283905,North,Gizmo,880
283914,North,Gizmo,666
283918,North,Doohickey,848
283923,North,Doohickey,588
283936,North,Widget,761
283959,North,Widget,630
283962,North,Gadget,538
283975,North,Gadget,601
283981,North,Gadget,600
283989,North,Gizmo,661
284001,North,Gadget,753
284009,North,Widget,838
284010,North,Gizmo,501
284021,North,Widget,873
284028,North,Gadget,723
284047,North,Widget,859
284051,North,Gizmo,601
284055,North,Gizmo,736
284056,North,Gadget,844
284063,North,Gizmo,601
284070,North,Gadget,693
284081,North,Gadget,775
284084,North,Gadget,955
284086,North,Gizmo,531
284087,North,Widget,735
284091,North,Gizmo,739
284109,North,Gizmo,941
284121,North,Gadget,750
284122,North,Doohickey,613
284136,North,Widget,760
284138,North,Gizmo,546
284144,North,Widget,868
284152,North,Gizmo,777
284181,North,Gadget,617
284183,North,Gadget,850
284207,North,Doohickey,590
284208,North,Gadget,570
284239,North,Doohickey,575
284241,North,Gadget,871
284242,North,Widget,559
284247,North,Doohickey,553
284268,North,Widget,575
284277,North,Widget,822
284278,North,Gadget,888
284282,North,Widget,986
284288,North,Gadget,872
284311,North,Gizmo,705
284326,North,Gizmo,524
284330,North,Doohickey,818
284341,North,Gizmo,928
284342,North,Gadget,752
284351,North,Gizmo,702
284359,North,Widget,516
284366,North,Gadget,549
284367,North,Widget,643
284377,North,Widget,971
284381,North,Doohickey,583
284385,North,Gadget,764
284396,North,Gadget,717
284398,North,Gadget,669
284401,North,Widget,591
284406,North,Gizmo,903
284407,North,Gizmo,632
284416,North,Doohickey,754
284418,North,Doohickey,762
284422,North,Widget,816
284423,North,Gadget,899
284426,North,Widget,806
284446,North,Widget,542
284448,North,Gadget,582
284455,North,Gadget,636
284464,North,Gadget,747
284465,North,Gizmo,707
284468,North,Widget,908
284494,North,Gizmo,830
284510,North,Widget,911
284514,North,Doohickey,640
284533,North,Gizmo,633
284562,North,Gadget,963
284567,North,Widget,748
284577,North,Doohickey,627
284583,North,Widget,963
284613,North,Gizmo,511
284614,North,Doohickey,909
284621,North,Doohickey,628
284627,North,Widget,851
284633,North,Gizmo,624
284637,North,Widget,540
284655,North,Doohickey,684
284656,North,Widget,911
284658,North,Doohickey,863
284662,North,Gadget,508
284675,North,Doohickey,613
284677,North,Gizmo,692
284686,North,Gadget,868
284693,North,Widget,526
284703,North,Gadget,814
284716,North,Doohickey,638
284727,North,Gizmo,843
284742,North,Gizmo,665
284746,North,Gadget,709
284754,North,Doohickey,678
284760,North,Widget,773
284777,North,Gizmo,897
284778,North,Widget,662
284782,North,Doohickey,635
284785,North,Widget,614
284786,North,Gizmo,977
284800,North,Widget,934
284810,North,Gizmo,519
284815,North,Gadget,604
284821,North,Gadget,527
284823,North,Doohickey,730
284829,North,Gadget,802
284831,North,Gadget,565
284849,North,Doohickey,620
284858,North,Doohickey,541
284862,North,Widget,877
284863,North,Doohickey,858
284867,North,Widget,554
284876,North,Gizmo,519
284883,North,Gizmo,598
284916,North,Gadget,796
284920,North,Gizmo,923
284926,North,Gizmo,611
284949,North,Gadget,982
284954,North,Doohickey,993
284977,North,Gadget,983
284983,North,Widget,913
284991,North,Widget,906
284995,North,Doohickey,894
285000,North,Gadget,958
285002,North,Doohickey,928
285004,North,Gadget,763
285005,North,Widget,817
285010,North,Gadget,816
285011,North,Gadget,905
285017,North,Widget,715
285019,North,Gadget,789
285049,North,Widget,555
285063,North,Doohickey,667
285067,North,Gizmo,546
285069,North,Gizmo,919
285077,North,Widget,805
285079,North,Gizmo,769
285084,North,Doohickey,746
285091,North,Doohickey,783
285096,North,Gizmo,600
285098,North,Gizmo,648
285130,North,Gadget,980
285137,North,Widget,878
285147,North,Gizmo,918
285159,North,Gizmo,893
285165,North,Gizmo,676
285170,North,Gizmo,725
285174,North,Gizmo,821
285176,North,Doohickey,658
285179,North,Gadget,807
285192,North,Widget,836
285213,North,Gadget,944
285219,North,Gadget,944
285251,North,Widget,706
285258,North,Widget,866
285263,North,Gizmo,793
285265,North,Gizmo,876
285269,North,Doohickey,821
285316,North,Gizmo,830
285324,North,Widget,633
285340,North,Doohickey,819
285361,North,Widget,903
285366,North,Gizmo,693
285378,North,Widget,644
285379,North,Gizmo,889
285388,North,Widget,932
285394,North,Gadget,636
285400,North,Doohickey,645
285404,North,Widget,896
285420,North,Gizmo,869
285427,North,Widget,940
285444,North,Doohickey,535
285468,North,Gizmo,754
285470,North,Doohickey,842
285474,North,Doohickey,501
285480,North,Doohickey,669
285489,North,Widget,891
285492,North,Gadget,848
285494,North,Doohickey,520
285496,North,Gadget,817
285514,North,Gizmo,865
285519,North,Doohickey,680
285522,North,Gizmo,765
285523,North,Doohickey,996
285554,North,Doohickey,640
285557,North,Widget,889
285561,North,Widget,986
285563,North,Gadget,722
285564,North,Gadget,994
285567,North,Gizmo,507
285568,North,Gizmo,992
285573,North,Gizmo,637
285576,North,Gadget,731
285578,North,Gizmo,501
285591,North,Gizmo,726
285604,North,Gadget,712
285607,North,Gadget,905
285615,North,Widget,546
285626,North,Doohickey,553
285627,North,Gadget,986
285628,North,Gadget,989
285633,North,Gizmo,501
285640,North,Doohickey,771
285656,North,Doohickey,951
285684,North,Widget,597
285689,North,Gadget,523
285698,North,Doohickey,784
285708,North,Gizmo,695
285710,North,Widget,663
285717,North,Widget,973
285721,North,Gizmo,903
285728,North,Gadget,785
285733,North,Gizmo,889
285736,North,Doohickey,758
285751,North,Widget,930
285756,North,Gadget,666
285759,North,Widget,648
285770,North,Widget,521
285775,North,Doohickey,766
285779,North,Doohickey,601
285781,North,Gadget,605
285801,North,Gizmo,910
285803,North,Widget,830
285804,North,Doohickey,926
285807,North,Widget,685
285813,North,Widget,994
285824,North,Doohickey,969
285827,North,Widget,703
285836,North,Gizmo,905
285840,North,Gizmo,906
285846,North,Doohickey,528
285867,North,Widget,840
285868,North,Gizmo,944
285869,North,Gadget,788
285870,North,Gizmo,960
285900,North,Widget,593
285912,North,Gadget,651
285927,North,Gizmo,790
285941,North,Gizmo,572
285945,North,Gizmo,505
285977,North,Doohickey,936
285985,North,Gadget,794
285988,North,Widget,948
285995,North,Gadget,922
285999,North,Widget,877
286013,North,Gizmo,530
286025,North,Doohickey,559
286030,North,Doohickey,753
286036,North,Widget,872
286041,North,Gadget,672
286049,North,Widget,666
286050,North,Doohickey,705
286060,North,Doohickey,668
286068,North,Widget,532
286069,North,Gadget,706
286093,North,Doohickey,876
286095,North,Gizmo,917
286097,North,Gadget,511
286101,North,Gizmo,802
286115,North,Gadget,508
286116,North,Widget,501
286120,North,Gadget,505
286138,North,Widget,859
286156,North,Gadget,618
286175,North,Doohickey,960
286176,North,Doohickey,927
286185,North,Widget,598
286193,North,Widget,554
286202,North,Widget,543
286206,North,Doohickey,960
286207,North,Widget,766
286220,North,Gizmo,583
286227,North,Gizmo,925
286237,North,Gadget,555
286244,North,Gizmo,936
286245,North,Gadget,578
286258,North,Gadget,748
286261,North,Widget,725
286268,North,Gadget,882
286271,North,Gizmo,977
286289,North,Gizmo,855
286290,North,Widget,917
286300,North,Doohickey,956
286318,North,Doohickey,798
286325,North,Gadget,857
286327,North,Doohickey,847
286351,North,Doohickey,961
286362,North,Gizmo,875
286364,North,Widget,651
286371,North,Widget,521
286372,North,Gizmo,911
286373,North,Widget,746
286377,North,Widget,788
286384,North,Widget,541
286394,North,Gadget,565
286401,North,Doohickey,823
286418,North,Gadget,626
286420,North,Gizmo,771
286421,North,Gizmo,921
286430,North,Widget,638
286431,North,Gadget,748
286440,North,Gadget,640
286445,North,Gizmo,901
286447,North,Widget,933
286451,North,Doohickey,710
286459,North,Gizmo,827
286460,North,Widget,738
286464,North,Gadget,507
286469,North,Gadget,821
286474,North,Gizmo,649
286483,North,Doohickey,930
286485,North,Gizmo,539
286487,North,Doohickey,923
286493,North,Gadget,694
286495,North,Doohickey,869
286514,North,Gadget,873
286515,North,Doohickey,933
286520,North,Gizmo,785
286542,North,Doohickey,969
286547,North,Gizmo,746
286552,North,Gizmo,713
286572,North,Doohickey,766
286573,North,Gizmo,725
286585,North,Widget,593
286592,North,Widget,534
286593,North,Doohickey,668
286604,North,Doohickey,610
286613,North,Gadget,649
286616,North,Gadget,513
286627,North,Widget,573
286630,North,Gizmo,779
286637,North,Doohickey,625
286653,North,Doohickey,508
286665,North,Gadget,572
286668,North,Gizmo,952
286673,North,Doohickey,539
286674,North,Doohickey,847
286692,North,Gadget,907
286711,North,Doohickey,780
286712,North,Doohickey,897
286714,North,Doohickey,902
286717,North,Gadget,723
286734,North,Gadget,533
286736,North,Gadget,800
286757,North,Gizmo,861
286761,North,Widget,630
286763,North,Gizmo,531
286769,North,Gadget,522
286770,North,Widget,759
286778,North,Doohickey,818
286779,North,Gizmo,956
286782,North,Gizmo,604
286783,North,Doohickey,669
286786,North,Gadget,877
286792,North,Doohickey,932
286801,North,Doohickey,907
286805,North,Doohickey,701
286810,North,Gadget,971
286819,North,Gizmo,751
286820,North,Gadget,850
286825,North,Gizmo,815
286827,North,Gadget,856
286832,North,Gadget,977
286841,North,Doohickey,799
286842,North,Widget,657
286847,North,Widget,810
286848,North,Doohickey,781
286851,North,Widget,935
286861,North,Gadget,792
286862,North,Gizmo,637
286863,North,Gadget,598
286872,North,Gizmo,570
286885,North,Gadget,560
286897,North,Gadget,647
286902,North,Gadget,727
286913,North,Gadget,824
286915,North,Gadget,637
286923,North,Gadget,659
286925,North,Doohickey,891
286933,North,Gizmo,557
286937,North,Gadget,722
286940,North,Gizmo,959
286951,North,Gadget,655
286955,North,Doohickey,810
286966,North,Doohickey,771
286986,North,Widget,742
287001,North,Gizmo,743
287015,North,Doohickey,774
287024,North,Gizmo,861
287025,North,Gizmo,697
287036,North,Gadget,745
287038,North,Doohickey,778
287046,North,Doohickey,956
287050,North,Widget,997
287052,North,Gadget,916
287062,North,Doohickey,639
287068,North,Gizmo,632
287078,North,Doohickey,582
287081,North,Widget,680
287087,North,Gadget,576
287098,North,Widget,817
287100,North,Widget,707
287106,North,Widget,730
287107,North,Gizmo,953
287112,North,Gizmo,998
287115,North,Widget,969
287116,North,Doohickey,881
287124,North,Gizmo,656
287136,North,Gizmo,778
287138,North,Widget,642
287139,North,Gadget,799
287142,North,Gadget,665
287145,North,Gadget,712
287152,North,Widget,547
287164,North,Gizmo,838
287174,North,Gizmo,509
287179,North,Gizmo,573
287181,North,Widget,922
287182,North,Doohickey,621
287192,North,Doohickey,985
287209,North,Gadget,663
287217,North,Gadget,615
287225,North,Gizmo,902
287227,North,Gadget,736
287231,North,Gadget,800
287235,North,Gizmo,778
287236,North,Widget,700
287262,North,Doohickey,652
287269,North,Gizmo,778
287277,North,Widget,557
287284,North,Doohickey,747
287287,North,Widget,699
287291,North,Widget,985
287294,North,Gizmo,902
287311,North,Doohickey,501
287317,North,Gizmo,834
287318,North,Doohickey,541
287326,North,Gadget,595
287337,North,Gadget,894
287343,North,Widget,635
287355,North,Doohickey,846
287357,North,Gadget,872
287359,North,Gizmo,644
287399,North,Doohickey,963
287405,North,Doohickey,651
287408,North,Doohickey,859
287409,North,Gadget,622
287412,North,Widget,841
287416,North,Doohickey,683
287425,North,Gizmo,651
287447,North,Widget,926
287454,North,Gizmo,772
287457,North,Widget,926
287464,North,Doohickey,835
287480,North,Doohickey,765
287485,North,Doohickey,745
287489,North,Gadget,965
287497,North,Gizmo,834
287498,North,Gadget,811
287502,North,Widget,586
287506,North,Widget,602
287509,North,Gadget,692
287513,North,Gadget,553
287518,North,Gadget,893
287535,North,Doohickey,637
287564,North,Doohickey,542
287567,North,Gadget,752
287571,North,Widget,888
287580,North,Widget,901
287585,North,Gizmo,908
287606,North,Widget,886
287610,North,Doohickey,573
287611,North,Doohickey,902
287614,North,Doohickey,576
287623,North,Doohickey,988
287630,North,Widget,607
287643,North,Doohickey,522
287651,North,Gizmo,708
287655,North,Widget,921
287662,North,Widget,806
287673,North,Widget,662
287679,North,Widget,695
287681,North,Gadget,891
287684,North,Gizmo,730
287687,North,Doohickey,673
287689,North,Doohickey,911
287691,North,Gadget,921
287703,North,Doohickey,507
287716,North,Widget,714
287727,North,Widget,709
287728,North,Doohickey,634
287731,North,Gizmo,914
287754,North,Gadget,576
287760,North,Doohickey,542
287768,North,Widget,526
287770,North,Doohickey,966
287771,North,Widget,684
287774,North,Gadget,681
287784,North,Gadget,643
287786,North,Gizmo,723
287810,North,Doohickey,808
287813,North,Widget,892
287814,North,Gadget,935
287825,North,Doohickey,536
287826,North,Gizmo,802
287851,North,Gadget,843
287872,North,Gizmo,843
287877,North,Widget,713
287880,North,Gadget,551
287884,North,Widget,807
287892,North,Doohickey,668
287901,North,Widget,676
287920,North,Gadget,680
287924,North,Gizmo,658
287925,North,Gadget,885
287926,North,Gadget,568
287927,North,Gadget,599
287932,North,Doohickey,618
287944,North,Gizmo,914
287958,North,Gadget,590
287960,North,Widget,797
287973,North,Doohickey,739
287976,North,Doohickey,982
287982,North,Doohickey,940
287985,North,Widget,947
287990,North,Widget,643
287993,North,Widget,693
288000,North,Gadget,727
288004,North,Doohickey,671
288017,North,Widget,558
288018,North,Widget,921
288027,North,Gadget,577
288028,North,Doohickey,790
288033,North,Doohickey,750
288039,North,Doohickey,936
288052,North,Widget,615
288055,North,Widget,891
288068,North,Doohickey,911
288070,North,Gadget,623
288074,North,Gadget,978
288091,North,Gizmo,504
288094,North,Doohickey,769
288095,North,Widget,656
288097,North,Gizmo,547
288099,North,Gizmo,788
288103,North,Widget,786
288109,North,Gizmo,593
288118,North,Gizmo,710
288127,North,Gizmo,629
288138,North,Doohickey,811
288154,North,Widget,880
288157,North,Doohickey,597
288162,North,Gizmo,725
288175,North,Widget,739
288177,North,Gadget,961
288181,North,Widget,798
288190,North,Gadget,702
288200,North,Doohickey,649
288204,North,Gizmo,969
288213,North,Gadget,911
288220,North,Widget,559
288225,North,Doohickey,650
288243,North,Doohickey,738
288244,North,Gadget,777
288263,North,Doohickey,752
288268,North,Widget,655
288284,North,Gizmo,796
288287,North,Doohickey,964
288293,North,Widget,646
288301,North,Gizmo,593
288314,North,Gadget,748
288317,North,Widget,880
288322,North,Gizmo,691
288331,North,Gizmo,755
288334,North,Widget,965
288342,North,Widget,967
288366,North,Gizmo,765
288404,North,Doohickey,692
288408,North,Doohickey,731
288409,North,Doohickey,892
288410,North,Doohickey,991
288413,North,Widget,566
288420,North,Gadget,848
288457,North,Doohickey,696
288475,North,Gadget,918
288493,North,Doohickey,748
288510,North,Doohickey,595
288513,North,Widget,936
288515,North,Gizmo,747
288523,North,Widget,551
288531,North,Gadget,897
288535,North,Gizmo,819
288536,North,Gizmo,761
288548,North,Doohickey,576
288556,North,Gadget,644
288561,North,Gizmo,843
288565,North,Gadget,745
288583,North,Gadget,880
288587,North,Doohickey,579
288590,North,Widget,546
288594,North,Gizmo,852
288595,North,Gadget,582
288614,North,Doohickey,789
288617,North,Widget,841
288618,North,Doohickey,714
288621,North,Widget,797
288628,North,Doohickey,873
288635,North,Gizmo,625
288642,North,Gizmo,986
288665,North,Gadget,753
288667,North,Gadget,972
288677,North,Doohickey,543
288687,North,Gadget,880
288692,North,Widget,757
288693,North,Gizmo,686
288700,North,Doohickey,615
288706,North,Gadget,936
288710,North,Gizmo,968
288735,North,Widget,726
288736,North,Gizmo,956
288752,North,Gadget,894
288755,North,Gadget,883
288757,North,Gizmo,591
288759,North,Gadget,597
288760,North,Widget,602
288761,North,Doohickey,666
288762,North,Gizmo,675
288774,North,Gizmo,983
288775,North,Widget,726
288792,North,Gizmo,634
288803,North,Widget,818
288807,North,Doohickey,661
288812,North,Doohickey,778
288824,North,Gizmo,782
288826,North,Gadget,869
288831,North,Doohickey,838
288843,North,Doohickey,708
288845,North,Widget,691
288849,North,Gizmo,725
288853,North,Widget,501
288857,North,Gadget,541
288866,North,Gadget,734
288871,North,Gadget,788
288880,North,Gizmo,545
288896,North,Widget,628
288913,North,Widget,992
288914,North,Widget,766
288917,North,Widget,656
288926,North,Gizmo,625
288929,North,Gizmo,880
288952,North,Doohickey,805
288958,North,Gadget,615
288982,North,Gizmo,928
288996,North,Widget,585
289005,North,Gadget,705
289006,North,Doohickey,649
289013,North,Widget,888
289024,North,Gizmo,722
289025,North,Doohickey,802
289035,North,Doohickey,852
289038,North,Gadget,619
289046,North,Doohickey,549
289049,North,Gadget,910
289052,North,Gadget,915
289055,North,Gadget,930
289057,North,Gadget,861
289064,North,Widget,751
289070,North,Doohickey,576
289094,North,Widget,622
289096,North,Widget,856
289101,North,Doohickey,705
289103,North,Widget,536
289104,North,Gizmo,632
289111,North,Gadget,661
289112,North,Doohickey,754
289113,North,Widget,586
289118,North,Gizmo,932
289119,North,Doohickey,952
289135,North,Doohickey,911
289138,North,Doohickey,638
289152,North,Gizmo,532
289170,North,Doohickey,807
289172,North,Doohickey,727
289173,North,Widget,784
289197,North,Gizmo,727
289209,North,Gadget,696
289220,North,Doohickey,547
289235,North,Widget,913
289240,North,Widget,986
289265,North,Gizmo,766
289266,North,Doohickey,810
289276,North,Widget,564
289294,North,Doohickey,575
289296,North,Doohickey,554
289301,North,Doohickey,760
289315,North,Gizmo,628
289318,North,Gizmo,855
289321,North,Gizmo,968
289322,North,Widget,639
289337,North,Gadget,835
289340,North,Doohickey,805
289347,North,Doohickey,768
289365,North,Gizmo,850
289375,North,Gizmo,763
289384,North,Widget,765
289386,North,Gizmo,836
289388,North,Widget,586
289398,North,Gadget,538
289399,North,Widget,517
289411,North,Gadget,876
289414,North,Gizmo,981
289430,North,Gizmo,676
289437,North,Gizmo,598
289459,North,Gizmo,566
289461,North,Doohickey,597
289464,North,Gizmo,757
289466,North,Doohickey,863
289467,North,Gizmo,568
289468,North,Doohickey,875
289476,North,Gizmo,714
289485,North,Gadget,612
289486,North,Gizmo,720
289487,North,Gadget,811
289497,North,Widget,617
289515,North,Gadget,844
289529,North,Gizmo,718
289530,North,Gadget,833
289559,North,Gizmo,943
289566,North,Widget,861
289574,North,Gadget,782
289578,North,Gadget,981
289588,North,Widget,890
289613,North,Gadget,701
289615,North,Gizmo,828
289620,North,Gizmo,980
289635,North,Gadget,662
289652,North,Widget,960
289672,North,Widget,884
289673,North,Gadget,565
289703,North,Gizmo,513
289706,North,Widget,673
289714,North,Gadget,848
289716,North,Widget,949
289721,North,Gadget,615
289722,North,Widget,623
289727,North,Widget,755
289733,North,Gadget,747
289743,North,Doohickey,512
289755,North,Gadget,953
289758,North,Gadget,999
289764,North,Widget,658
289784,North,Gadget,666
289787,North,Widget,621
289812,North,Doohickey,545
289819,North,Doohickey,976
289821,North,Widget,878
289824,North,Gizmo,633
289835,North,Gadget,943
289847,North,Gizmo,769
289852,North,Widget,656
289856,North,Doohickey,871
289864,North,Widget,593
289867,North,Gadget,604
289873,North,Widget,509
289893,North,Doohickey,860
289896,North,Widget,759
289906,North,Gizmo,705
289914,North,Gadget,547
289917,North,Gadget,902
289918,North,Gadget,585
289919,North,Widget,861
289927,North,Widget,914
289943,North,Widget,839
289944,North,Gadget,522
289950,North,Gadget,977
289966,North,Widget,939
289967,North,Widget,866
289984,North,Doohickey,633
289987,North,Widget,772
289989,North,Widget,990
289999,North,Gizmo,818
290001,North,Widget,858
290002,North,Gizmo,705
290038,North,Gadget,947
290040,North,Doohickey,874
290058,North,Gadget,994
290086,North,Gizmo,564
290093,North,Widget,867
290094,North,Doohickey,901
290095,North,Widget,795
290104,North,Widget,997
290120,North,Gizmo,697
290128,North,Gadget,918
290134,North,Gizmo,788
290136,North,Doohickey,647
290143,North,Gadget,543
290153,North,Gizmo,569
290156,North,Widget,713
290162,North,Gadget,511
290166,North,Doohickey,507
290182,North,Gadget,720
290184,North,Widget,747
290189,North,Gizmo,566
290191,North,Doohickey,628
290200,North,Doohickey,688
290204,North,Widget,918
290215,North,Doohickey,917
290217,North,Widget,836
290229,North,Doohickey,786
290230,North,Gizmo,571
290234,North,Widget,754
290237,North,Gizmo,636
290243,North,Widget,669
290280,North,Gadget,775
290286,North,Gizmo,603
290289,North,Gizmo,927
290292,North,Widget,919
290313,North,Doohickey,698
290316,North,Gizmo,694
290319,North,Widget,584
290320,North,Gadget,684
290325,North,Gizmo,671
290329,North,Gizmo,676
290332,North,Gadget,846
290337,North,Gadget,857
290343,North,Gadget,819
290346,North,Gizmo,573
290348,North,Widget,757
290351,North,Widget,769
290352,North,Gadget,711
290358,North,Gadget,521
290362,North,Gizmo,595
290378,North,Doohickey,609
290381,North,Widget,888
290384,North,Doohickey,731
290387,North,Gizmo,692
290401,North,Widget,873
290410,North,Doohickey,570
290414,North,Widget,519
290426,North,Gadget,861
290430,North,Doohickey,632
290435,North,Widget,867
290465,North,Gadget,678
290472,North,Doohickey,684
290474,North,Doohickey,652
290476,North,Widget,721
290479,North,Doohickey,911
290480,North,Doohickey,769
290482,North,Gizmo,700
290488,North,Gizmo,759
290509,North,Widget,767
290515,North,Doohickey,969
290520,North,Gizmo,869
290521,North,Gizmo,549
290544,North,Gadget,817
290547,North,Gadget,914
290551,North,Gizmo,885
290582,North,Gizmo,779
290583,North,Gizmo,732
290586,North,Gadget,538
290603,North,Gizmo,869
290615,North,Gadget,797
290640,North,Doohickey,682
290647,North,Widget,800
290661,North,Gizmo,913
290666,North,Gadget,507
290679,North,Gizmo,917
290699,North,Doohickey,507
290700,North,Widget,772
290702,North,Widget,644
290707,North,Gizmo,797
290710,North,Gizmo,609
290711,North,Gadget,572
290713,North,Doohickey,597
290716,North,Widget,680
290719,North,Doohickey,894
290730,North,Gizmo,716
290733,North,Doohickey,702
290734,North,Widget,750
290741,North,Gizmo,834
290746,North,Widget,980
290751,North,Gadget,927
290753,North,Doohickey,783
290757,North,Widget,907
290759,North,Gadget,860
290762,North,Widget,583
290770,North,Widget,865
290797,North,Doohickey,853
290799,North,Widget,869
290804,North,Doohickey,569
290805,North,Doohickey,602
290808,North,Gadget,501
290814,North,Doohickey,810
290826,North,Gadget,723
290833,North,Gadget,567
290848,North,Doohickey,598
290852,North,Widget,706
290869,North,Gizmo,727
290877,North,Gadget,631
290880,North,Gadget,680
290889,North,Widget,924
290891,North,Gizmo,702
290894,North,Gizmo,943
290903,North,Gadget,959
290939,North,Doohickey,944
290956,North,Gadget,653
290971,North,Doohickey,772
290973,North,Widget,876
290976,North,Widget,581
290979,North,Gizmo,861
290981,North,Gadget,610
290992,North,Gizmo,847
290995,North,Widget,529
290996,North,Gadget,671
291004,North,Gizmo,624
291005,North,Gadget,524
291014,North,Widget,601
291022,North,Doohickey,778
291023,North,Widget,754
291025,North,Doohickey,661
291034,North,Widget,880
291043,North,Gadget,908
291050,North,Doohickey,515
291056,North,Doohickey,933
291059,North,Gadget,671
291060,North,Gadget,614
291068,North,Gizmo,771
291078,North,Doohickey,758
291082,North,Doohickey,685
291110,North,Doohickey,765
291136,North,Gadget,676
291158,North,Widget,961
291165,North,Widget,597
291166,North,Gadget,860
291173,North,Gizmo,849
291178,North,Gadget,599
291182,North,Gadget,627
291186,North,Widget,565
291187,North,Gizmo,809
291188,North,Doohickey,833
291199,North,Gadget,967
291201,North,Gizmo,819
291223,North,Gizmo,961
291230,North,Gizmo,906
291231,North,Gadget,504
291232,North,Doohickey,674
291238,North,Doohickey,986
291252,North,Gadget,721
291261,North,Gadget,901
291272,North,Doohickey,596
291273,North,Gadget,996
291292,North,Doohickey,580
291300,North,Gizmo,810
291305,North,Gizmo,548
291313,North,Gadget,859
291321,North,Doohickey,981
291330,North,Doohickey,508
291344,North,Gadget,596
291349,North,Gadget,608
291351,North,Doohickey,842
291362,North,Gizmo,686
291371,North,Doohickey,934
291416,North,Doohickey,951
291427,North,Widget,540
291430,North,Doohickey,505
291431,North,Widget,999
291434,North,Gizmo,756
291438,North,Gadget,686
291442,North,Doohickey,584
291446,North,Widget,721
291458,North,Doohickey,736
291464,North,Gizmo,881
291468,North,Doohickey,542
291469,North,Widget,588
291484,North,Gadget,858
291489,North,Gizmo,684
291491,North,Gadget,708
291498,North,Widget,769
291517,North,Widget,740
291518,North,Widget,811
291534,North,Gadget,762
291539,North,Gizmo,885
291558,North,Widget,691
291561,North,Widget,891
291563,North,Gadget,751
291568,North,Widget,681
291571,North,Gizmo,547
291575,North,Widget,927
291579,North,Gadget,936
291593,North,Gizmo,772
291598,North,Gadget,784
291600,North,Gadget,939
291629,North,Gadget,772
291630,North,Gizmo,919
291637,North,Gadget,771
291664,North,Doohickey,748
291675,North,Doohickey,705
291677,North,Doohickey,586
291682,North,Gadget,885
291686,North,Gizmo,615
291687,North,Doohickey,619
291694,North,Widget,806
291704,North,Gadget,606
291715,North,Gizmo,646
291721,North,Doohickey,999
291723,North,Doohickey,977
291726,North,Widget,568
291755,North,Doohickey,676
291756,North,Gizmo,773
291766,North,Gadget,524
291771,North,Gadget,622
291777,North,Gadget,903
291786,North,Doohickey,840
291790,North,Widget,788
291802,North,Gadget,787
291805,North,Gizmo,697
291844,North,Gizmo,556
291846,North,Gizmo,941
291879,North,Widget,662
291882,North,Widget,704
291890,North,Widget,696
291901,North,Gadget,806
291909,North,Gizmo,598
291912,North,Gizmo,739
291920,North,Gizmo,742
291930,North,Widget,738
291932,North,Doohickey,831
291935,North,Gadget,891
291958,North,Doohickey,585
291959,North,Doohickey,521
291962,North,Gadget,548
291964,North,Doohickey,794
291971,North,Widget,620
291987,North,Widget,867
291988,North,Widget,550
291990,North,Gizmo,924
291996,North,Gadget,701
291998,North,Widget,569
292001,North,Gadget,642
292007,North,Widget,586
292040,North,Widget,509
292044,North,Doohickey,968
292049,North,Gadget,509
292055,North,Gizmo,724
292065,North,Gadget,991
292072,North,Widget,894
292077,North,Widget,964
292081,North,Gadget,561
292087,North,Gadget,592
292102,North,Gadget,717
292108,North,Gizmo,844
292115,North,Gizmo,736
292120,North,Widget,910
292121,North,Gizmo,570
292125,North,Gadget,958
292150,North,Gizmo,825
292154,North,Gizmo,522
292170,North,Gadget,505
292173,North,Gizmo,577
292179,North,Gadget,734
292184,North,Widget,630
292185,North,Widget,798
292199,North,Widget,890
292211,North,Doohickey,588
292212,North,Gadget,878
292219,North,Widget,796
292225,North,Widget,956
292228,North,Gizmo,750
292232,North,Gadget,701
292239,North,Gizmo,844
292245,North,Gizmo,737
292247,North,Widget,822
292253,North,Widget,512
292261,North,Gadget,864
292282,North,Gizmo,605
292291,North,Gizmo,514
292292,North,Doohickey,521
292308,North,Gizmo,503
292311,North,Gizmo,861
292312,North,Widget,844
292329,North,Doohickey,602
292336,North,Doohickey,883
292346,North,Gizmo,784
292353,North,Gizmo,876
292400,North,Gadget,676
292408,North,Gizmo,923
292410,North,Widget,520
292419,North,Gizmo,778
292440,North,Gizmo,630
292449,North,Doohickey,994
292456,North,Widget,832
292468,North,Gizmo,744
292471,North,Gizmo,777
292495,North,Widget,696
292496,North,Gizmo,835
292498,North,Widget,814
292500,North,Gadget,713
292505,North,Gizmo,984
292521,North,Widget,649
292522,North,Gadget,568
292526,North,Doohickey,698
292535,North,Doohickey,724
292544,North,Gadget,515
292549,North,Doohickey,815
292555,North,Gizmo,822
292566,North,Gizmo,762
292571,North,Widget,696
292586,North,Doohickey,550
292587,North,Gizmo,646
292619,North,Doohickey,992
292623,North,Gizmo,842
292624,North,Widget,619
292639,North,Gizmo,941
292640,North,Widget,723
292651,North,Widget,572
292653,North,Gadget,710
292661,North,Gadget,516
292666,North,Gadget,563
292670,North,Doohickey,921
292675,North,Gadget,874
292677,North,Widget,999
292680,North,Gadget,704
292685,North,Doohickey,769
292695,North,Gizmo,960
292703,North,Widget,969
292708,North,Widget,795
292710,North,Widget,787
292718,North,Widget,764
292733,North,Gizmo,518
292740,North,Widget,896
292746,North,Doohickey,547
292771,North,Gadget,689
292775,North,Gadget,533
292777,North,Doohickey,515
292778,North,Gadget,729
292783,North,Doohickey,756
292794,North,Gizmo,585
292807,North,Gizmo,976
292813,North,Widget,817
292825,North,Gadget,926
292852,North,Gizmo,831
292860,North,Doohickey,852
292861,North,Gadget,638
292877,North,Widget,767
292878,North,Gadget,827
292882,North,Gadget,843
292884,North,Gizmo,883
292889,North,Gizmo,871
292890,North,Gadget,894
292898,North,Doohickey,539
292903,North,Widget,953
292914,North,Doohickey,640
292915,North,Widget,836
292925,North,Widget,986
292949,North,Widget,530
292970,North,Doohickey,725
292976,North,Gadget,745
292977,North,Doohickey,541
293002,North,Widget,996
293019,North,Doohickey,841
293021,North,Gizmo,547
293029,North,Gizmo,699
293030,North,Gadget,531
293038,North,Gadget,664
293040,North,Widget,997
293042,North,Widget,796
293052,North,Doohickey,522
293057,North,Doohickey,1000
293063,North,Doohickey,952
293066,North,Gizmo,922
293076,North,Doohickey,709
293085,North,Gadget,919
293088,North,Gizmo,944
293091,North,Widget,736
293102,North,Widget,603
293104,North,Gizmo,809
293110,North,Doohickey,520
293122,North,Gadget,509
293127,North,Gizmo,727
293134,North,Doohickey,661
293135,North,Gadget,913
293142,North,Doohickey,981
293147,North,Widget,816
293163,North,Doohickey,754
293171,North,Gadget,519
293172,North,Gizmo,798
293173,North,Gadget,811
293174,North,Gadget,702
293175,North,Doohickey,562
293180,North,Gadget,795
293190,North,Widget,900
293195,North,Gadget,753
293197,North,Widget,713
293201,North,Doohickey,955
293202,North,Gizmo,994
293204,North,Doohickey,799
293208,North,Gizmo,664
293221,North,Gadget,896
293225,North,Doohickey,952
293227,North,Gadget,657
293230,North,Gizmo,630
293234,North,Doohickey,611
293235,North,Doohickey,646
293244,North,Gizmo,507
293245,North,Gadget,861
293266,North,Doohickey,703
293284,North,Widget,959
293286,North,Doohickey,986
293290,North,Doohickey,955
293311,North,Widget,881
293316,North,Doohickey,745
293317,North,Doohickey,550
293318,North,Gadget,872
293320,North,Doohickey,911
293321,North,Widget,610
293322,North,Doohickey,567
293331,North,Gadget,590
293335,North,Widget,629
293351,North,Gadget,539
293359,North,Gadget,863
293363,North,Gadget,541
293364,North,Widget,515
293365,North,Widget,664
293370,North,Gizmo,662
293374,North,Gadget,872
293386,North,Widget,559
293387,North,Gadget,844
293402,North,Gizmo,878
293415,North,Doohickey,573
293436,North,Doohickey,832
293451,North,Doohickey,539
293454,North,Widget,960
293469,North,Widget,738
293481,North,Gizmo,515
293483,North,Gadget,828
293491,North,Widget,964
293493,North,Widget,965
293494,North,Gadget,633
293500,North,Gizmo,961
293501,North,Gadget,751
293504,North,Gadget,588
293506,North,Widget,856
293515,North,Widget,550
293516,North,Widget,971
293528,North,Gizmo,647
293535,North,Gizmo,552
293540,North,Gadget,784
293543,North,Widget,731
293545,North,Widget,521
293553,North,Doohickey,515
293555,North,Widget,860
293559,North,Doohickey,802
293563,North,Doohickey,732
293568,North,Doohickey,764
293570,North,Gadget,624
293579,North,Widget,576
293608,North,Gadget,725
293626,North,Gizmo,670
293631,North,Gadget,740
293643,North,Widget,518
293644,North,Gizmo,771
293646,North,Doohickey,944
293649,North,Doohickey,547
293657,North,Widget,735
293681,North,Gizmo,871
293687,North,Gadget,757
293689,North,Doohickey,636
293693,North,Gizmo,950
293696,North,Gizmo,710
293699,North,Gizmo,784
293702,North,Gizmo,777
293709,North,Doohickey,756
293712,North,Doohickey,685
293719,North,Widget,559
293720,North,Widget,992
293747,North,Gizmo,516
293751,North,Gizmo,619
293755,North,Doohickey,959
293763,North,Gizmo,631
293769,North,Widget,501
293778,North,Doohickey,871
293780,North,Doohickey,889
293789,North,Gadget,685
293810,North,Doohickey,673
293834,North,Doohickey,550
293841,North,Doohickey,763
293843,North,Gizmo,646
293847,North,Widget,969
293854,North,Gadget,917
293857,North,Gadget,986
293858,North,Widget,836
293859,North,Widget,636
293863,North,Gadget,539
293871,North,Doohickey,739
293874,North,Widget,980
293879,North,Gizmo,930
293886,North,Doohickey,614
293901,North,Widget,698
293905,North,Doohickey,915
293911,North,Gadget,567
293913,North,Widget,822
293915,North,Widget,868
293917,North,Gizmo,807
293924,North,Doohickey,725
293929,North,Doohickey,533
293930,North,Gadget,619
293939,North,Gadget,702
293940,North,Doohickey,592
293957,North,Gizmo,754
293961,North,Gizmo,857
293963,North,Widget,811
293967,North,Gizmo,579
293978,North,Gadget,707
293991,North,Doohickey,656
293996,North,Gizmo,892
293998,North,Gadget,568
294001,North,Gadget,607
294041,North,Gizmo,583
294046,North,Doohickey,661
294058,North,Widget,885
294075,North,Widget,728
294082,North,Gadget,851
294088,North,Gadget,761
294102,North,Gizmo,927
294104,North,Gadget,535
294118,North,Gadget,802
294123,North,Gizmo,647
294128,North,Gadget,720
294135,North,Gadget,988
294136,North,Gadget,657
294138,North,Gadget,776
294140,North,Gadget,953
294153,North,Doohickey,809
294194,North,Doohickey,955
294196,North,Widget,721
294198,North,Doohickey,568
294201,North,Widget,959
294222,North,Widget,830
294250,North,Gadget,593
294251,North,Gadget,608
294252,North,Gizmo,696
294256,North,Gadget,989
294257,North,Doohickey,993
294265,North,Gizmo,940
294269,North,Widget,626
294273,North,Widget,973
294276,North,Gizmo,847
294278,North,Gadget,765
294280,North,Gadget,696
294287,North,Doohickey,677
294288,North,Doohickey,582
294295,North,Widget,801
294315,North,Gizmo,779
294319,North,Gadget,644
294325,North,Doohickey,535
294337,North,Gizmo,774
294350,North,Widget,583
294352,North,Gadget,548
294370,North,Gadget,835
294394,North,Widget,659
294412,North,Widget,799
294418,North,Doohickey,828
294428,North,Gadget,858
294440,North,Gadget,678
294444,North,Gizmo,930
294450,North,Gizmo,579
294455,North,Widget,809
294456,North,Gadget,653
294461,North,Widget,549
294465,North,Gadget,752
294484,North,Gadget,515
294486,North,Widget,712
294488,North,Gizmo,747
294496,North,Widget,875
294499,North,Doohickey,731
294513,North,Gizmo,584
294516,North,Widget,610
294519,North,Widget,858
294535,North,Widget,716
294552,North,Gizmo,503
294559,North,Widget,636
294565,North,Doohickey,541
294566,North,Doohickey,722
294568,North,Doohickey,770
294573,North,Doohickey,794
294580,North,Gizmo,865
294583,North,Gadget,771
294591,North,Gadget,938
294592,North,Widget,678
294599,North,Doohickey,742
294600,North,Widget,948
294609,North,Widget,622
294612,North,Widget,636
294616,North,Gizmo,715
294625,North,Widget,774
294626,North,Gizmo,863
294628,North,Widget,682
294634,North,Widget,884
294637,North,Doohickey,653
294677,North,Gizmo,505
294679,North,Gizmo,733
294680,North,Gizmo,749
294682,North,Widget,771
294694,North,Gizmo,672
294698,North,Gadget,894
294699,North,Doohickey,636
294714,North,Doohickey,573
294716,North,Gizmo,559
294722,North,Gizmo,648
294733,North,Doohickey,533
294738,North,Doohickey,713
294740,North,Widget,863
294747,North,Widget,984
294748,North,Gizmo,963
294758,North,Gizmo,562
294762,North,Gadget,614
294765,North,Gizmo,731
294768,North,Gizmo,908
294771,North,Gizmo,665
294773,North,Doohickey,771
294792,North,Doohickey,520
294803,North,Widget,517
294810,North,Doohickey,555
294811,North,Doohickey,603
294841,North,Gadget,673
294842,North,Doohickey,696
294844,North,Gizmo,529
294852,North,Widget,657
294857,North,Gadget,731
294875,North,Gadget,546
294887,North,Doohickey,844
294888,North,Gizmo,529
294895,North,Doohickey,878
294903,North,Gadget,927
294912,North,Gizmo,590
294919,North,Doohickey,993
294927,North,Gadget,857
294941,North,Gadget,706
294944,North,Gadget,644
294948,North,Gizmo,642
294954,North,Gizmo,899
294959,North,Doohickey,654
294961,North,Gizmo,809
294974,North,Widget,543
294980,North,Doohickey,515
294988,North,Doohickey,961
295001,North,Doohickey,835
295006,North,Gizmo,848
295008,North,Gadget,715
295013,North,Widget,976
295024,North,Doohickey,942
295027,North,Widget,779
295044,North,Gizmo,710
295053,North,Gadget,956
295072,North,Widget,695
295074,North,Gadget,570
295093,North,Gadget,949
295097,North,Gizmo,898
295102,North,Gizmo,718
295106,North,Gadget,880
295115,North,Doohickey,873
295116,North,Doohickey,560
295119,North,Doohickey,833
295127,North,Gizmo,989
295140,North,Gadget,811
295143,North,Gizmo,563
295154,North,Widget,635
295157,North,Widget,744
295164,North,Gizmo,978
295184,North,Gadget,802
295185,North,Doohickey,509
295190,North,Doohickey,508
295195,North,Gadget,957
295198,North,Gizmo,583
295202,North,Gizmo,613
295204,North,Widget,943
295205,North,Gizmo,927
295218,North,Gadget,919
295219,North,Widget,616
295230,North,Doohickey,543
295232,North,Gizmo,553
295236,North,Gizmo,1000
295241,North,Gizmo,685
295248,North,Gadget,828
295252,North,Widget,757
295256,North,Widget,681
295260,North,Gizmo,530
295261,North,Widget,531
295267,North,Doohickey,825
295269,North,Widget,743
295276,North,Widget,883
295297,North,Doohickey,922
295307,North,Widget,600
295309,North,Gizmo,755
295313,North,Gadget,784
295329,North,Doohickey,988
295355,North,Gadget,542
295386,North,Widget,758
295392,North,Doohickey,941
295406,North,Gizmo,505
295412,North,Gizmo,930
295413,North,Gizmo,882
295417,North,Doohickey,609
295420,North,Doohickey,842
295425,North,Doohickey,623
295457,North,Gizmo,930
295460,North,Gadget,927
295464,North,Doohickey,501
295467,North,Doohickey,965
295471,North,Gadget,633
295474,North,Doohickey,927
295492,North,Widget,868
295496,North,Doohickey,874
295547,North,Widget,547
295548,North,Widget,725
295592,North,Widget,871
295619,North,Widget,880
295620,North,Doohickey,639
295633,North,Widget,532
295641,North,Gadget,656
295669,North,Widget,942
295674,North,Gadget,557
295678,North,Doohickey,973
295688,North,Widget,791
295699,North,Gadget,718
295704,North,Widget,960
295714,North,Gadget,716
295715,North,Gizmo,819
295719,North,Gadget,751
295742,North,Gadget,623
295751,North,Doohickey,626
295775,North,Widget,798
295782,North,Gadget,861
295794,North,Gizmo,839
295795,North,Widget,993
295805,North,Doohickey,816
295814,North,Gizmo,556
295828,North,Gizmo,604
295829,North,Gadget,564
295830,North,Doohickey,523
295839,North,Widget,593
295840,North,Gadget,811
295878,North,Doohickey,724
295889,North,Gadget,688
295890,North,Gadget,529
295895,North,Gadget,636
295897,North,Doohickey,608
295898,North,Widget,503
295903,North,Widget,560
295904,North,Gadget,897
295907,North,Gizmo,974
295909,North,Widget,735
295910,North,Gadget,756
295911,North,Gizmo,565
295914,North,Gizmo,798
295918,North,Gizmo,828
295931,North,Gadget,592
295935,North,Gadget,697
295958,North,Widget,907
295969,North,Widget,688
295981,North,Widget,678
295984,North,Gizmo,537
296012,North,Widget,861
296015,North,Widget,727
296021,North,Widget,655
296036,North,Doohickey,657
296039,North,Doohickey,730
296051,North,Doohickey,832
296058,North,Gizmo,648
296061,North,Widget,724
296065,North,Widget,559
296069,North,Gadget,693
296075,North,Gizmo,643
296078,North,Gadget,736
296092,North,Gizmo,760
296100,North,Gadget,835
296111,North,Doohickey,913
296116,North,Gizmo,795
296120,North,Doohickey,897
296131,North,Widget,736
296141,North,Gadget,664
296149,North,Doohickey,745
296150,North,Gizmo,627
296153,North,Widget,664
296156,North,Doohickey,880
296168,North,Gizmo,545
296172,North,Doohickey,713
296178,North,Gizmo,574
296191,North,Widget,976
296192,North,Gizmo,773
296198,North,Gadget,856
296219,North,Widget,649
296223,North,Doohickey,748
296224,North,Doohickey,850
296236,North,Gadget,988
296265,North,Gizmo,623
296267,North,Gizmo,693
296277,North,Gadget,841
296282,North,Gizmo,631
296283,North,Gizmo,981
296286,North,Gadget,919
296303,North,Widget,767
296304,North,Widget,891
296310,North,Gizmo,960
296313,North,Widget,883
296325,North,Widget,821
296326,North,Gadget,852
296328,North,Doohickey,515
296330,North,Gizmo,795
296332,North,Gadget,973
296339,North,Widget,750
296343,North,Doohickey,525
296357,North,Gadget,875
296381,North,Doohickey,783
296389,North,Gadget,595
296413,North,Gizmo,718
296422,North,Widget,651
296432,North,Gadget,623
296443,North,Gizmo,834
296450,North,Doohickey,901
296477,North,Gadget,680
296483,North,Gizmo,826
296485,North,Gizmo,826
296491,North,Doohickey,964
296498,North,Gadget,682
296507,North,Widget,786
296534,North,Gadget,756
296537,North,Gadget,607
296541,North,Widget,717
296564,North,Gizmo,571
296571,North,Gizmo,861
296600,North,Gadget,869
296609,North,Gizmo,724
296610,North,Gadget,849
296615,North,Gizmo,735
296620,North,Gadget,716
296621,North,Widget,569
296660,North,Gizmo,505
296663,North,Widget,768
296670,North,Widget,717
296676,North,Gadget,595
296683,North,Gadget,573
296691,North,Doohickey,703
296695,North,Widget,610
296703,North,Gizmo,828
296710,North,Widget,806
296725,North,Gizmo,923
296748,North,Gizmo,699
296749,North,Doohickey,807
296755,North,Gizmo,810
296764,North,Widget,698
296765,North,Gizmo,690
296769,North,Gadget,736
296776,North,Doohickey,743
296781,North,Doohickey,601
296795,North,Doohickey,861
296799,North,Gizmo,615
296802,North,Gizmo,633
296824,North,Gizmo,788
296831,North,Widget,676
296834,North,Gizmo,906
296837,North,Gizmo,685
296839,North,Doohickey,874
296842,North,Widget,568
296846,North,Doohickey,676
296847,North,Doohickey,706
296859,North,Gizmo,867
296860,North,Widget,947
296863,North,Gizmo,733
296870,North,Doohickey,734
296884,North,Gadget,597
296907,North,Doohickey,894
296912,North,Doohickey,638
296915,North,Gadget,825
296926,North,Widget,852
296930,North,Gadget,586
296932,North,Widget,785
296939,North,Gizmo,688
296953,North,Gadget,602
296969,North,Gadget,819
296972,North,Gizmo,967
296974,North,Gadget,922
296981,North,Widget,656
296989,North,Doohickey,798
296993,North,Gizmo,991
296995,North,Widget,989
297002,North,Doohickey,593
297029,North,Gizmo,782
297037,North,Gizmo,975
297038,North,Gadget,935
297042,North,Gizmo,620
297044,North,Gadget,874
297047,North,Doohickey,994
297054,North,Gadget,683
297065,North,Gizmo,640
297067,North,Widget,907
297085,North,Doohickey,622
297088,North,Doohickey,640
297101,North,Gadget,505
297111,North,Doohickey,690
297118,North,Doohickey,947
297119,North,Gadget,739
297124,North,Gizmo,952
297155,North,Gizmo,559
297169,North,Doohickey,665
297176,North,Widget,907
297184,North,Doohickey,948
297201,North,Gadget,685
297205,North,Gizmo,794
297206,North,Widget,905
297209,North,Widget,831
297214,North,Widget,572
297221,North,Gadget,913
297222,North,Doohickey,706
297226,North,Gizmo,527
297232,North,Gadget,716
297235,North,Gadget,637
297237,North,Widget,850
297244,North,Widget,989
297245,North,Widget,772
297255,North,Gizmo,763
297271,North,Doohickey,968
297273,North,Gadget,620
297295,North,Widget,581
297300,North,Gadget,763
297305,North,Widget,839
297307,North,Gadget,777
297312,North,Gizmo,769
297323,North,Doohickey,587
297324,North,Doohickey,745
297335,North,Doohickey,515
297339,North,Gizmo,709
297367,North,Widget,567
297369,North,Gizmo,896
297373,North,Gizmo,563
297389,North,Gizmo,702
297395,North,Widget,713
297413,North,Gizmo,706
297420,North,Doohickey,613
297424,North,Gizmo,894
297431,North,Gadget,949
297442,North,Widget,736
297443,North,Doohickey,774
297451,North,Gadget,613
297459,North,Doohickey,917
297465,North,Doohickey,833
297470,North,Doohickey,796
297477,North,Widget,627
297483,North,Gadget,542
297491,North,Gizmo,509
297496,North,Gadget,918
297501,North,Doohickey,768
297503,North,Widget,601
297508,North,Doohickey,610
297515,North,Doohickey,778
297518,North,Widget,749
297527,North,Widget,606
297532,North,Doohickey,832
297533,North,Gizmo,612
297536,North,Gizmo,620
297537,North,Gizmo,880
297545,North,Gadget,988
297553,North,Widget,882
297563,North,Gizmo,517
297571,North,Gadget,698
297582,North,Gizmo,639
297584,North,Gadget,685
297588,North,Gadget,770
297599,North,Gadget,683
297603,North,Gadget,933
297609,North,Doohickey,668
297614,North,Gizmo,802
297617,North,Gadget,540
297620,North,Gadget,800
297629,North,Widget,505
297631,North,Gadget,680
297636,North,Widget,836
297641,North,Gadget,999
297647,North,Gadget,606
297651,North,Widget,965
297659,North,Gizmo,881
297673,North,Gadget,784
297675,North,Widget,648
297691,North,Doohickey,930
297692,North,Gadget,638
297698,North,Gizmo,976
297711,North,Widget,699
297724,North,Gadget,969
297734,North,Gadget,785
297741,North,Gadget,733
297755,North,Gadget,509
297758,North,Gadget,528
297760,North,Gadget,586
297768,North,Gadget,693
297777,North,Gadget,520
297789,North,Gadget,527
297795,North,Gizmo,615
297798,North,Widget,645
297831,North,Gizmo,748
297841,North,Gizmo,791
297845,North,Doohickey,605
297849,North,Widget,655
297850,North,Gizmo,504
297858,North,Gizmo,873
297860,North,Gadget,613
297871,North,Gizmo,796
297875,North,Widget,826
297879,North,Gadget,875
297880,North,Doohickey,840
297881,North,Gadget,750
297885,North,Gadget,872
297887,North,Gizmo,863
297889,North,Gizmo,537
297900,North,Widget,658
297910,North,Doohickey,939
297912,North,Doohickey,619
297915,North,Gizmo,636
297946,North,Gizmo,631
297947,North,Doohickey,610
297958,North,Doohickey,973
297963,North,Gizmo,615
297965,North,Gizmo,548
297971,North,Gizmo,631
297974,North,Gadget,886
297975,North,Widget,767
297981,North,Gadget,994
297986,North,Widget,752
297994,North,Gadget,737
297996,North,Widget,800
297999,North,Gizmo,902
298023,North,Gizmo,557
298027,North,Widget,573
298038,North,Gizmo,795
298047,North,Doohickey,927
298049,North,Widget,575
298062,North,Gizmo,842
298067,North,Gizmo,971
298068,North,Gadget,771
298081,North,Gadget,637
298094,North,Widget,805
298103,North,Gadget,921
298105,North,Doohickey,677
298109,North,Gizmo,688
298111,North,Gizmo,838
298128,North,Gizmo,611
298135,North,Widget,788
298141,North,Gizmo,909
298145,North,Gadget,542
298146,North,Gizmo,663
298164,North,Gadget,660
298169,North,Widget,712
298176,North,Gizmo,868
298182,North,Gizmo,748
298206,North,Doohickey,521
298214,North,Gadget,563
298226,North,Gadget,628
298227,North,Gadget,663
298231,North,Doohickey,778
298234,North,Widget,631
298239,North,Gadget,894
298251,North,Widget,888
298266,North,Gadget,660
298274,North,Widget,859
298275,North,Gadget,827
298282,North,Doohickey,899
298288,North,Gadget,994
298289,North,Widget,766
298329,North,Gadget,916
298336,North,Gadget,878
298344,North,Gadget,652
298346,North,Gadget,521
298357,North,Widget,931
298380,North,Widget,948
298421,North,Gizmo,523
298423,North,Gadget,886
298451,North,Doohickey,519
298452,North,Gadget,855
298462,North,Doohickey,607
298470,North,Widget,562
298474,North,Gizmo,625
298479,North,Widget,880
298481,North,Gadget,902
298485,North,Gizmo,588
298486,North,Doohickey,695
298495,North,Doohickey,606
298498,North,Gadget,918
298500,North,Doohickey,516
298512,North,Doohickey,586
298513,North,Doohickey,885
298514,North,Widget,691
298516,North,Widget,622
298527,North,Widget,928
298529,North,Gadget,973
298535,North,Widget,985
298546,North,Doohickey,803
298567,North,Gadget,997
298587,North,Gizmo,978
298594,North,Gadget,834
298595,North,Widget,607
298619,North,Gizmo,652
298620,North,Gadget,888
298621,North,Widget,592
298624,North,Gizmo,927
298625,North,Widget,590
298627,North,Doohickey,597
298628,North,Gadget,916
298629,North,Gadget,656
298640,North,Gadget,852
298647,North,Gadget,707
298651,North,Gizmo,712
298655,North,Widget,994
298660,North,Widget,831
298676,North,Gizmo,650
298690,North,Gadget,972
298714,North,Widget,850
298716,North,Widget,606
298723,North,Gizmo,665
298726,North,Gadget,593
298730,North,Gadget,612
298733,North,Gizmo,707
298742,North,Doohickey,711
298756,North,Doohickey,543
298763,North,Widget,650
298764,North,Doohickey,631
298773,North,Doohickey,574
298792,North,Widget,927
298795,North,Widget,982
298810,North,Gizmo,588
298811,North,Doohickey,990
298854,North,Doohickey,571
298856,North,Gizmo,905
298858,North,Gizmo,621
298861,North,Widget,768
298868,North,Doohickey,835
298870,North,Gizmo,907
298873,North,Gizmo,792
298893,North,Gizmo,501
298894,North,Gizmo,835
298915,North,Gizmo,683
298919,North,Gizmo,656
298921,North,Gizmo,959
298928,North,Doohickey,690
298931,North,Widget,802
298938,North,Gizmo,560
298947,North,Doohickey,552
298948,North,Widget,665
298963,North,Gadget,621
298971,North,Widget,944
298977,North,Gadget,869
298979,North,Gadget,930
298998,North,Widget,569
299004,North,Gadget,873
299005,North,Widget,515
299007,North,Gadget,566
299027,North,Doohickey,563
299037,North,Widget,520
299041,North,Doohickey,858
299048,North,Widget,932
299051,North,Gadget,850
299052,North,Doohickey,943
299055,North,Gadget,823
299056,North,Doohickey,719
299063,North,Gizmo,514
299071,North,Doohickey,890
299072,North,Gizmo,604
299076,North,Widget,855
299088,North,Widget,805
299116,North,Gadget,925
299124,North,Gizmo,873
299133,North,Doohickey,707
299137,North,Widget,944
299142,North,Gadget,685
299148,North,Gadget,594
299151,North,Widget,950
299158,North,Gizmo,683
299163,North,Widget,736
299168,North,Gadget,543
299173,North,Gizmo,602
299183,North,Widget,515
299191,North,Doohickey,975
299201,North,Gadget,675
299202,North,Widget,600
299212,North,Doohickey,871
299217,North,Gizmo,677
299237,North,Gizmo,527
299240,North,Doohickey,774
299246,North,Doohickey,629
299275,North,Doohickey,710
299281,North,Widget,658
299292,North,Widget,943
299301,North,Widget,871
299306,North,Widget,780
299312,North,Gadget,614
299313,North,Widget,873
299319,North,Gadget,551
299333,North,Doohickey,646
299335,North,Gizmo,575
299336,North,Gizmo,618
299340,North,Gizmo,780
299345,North,Gizmo,940
299346,North,Widget,623
299355,North,Gizmo,956
299375,North,Gadget,542
299376,North,Gadget,681
299380,North,Doohickey,819
299385,North,Widget,523
299398,North,Widget,633
299399,North,Gizmo,615
299406,North,Gadget,518
299407,North,Widget,608
299427,North,Gadget,796
299431,North,Doohickey,791
299440,North,Gizmo,786
299452,North,Widget,653
299454,North,Widget,869
299474,North,Gadget,933
299475,North,Widget,650
299484,North,Gadget,713
299486,North,Gizmo,869
299496,North,Gizmo,723
299499,North,Gadget,911
299509,North,Gizmo,665
299510,North,Widget,614
299512,North,Doohickey,936
299515,North,Widget,714
299516,North,Gizmo,569
299517,North,Widget,733
299518,North,Gizmo,640
299555,North,Widget,960
299569,North,Gizmo,581
299587,North,Gadget,835
299595,North,Doohickey,865
299605,North,Doohickey,827
299606,North,Doohickey,629
299609,North,Gizmo,809
299625,North,Gadget,729
299640,North,Gizmo,994
299654,North,Gizmo,841
299657,North,Gizmo,836
299676,North,Doohickey,860
299684,North,Widget,563
299687,North,Doohickey,584
299704,North,Gizmo,785
299712,North,Widget,753
299714,North,Doohickey,516
299726,North,Widget,892
299729,North,Gizmo,561
299733,North,Widget,694
299736,North,Gadget,733
299746,North,Gizmo,538
299751,North,Doohickey,753
299753,North,Gadget,735
299755,North,Widget,768
299764,North,Gadget,697
299772,North,Gizmo,991
299788,North,Widget,984
299794,North,Gadget,600
299812,North,Gadget,886
299820,North,Doohickey,714
299826,North,Gizmo,827
299835,North,Widget,743
299836,North,Gizmo,814
299840,North,Widget,611
299841,North,Widget,657
299843,North,Doohickey,688
299865,North,Gadget,897
299872,North,Doohickey,923
299877,North,Gadget,851
299880,North,Gadget,836
299882,North,Widget,528
299898,North,Gadget,619
299899,North,Widget,690
299908,North,Gadget,579
299915,North,Widget,558
299921,North,Gadget,842
299923,North,Widget,897
299942,North,Widget,863
299984,North,Doohickey,620
299991,North,Doohickey,930
300005,North,Gadget,521
300013,North,Doohickey,513
300022,North,Gadget,936
300027,North,Gizmo,703
300028,North,Gadget,611
300037,North,Gadget,649
300051,North,Doohickey,624
300056,North,Widget,700
300067,North,Gadget,826
300076,North,Gadget,622
300089,North,Doohickey,834
300092,North,Doohickey,885
300097,North,Doohickey,985
300101,North,Gadget,807
300106,North,Doohickey,780
300108,North,Gizmo,692
300122,North,Gizmo,985
300130,North,Gadget,894
300134,North,Doohickey,952
300139,North,Gadget,959
300141,North,Widget,703
300148,North,Gizmo,783
300152,North,Widget,547
300158,North,Doohickey,509
300162,North,Widget,609
300180,North,Gizmo,591
300181,North,Doohickey,640
300200,North,Gizmo,569
300202,North,Gadget,799
300209,North,Gizmo,871
300223,North,Widget,787
300228,North,Doohickey,876
300236,North,Widget,633
300240,North,Doohickey,511
300256,North,Gadget,797
300263,North,Gadget,767
300269,North,Gadget,754
300271,North,Widget,869
300279,North,Widget,735
300296,North,Widget,781
300302,North,Widget,850
300305,North,Widget,587
300306,North,Widget,810
300321,North,Gizmo,877
300324,North,Widget,772
300332,North,Gizmo,934
300336,North,Gadget,824
300346,North,Doohickey,693
300348,North,Gadget,726
300364,North,Gizmo,620
300372,North,Widget,512
300380,North,Gadget,753
300383,North,Gadget,900
300386,North,Gadget,751
300400,North,Widget,885
300407,North,Gizmo,817
300428,North,Gizmo,686
300463,North,Gizmo,519
300478,North,Widget,667
300493,North,Doohickey,693
300495,North,Doohickey,716
300496,North,Widget,667
300501,North,Gizmo,847
300516,North,Gadget,888
300533,North,Gadget,637
300542,North,Gadget,625
300544,North,Widget,575
300547,North,Gadget,521
300558,North,Gadget,563
300560,North,Gadget,994
300573,North,Widget,969
300575,North,Gadget,529
300576,North,Doohickey,508
300585,North,Gizmo,671
300586,North,Gadget,525
300594,North,Gizmo,728
300600,North,Gadget,983
300603,North,Gizmo,553
300620,North,Doohickey,907
300634,North,Doohickey,680
300639,North,Gizmo,507
300641,North,Doohickey,764
300642,North,Widget,570
300651,North,Gizmo,878
300653,North,Widget,880
300659,North,Doohickey,726
300667,North,Gadget,727
300670,North,Doohickey,714
300678,North,Widget,592
300686,North,Gadget,716
300708,North,Doohickey,755
300715,North,Gizmo,975
300719,North,Gadget,712
300722,North,Gizmo,986
300724,North,Widget,911
300736,North,Gadget,578
300769,North,Gadget,679
300770,North,Widget,758
300776,North,Doohickey,679
300779,North,Widget,544
300804,North,Widget,958
300806,North,Widget,983
300820,North,Doohickey,782
300827,North,Gadget,881
300833,North,Gizmo,557
300844,North,Gadget,909
300849,North,Gadget,516
300853,North,Widget,782
300857,North,Widget,864
300866,North,Gizmo,745
300871,North,Gadget,781
300875,North,Widget,901
300887,North,Gizmo,732
300892,North,Gizmo,593
300906,North,Widget,791
300909,North,Gizmo,653
300918,North,Gizmo,678
300923,North,Gadget,598
300970,North,Gizmo,778
300975,North,Gizmo,852
300976,North,Gadget,659
300987,North,Gizmo,846
300989,North,Gizmo,645
300994,North,Doohickey,503
300996,North,Widget,549
301003,North,Gadget,816
301004,North,Gadget,805
301006,North,Widget,592
301029,North,Gizmo,852
301031,North,Gizmo,760
301032,North,Widget,953
301043,North,Widget,582
301045,North,Doohickey,612
301046,North,Widget,834
301050,North,Gizmo,718
301067,North,Doohickey,775
301089,North,Gadget,978
301092,North,Doohickey,792
301100,North,Widget,766
301103,North,Doohickey,852
301114,North,Widget,857
301123,North,Gadget,772
301132,North,Gadget,822
301154,North,Doohickey,821
301157,North,Gadget,859
301172,North,Doohickey,941
301175,North,Gadget,784
301183,North,Gizmo,599
301188,North,Doohickey,700
301195,North,Widget,602
301201,North,Widget,978
301213,North,Widget,630
301217,North,Gadget,579
301219,North,Gadget,975
301255,North,Widget,643
301260,North,Gadget,614
301264,North,Widget,797
301265,North,Gadget,997
301276,North,Gadget,560
301279,North,Widget,554
301284,North,Gizmo,917
301306,North,Gadget,674
301311,North,Gizmo,805
301320,North,Doohickey,977
301326,North,Gizmo,646
301328,North,Gizmo,999
301333,North,Gadget,565
301348,North,Gadget,658
301352,North,Gadget,950
301354,North,Gadget,922
301359,North,Doohickey,676
301368,North,Doohickey,852
301369,North,Gizmo,819
301376,North,Widget,541
301384,North,Gadget,595
301387,North,Widget,961
301392,North,Doohickey,574
301398,North,Gadget,678
301411,North,Gizmo,681
301412,North,Gadget,644
301414,North,Doohickey,640
301423,North,Gizmo,826
301433,North,Widget,676
301445,North,Gadget,943
301449,North,Gadget,564
301454,North,Gizmo,624
301458,North,Widget,944
301460,North,Widget,612
301462,North,Widget,603
301463,North,Gadget,505
301466,North,Gizmo,788
301467,North,Gizmo,525
301481,North,Doohickey,832
301510,North,Widget,909
301515,North,Widget,588
301523,North,Doohickey,941
301526,North,Doohickey,876
301534,North,Widget,683
301541,North,Gizmo,671
301552,North,Gadget,559
301555,North,Gizmo,873
301561,North,Doohickey,504
301564,North,Widget,840
301599,North,Widget,621
301600,North,Gizmo,557
301622,North,Gizmo,814
301625,North,Widget,836
301631,North,Doohickey,786
301647,North,Gadget,867
301650,North,Gadget,874
301664,North,Gizmo,906
301675,North,Gizmo,955
301677,North,Widget,863
301698,North,Doohickey,811
301703,North,Gizmo,768
301708,North,Gizmo,817
301718,North,Doohickey,526
301728,North,Doohickey,998
301736,North,Gadget,635
301741,North,Widget,609
301743,North,Widget,853
301751,North,Gizmo,972
301757,North,Gizmo,750
301759,North,Gadget,571
301768,North,Widget,539
301772,North,Doohickey,757
301775,North,Gadget,729
301792,North,Widget,771
301817,North,Widget,810
301820,North,Doohickey,765
301863,North,Widget,816
301877,North,Widget,882
301884,North,Widget,762
301915,North,Gadget,649
301924,North,Doohickey,882
301927,North,Gadget,596
301932,North,Gizmo,582
301942,North,Doohickey,799
301943,North,Gadget,597
301956,North,Gadget,518
301976,North,Gadget,886
301993,North,Gizmo,748
301995,North,Doohickey,861
302020,North,Gizmo,741
302048,North,Gadget,624
302083,North,Doohickey,710
302092,North,Widget,927
302097,North,Widget,533
302108,North,Widget,711
302120,North,Doohickey,562
302122,North,Gizmo,669
302137,North,Doohickey,885
302138,North,Gadget,737
302140,North,Doohickey,653
302146,North,Widget,638
302147,North,Gizmo,846
302152,North,Doohickey,736
302154,North,Gadget,693
302163,North,Gizmo,963
302164,North,Widget,578
302167,North,Gizmo,944
302171,North,Doohickey,827
302178,North,Gizmo,852
302197,North,Widget,772
302198,North,Gadget,955
302201,North,Doohickey,587
302202,North,Gadget,758
302204,North,Doohickey,531
302213,North,Widget,952
302215,North,Widget,819
302219,North,Gizmo,769
302233,North,Widget,958
302258,North,Gizmo,731
302264,North,Doohickey,763
302270,North,Widget,864
302271,North,Gizmo,935
302279,North,Widget,725
302281,North,Gadget,846
302288,North,Widget,793
302298,North,Gizmo,811
302301,North,Widget,896
302304,North,Gizmo,998
302328,North,Gadget,910
302330,North,Gizmo,809
302353,North,Widget,759
302358,North,Gadget,576
302359,North,Gadget,652
302360,North,Widget,634
302379,North,Widget,676
302384,North,Gadget,901
302390,North,Gizmo,755
302395,North,Gadget,584
302414,North,Widget,747
302420,North,Gadget,934
302427,North,Doohickey,592
302435,North,Gadget,641
302438,North,Gizmo,841
302442,North,Gizmo,819
302443,North,Widget,576
302454,North,Doohickey,914
302467,North,Gizmo,786
302488,North,Doohickey,554
302491,North,Widget,616
302497,North,Widget,627
302502,North,Widget,715
302508,North,Widget,606
302513,North,Gizmo,684
302517,North,Widget,999
302527,North,Doohickey,552
302529,North,Doohickey,695
302542,North,Gadget,503
302543,North,Doohickey,783
302549,North,Gadget,857
302559,North,Widget,757
302562,North,Gadget,815
302580,North,Gadget,751
302584,North,Gadget,628
302586,North,Doohickey,632
302589,North,Gizmo,989
302591,North,Gadget,994
302597,North,Gizmo,697
302599,North,Gadget,685
302610,North,Doohickey,961
302629,North,Doohickey,538
302631,North,Gadget,988
302632,North,Widget,986
302639,North,Doohickey,729
302641,North,Widget,551
302653,North,Gadget,672
302654,North,Widget,687
302655,North,Gadget,754
302661,North,Doohickey,923
302670,North,Doohickey,753
302674,North,Gizmo,705
302677,North,Gadget,716
302682,North,Gadget,927
302705,North,Gizmo,578
302708,North,Doohickey,850
302713,North,Gadget,949
302741,North,Doohickey,562
302742,North,Doohickey,800
302751,North,Gizmo,683
302765,North,Widget,830
302768,North,Widget,636
302774,North,Doohickey,553
302779,North,Gadget,789
302788,North,Doohickey,952
302791,North,Gadget,908
302795,North,Gadget,625
302812,North,Widget,669
302814,North,Gadget,863
302815,North,Gizmo,838
302824,North,Gizmo,738
302836,North,Doohickey,883
302868,North,Gadget,632
302870,North,Gadget,513
302875,North,Doohickey,522
302884,North,Gadget,512
302887,North,Gadget,815
302890,North,Doohickey,994
302892,North,Widget,918
302896,North,Gadget,527
302912,North,Gizmo,793
302917,North,Doohickey,951
302918,North,Widget,509
302937,North,Gizmo,817
302940,North,Gizmo,718
302954,North,Doohickey,780
302955,North,Widget,753
302961,North,Gizmo,761
302971,North,Gizmo,744
302974,North,Gadget,735
302977,North,Gadget,831
302981,North,Doohickey,570
302985,North,Widget,882
302990,North,Gadget,564
303018,North,Gadget,696
303032,North,Widget,894
303040,North,Gadget,813
303043,North,Gizmo,561
303044,North,Gizmo,729
303049,North,Doohickey,857
303051,North,Gizmo,926
303056,North,Gizmo,663
303060,North,Gizmo,539
303064,North,Widget,509
303066,North,Widget,501
303072,North,Gizmo,971
303076,North,Widget,739
303082,North,Doohickey,723
303091,North,Widget,871
303108,North,Gizmo,794
303118,North,Widget,533
303124,North,Gizmo,748
303133,North,Doohickey,973
303138,North,Gizmo,777
303159,North,Gizmo,877
303160,North,Gizmo,905
303164,North,Gadget,575
303165,North,Gizmo,852
303173,North,Widget,529
303179,North,Widget,952
303186,North,Doohickey,902
303189,North,Gizmo,868
303195,North,Gizmo,591
303211,North,Doohickey,901
303218,North,Gizmo,689
303220,North,Doohickey,894
303221,North,Doohickey,930
303231,North,Gadget,886
303267,North,Gizmo,819
303273,North,Doohickey,613
303282,North,Doohickey,811
303292,North,Gadget,523
303307,North,Gadget,567
303312,North,Doohickey,969
303325,North,Gadget,957
303326,North,Gadget,757
303332,North,Gadget,794
303340,North,Doohickey,867
303348,North,Doohickey,546
303376,North,Gizmo,930
303382,North,Doohickey,931
303399,North,Widget,787
303402,North,Gizmo,553
303405,North,Gizmo,688
303408,North,Gizmo,713
303422,North,Widget,551
303434,North,Widget,866
303440,North,Gizmo,924
303447,North,Widget,698
303452,North,Widget,705
303459,North,Widget,596
303463,North,Gadget,601
303471,North,Doohickey,752
303475,North,Gadget,737
303482,North,Gadget,661
303486,North,Widget,597
303518,North,Gizmo,965
303519,North,Gadget,642
303522,North,Widget,875
303530,North,Doohickey,508
303547,North,Doohickey,871
303550,North,Gizmo,725
303556,North,Doohickey,685
303562,North,Widget,807
303564,North,Widget,994
303569,North,Doohickey,622
303576,North,Widget,747
303579,North,Gizmo,961
303605,North,Gadget,784
303614,North,Widget,1000
303616,North,Doohickey,905
303627,North,Widget,658
303640,North,Doohickey,678
303647,North,Gizmo,940
303655,North,Doohickey,695
303656,North,Doohickey,688
303662,North,Doohickey,529
303682,North,Doohickey,612
303686,North,Gizmo,956
303688,North,Doohickey,662
303693,North,Widget,653
303699,North,Gadget,882
303701,North,Widget,688
303707,North,Gizmo,752
303712,North,Gadget,882
303717,North,Doohickey,805
303718,North,Widget,533
303733,North,Gadget,886
303746,North,Doohickey,575
303750,North,Gizmo,976
303752,North,Doohickey,867
303756,North,Gizmo,717
303757,North,Gizmo,860
303779,North,Doohickey,637
303781,North,Doohickey,676
303787,North,Gizmo,747
303789,North,Gizmo,755
303797,North,Widget,981
303805,North,Widget,883
303807,North,Gizmo,678
303808,North,Doohickey,781
303816,North,Doohickey,974
303818,North,Gadget,768
303820,North,Gadget,986
303821,North,Doohickey,996
303834,North,Widget,886
303835,North,Widget,552
303843,North,Widget,632
303860,North,Gadget,773
303862,North,Doohickey,963
303864,North,Doohickey,581
303872,North,Gadget,878
303874,North,Gadget,621
303877,North,Gizmo,638
303878,North,Doohickey,871
303886,North,Gadget,613
303888,North,Gizmo,894
303890,North,Widget,654
303897,North,Gadget,534
303904,North,Gadget,681
303909,North,Gadget,556
303912,North,Gadget,679
303913,North,Widget,670
303914,North,Doohickey,567
303918,North,Doohickey,701
303929,North,Widget,519
303931,North,Gadget,532
303932,North,Gizmo,551
303939,North,Widget,556
303960,North,Doohickey,886
303977,North,Doohickey,678
303980,North,Gadget,730
303990,North,Doohickey,749
303991,North,Gadget,761
303993,North,Gizmo,523
303999,North,Doohickey,892
304000,North,Widget,856
304025,North,Gizmo,674
304032,North,Gadget,677
304053,North,Widget,513
304070,North,Doohickey,802
304077,North,Gadget,706
304080,North,Doohickey,786
304084,North,Doohickey,656
304086,North,Gadget,759
304094,North,Widget,636
304103,North,Widget,515
304110,North,Widget,928
304113,North,Gadget,528
304124,North,Gadget,732
304132,North,Gizmo,942
304146,North,Gizmo,763
304148,North,Gadget,571
304152,North,Gadget,657
304153,North,Gizmo,710
304161,North,Widget,872
304164,North,Widget,802
304166,North,Gizmo,567
304182,North,Doohickey,706
304194,North,Gadget,742
304205,North,Gadget,958
304209,North,Widget,767
304213,North,Gizmo,586
304231,North,Gizmo,922
304236,North,Widget,877
304257,North,Gizmo,841
304274,North,Gadget,890
304284,North,Doohickey,770
304287,North,Gizmo,579
304288,North,Gizmo,910
304305,North,Widget,598
304307,North,Widget,824
304309,North,Gadget,762
304314,North,Widget,754
304327,North,Doohickey,646
304336,North,Doohickey,800
304342,North,Widget,522
304351,North,Doohickey,580
304355,North,Widget,981
304357,North,Widget,980
304368,North,Gadget,864
304386,North,Gadget,707
304387,North,Gizmo,653
304391,North,Widget,844
304392,North,Doohickey,561
304396,North,Widget,718
304441,North,Gadget,687
304445,North,Gadget,714
304449,North,Widget,780
304451,North,Widget,997
304454,North,Doohickey,939
304470,North,Widget,976
304472,North,Gizmo,509
304473,North,Widget,619
304474,North,Gizmo,588
304475,North,Gadget,629
304484,North,Widget,889
304485,North,Gizmo,725
304489,North,Widget,988
304490,North,Gadget,685
304493,North,Gadget,818
304494,North,Widget,991
304497,North,Widget,532
304524,North,Doohickey,572
304535,North,Doohickey,503
304542,North,Widget,671
304545,North,Doohickey,810
304547,North,Doohickey,648
304554,North,Widget,517
304567,North,Gadget,858
304571,North,Gizmo,941
304589,North,Gadget,699
304596,North,Widget,950
304598,North,Gadget,731
304601,North,Gadget,503
304604,North,Doohickey,869
304626,North,Gizmo,833
304630,North,Gizmo,773
304641,North,Gizmo,798
304645,North,Doohickey,947
304652,North,Doohickey,677
304656,North,Gizmo,695
304669,North,Gadget,743
304675,North,Gizmo,693
304679,North,Gadget,704
304680,North,Doohickey,501
304687,North,Gadget,544
304697,North,Widget,618
304700,North,Gizmo,818
304722,North,Doohickey,512
304723,North,Doohickey,993
304726,North,Widget,746
304744,North,Doohickey,683
304745,North,Gadget,701
304752,North,Gizmo,604
304755,North,Widget,891
304757,North,Gadget,859
304764,North,Widget,928
304774,North,Gadget,641
304781,North,Gadget,762
304783,North,Gadget,950
304793,North,Widget,958
304794,North,Doohickey,550
304795,North,Gadget,894
304804,North,Gadget,582
304814,North,Gizmo,744
304845,North,Gizmo,818
304854,North,Gizmo,994
304874,North,Doohickey,575
304882,North,Gizmo,681
304887,North,Doohickey,659
304888,North,Gizmo,715
304908,North,Gadget,905
304914,North,Gizmo,612
304925,North,Gizmo,545
304936,North,Widget,952
304946,North,Doohickey,651
304948,North,Gadget,622
304953,North,Gadget,811
304962,North,Gadget,503
304973,North,Doohickey,528
304988,North,Widget,603
304989,North,Doohickey,740
304991,North,Widget,960
304996,North,Gizmo,762
305005,North,Gizmo,566
305008,North,Doohickey,940
305016,North,Widget,682
305017,North,Doohickey,825
305020,North,Gadget,969
305038,North,Gadget,696
305044,North,Widget,957
305046,North,Gadget,833
305053,North,Widget,617
305058,North,Widget,857
305060,North,Doohickey,654
305080,North,Widget,881
305095,North,Doohickey,578
305101,North,Gadget,662
305103,North,Gadget,571
305109,North,Widget,861
305117,North,Gadget,705
305139,North,Gadget,579
305149,North,Doohickey,948
305154,North,Widget,561
305157,North,Widget,975
305163,North,Doohickey,997
305168,North,Doohickey,737
305173,North,Doohickey,689
305186,North,Doohickey,710
305192,North,Gadget,566
305204,North,Widget,921
305219,North,Gizmo,591
305243,North,Widget,842
305247,North,Widget,734
305248,North,Widget,801
305250,North,Gizmo,555
305260,North,Gadget,989
305261,North,Gadget,720
305278,North,Widget,984
305281,North,Gadget,925
305295,North,Gadget,891
305299,North,Gadget,546
305303,North,Gadget,724
305309,North,Widget,549
305313,North,Widget,554
305321,North,Gizmo,762
305326,North,Doohickey,653
305348,North,Gizmo,708
305353,North,Gizmo,924
305354,North,Gadget,947
305360,North,Doohickey,757
305361,North,Doohickey,686
305363,North,Doohickey,711
305369,North,Gadget,935
305390,North,Gadget,720
305404,North,Gadget,730
305421,North,Gizmo,643
305432,North,Doohickey,947
305434,North,Gizmo,574
305439,North,Gadget,836
305440,North,Gadget,844
305447,North,Doohickey,687
305455,North,Gadget,964
305462,North,Gizmo,683
305465,North,Gadget,587
305469,North,Gadget,593
305474,North,Gizmo,659
305475,North,Gadget,906
305479,North,Widget,518
305490,North,Doohickey,901
305491,North,Widget,534
305494,North,Doohickey,934
305498,North,Gizmo,794
305504,North,Gadget,842
305508,North,Gadget,827
305509,North,Widget,797
305515,North,Gadget,632
305516,North,Widget,694
305519,North,Gadget,602
305529,North,Doohickey,592
305533,North,Gadget,872
305535,North,Gadget,800
305541,North,Gizmo,959
305544,North,Doohickey,771
305545,North,Widget,822
305562,North,Widget,890
305567,North,Gizmo,713
305569,North,Gizmo,888
305574,North,Gizmo,969
305582,North,Gizmo,823
305584,North,Gadget,855
305590,North,Widget,872
305612,North,Doohickey,623
305615,North,Widget,627
305635,North,Gadget,671
305639,North,Doohickey,686
305655,North,Gadget,629
305683,North,Doohickey,714
305694,North,Widget,647
305713,North,Gizmo,958
305715,North,Doohickey,943
305721,North,Gadget,590
305724,North,Gadget,753
305725,North,Gadget,628
305726,North,Gizmo,959
305738,North,Doohickey,961
305741,North,Gizmo,775
305744,North,Widget,712
305747,North,Gizmo,588
305748,North,Gadget,514
305753,North,Doohickey,913
305756,North,Doohickey,869
305759,North,Widget,759
305762,North,Widget,733
305765,North,Doohickey,675
305780,North,Widget,982
305791,North,Gizmo,733
305797,North,Doohickey,533
305811,North,Gadget,702
305825,North,Widget,911
305843,North,Gizmo,603
305863,North,Widget,990
305874,North,Gizmo,621
305877,North,Doohickey,648
305879,North,Doohickey,597
305884,North,Gizmo,950
305910,North,Gizmo,899
305916,North,Gadget,701
305917,North,Widget,917
305924,North,Widget,530
305927,North,Doohickey,786
305940,North,Widget,805
305942,North,Widget,678
305944,North,Gizmo,906
305948,North,Gadget,860
305956,North,Gizmo,731
305981,North,Doohickey,919
306009,North,Doohickey,558
306027,North,Gizmo,585
306038,North,Gizmo,961
306041,North,Widget,693
306047,North,Gizmo,540
306053,North,Gizmo,910
306058,North,Widget,896
306059,North,Gizmo,822
306060,North,Gadget,780
306064,North,Gizmo,558
306075,North,Gadget,882
306094,North,Gadget,934
306108,North,Gizmo,788
306110,North,Gadget,902
306129,North,Gizmo,697
306131,North,Widget,646
306133,North,Widget,566
306134,North,Doohickey,848
306137,North,Doohickey,642
306153,North,Widget,823
306157,North,Gizmo,764
306159,North,Gizmo,796
306163,North,Widget,989
306165,North,Gadget,685
306168,North,Widget,976
306172,North,Gizmo,711
306174,North,Doohickey,787
306176,North,Gadget,511
306201,North,Gadget,998
306215,North,Doohickey,682
306283,North,Gizmo,557
306325,North,Widget,866
306333,North,Doohickey,720
306342,North,Doohickey,593
306347,North,Gizmo,501
306349,North,Gizmo,669
306353,North,Doohickey,705
306379,North,Doohickey,977
306382,North,Widget,963
306401,North,Widget,751
306407,North,Doohickey,701
306412,North,Gadget,716
306429,North,Gadget,902
306433,North,Gizmo,642
306442,North,Doohickey,622
306445,North,Gizmo,977
306455,North,Gadget,803
306457,North,Doohickey,598
306466,North,Gadget,935
306469,North,Gadget,934
306500,North,Widget,640
306502,North,Gadget,888
306505,North,Gizmo,846
306506,North,Doohickey,628
306524,North,Widget,617
306536,North,Gadget,977
306541,North,Gadget,773
306548,North,Gizmo,894
306549,North,Widget,681
306551,North,Doohickey,565
306563,North,Doohickey,848
306584,North,Widget,998
306600,North,Widget,516
306601,North,Gizmo,651
306605,North,Widget,770
306614,North,Gadget,501
306633,North,Gadget,957
306634,North,Gizmo,977
306645,North,Doohickey,569
306646,North,Doohickey,807
306654,North,Doohickey,618
306656,North,Doohickey,908
306681,North,Doohickey,540
306684,North,Gizmo,905
306694,North,Gizmo,715
306698,North,Gadget,642
306700,North,Gadget,579
306704,North,Doohickey,552
306705,North,Gadget,866
306713,North,Widget,605
306715,North,Gizmo,606
306743,North,Gizmo,515
306744,North,Gadget,927
306753,North,Gadget,616
306758,North,Gizmo,776
306761,North,Gadget,972
306767,North,Widget,771
306769,North,Doohickey,871
306775,North,Gadget,800
306783,North,Gizmo,673
306787,North,Doohickey,501
306792,North,Widget,925
306798,North,Widget,647
306799,North,Gadget,869
306805,North,Doohickey,535
306807,North,Gadget,631
306841,North,Widget,986
306844,North,Gadget,766
306855,North,Doohickey,505
306870,North,Gadget,893
306880,North,Doohickey,501
306883,North,Gadget,869
306896,North,Doohickey,589
306897,North,Doohickey,729
306912,North,Widget,711
306917,North,Gadget,579
306940,North,Gizmo,690
306943,North,Widget,814
306949,North,Widget,825
306958,North,Widget,667
306970,North,Doohickey,896
306976,North,Gizmo,503
306983,North,Gadget,861
306992,North,Gadget,686
306995,North,Gizmo,797
306996,North,Widget,700
307004,North,Gizmo,832
307017,North,Gizmo,684
307028,North,Widget,981
307030,North,Gizmo,777
307042,North,Widget,984
307049,North,Gadget,598
307052,North,Widget,867
307055,North,Gadget,851
307061,North,Gadget,518
307067,North,Gadget,838
307070,North,Widget,559
307075,North,Gadget,526
307112,North,Gizmo,965
307114,North,Widget,686
307115,North,Doohickey,873
307123,North,Widget,761
307131,North,Gadget,791
307138,North,Gadget,511
307144,North,Doohickey,773
307159,North,Doohickey,528
307165,North,Widget,771
307169,North,Widget,574
307184,North,Gadget,569
307203,North,Gizmo,828
307205,North,Gizmo,518
307208,North,Doohickey,935
307228,North,Doohickey,548
307230,North,Gadget,940
307233,North,Doohickey,665
307237,North,Doohickey,768
307238,North,Widget,591
307240,North,Widget,967
307245,North,Doohickey,723
307261,North,Doohickey,824
307277,North,Gizmo,754
307284,North,Doohickey,539
307285,North,Gadget,616
307287,North,Gizmo,566
307304,North,Gizmo,573
307309,North,Widget,524
307312,North,Doohickey,683
307330,North,Widget,989
307345,North,Gadget,633
307347,North,Widget,826
307349,North,Doohickey,989
307357,North,Doohickey,838
307370,North,Doohickey,836
307371,North,Doohickey,774
307373,North,Gadget,738
307377,North,Widget,943
307381,North,Doohickey,748
307390,North,Gadget,859
307410,North,Widget,583
307411,North,Widget,900
307414,North,Gizmo,830
307427,North,Gizmo,944
307443,North,Gadget,524
307449,North,Gizmo,717
307452,North,Widget,513
307453,North,Doohickey,688
307460,North,Widget,617
307469,North,Gizmo,867
307479,North,Gadget,896
307481,North,Doohickey,868
307482,North,Doohickey,643
307488,North,Doohickey,914
307492,North,Doohickey,722
307494,North,Doohickey,875
307495,North,Doohickey,669
307516,North,Gadget,844
307519,North,Gadget,734
307526,North,Widget,825
307540,North,Widget,880
307543,North,Widget,774
307544,North,Widget,883
307546,North,Gadget,757
307551,North,Widget,634
307555,North,Widget,561
307567,North,Gadget,657
307577,North,Widget,917
307584,North,Gizmo,528
307597,North,Doohickey,557
307600,North,Widget,522
307623,North,Gadget,580
307642,North,Gizmo,587
307650,North,Gizmo,872
307659,North,Widget,951
307662,North,Widget,736
307675,North,Doohickey,746
307693,North,Gizmo,927
307694,North,Widget,981
307696,North,Gizmo,688
307706,North,Widget,869
307711,North,Gadget,986
307713,North,Gizmo,666
307721,North,Gizmo,827
307722,North,Gadget,856
307726,North,Doohickey,565
307733,North,Doohickey,823
307746,North,Gizmo,883
307748,North,Gadget,632
307756,North,Gizmo,928
307761,North,Widget,608
307771,North,Widget,827
307774,North,Gizmo,825
307775,North,Widget,996
307776,North,Gizmo,736
307779,North,Gadget,760
307810,North,Gadget,678
307817,North,Doohickey,508
307852,North,Gadget,612
307871,North,Gadget,530
307876,North,Gadget,697
307879,North,Doohickey,978
307883,North,Doohickey,806
307886,North,Doohickey,801
307889,North,Gizmo,686
307893,North,Doohickey,794
307914,North,Widget,542
307928,North,Widget,571
307933,North,Gizmo,517
307943,North,Doohickey,768
307951,North,Doohickey,768
307952,North,Widget,888
307955,North,Gizmo,751
307957,North,Gadget,930
307965,North,Widget,936
307970,North,Doohickey,806
307984,North,Gadget,985
307985,North,Gizmo,768
307992,North,Gizmo,746
308005,North,Gizmo,918
308007,North,Gadget,936
308018,North,Gizmo,792
308020,North,Gadget,501
308022,North,Gizmo,914
308044,North,Doohickey,855
308054,North,Gizmo,930
308087,North,Doohickey,961
308090,North,Gadget,548
308102,North,Gadget,817
308115,North,Doohickey,857
308127,North,Gizmo,869
308131,North,Gizmo,865
308140,North,Gadget,610
308160,North,Gadget,672
308161,North,Doohickey,641
308174,North,Gadget,994
308187,North,Gizmo,704
308195,North,Gadget,590
308199,North,Gadget,935
308208,North,Widget,984
308211,North,Widget,726
308248,North,Gadget,814
308249,North,Widget,780
308251,North,Widget,737
308259,North,Doohickey,749
308261,North,Doohickey,642
308272,North,Widget,738
308279,North,Gizmo,923
308308,North,Gadget,952
308309,North,Widget,869
308312,North,Gizmo,901
308319,North,Doohickey,538
308324,North,Gadget,792
308328,North,Widget,503
308329,North,Gadget,559
308340,North,Widget,716
308341,North,Gadget,744
308346,North,Widget,969
308355,North,Doohickey,788
308369,North,Gizmo,647
308375,North,Gizmo,784
308379,North,Gizmo,583
308396,North,Gizmo,670
308415,North,Gadget,635
308421,North,Gizmo,852
308451,North,Doohickey,601
308460,North,Gizmo,710
308462,North,Gizmo,632
308465,North,Gizmo,623
308473,North,Gizmo,897
308481,North,Doohickey,714
308491,North,Widget,614
308501,North,Gizmo,692
308508,North,Doohickey,805
308516,North,Doohickey,602
308518,North,Gadget,668
308520,North,Gadget,780
308533,North,Gadget,628
308536,North,Widget,636
308540,North,Widget,533
308543,North,Widget,864
308545,North,Gizmo,758
308568,North,Gadget,928
308572,North,Widget,617
308579,North,Widget,889
308587,North,Doohickey,770
308593,North,Gizmo,708
308619,North,Gizmo,518
308622,North,Doohickey,901
308634,North,Gizmo,675
308635,North,Gadget,743
308659,North,Gadget,964
308661,North,Gadget,802
308663,North,Gizmo,718
308669,North,Widget,794
308672,North,Gadget,852
308680,North,Widget,990
308685,North,Gadget,831
308695,North,Doohickey,569
308709,North,Widget,605
308722,North,Gadget,676
308725,North,Gadget,896
308732,North,Gizmo,563
308736,North,Doohickey,718
308740,North,Widget,551
308749,North,Doohickey,692
308752,North,Gadget,787
308778,North,Gadget,944
308783,North,Gizmo,697
308808,North,Gizmo,878
308823,North,Widget,686
308835,North,Gadget,770
308838,North,Gizmo,813
308842,North,Gizmo,983
308846,North,Doohickey,644
308848,North,Widget,501
308857,North,Gizmo,882
308862,North,Doohickey,794
308865,North,Doohickey,894
308868,North,Gadget,726
308876,North,Gadget,780
308881,North,Doohickey,775
308891,North,Widget,518
308894,North,Gizmo,554
308902,North,Gizmo,753
308905,North,Gadget,948
308906,North,Gizmo,865
308913,North,Doohickey,566
308915,North,Gadget,547
308921,North,Doohickey,618
308925,North,Widget,977
308930,North,Gizmo,983
308936,North,Gadget,791
308940,North,Gadget,932
308943,North,Gadget,639
308952,North,Widget,722
308955,North,Gizmo,844
308964,North,Gizmo,525
308965,North,Gadget,781
308970,North,Gizmo,911
308971,North,Gadget,616
308980,North,Gadget,952
308982,North,Doohickey,960
308989,North,Gadget,756
309001,North,Gizmo,892
309002,North,Gizmo,756
309004,North,Doohickey,986
309016,North,Doohickey,669
309023,North,Gadget,617
309027,North,Gizmo,883
309033,North,Widget,651
309037,North,Gadget,770
309039,North,Doohickey,635
309055,North,Gizmo,684
309062,North,Widget,754
309066,North,Gizmo,851
309067,North,Gadget,952
309084,North,Gadget,775
309085,North,Doohickey,881
309096,North,Gadget,505
309116,North,Widget,587
309124,North,Gizmo,818
309137,North,Widget,692
309145,North,Gizmo,677
309151,North,Doohickey,963
309158,North,Gizmo,947
309171,North,Gadget,524
309174,North,Gizmo,673
309181,North,Gadget,549
309188,North,Gizmo,851
309194,North,Gadget,927
309199,North,Doohickey,938
309200,North,Widget,981
309203,North,Doohickey,761
309204,North,Widget,877
309205,North,Widget,516
309208,North,Doohickey,729
309215,North,Widget,839
309218,North,Widget,799
309225,North,Gizmo,788
309228,North,Gadget,746
309264,North,Doohickey,755
309273,North,Gadget,944
309287,North,Doohickey,988
309290,North,Doohickey,529
309305,North,Gizmo,951
309319,North,Gadget,983
309323,North,Doohickey,637
309326,North,Doohickey,622
309331,North,Widget,865
309339,North,Gadget,723
309352,North,Widget,919
309356,North,Gizmo,585
309357,North,Doohickey,578
309364,North,Gadget,880
309365,North,Widget,508
309375,North,Widget,981
309379,North,Gadget,952
309381,North,Doohickey,874
309387,North,Gadget,541
309417,North,Widget,959
309429,North,Gadget,516
309431,North,Gadget,577
309432,North,Gizmo,731
309433,North,Gizmo,695
309438,North,Doohickey,655
309444,North,Doohickey,950
309454,North,Widget,709
309457,North,Widget,980
309460,North,Doohickey,892
309463,North,Gadget,627
309468,North,Doohickey,585
309480,North,Doohickey,899
309488,North,Widget,622
309492,North,Doohickey,849
309506,North,Gadget,743
309508,North,Widget,972
309509,North,Widget,727
309523,North,Doohickey,736
309524,North,Gizmo,675
309537,North,Widget,639
309549,North,Gadget,651
309565,North,Widget,556
309576,North,Gadget,958
309583,North,Widget,505
309588,North,Doohickey,589
309596,North,Widget,501
309597,North,Doohickey,799
309601,North,Doohickey,744
309605,North,Gadget,654
309633,North,Doohickey,988
309649,North,Gizmo,967
309650,North,Gadget,783
309667,North,Widget,738
309676,North,Gizmo,594
309681,North,Gadget,581
309682,North,Doohickey,648
309698,North,Doohickey,648
309703,North,Gadget,732
309726,North,Gizmo,760
309727,North,Doohickey,609
309729,North,Doohickey,953
309735,North,Gadget,516
309747,North,Gizmo,523
309749,North,Gizmo,765
309755,North,Gadget,735
309760,North,Gadget,924
309766,North,Gizmo,535
309770,North,Gadget,539
309776,North,Widget,604
309789,North,Doohickey,755
309806,North,Gizmo,847
309807,North,Widget,778
309812,North,Doohickey,786
309813,North,Gizmo,525
309816,North,Widget,534
309823,North,Gadget,872
309824,North,Doohickey,603
309850,North,Gadget,822
309858,North,Gadget,584
309870,North,Doohickey,818
309878,North,Gadget,875
309879,North,Widget,749
309885,North,Gizmo,677
309893,North,Widget,779
309907,North,Widget,588
309910,North,Doohickey,978
309915,North,Widget,664
309916,North,Gadget,810
309919,North,Gizmo,669
309920,North,Widget,762
309935,North,Widget,960
309939,North,Gizmo,637
309945,North,Doohickey,849
309958,North,Gizmo,857
309968,North,Widget,931
309982,North,Widget,596
309991,North,Gizmo,520
310000,North,Doohickey,972
310002,North,Doohickey,893
310021,North,Gizmo,871
310030,North,Gizmo,832
310035,North,Widget,903
310052,North,Widget,558
310070,North,Doohickey,915
310072,North,Doohickey,861
310083,North,Doohickey,880
310087,North,Doohickey,747
310094,North,Gizmo,530
310105,North,Gadget,906
310109,North,Widget,689
310119,North,Widget,847
310124,North,Widget,846
310133,North,Widget,622
310151,North,Gizmo,642
310154,North,Widget,886
310162,North,Doohickey,596
310174,North,Gadget,986
310176,North,Gadget,974
310178,North,Doohickey,570
310183,North,Widget,977
310184,North,Widget,831
310188,North,Widget,703
310191,North,Doohickey,682
310196,North,Widget,654
310198,North,Widget,906
310200,North,Gadget,622
310218,North,Gizmo,717
310219,North,Doohickey,700
310247,North,Gizmo,990
310260,North,Widget,609
310274,North,Gizmo,635
310310,North,Gadget,538
310321,North,Doohickey,528
310331,North,Gadget,544
310348,North,Widget,830
310353,North,Gizmo,507
310358,North,Gizmo,984
310361,North,Gadget,685
310376,North,Gizmo,796
310378,North,Gadget,548
310396,North,Gadget,681
310401,North,Widget,800
310404,North,Gizmo,876
310416,North,Gadget,934
310420,North,Gadget,861
310422,North,Gadget,811
310427,North,Widget,788
310448,North,Widget,648
310454,North,Doohickey,975
310457,North,Doohickey,773
310458,North,Gizmo,556
310468,North,Gadget,918
310482,North,Widget,851
310516,North,Widget,926
310533,North,Gadget,836
310551,North,Widget,867
310554,North,Doohickey,944
310558,North,Gizmo,942
310566,North,Gadget,505
310571,North,Gadget,839
310604,North,Gadget,838
310605,North,Gizmo,615
310606,North,Doohickey,503
310607,North,Gizmo,509
310616,North,Gizmo,741
310625,North,Gizmo,565
310637,North,Widget,645
310656,North,Doohickey,744
310664,North,Gizmo,919
310681,North,Doohickey,771
310685,North,Widget,973
310688,North,Widget,884
310690,North,Doohickey,788
310699,North,Gizmo,722
310714,North,Gadget,983
310716,North,Doohickey,526
310727,North,Gizmo,850
310740,North,Gizmo,882
310760,North,Gizmo,877
310766,North,Doohickey,582
310768,North,Widget,941
310772,North,Gadget,764
310775,North,Doohickey,628
310780,North,Gadget,768
310782,North,Gizmo,951
310792,North,Widget,956
310806,North,Gizmo,647
310808,North,Gadget,924
310810,North,Widget,858
310814,North,Gizmo,654
310825,North,Gadget,960
310834,North,Doohickey,717
310850,North,Doohickey,558
310862,North,Gizmo,872
310864,North,Gadget,760
310879,North,Gadget,881
310889,North,Gizmo,893
310902,North,Gadget,666
310911,North,Gadget,802
310916,North,Gadget,964
310926,North,Widget,693
310931,North,Doohickey,803
310933,North,Widget,530
310950,North,Doohickey,742
310960,North,Widget,868
310961,North,Doohickey,528
310984,North,Doohickey,835
311005,North,Widget,919
311018,North,Doohickey,532
311028,North,Gadget,788
311037,North,Gadget,943
311054,North,Widget,757
311067,North,Gadget,997
311095,North,Widget,788
311115,North,Doohickey,814
311116,North,Widget,853
311130,North,Gadget,802
311132,North,Doohickey,625
311139,North,Gizmo,986
311140,North,Gizmo,869
311151,North,Gizmo,772
311153,North,Doohickey,525
311167,North,Widget,738
311194,North,Doohickey,591
311205,North,Gadget,767
311206,North,Doohickey,639
311209,North,Gadget,768
311212,North,Gadget,760
311213,North,Gizmo,697
311214,North,Gizmo,584
311216,North,Gizmo,557
311218,North,Widget,831
311244,North,Widget,835
311249,North,Widget,537
311261,North,Gadget,951
311273,North,Doohickey,707
311276,North,Gizmo,787
311280,North,Gadget,791
311289,North,Gizmo,634
311293,North,Gadget,530
311315,North,Gadget,684
311320,North,Gizmo,511
311342,North,Gadget,779
311371,North,Doohickey,786
311377,North,Doohickey,928
311378,North,Gizmo,550
311384,North,Gizmo,983
311392,North,Widget,866
311407,North,Doohickey,568
311418,North,Widget,830
311459,North,Doohickey,985
311462,North,Doohickey,894
311463,North,Doohickey,597
311479,North,Widget,961
311480,North,Gizmo,680
311487,North,Gizmo,682
311495,North,Widget,900
311519,North,Doohickey,658
311522,North,Gadget,555
311527,North,Widget,877
311538,North,Gizmo,534
311558,North,Doohickey,997
311564,North,Widget,668
311568,North,Widget,808
311575,North,Widget,789
311587,North,Widget,944
311601,North,Doohickey,600
311610,North,Gizmo,921
311615,North,Gadget,877
311630,North,Gizmo,952
311659,North,Doohickey,814
311667,North,Doohickey,776
311677,North,Doohickey,953
311683,North,Gizmo,976
311702,North,Doohickey,694
311705,North,Widget,750
311709,North,Gizmo,718
311712,North,Gizmo,799
311718,North,Doohickey,819
311725,North,Gizmo,717
311729,North,Gizmo,512
311733,North,Widget,824
311740,North,Gadget,595
311750,North,Widget,548
311752,North,Gizmo,659
311754,North,Doohickey,541
311755,North,Gizmo,508
311770,North,Widget,786
311773,North,Widget,735
311783,North,Gadget,969
311792,North,Widget,982
311799,North,Gizmo,762
311805,North,Widget,783
311807,North,Widget,975
311809,North,Gadget,559
311817,North,Gizmo,744
311819,North,Doohickey,890
311822,North,Widget,753
311836,North,Gizmo,807
311844,North,Gadget,709
311846,North,Gizmo,947
311847,North,Gadget,695
311850,North,Doohickey,869
311892,North,Gadget,669
311893,North,Gadget,699
311895,North,Gizmo,989
311898,North,Widget,596
311907,North,Gizmo,537
311923,North,Gizmo,705
311947,North,Doohickey,961
311948,North,Gizmo,509
311951,North,Gadget,599
311955,North,Doohickey,539
311958,North,Gizmo,864
311963,North,Gizmo,861
311964,North,Doohickey,605
311971,North,Gizmo,522
311975,North,Doohickey,919
312017,North,Doohickey,720
312022,North,Doohickey,568
312034,North,Gizmo,577
312038,North,Gizmo,822
312042,North,Gadget,672
312068,North,Doohickey,681
312085,North,Gizmo,782
312095,North,Widget,844
312121,North,Gadget,526
312139,North,Gadget,516
312148,North,Doohickey,756
312166,North,Doohickey,994
312168,North,Gadget,775
312169,North,Gadget,857
312173,North,Gizmo,650
312174,North,Gadget,927
312206,North,Widget,894
312221,North,Widget,910
312249,North,Gadget,781
312251,North,Gadget,798
312252,North,Widget,670
312262,North,Doohickey,827
312266,North,Gizmo,768
312277,North,Gizmo,707
312290,North,Widget,840
312300,North,Gadget,672
312330,North,Widget,630
312332,North,Doohickey,754
312337,North,Widget,610
312341,North,Doohickey,919
312366,North,Doohickey,877
312381,North,Gizmo,800
312385,North,Doohickey,756
312386,North,Doohickey,655
312388,North,Doohickey,891
312396,North,Gizmo,547
312400,North,Gizmo,806
312402,North,Gizmo,662
312412,North,Doohickey,907
312415,North,Doohickey,734
312422,North,Gizmo,960
312425,North,Gizmo,568
312430,North,Gadget,598
312432,North,Gizmo,755
312434,North,Gizmo,667
312436,North,Gadget,779
312444,North,Gizmo,501
312452,North,Doohickey,858
312457,North,Gizmo,707
312459,North,Gizmo,967
312462,North,Widget,535
312463,North,Gizmo,922
312466,North,Widget,639
312478,North,Gizmo,940
312481,North,Gadget,956
312498,North,Gadget,663
312500,North,Doohickey,512
312507,North,Widget,726
312518,North,Gadget,796
312524,North,Doohickey,549
312537,North,Widget,779
312545,North,Widget,897
312552,North,Gadget,501
312553,North,Gizmo,627
312558,North,Gizmo,911
312563,North,Doohickey,873
312571,North,Widget,891
312575,North,Widget,975
312577,North,Doohickey,658
312586,North,Gizmo,669
312587,North,Gadget,785
312621,North,Gizmo,998
312622,North,Gizmo,844
312627,North,Gadget,719
312628,North,Gadget,861
312640,North,Widget,736
312642,North,Widget,611
312662,North,Gadget,685
312676,North,Gadget,592
312677,North,Gizmo,676
312691,North,Widget,543
312698,North,Gizmo,989
312700,North,Gizmo,579
312707,North,Gizmo,776
312716,North,Gadget,866
312722,North,Doohickey,855
312726,North,Gadget,811
312731,North,Gadget,842
312744,North,Widget,851
312761,North,Gizmo,982
312765,North,Gadget,742
312799,North,Gizmo,643
312808,North,Widget,982
312812,North,Gadget,678
312816,North,Gadget,623
312817,North,Gizmo,640
312820,North,Widget,777
312824,North,Gadget,863
312827,North,Doohickey,523
312829,North,Gizmo,886
312848,North,Doohickey,520
312849,North,Gadget,770
312861,North,Gadget,739
312863,North,Gadget,807
312885,North,Gizmo,923
312888,North,Gadget,579
312894,North,Gizmo,996
312898,North,Doohickey,949
312907,North,Widget,655
312911,North,Widget,769
312913,North,Doohickey,952
312918,North,Doohickey,936
312922,North,Doohickey,700
312923,North,Gadget,628
312926,North,Gizmo,745
312932,North,Gizmo,957
312949,North,Doohickey,957
312953,North,Doohickey,846
312954,North,Gadget,790
312955,North,Widget,906
312961,North,Widget,832
312997,North,Gizmo,803
312998,North,Gadget,821
313009,North,Gizmo,662
313025,North,Doohickey,914
313027,North,Widget,729
313040,North,Gadget,809
313044,North,Gizmo,953
313054,North,Widget,645
313074,North,Widget,780
313083,North,Gizmo,552
313096,North,Widget,815
313097,North,Gizmo,726
313107,North,Gizmo,566
313141,North,Doohickey,741
313144,North,Doohickey,692
313145,North,Doohickey,573
313146,North,Gadget,628
313147,North,Widget,828
313151,North,Gadget,864
313152,North,Gadget,649
313155,North,Widget,871
313160,North,Widget,661
313186,North,Gizmo,755
313189,North,Gadget,876
313202,North,Gizmo,901
313204,North,Gadget,896
313208,North,Gadget,898
313211,North,Doohickey,707
313219,North,Doohickey,528
313231,North,Doohickey,996
313234,North,Gizmo,619
313258,North,Gizmo,779
313268,North,Gizmo,780
313272,North,Gizmo,646
313275,North,Gadget,600
313296,North,Gizmo,994
313301,North,Gadget,710
313306,North,Gadget,966
313307,North,Doohickey,909
313318,North,Gizmo,926
313328,North,Widget,691
313329,North,Doohickey,894
313330,North,Doohickey,872
313339,North,Gizmo,880
313347,North,Widget,731
313356,North,Widget,821
313363,North,Widget,910
313373,North,Widget,794
313377,North,Doohickey,746
313384,North,Doohickey,680
313397,North,Doohickey,770
313398,North,Gizmo,520
313399,North,Doohickey,533
313400,North,Gadget,973
313401,North,Widget,724
313406,North,Gizmo,560
313423,North,Doohickey,561
313433,North,Doohickey,925
313441,North,Gadget,668
313447,North,Doohickey,711
313455,North,Doohickey,521
313462,North,Widget,535
313476,North,Gizmo,631
313486,North,Gadget,910
313509,North,Gadget,666
313518,North,Gizmo,952
313532,North,Gizmo,666
313539,North,Widget,776
313542,North,Widget,735
313558,North,Gadget,731
313560,North,Widget,597
313562,North,Widget,653
313569,North,Doohickey,747
313571,North,Widget,617
313591,North,Gizmo,981
313602,North,Gizmo,876
313607,North,Gizmo,596
313630,North,Gizmo,658
313634,North,Doohickey,685
313637,North,Gizmo,678
313646,North,Gizmo,772
313647,North,Gizmo,519
313657,North,Widget,828
313658,North,Gizmo,818
313662,North,Widget,509
313667,North,Gizmo,658
313697,North,Widget,684
313698,North,Gizmo,923
313700,North,Doohickey,828
313702,North,Widget,858
313705,North,Doohickey,792
313721,North,Widget,736
313728,North,Gizmo,863
313735,North,Gadget,882
313750,North,Widget,758
313754,North,Widget,860
313755,North,Gizmo,919
313758,North,Widget,520
313789,North,Doohickey,961
313796,North,Doohickey,669
313797,North,Gizmo,553
313799,North,Widget,843
313801,North,Widget,810
313815,North,Gadget,524
313819,North,Doohickey,657
313821,North,Gizmo,680
313842,North,Gizmo,542
313843,North,Gizmo,717
313845,North,Gizmo,568
313853,North,Gizmo,603
313862,North,Widget,552
313867,North,Gadget,788
313875,North,Gadget,556
313878,North,Doohickey,817
313883,North,Widget,636
313889,North,Widget,560
313906,North,Widget,978
313932,North,Doohickey,815
313943,North,Widget,957
313951,North,Gizmo,901
313952,North,Gizmo,677
313957,North,Gizmo,678
313978,North,Widget,550
313985,North,Gadget,846
314001,North,Widget,917
314002,North,Widget,574
314006,North,Gizmo,520
314018,North,Gadget,933
314019,North,Gizmo,896
314023,North,Doohickey,560
314027,North,Gadget,917
314030,North,Widget,674
314033,North,Doohickey,505
314048,North,Gadget,877
314060,North,Widget,669
314061,North,Gadget,504
314077,North,Widget,646
314084,North,Gizmo,828
314100,North,Gadget,925
314101,North,Gadget,549
314108,North,Doohickey,998
314113,North,Gizmo,901
314118,North,Gizmo,566
314119,North,Gizmo,676
314122,North,Gizmo,700
314134,North,Doohickey,976
314135,North,Gadget,604
314138,North,Gizmo,790
314148,North,Widget,821
314156,North,Doohickey,547
314162,North,Gizmo,886
314189,North,Doohickey,785
314194,North,Doohickey,919
314195,North,Gizmo,853
314199,North,Doohickey,619
314204,North,Widget,866
314229,North,Gizmo,639
314240,North,Widget,916
314245,North,Gadget,948
314246,North,Widget,933
314254,North,Doohickey,919
314255,North,Widget,860
314258,North,Doohickey,855
314260,North,Gizmo,678
314264,North,Widget,800
314276,North,Widget,501
314277,North,Gadget,755
314283,North,Gadget,528
314291,North,Widget,550
314292,North,Widget,708
314295,North,Gizmo,759
314300,North,Widget,973
314301,North,Widget,835
314306,North,Gadget,612
314307,North,Gizmo,983
314312,North,Gadget,865
314316,North,Gizmo,760
314317,North,Gadget,884
314326,North,Widget,890
314336,North,Widget,643
314342,North,Doohickey,905
314351,North,Gizmo,689
314352,North,Doohickey,867
314364,North,Widget,644
314372,North,Widget,874
314376,North,Doohickey,972
314391,North,Doohickey,649
314403,North,Gadget,719
314416,North,Doohickey,927
314447,North,Widget,620
314458,North,Widget,715
314459,North,Gadget,624
314465,North,Gadget,618
314466,North,Gadget,993
314467,North,Widget,637
314474,North,Doohickey,890
314475,North,Gizmo,567
314495,North,Gadget,914
314514,North,Widget,683
314519,North,Widget,781
314522,North,Gizmo,763
314537,North,Widget,540
314546,North,Doohickey,846
314555,North,Widget,994
314563,North,Gadget,523
314566,North,Doohickey,966
314579,North,Widget,546
314582,North,Gadget,955
314585,North,Widget,664
314588,North,Gizmo,604
314589,North,Gizmo,753
314604,North,Doohickey,744
314607,North,Doohickey,659
314609,North,Doohickey,694
314611,North,Widget,743
314615,North,Gizmo,504
314618,North,Widget,789
314621,North,Gizmo,961
314631,North,Doohickey,950
314662,North,Widget,915
314670,North,Gadget,853
314698,North,Gadget,704
314701,North,Gizmo,661
314710,North,Gadget,665
314723,North,Gizmo,519
314736,North,Doohickey,867
314742,North,Gadget,696
314746,North,Doohickey,931
314749,North,Doohickey,586
314752,North,Widget,754
314767,North,Doohickey,724
314776,North,Doohickey,616
314784,North,Gizmo,545
314794,North,Doohickey,740
314801,North,Gizmo,764
314803,North,Gadget,786
314805,North,Widget,860
314812,North,Gadget,564
314837,North,Widget,638
314842,North,Widget,878
314845,North,Gizmo,761
314847,North,Gizmo,901
314855,North,Gizmo,547
314861,North,Gadget,687
314863,North,Doohickey,762
314876,North,Gadget,943
314877,North,Gadget,721
314883,North,Doohickey,692
314898,North,Widget,714
314906,North,Widget,934
314913,North,Widget,936
314920,North,Gizmo,756
314924,North,Widget,625
314934,North,Widget,830
314942,North,Widget,767
314943,North,Doohickey,717
314952,North,Doohickey,703
314953,North,Widget,570
314981,North,Doohickey,942
314982,North,Gadget,910
315011,North,Gizmo,584
315014,North,Gizmo,763
315018,North,Widget,843
315025,North,Gizmo,571
315029,North,Widget,744
315031,North,Gadget,567
315042,North,Gizmo,598
315060,North,Doohickey,883
315064,North,Widget,861
315065,North,Gadget,906
315093,North,Gadget,944
315097,North,Widget,650
315105,North,Widget,883
315109,North,Gizmo,527
315111,North,Doohickey,725
315112,North,Widget,679
315122,North,Gizmo,648
315148,North,Gizmo,577
315149,North,Gadget,894
315155,North,Gadget,743
315158,North,Doohickey,712
315161,North,Doohickey,513
315173,North,Gadget,532
315176,North,Widget,943
315177,North,Gadget,530
315178,North,Gadget,545
315181,North,Gadget,614
315184,North,Gadget,682
315192,North,Doohickey,840
315193,North,Widget,834
315197,North,Doohickey,844
315199,North,Widget,869
315203,North,Gizmo,775
315207,North,Gadget,917
315217,North,Doohickey,952
315218,North,Gizmo,940
315227,North,Gizmo,651
315234,North,Widget,993
315238,North,Gadget,632
315242,North,Gadget,662
315243,North,Doohickey,692
315246,North,Gadget,908
315272,North,Doohickey,910
315274,North,Gizmo,886
315282,North,Gizmo,867
315284,North,Gizmo,603
315288,North,Gizmo,958
315295,North,Gadget,542
315300,North,Doohickey,557
315302,North,Gadget,617
315310,North,Gadget,538
315327,North,Gadget,764
315332,North,Gizmo,755
315336,North,Widget,852
315341,North,Gadget,927
315343,North,Gizmo,541
315344,North,Gizmo,685
315357,North,Gadget,735
315373,North,Doohickey,843
315378,North,Widget,604
315380,North,Doohickey,956
315382,North,Gizmo,861
315384,North,Widget,801
315390,North,Gadget,745
315403,North,Widget,914
315407,North,Doohickey,719
315409,North,Doohickey,685
315419,North,Gizmo,621
315423,North,Widget,674
315430,North,Doohickey,772
315431,North,Gadget,752
315440,North,Gizmo,913
315442,North,Gadget,909
315456,North,Widget,771
315465,North,Gadget,788
315469,North,Gizmo,655
315473,North,Gizmo,660
315500,North,Gadget,933
315514,North,Gadget,611
315515,North,Widget,931
315529,North,Gizmo,969
315531,North,Doohickey,796
315540,North,Gizmo,646
315547,North,Gizmo,661
315566,North,Widget,936
315569,North,Doohickey,902
315575,North,Gadget,841
315576,North,Gizmo,913
315578,North,Gadget,507
315586,North,Gizmo,553
315587,North,Gizmo,943
315588,North,Gadget,836
315593,North,Gadget,603
315594,North,Gizmo,595
315608,North,Gizmo,683
315622,North,Gadget,750
315625,North,Doohickey,524
315636,North,Gizmo,501
315643,North,Gadget,652
315651,North,Widget,952
315705,North,Gizmo,886
315706,North,Gadget,681
315717,North,Widget,899
315719,North,Widget,665
315725,North,Doohickey,926
315737,North,Doohickey,907
315739,North,Gadget,582
315753,North,Doohickey,679
315759,North,Widget,550
315770,North,Gizmo,651
315787,North,Widget,684
315799,North,Widget,797
315813,North,Widget,715
315814,North,Doohickey,580
315833,North,Widget,992
315834,North,Doohickey,986
315847,North,Doohickey,640
315852,North,Gizmo,668
315859,North,Gizmo,971
315869,North,Widget,628
315886,North,Widget,922
315887,North,Gizmo,790
315889,North,Doohickey,736
315895,North,Gizmo,748
315902,North,Gizmo,700
315905,North,Gizmo,974
315906,North,Gizmo,648
315910,North,Widget,643
315934,North,Gadget,872
315935,North,Gizmo,889
315947,North,Gizmo,635
315955,North,Widget,592
315956,North,Gizmo,741
315959,North,Gadget,758
315963,North,Widget,799
315969,North,Doohickey,811
315976,North,Gizmo,517
315988,North,Gizmo,913
315990,North,Doohickey,741
315991,North,Widget,901
315993,North,Doohickey,972
315995,North,Doohickey,756
316000,North,Gadget,688
316013,North,Gadget,729
316035,North,Doohickey,836
316050,North,Gizmo,949
316052,North,Doohickey,797
316057,North,Widget,906
316084,North,Doohickey,813
316085,North,Doohickey,746
316089,North,Gadget,644
316092,North,Doohickey,722
316114,North,Widget,827
316123,North,Gizmo,743
316126,North,Widget,721
316132,North,Doohickey,614
316134,North,Widget,558
316144,North,Gadget,886
316150,North,Widget,509
316154,North,Gizmo,827
316159,North,Gadget,694
316163,North,Gadget,883
316167,North,Widget,947
316171,North,Widget,547
316172,North,Gizmo,597
316196,North,Widget,819
316199,North,Gizmo,642
316201,North,Doohickey,847
316207,North,Widget,768
316220,North,Gizmo,695
316236,North,Widget,518
316256,North,Widget,762
316272,North,Gizmo,518
316274,North,Doohickey,650
316286,North,Gizmo,953
316290,North,Gizmo,728
316292,North,Widget,990
316305,North,Widget,809
316314,North,Doohickey,880
316322,North,Gadget,595
316327,North,Gadget,576
316330,North,Gadget,736
316336,North,Gadget,975
316342,North,Doohickey,645
316351,North,Widget,679
316356,North,Gadget,859
316359,North,Doohickey,784
316361,North,Gadget,708
316366,North,Gizmo,592
316373,North,Gadget,530
316383,North,Widget,857
316392,North,Gizmo,847
316401,North,Gizmo,524
316402,North,Gadget,770
316403,North,Gadget,700
316407,North,Gizmo,893
316409,North,Doohickey,919
316413,North,Doohickey,927
316415,North,Gadget,576
316416,North,Widget,556
316423,North,Gizmo,597
316447,North,Widget,557
316449,North,Doohickey,933
316455,North,Gizmo,722
316457,North,Gizmo,609
316472,North,Gizmo,972
316473,North,Widget,923
316494,North,Doohickey,961
316510,North,Gizmo,986
316519,North,Gizmo,836
316523,North,Doohickey,971
316532,North,Gizmo,573
316535,North,Gizmo,708
316537,North,Gadget,554
316540,North,Gizmo,750
316546,North,Widget,568
316550,North,Widget,750
316554,North,Gizmo,974
316560,North,Gizmo,687
316561,North,Widget,545
316592,North,Gizmo,591
316593,North,Doohickey,932
316597,North,Gizmo,637
316602,North,Widget,554
316636,North,Widget,886
316642,North,Widget,952
316648,North,Gadget,580
316649,North,Gizmo,733
316657,North,Widget,519
316676,North,Gizmo,796
316686,North,Gadget,647
316705,North,Gadget,852
316711,North,Gizmo,578
316714,North,Doohickey,803
316717,North,Gadget,768
316719,North,Doohickey,932
316758,North,Gizmo,529
316760,North,Gadget,957
316773,North,Doohickey,849
316781,North,Gadget,577
316784,North,Gizmo,948
316795,North,Gizmo,666
316803,North,Gizmo,898
316808,North,Gadget,850
316815,North,Doohickey,889
316830,North,Gadget,521
316833,North,Widget,925
316834,North,Gadget,944
316835,North,Widget,658
316845,North,Doohickey,994
316847,North,Gadget,563
316848,North,Widget,601
316854,North,Gadget,867
316875,North,Doohickey,576
316881,North,Doohickey,680
316882,North,Gadget,927
316885,North,Widget,846
316899,North,Widget,706
316903,North,Gizmo,984
316908,North,Gizmo,931
316912,North,Widget,634
316931,North,Gadget,595
316938,North,Gadget,869
316942,North,Doohickey,781
316949,North,Widget,566
316953,North,Gizmo,988
316955,North,Gadget,932
316959,North,Doohickey,669
316984,North,Gadget,713
316994,North,Gizmo,779
317002,North,Gizmo,994
317008,North,Gadget,534
317034,North,Gadget,540
317037,North,Gadget,561
317053,North,Gadget,826
317071,North,Widget,877
317072,North,Gizmo,752
317075,North,Doohickey,592
317077,North,Gizmo,893
317106,North,Doohickey,915
317108,North,Widget,988
317127,North,Gadget,653
317130,North,Gizmo,710
317143,North,Gizmo,894
317144,North,Doohickey,715
317145,North,Gadget,915
317150,North,Gadget,708
317172,North,Widget,667
317177,North,Doohickey,656
317182,North,Gadget,610
317185,North,Widget,852
317200,North,Widget,750
317213,North,Widget,703
317222,North,Widget,704
317229,North,Doohickey,972
317262,North,Widget,811
317270,North,Widget,771
317273,North,Gadget,574
317275,North,Doohickey,994
317281,North,Doohickey,501
317292,North,Widget,952
317312,North,Widget,926
317327,North,Doohickey,926
317335,North,Doohickey,654
317347,North,Gadget,859
317348,North,Doohickey,584
317362,North,Widget,654
317375,North,Gadget,656
317378,North,Gadget,773
317390,North,Doohickey,819
317400,North,Doohickey,640
317406,North,Gadget,688
317412,North,Widget,927
317418,North,Gadget,921
317422,North,Widget,924
317439,North,Gadget,909
317461,North,Gizmo,658
317463,North,Gadget,819
317469,North,Widget,705
317472,North,Gizmo,725
317475,North,Gadget,919
317485,North,Gadget,564
317488,North,Doohickey,959
317524,North,Doohickey,561
317525,North,Doohickey,710
317542,North,Gadget,532
317546,North,Gadget,916
317551,North,Widget,966
317555,North,Widget,779
317559,North,Gadget,913
317571,North,Widget,739
317574,North,Widget,809
317591,North,Widget,866
317593,North,Doohickey,553
317594,North,Gadget,516
317604,North,Gadget,729
317605,North,Gizmo,827
317616,North,Gadget,760
317620,North,Doohickey,769
317623,North,Doohickey,900
317624,North,Gizmo,758
317633,North,Gizmo,631
317657,North,Doohickey,771
317660,North,Widget,605
317669,North,Gizmo,863
317674,North,Gizmo,611
317679,North,Gizmo,871
317685,North,Gizmo,672
317692,North,Gizmo,559
317701,North,Gadget,521
317705,North,Gadget,751
317718,North,Widget,681
317734,North,Widget,568
317746,North,Widget,851
317747,North,Gadget,624
317763,North,Doohickey,680
317774,North,Gizmo,965
317779,North,Widget,658
317782,North,Gizmo,536
317786,North,Doohickey,946
317791,North,Gadget,642
317792,North,Gizmo,914
317793,North,Widget,684
317803,North,Widget,916
317820,North,Widget,517
317821,North,Widget,877
317837,North,Widget,638
317838,North,Gadget,802
317841,North,Gizmo,527
317844,North,Doohickey,759
317847,North,Gadget,953
317866,North,Widget,596
317876,North,Gizmo,856
317880,North,Widget,765
317883,North,Widget,865
317891,North,Widget,971
317894,North,Gizmo,949
317911,North,Gizmo,742
317914,North,Doohickey,722
317919,North,Widget,844
317925,North,Doohickey,546
317940,North,Doohickey,687
317941,North,Gizmo,583
317948,North,Doohickey,884
317967,North,Gizmo,802
317975,North,Gadget,836
317992,North,Gadget,789
318000,North,Gadget,997
318004,North,Doohickey,923
318005,North,Doohickey,557
318015,North,Gizmo,566
318029,North,Gizmo,719
318032,North,Gadget,737
318034,North,Doohickey,769
318049,North,Gadget,571
318057,North,Gizmo,871
318087,North,Widget,580
318088,North,Gizmo,619
318094,North,Doohickey,542
318098,North,Gadget,616
318100,North,Gizmo,594
318128,North,Widget,610
318137,North,Gadget,528
318147,North,Doohickey,859
318151,North,Gizmo,708
318159,North,Gizmo,839
318161,North,Gizmo,886
318165,North,Gadget,938
318166,North,Gizmo,520
318178,North,Widget,894
318188,North,Gadget,759
318195,North,Gadget,978
318197,North,Gizmo,683
318207,North,Doohickey,587
318218,North,Gizmo,805
318230,North,Widget,859
318245,North,Widget,658
318255,North,Doohickey,701
318258,North,Widget,941
318260,North,Gadget,972
318265,North,Gadget,670
318273,North,Gadget,794
318276,North,Doohickey,851
318280,North,Doohickey,984
318286,North,Gizmo,796
318294,North,Doohickey,679
318309,North,Gadget,781
318327,North,Gadget,501
318349,North,Gadget,936
318355,North,Doohickey,672
318357,North,Doohickey,765
318360,North,Gadget,864
318361,North,Widget,511
318363,North,Gizmo,741
318366,North,Widget,811
318376,North,Doohickey,710
318382,North,Widget,843
318395,North,Gizmo,919
318398,North,Gadget,786
318410,North,Gadget,711
318412,North,Gizmo,961
318415,North,Widget,986
318417,North,Doohickey,877
318421,North,Widget,604
318430,North,Widget,982
318432,North,Gadget,992
318440,North,Gadget,714
318443,North,Gadget,640
318463,North,Widget,959
318464,North,Widget,515
318472,North,Doohickey,888
318488,North,Widget,597
318498,North,Doohickey,932
318509,North,Doohickey,986
318518,North,Gadget,915
318519,North,Doohickey,976
318530,North,Doohickey,738
318541,North,Widget,993
318549,North,Gizmo,760
318552,North,Doohickey,557
318557,North,Widget,505
318564,North,Gadget,645
318571,North,Gadget,798
318590,North,Gadget,544
318597,North,Gadget,952
318601,North,Gizmo,865
318668,North,Widget,573
318669,North,Widget,933
318671,North,Gadget,831
318682,North,Doohickey,913
318689,North,Gadget,503
318702,North,Widget,588
318704,North,Gizmo,559
318707,North,Widget,641
318708,North,Gadget,612
318713,North,Gizmo,652
318720,North,Gizmo,806
318722,North,Gizmo,926
318729,North,Gadget,811
318749,North,Gadget,872
318758,North,Gadget,849
318775,North,Doohickey,847
318781,North,Gizmo,816
318795,North,Gizmo,808
318808,North,Gizmo,894
318810,North,Gadget,726
318820,North,Doohickey,682
318837,North,Gadget,709
318840,North,Doohickey,753
318842,North,Doohickey,985
318845,North,Gizmo,564
318849,North,Gizmo,961
318857,North,Doohickey,746
318859,North,Gizmo,668
318860,North,Gizmo,526
318867,North,Gadget,796
318893,North,Gizmo,703
318909,North,Gadget,722
318941,North,Doohickey,795
318944,North,Gadget,730
318961,North,Gadget,676
318962,North,Gadget,978
318966,North,Doohickey,791
318973,North,Gadget,896
318978,North,Widget,639
318982,North,Gizmo,705
318987,North,Gadget,521
318990,North,Gadget,718
318992,North,Gadget,992
319002,North,Doohickey,774
319029,North,Gizmo,996
319030,North,Doohickey,761
319050,North,Doohickey,738
319061,North,Doohickey,561
319064,North,Widget,501
319085,North,Gizmo,826
319094,North,Widget,540
319099,North,Widget,619
319101,North,Doohickey,901
319112,North,Doohickey,515
319113,North,Widget,951
319117,North,Gadget,802
319118,North,Widget,880
319131,North,Gadget,909
319134,North,Gizmo,877
319136,North,Gizmo,547
319138,North,Gizmo,972
319150,North,Doohickey,718
319153,North,Gizmo,896
319159,North,Gizmo,906
319162,North,Widget,529
319186,North,Doohickey,996
319188,North,Widget,534
319195,North,Gadget,670
319199,North,Gadget,771
319209,North,Widget,670
319213,North,Gizmo,750
319217,North,Gizmo,915
319246,North,Widget,868
319252,North,Doohickey,802
319260,North,Widget,542
319274,North,Gadget,836
319277,North,Doohickey,504
319281,North,Gizmo,530
319287,North,Gizmo,570
319291,North,Gadget,969
319310,North,Gadget,667
319312,North,Widget,881
319315,North,Gadget,551
319317,North,Widget,991
319334,North,Gadget,905
319342,North,Doohickey,524
319351,North,Doohickey,875
319362,North,Widget,791
319369,North,Widget,897
319375,North,Doohickey,966
319378,North,Gizmo,641
319409,North,Gadget,882
319420,North,Widget,739
319422,North,Gizmo,501
319424,North,Doohickey,515
319431,North,Gizmo,788
319432,North,Gadget,711
319442,North,Gizmo,539
319444,North,Widget,542
319449,North,Doohickey,986
319462,North,Gadget,897
319472,North,Widget,918
319474,North,Doohickey,641
319475,North,Widget,865
319476,North,Doohickey,967
319482,North,Doohickey,869
319490,North,Gadget,975
319495,North,Widget,505
319511,North,Doohickey,539
319524,North,Gadget,693
319525,North,Doohickey,839
319527,North,Gizmo,848
319538,North,Gadget,881
319545,North,Doohickey,921
319547,North,Gizmo,542
319551,North,Widget,515
319563,North,Doohickey,816
319574,North,Gizmo,655
319576,North,Gadget,833
319578,North,Gizmo,886
319584,North,Gadget,518
319587,North,Gizmo,514
319603,North,Doohickey,684
319609,North,Doohickey,796
319611,North,Gizmo,939
319618,North,Gizmo,844
319622,North,Widget,605
319635,North,Gadget,798
319643,North,Doohickey,642
319649,North,Widget,808
319659,North,Doohickey,637
319663,North,Gizmo,863
319664,North,Doohickey,934
319673,North,Gadget,843
319676,North,Widget,564
319683,North,Doohickey,547
319690,North,Gizmo,814
319692,North,Doohickey,572
319700,North,Doohickey,712
319711,North,Widget,575
319727,North,Gizmo,792
319731,North,Gadget,958
319732,North,Widget,546
319739,North,Gadget,980
319746,North,Gadget,897
319759,North,Widget,632
319776,North,Doohickey,941
319782,North,Widget,740
319797,North,Gadget,884
319808,North,Gadget,823
319828,North,Doohickey,531
319829,North,Gadget,917
319836,North,Widget,884
319842,North,Gizmo,505
319845,North,Doohickey,568
319847,North,Gizmo,959
319848,North,Doohickey,656
319851,North,Gadget,689
319854,North,Widget,791
319856,North,Widget,905
319863,North,Widget,674
319872,North,Gadget,857
319878,North,Gizmo,519
319881,North,Gadget,914
319888,North,Doohickey,656
319907,North,Widget,706
319929,North,Gadget,536
319942,North,Widget,872
319949,North,Doohickey,779
319958,North,Widget,532
319960,North,Widget,643
319977,North,Widget,884
319982,North,Gizmo,731
319986,North,Widget,750
319987,North,Gadget,797
319994,North,Widget,861
319998,North,Gadget,974
320009,North,Gizmo,753
320011,North,Doohickey,803
320012,North,Widget,631
320063,North,Gadget,944
320075,North,Widget,798
320085,North,Gadget,766
320086,North,Gizmo,863
320087,North,Doohickey,838
320103,North,Widget,634
320106,North,Doohickey,695
320108,North,Widget,608
320109,North,Gizmo,827
320131,North,Doohickey,972
320135,North,Doohickey,915
320150,North,Widget,931
320179,North,Gizmo,811
320186,North,Gizmo,643
320187,North,Gizmo,501
320198,North,Gizmo,796
320218,North,Doohickey,783
320238,North,Gadget,521
320242,North,Gizmo,651
320245,North,Doohickey,711
320257,North,Gadget,884
320259,North,Doohickey,823
320269,North,Gadget,731
320278,North,Doohickey,718
320285,North,Doohickey,935
320286,North,Gizmo,669
320291,North,Gizmo,664
320294,North,Doohickey,867
320298,North,Gizmo,993
320300,North,Doohickey,618
320303,North,Gizmo,619
320305,North,Gadget,902
320325,North,Gadget,545
320327,North,Widget,860
320328,North,Gadget,585
320329,North,Gadget,840
320330,North,Doohickey,921
320341,North,Gadget,857
320345,North,Gizmo,526
320351,North,Gadget,952
320360,North,Gizmo,734
320362,North,Widget,527
320366,North,Gadget,968
320367,North,Doohickey,922
320375,North,Widget,782
320396,North,Gizmo,777
320397,North,Gadget,940
320402,North,Gadget,503
320417,North,Gadget,713
320423,North,Widget,739
320424,North,Doohickey,913
320425,North,Widget,705
320427,North,Widget,546
320442,North,Widget,861
320444,North,Gadget,846
320451,North,Doohickey,615
320461,North,Doohickey,752
320473,North,Doohickey,765
320474,North,Gadget,503
320475,North,Gizmo,822
320476,North,Gadget,621
320505,North,Gizmo,759
320517,North,Gizmo,997
320537,North,Gadget,582
320538,North,Widget,866
320549,North,Widget,688
320553,North,Gizmo,808
320561,North,Widget,555
320568,North,Gizmo,704
320570,North,Doohickey,583
320577,North,Widget,715
320592,North,Widget,556
320601,North,Widget,665
320605,North,Widget,689
320606,North,Widget,867
320610,North,Doohickey,761
320611,North,Widget,680
320631,North,Gadget,570
320639,North,Doohickey,657
320648,North,Gadget,931
320649,North,Gizmo,727
320669,North,Gadget,761
320682,North,Gadget,948
320684,North,Doohickey,960
320685,North,Gadget,928
320686,North,Gizmo,592
320696,North,Gadget,822
320700,North,Widget,586
320705,North,Gadget,852
320708,North,Gizmo,797
320710,North,Widget,978
320713,North,Gadget,595
320715,North,Gadget,851
320746,North,Widget,647
320747,North,Doohickey,975
320754,North,Widget,697
320758,North,Doohickey,899
320765,North,Doohickey,814
320787,North,Doohickey,880
320789,North,Widget,855
320796,North,Doohickey,523
320798,North,Gadget,525
320808,North,Doohickey,646
320809,North,Gadget,685
320819,North,Widget,897
320821,North,Gadget,513
320837,North,Widget,847
320846,North,Gadget,894
320848,North,Widget,985
320858,North,Gizmo,645
320865,North,Doohickey,795
320868,North,Widget,558
320881,North,Doohickey,522
320882,North,Gizmo,818
320891,North,Doohickey,533
320926,North,Gizmo,593
320936,North,Gadget,606
320944,North,Gadget,964
320951,North,Gadget,672
320954,North,Widget,583
320962,North,Gizmo,981
320968,North,Doohickey,877
320976,North,Doohickey,993
320979,North,Gizmo,819
320985,North,Gizmo,504
320986,North,Doohickey,951
321022,North,Widget,783
321024,North,Gizmo,915
321026,North,Doohickey,554
321044,North,Widget,994
321049,North,Widget,961
321053,North,Widget,669
321054,North,Gadget,758
321065,North,Widget,707
321073,North,Widget,782
321096,North,Doohickey,563
321103,North,Doohickey,628
321107,North,Doohickey,603
321109,North,Widget,847
321116,North,Widget,783
321119,North,Doohickey,817
321135,North,Doohickey,900
321137,North,Widget,756
321141,North,Widget,932
321150,North,Gadget,622
321173,North,Doohickey,681
321175,North,Widget,504
321194,North,Gadget,536
321197,North,Widget,863
321204,North,Gadget,594
321214,North,Doohickey,734
321235,North,Doohickey,726
321239,North,Doohickey,944
321250,North,Gadget,855
321257,North,Gadget,749
321261,North,Widget,986
321273,North,Gadget,869
321277,North,Gizmo,965
321281,North,Widget,743
321287,North,Gadget,724
321290,North,Gizmo,605
321303,North,Widget,711
321309,North,Gizmo,671
321313,North,Doohickey,852
321322,North,Widget,579
321324,North,Gizmo,768
321334,North,Gizmo,868
321354,North,Gizmo,914
321355,North,Gadget,783
321381,North,Gizmo,674
321395,North,Gizmo,589
321399,North,Gizmo,635
321401,North,Widget,672
321418,North,Gizmo,518
321426,North,Widget,728
321428,North,Gadget,707
321429,North,Gizmo,825
321433,North,Widget,717
321436,North,Widget,877
321437,North,Widget,763
321439,North,Widget,555
321444,North,Gadget,533
321446,North,Gizmo,788
321456,North,Widget,816
321458,North,Doohickey,880
321483,North,Widget,990
321489,North,Doohickey,861
321490,North,Doohickey,917
321499,North,Doohickey,959
321505,North,Gadget,821
321508,North,Doohickey,984
321524,North,Gadget,916
321525,North,Gizmo,913
321526,North,Gadget,717
321530,North,Widget,873
321533,North,Widget,902
321539,North,Doohickey,576
321551,North,Gizmo,781
321554,North,Doohickey,800
321559,North,Doohickey,903
321586,North,Widget,690
321600,North,Gadget,614
321602,North,Doohickey,888
321614,North,Gadget,869
321619,North,Widget,841
321632,North,Doohickey,705
321644,North,Gadget,777
321645,North,Gizmo,876
321651,North,Gadget,838
321661,North,Doohickey,505
321670,North,Doohickey,955
321674,North,Doohickey,827
321686,North,Doohickey,923
321690,North,Widget,941
321708,North,Doohickey,538
321725,North,Gizmo,609
321729,North,Gadget,805
321735,North,Gadget,572
321738,North,Gizmo,698
321757,North,Widget,560
321765,North,Gadget,505
321766,North,Widget,722
321770,North,Gadget,889
321772,North,Gadget,784
321777,North,Gadget,645
321797,North,Widget,943
321799,North,Gadget,844
321808,North,Widget,602
321811,North,Doohickey,754
321817,North,Gizmo,583
321818,North,Gadget,923
321819,North,Gadget,822
321820,North,Gadget,528
321822,North,Gizmo,552
321825,North,Widget,600
321827,North,Gizmo,622
321829,North,Doohickey,972
321832,North,Gizmo,702
321837,North,Gizmo,888
321848,North,Doohickey,975
321855,North,Gizmo,567
321868,North,Widget,690
321883,North,Gizmo,844
321885,North,Gadget,585
321889,North,Doohickey,994
321905,North,Widget,691
321908,North,Doohickey,672
321916,North,Widget,713
321931,North,Doohickey,688
321939,North,Gizmo,666
321941,North,Doohickey,817
321949,North,Gadget,742
321950,North,Gadget,609
321951,North,Gadget,554
321954,North,Doohickey,840
321958,North,Doohickey,641
321977,North,Doohickey,953
321981,North,Gizmo,569
321999,North,Gizmo,786
322017,North,Widget,850
322023,North,Gadget,850
322061,North,Doohickey,747
322074,North,Gizmo,508
322075,North,Gizmo,819
322081,North,Doohickey,560
322082,North,Gizmo,966
322085,North,Doohickey,927
322090,North,Doohickey,952
322096,North,Gadget,699
322103,North,Gizmo,540
322110,North,Doohickey,541
322114,North,Doohickey,587
322120,North,Gizmo,975
322121,North,Widget,783
322140,North,Gizmo,534
322155,North,Gadget,523
322159,North,Widget,877
322161,North,Doohickey,635
322171,North,Widget,891
322172,North,Gizmo,817
322183,North,Widget,990
322186,North,Gadget,877
322204,North,Gizmo,580
322218,North,Doohickey,609
322254,North,Gadget,655
322291,North,Widget,974
322292,North,Gadget,798
322297,North,Doohickey,930
322300,North,Gadget,861
322309,North,Doohickey,631
322317,North,Doohickey,659
322334,North,Gadget,559
322340,North,Widget,659
322346,North,Gadget,692
322348,North,Widget,504
322359,North,Gizmo,893
322361,North,Gizmo,693
322362,North,Doohickey,557
322373,North,Gizmo,591
322378,North,Widget,843
322385,North,Gadget,529
322388,North,Doohickey,852
322394,North,Widget,719
322395,North,Widget,501
322405,North,Gizmo,841
322408,North,Widget,677
322416,North,Gadget,716
322420,North,Doohickey,913
322422,North,Gadget,889
322429,North,Gadget,615
322440,North,Gizmo,519
322445,North,Gadget,959
322449,North,Widget,858
322455,North,Doohickey,593
322457,North,Gadget,823
322458,North,Gadget,869
322463,North,Doohickey,501
322465,North,Doohickey,503
322472,North,Doohickey,772
322474,North,Widget,656
322481,North,Gadget,714
322506,North,Gadget,811
322509,North,Doohickey,756
322518,North,Widget,726
322528,North,Widget,597
322546,North,Doohickey,621
322552,North,Gizmo,700
322554,North,Gizmo,783
322559,North,Widget,523
322564,North,Widget,605
322568,North,Gadget,760
322570,North,Widget,843
322571,North,Doohickey,766
322585,North,Gizmo,693
322606,North,Gizmo,822
322620,North,Gizmo,742
322641,North,Gadget,679
322650,North,Gadget,527
322652,North,Gadget,532
322658,North,Widget,994
322667,North,Widget,846
322669,North,Widget,916
322696,North,Widget,809
322702,North,Widget,548
322715,North,Doohickey,535
322720,North,Gizmo,899
322729,North,Gadget,894
322733,North,Gizmo,810
322737,North,Doohickey,544
322738,North,Gadget,940
322739,North,Widget,938
322742,North,Widget,730
322743,North,Widget,754
322754,North,Gadget,968
322760,North,Gizmo,826
322769,North,Gadget,560
322781,North,Doohickey,736
322799,North,Gadget,547
322802,North,Gizmo,967
322814,North,Doohickey,946
322818,North,Gadget,691
322821,North,Gizmo,994
322827,North,Doohickey,601
322848,North,Gadget,891
322858,North,Widget,602
322860,North,Widget,787
322867,North,Gizmo,886
322894,North,Doohickey,712
322900,North,Doohickey,677
322903,North,Widget,927
322908,North,Gizmo,785
322912,North,Widget,653
322932,North,Widget,520
322933,North,Gadget,625
322936,North,Widget,828
322951,North,Doohickey,917
322954,North,Gizmo,652
322955,North,Gizmo,562
322960,North,Widget,714
322973,North,Gadget,677
322985,North,Doohickey,555
322996,North,Doohickey,561
323010,North,Gizmo,991
323015,North,Gadget,558
323018,North,Doohickey,778
323026,North,Doohickey,839
323027,North,Gadget,605
323034,North,Gadget,620
323037,North,Gadget,651
323060,North,Widget,969
323071,North,Widget,512
323086,North,Gadget,875
323120,North,Doohickey,956
323127,North,Widget,560
323144,North,Widget,725
323150,North,Widget,556
323180,North,Doohickey,919
323181,North,Widget,734
323190,North,Widget,501
323192,North,Doohickey,537
323211,North,Widget,853
323213,North,Gizmo,971
323216,North,Gadget,981
323221,North,Widget,882
323231,North,Gadget,827
323234,North,Gadget,973
323249,North,Doohickey,727
323250,North,Widget,701
323252,North,Gadget,657
323257,North,Doohickey,925
323260,North,Gizmo,841
323261,North,Doohickey,811
323262,North,Widget,877
323265,North,Widget,554
323266,North,Gizmo,533
323268,North,Widget,959
323274,North,Widget,840
323292,North,Gizmo,869
323293,North,Gizmo,758
323297,North,Widget,609
323321,North,Doohickey,963
323324,North,Widget,522
323330,North,Gizmo,736
323332,North,Widget,608
323333,North,Doohickey,821
323337,North,Widget,908
323341,North,Gizmo,819
323349,North,Gadget,933
323378,North,Widget,609
323385,North,Doohickey,595
323386,North,Gizmo,687
323389,North,Doohickey,798
323393,North,Gizmo,830
323415,North,Gadget,701
323418,North,Doohickey,784
323424,North,Gizmo,661
323428,North,Gadget,802
323431,North,Gadget,727
323434,North,Widget,588
323438,North,Gadget,555
323441,North,Widget,700
323449,North,Gizmo,782
323453,North,Gizmo,822
323455,North,Doohickey,724
323456,North,Widget,868
323471,North,Gizmo,605
323475,North,Doohickey,672
323494,North,Doohickey,825
323510,North,Gadget,733
323534,North,Gadget,831
323542,North,Widget,760
323556,North,Gizmo,918
323559,North,Widget,865
323562,North,Widget,863
323583,North,Doohickey,806
323585,North,Widget,948
323588,North,Gizmo,967
323590,North,Widget,863
323600,North,Gizmo,656
323602,North,Gadget,535
323613,North,Doohickey,582
323630,North,Gadget,961
323639,North,Doohickey,523
323644,North,Doohickey,740
323647,North,Gadget,728
323676,North,Widget,539
323677,North,Doohickey,757
323693,North,Gadget,547
323694,North,Doohickey,686
323709,North,Widget,606
323719,North,Gadget,848
323728,North,Gadget,579
323729,North,Gadget,983
323740,North,Gizmo,580
323742,North,Doohickey,903
323743,North,Widget,969
323750,North,Doohickey,984
323760,North,Widget,861
323772,North,Doohickey,605
323779,North,Doohickey,719
323801,North,Gadget,977
323807,North,Gadget,566
323808,North,Gizmo,764
323815,North,Doohickey,548
323817,North,Gadget,533
323819,North,Gizmo,811
323828,North,Gadget,706
323839,North,Widget,955
323841,North,Gizmo,705
323845,North,Gizmo,894
323861,North,Gadget,985
323866,North,Gadget,737
323875,North,Widget,858
323876,North,Widget,689
323883,North,Gizmo,516
323887,North,Widget,873
323889,North,Doohickey,627
323901,North,Gizmo,972
323906,North,Gadget,869
323911,North,Doohickey,651
323915,North,Doohickey,521
323922,North,Widget,560
323933,North,Doohickey,899
323936,North,Gadget,811
323943,North,Gizmo,704
323955,North,Gadget,965
323979,North,Doohickey,969
323982,North,Doohickey,958
323983,North,Widget,549
324003,North,Widget,775
324005,North,Gizmo,720
324006,North,Gizmo,698
324016,North,Gizmo,984
324017,North,Gizmo,736
324041,North,Doohickey,751
324042,North,Doohickey,733
324046,North,Widget,746
324051,North,Gadget,877
324062,North,Gizmo,780
324064,North,Widget,860
324069,North,Gizmo,983
324084,North,Doohickey,941
324104,North,Gadget,977
324125,North,Doohickey,838
324131,North,Gizmo,931
324141,North,Widget,902
324146,North,Gizmo,903
324148,North,Widget,996
324150,North,Gadget,574
324166,North,Doohickey,803
324168,North,Doohickey,785
324170,North,Doohickey,593
324173,North,Widget,551
324174,North,Gadget,571
324180,North,Gizmo,666
324203,North,Doohickey,745
324205,North,Doohickey,953
324236,North,Gizmo,711
324246,North,Doohickey,717
324256,North,Widget,697
324265,North,Widget,886
324281,North,Gadget,975
324288,North,Gadget,714
324300,North,Widget,847
324304,North,Gadget,526
324306,North,Gadget,639
324320,North,Gadget,955
324327,North,Widget,671
324336,North,Doohickey,814
324346,North,Widget,660
324363,North,Doohickey,988
324371,North,Doohickey,702
324375,North,Widget,957
324380,North,Widget,686
324386,North,Doohickey,709
324387,North,Widget,911
324392,North,Gizmo,710
324396,North,Gizmo,624
324405,North,Gadget,540
324421,North,Gadget,533
324451,North,Gizmo,842
324455,North,Widget,944
324459,North,Doohickey,524
324474,North,Widget,762
324476,North,Widget,818
324479,North,Widget,964
324487,North,Gadget,988
324492,North,Widget,825
324494,North,Gadget,705
324498,North,Gizmo,557
324499,North,Gizmo,722
324513,North,Doohickey,763
324527,North,Widget,716
324532,North,Gizmo,650
324533,North,Gadget,822
324543,North,Gizmo,676
324545,North,Gadget,678
324550,North,Doohickey,518
324571,North,Gadget,691
324573,North,Gadget,988
324575,North,Widget,529
324589,North,Widget,545
324590,North,Gizmo,828
324623,North,Gizmo,570
324626,North,Widget,574
324627,North,Widget,946
324629,North,Doohickey,949
324637,North,Gadget,522
324642,North,Gizmo,623
324655,North,Gizmo,709
324662,North,Widget,822
324671,North,Gizmo,935
324680,North,Gadget,673
324686,North,Doohickey,826
324687,North,Widget,994
324693,North,Gizmo,956
324715,North,Widget,630
324725,North,Widget,530
324728,North,Gadget,622
324733,North,Gizmo,637
324736,North,Widget,877
324738,North,Doohickey,580
324757,North,Gadget,944
324771,North,Doohickey,856
324772,North,Gizmo,674
324780,North,Gadget,678
324781,North,Doohickey,746
324786,North,Gadget,710
324800,North,Widget,828
324804,North,Gizmo,658
324805,North,Gizmo,706
324812,North,Widget,766
324827,North,Gizmo,853
324837,North,Doohickey,923
324842,North,Widget,673
324848,North,Gadget,627
324852,North,Gadget,964
324856,North,Gizmo,689
324862,North,Gadget,902
324874,North,Gadget,646
324884,North,Gadget,977
324887,North,Gizmo,503
324898,North,Gizmo,537
324911,North,Gadget,877
324914,North,Widget,592
324938,North,Gadget,776
324949,North,Gizmo,685
324957,North,Gadget,981
324963,North,Doohickey,936
324968,North,Gadget,767
324972,North,Doohickey,802
324977,North,Gadget,722
324984,North,Gizmo,542
325002,North,Gizmo,864
325011,North,Gadget,944
325018,North,Widget,685
325020,North,Gizmo,696
325031,North,Widget,530
325040,North,Gizmo,509
325071,North,Gadget,850
325074,North,Widget,589
325079,North,Widget,551
325083,North,Doohickey,601
325102,North,Gadget,915
325113,North,Gadget,572
325117,North,Widget,641
325123,North,Widget,723
325142,North,Doohickey,802
325143,North,Gizmo,560
325149,North,Widget,608
325152,North,Widget,658
325154,North,Gadget,507
325161,North,Gadget,529
325174,North,Gizmo,833
325179,North,Doohickey,578
325180,North,Gadget,947
325181,North,Gadget,919
325196,North,Gadget,934
325212,North,Gizmo,866
325214,North,Doohickey,639
325226,North,Doohickey,639
325247,North,Widget,847
325252,North,Gadget,728
325262,North,Gadget,618
325281,North,Gizmo,928
325298,North,Gizmo,538
325307,North,Doohickey,615
325314,North,Doohickey,537
325327,North,Gizmo,556
325329,North,Gizmo,832
325332,North,Widget,674
325335,North,Gizmo,650
325370,North,Gadget,567
325373,North,Doohickey,997
325386,North,Widget,647
325388,North,Gizmo,902
325398,North,Gadget,976
325400,North,Gizmo,885
325414,North,Gizmo,754
325432,North,Gizmo,516
325435,North,Doohickey,690
325436,North,Doohickey,831
325440,North,Gizmo,871
325456,North,Doohickey,530
325460,North,Widget,573
325465,North,Gadget,802
325472,North,Widget,959
325478,North,Gizmo,771
325499,North,Gizmo,702
325504,North,Doohickey,652
325514,North,Doohickey,814
325526,North,Gizmo,610
325529,North,Doohickey,744
325548,North,Gadget,742
325560,North,Gizmo,693
325581,North,Doohickey,898
325595,North,Gadget,576
325601,North,Widget,636
325605,North,Gizmo,849
325606,North,Gizmo,589
325607,North,Gizmo,942
325614,North,Gizmo,730
325629,North,Doohickey,570
325633,North,Gadget,784
325636,North,Doohickey,651
325641,North,Gizmo,952
325644,North,Widget,664
325654,North,Gizmo,622
325656,North,Widget,537
325668,North,Doohickey,790
325669,North,Gizmo,657
325676,North,Doohickey,803
325682,North,Widget,861
325691,North,Gizmo,736
325712,North,Gizmo,767
325713,North,Gizmo,612
325724,North,Widget,871
325727,North,Gadget,557
325728,North,Doohickey,775
325740,North,Widget,810
325741,North,Gadget,717
325742,North,Widget,558
325749,North,Doohickey,763
325753,North,Gadget,691
325755,North,Gadget,785
325761,North,Doohickey,902
325787,North,Gadget,941
325797,North,Widget,916
325818,North,Doohickey,813
325821,North,Gadget,672
325833,North,Doohickey,547
325839,North,Gadget,792
325861,North,Gizmo,522
325862,North,Gizmo,836
325870,North,Gadget,768
325871,North,Doohickey,992
325883,North,Gadget,530
325886,North,Gizmo,974
325894,North,Doohickey,591
325895,North,Widget,776
325905,North,Widget,901
325908,North,Gadget,612
325911,North,Widget,508
325924,North,Gadget,953
325928,North,Gadget,916
325946,North,Gadget,807
325947,North,Gadget,927
325957,North,Gizmo,700
325973,North,Gizmo,539
325980,North,Widget,721
325983,North,Gadget,861
326004,North,Gizmo,922
326012,North,Widget,964
326017,North,Doohickey,882
326031,North,Widget,511
326033,North,Widget,931
326042,North,Doohickey,981
326056,North,Gizmo,975
326060,North,Widget,504
326094,North,Gizmo,571
326101,North,Gadget,654
326116,North,Gizmo,859
326151,North,Gadget,933
326162,North,Gizmo,779
326165,North,Gadget,957
326181,North,Gizmo,836
326199,North,Doohickey,919
326218,North,Doohickey,783
326223,North,Gadget,624
326225,North,Doohickey,641
326232,North,Gadget,777
326238,North,Widget,595
326246,North,Gadget,551
326273,North,Gadget,700
326301,North,Gizmo,840
326308,North,Doohickey,968
326310,North,Gadget,983
326316,North,Gadget,792
326335,North,Gizmo,589
326346,North,Gizmo,821
326347,North,Gizmo,885
326365,North,Widget,770
326367,North,Widget,593
326373,North,Widget,694
326377,North,Doohickey,938
326385,North,Doohickey,552
326388,North,Gizmo,640
326399,North,Gizmo,932
326403,North,Doohickey,828
326418,North,Gadget,565
326419,North,Gadget,919
326423,North,Gadget,819
326430,North,Gizmo,714
326434,North,Gizmo,669
326463,North,Gizmo,643
326478,North,Doohickey,777
326482,North,Gizmo,911
326488,North,Widget,555
326497,North,Widget,678
326502,North,Gadget,923
326504,North,Gizmo,675
326507,North,Widget,874
326511,North,Widget,914
326514,North,Doohickey,575
326520,North,Gadget,724
326522,North,Doohickey,869
326531,North,Doohickey,623
326533,North,Widget,896
326535,North,Gizmo,778
326542,North,Gizmo,863
326568,North,Gadget,581
326572,North,Doohickey,732
326574,North,Widget,699
326578,North,Widget,537
326583,North,Widget,709
326600,North,Doohickey,915
326605,North,Gizmo,523
326619,North,Widget,547
326620,North,Gadget,572
326673,North,Widget,888
326695,North,Widget,720
326697,North,Widget,668
326704,North,Widget,951
326710,North,Gizmo,505
326713,North,Widget,748
326731,North,Gizmo,1000
326746,North,Doohickey,677
326748,North,Gadget,642
326763,North,Doohickey,961
326765,North,Gadget,827
326786,North,Gizmo,581
326790,North,Gizmo,508
326792,North,Gadget,710
326793,North,Gizmo,676
326795,North,Gadget,777
326801,North,Widget,665
326803,North,Gadget,857
326818,North,Widget,636
326821,North,Gadget,716
326835,North,Doohickey,751
326842,North,Widget,724
326848,North,Gizmo,583
326863,North,Gizmo,579
326873,North,Gizmo,976
326877,North,Widget,501
326887,North,Gizmo,589
326900,North,Gadget,503
326902,North,Gizmo,697
326909,North,Gadget,866
326913,North,Widget,917
326921,North,Doohickey,986
326932,North,Widget,519
326938,North,Widget,876
326942,North,Gadget,773
326953,North,Widget,572
326954,North,Gadget,963
326963,North,Gadget,766
326967,North,Doohickey,781
326969,North,Gizmo,631
326988,North,Doohickey,901
327027,North,Gadget,663
327053,North,Gizmo,781
327070,North,Widget,551
327077,North,Gadget,809
327080,North,Doohickey,749
327086,North,Widget,749
327089,North,Doohickey,964
327109,North,Doohickey,784
327112,North,Widget,654
327117,North,Gizmo,572
327124,North,Gizmo,543
327127,North,Gizmo,521
327138,North,Gadget,776
327141,North,Gizmo,642
327149,North,Gadget,743
327150,North,Doohickey,988
327177,North,Doohickey,922
327184,North,Doohickey,865
327207,North,Doohickey,630
327215,North,Gizmo,680
327217,North,Gizmo,797
327223,North,Doohickey,839
327225,North,Widget,801
327244,North,Widget,538
327252,North,Doohickey,501
327253,North,Doohickey,693
327262,North,Doohickey,989
327283,North,Gadget,719
327299,North,Gizmo,910
327303,North,Gadget,569
327308,North,Widget,641
327319,North,Gizmo,748
327329,North,Doohickey,792
327349,North,Doohickey,763
327350,North,Widget,546
327353,North,Widget,699
327354,North,Gadget,595
327372,North,Gizmo,775
327380,North,Doohickey,935
327383,North,Widget,952
327390,North,Widget,933
327391,North,Doohickey,679
327403,North,Doohickey,684
327416,North,Doohickey,562
327418,North,Gizmo,741
327432,North,Gadget,717
327452,North,Gizmo,762
327458,North,Widget,797
327460,North,Widget,858
327463,North,Gadget,651
327467,North,Doohickey,607
327474,North,Doohickey,842
327479,North,Gadget,944
327493,North,Gadget,617
327495,North,Doohickey,859
327497,North,Gadget,513
327498,North,Gizmo,947
327514,North,Gadget,614
327521,North,Doohickey,660
327548,North,Widget,966
327553,North,Doohickey,707
327558,North,Gadget,674
327567,North,Gadget,861
327569,North,Gizmo,533
327588,North,Gadget,915
327599,North,Gadget,880
327600,North,Widget,611
327604,North,Gizmo,539
327609,North,Doohickey,728
327623,North,Gizmo,601
327629,North,Gadget,911
327631,North,Gadget,783
327655,North,Gadget,900
327658,North,Doohickey,830
327666,North,Gadget,884
327683,North,Gizmo,785
327692,North,Gizmo,743
327696,North,Gadget,791
327702,North,Widget,655
327705,North,Doohickey,586
327715,North,Doohickey,526
327718,North,Gizmo,886
327729,North,Gadget,665
327737,North,Doohickey,600
327738,North,Doohickey,975
327752,North,Gizmo,792
327757,North,Widget,658
327774,North,Gadget,771
327785,North,Gadget,792
327791,North,Doohickey,690
327793,North,Gadget,977
327796,North,Widget,799
327797,North,Widget,998
327804,North,Gadget,705
327806,North,Gizmo,890
327810,North,Gadget,881
327815,North,Widget,639
327816,North,Doohickey,597
327817,North,Gizmo,840
327819,North,Widget,628
327823,North,Gizmo,998
327827,North,Gizmo,729
327830,North,Gizmo,775
327833,North,Widget,951
327841,North,Widget,861
327847,North,Doohickey,976
327852,North,Gadget,603
327856,North,Doohickey,767
327861,North,Doohickey,956
327872,North,Gizmo,512
327887,North,Gadget,544
327888,North,Doohickey,532
327903,North,Widget,579
327906,North,Gadget,764
327922,North,Widget,919
327926,North,Widget,956
327945,North,Gadget,748
327948,North,Widget,992
327949,North,Gizmo,577
327952,North,Widget,816
327967,North,Gizmo,924
327974,North,Gadget,582
327983,North,Gizmo,505
327985,North,Widget,535
327986,North,Gadget,807
327987,North,Gizmo,525
327988,North,Doohickey,690
327990,North,Widget,958
328000,North,Widget,583
328049,North,Gizmo,781
328050,North,Doohickey,624
328053,North,Gadget,523
328061,North,Doohickey,584
328077,North,Gadget,809
328086,North,Gadget,696
328115,North,Doohickey,742
328125,North,Gizmo,974
328136,North,Doohickey,907
328141,North,Widget,886
328142,North,Gadget,543
328156,North,Gadget,759
328160,North,Gizmo,957
328165,North,Doohickey,606
328170,North,Gadget,767
