id,region,product,amount_cents
328179,North,Gizmo,724
328189,North,Gizmo,913
328198,North,Gadget,562
328217,North,Widget,768
328222,North,Doohickey,662
328227,North,Doohickey,666
328229,North,Gizmo,669
328233,North,Gadget,934
328260,North,Gadget,770
328266,North,Gadget,574
328267,North,Widget,637
328278,North,Doohickey,571
328282,North,Doohickey,972
328284,North,Widget,992
328292,North,Gizmo,672
328338,North,Doohickey,662
328344,North,Gadget,572
328345,North,Gadget,695
328349,North,Gizmo,655
328360,North,Widget,560
328376,North,Gadget,861
328381,North,Widget,528
328382,North,Doohickey,952
328389,North,Widget,663
328390,North,Widget,867
328403,North,Widget,610
328407,North,Doohickey,653
328415,North,Gadget,702
328419,North,Doohickey,658
328423,North,Gadget,827
328431,North,Widget,911
328432,North,Gizmo,501
328435,North,Widget,894
328439,North,Gadget,783
328447,North,Doohickey,617
328460,North,Doohickey,626
328462,North,Doohickey,834
328465,North,Gizmo,739
328466,North,Doohickey,547
328483,North,Gadget,1000
328486,North,Gizmo,952
328490,North,Gizmo,901
328502,North,Widget,950
328513,North,Doohickey,999
328524,North,Gadget,911
328561,North,Widget,672
328567,North,Widget,516
328570,North,Doohickey,598
328572,North,Gadget,591
328580,North,Gizmo,830
328581,North,Doohickey,767
328592,North,Widget,728
328602,North,Gadget,752
328627,North,Doohickey,622
328628,North,Doohickey,955
328639,North,Gadget,782
328645,North,Doohickey,762
328646,North,Gadget,721
328653,North,Widget,848
328655,North,Widget,542
328662,North,Doohickey,860
328665,North,Gadget,656
328681,North,Doohickey,806
328701,North,Doohickey,583
328713,North,Gizmo,809
328719,North,Widget,996
328721,North,Gizmo,847
328727,North,Doohickey,516
328729,North,Gadget,609
328739,North,Gizmo,844
328777,North,Doohickey,858
328816,North,Gadget,886
328822,North,Gizmo,614
328823,North,Doohickey,828
328833,North,Doohickey,666
328834,North,Gizmo,844
328837,North,Gizmo,980
328844,North,Doohickey,883
328855,North,Gizmo,739
328859,North,Gizmo,682
328862,North,Gadget,906
328867,North,Gadget,924
328874,North,Gizmo,621
328880,North,Widget,597
328885,North,Gadget,769
328886,North,Gadget,588
328890,North,Widget,516
328900,North,Doohickey,529
328902,North,Doohickey,672
328909,North,Doohickey,714
328912,North,Doohickey,857
328916,North,Widget,927
328927,North,Widget,536
328933,North,Gizmo,697
328954,North,Widget,882
328955,North,Gadget,951
328959,North,Gizmo,598
328962,North,Doohickey,526
328969,North,Gadget,706
328971,North,Gadget,894
328972,North,Gizmo,630
328974,North,Gizmo,986
328981,North,Doohickey,968
329007,North,Gadget,620
329014,North,Gizmo,750
329021,North,Gadget,930
329032,North,Doohickey,933
329036,North,Gadget,978
329051,North,Doohickey,599
329053,North,Doohickey,806
329055,North,Widget,786
329064,North,Gizmo,985
329088,North,Doohickey,662
329092,North,Doohickey,545
329109,North,Doohickey,504
329115,North,Widget,766
329124,North,Widget,617
329130,North,Gizmo,636
329140,North,Widget,717
329149,North,Gizmo,590
329153,North,Widget,537
329161,North,Gadget,688
329167,North,Gizmo,716
329169,North,Gizmo,786
329177,North,Gadget,570
329178,North,Gadget,501
329220,North,Gizmo,695
329234,North,Widget,660
329243,North,Gizmo,522
329257,North,Gadget,739
329264,North,Gizmo,688
329281,North,Gadget,903
329296,North,Gadget,565
329332,North,Doohickey,620
329347,North,Doohickey,789
329349,North,Doohickey,680
329353,North,Gadget,843
329360,North,Doohickey,997
329362,North,Gizmo,526
329366,North,Doohickey,764
329373,North,Doohickey,661
329376,North,Gadget,639
329377,North,Doohickey,793
329383,North,Gizmo,801
329391,North,Doohickey,811
329392,North,Doohickey,977
329393,North,Gadget,612
329397,North,Gadget,709
329401,North,Gizmo,511
329428,North,Doohickey,939
329435,North,Gizmo,613
329442,North,Doohickey,793
329445,North,Gizmo,676
329454,North,Gizmo,583
329457,North,Widget,588
329461,North,Gadget,830
329468,North,Gizmo,785
329470,North,Gizmo,715
329480,North,Widget,867
329493,North,Doohickey,547
329497,North,Widget,974
329510,North,Widget,550
329511,North,Gizmo,742
329526,North,Gizmo,964
329532,North,Doohickey,914
329535,North,Doohickey,892
329538,North,Widget,972
329551,North,Widget,788
329553,North,Gadget,972
329559,North,Doohickey,745
329570,North,Doohickey,599
329574,North,Gadget,769
329585,North,Gizmo,803
329588,North,Widget,630
329590,North,Gizmo,509
329596,North,Gizmo,541
329601,North,Gizmo,730
329604,North,Gadget,907
329605,North,Gizmo,614
329608,North,Gadget,865
329620,North,Gizmo,666
329632,North,Gizmo,732
329633,North,Widget,559
329652,North,Gadget,969
329659,North,Gizmo,505
329670,North,Gizmo,768
329678,North,Gadget,886
329691,North,Gadget,587
329695,North,Doohickey,598
329704,North,Gizmo,999
329710,North,Gizmo,735
329712,North,Gizmo,933
329720,North,Gizmo,511
329734,North,Gadget,903
329766,North,Doohickey,738
329770,North,Widget,802
329773,North,Gadget,513
329784,North,Gadget,740
329788,North,Doohickey,795
329808,North,Gizmo,782
329835,North,Gizmo,914
329838,North,Gadget,719
329839,North,Widget,875
329846,North,Widget,811
329847,North,Gadget,909
329849,North,Widget,566
329865,North,Gizmo,846
329879,North,Gadget,517
329883,North,Widget,639
329891,North,Widget,923
329900,North,Widget,957
329901,North,Gadget,544
329903,North,Gizmo,620
329917,North,Widget,963
329955,North,Doohickey,549
329958,North,Gadget,813
329965,North,Doohickey,792
329987,North,Widget,556
330001,North,Widget,886
330003,North,Doohickey,610
330034,North,Doohickey,869
330047,North,Widget,509
330048,North,Gizmo,892
330053,North,Gizmo,868
330067,North,Doohickey,643
330085,North,Gadget,856
330099,North,Doohickey,871
330102,North,Doohickey,846
330118,North,Gadget,707
330123,North,Gadget,588
330126,North,Doohickey,634
330127,North,Widget,985
330136,North,Gadget,676
330138,North,Gadget,866
330143,North,Doohickey,736
330147,North,Gizmo,856
330151,North,Widget,749
330156,North,Gizmo,725
330172,North,Doohickey,890
330173,North,Gizmo,648
330177,North,Widget,840
330187,North,Widget,503
330188,North,Gadget,662
330208,North,Gadget,902
330210,North,Doohickey,743
330216,North,Widget,969
330219,North,Gizmo,609
330231,North,Gadget,690
330235,North,Doohickey,537
330247,North,Gadget,850
330251,North,Gadget,765
330278,North,Widget,982
330282,North,Gizmo,534
330296,North,Doohickey,817
330299,North,Widget,596
330316,North,Gadget,939
330331,North,Doohickey,746
330343,North,Gizmo,851
330352,North,Doohickey,824
330364,North,Gadget,969
330370,North,Widget,902
330373,North,Gizmo,678
330388,North,Doohickey,701
330389,North,Widget,750
330403,North,Gizmo,568
330426,North,Doohickey,778
330427,North,Gadget,577
330440,North,Widget,722
330444,North,Widget,778
330450,North,Gizmo,704
330456,North,Widget,989
330458,North,Gizmo,637
330472,North,Doohickey,609
330477,North,Gadget,984
330480,North,Gadget,636
330484,North,Gadget,751
330488,North,Doohickey,782
330498,North,Gadget,532
330522,North,Gadget,972
330529,North,Gizmo,903
330535,North,Gadget,572
330545,North,Gadget,540
330546,North,Gizmo,809
330556,North,Widget,808
330557,North,Gadget,989
330561,North,Gizmo,889
330562,North,Gadget,935
330564,North,Widget,556
330572,North,Widget,765
330583,North,Doohickey,896
330601,North,Widget,925
330605,North,Widget,654
330607,North,Widget,961
330611,North,Gadget,738
330626,North,Doohickey,555
330627,North,Widget,546
330636,North,Gizmo,897
330642,North,Gizmo,697
330645,North,Widget,686
330650,North,Widget,670
330651,North,Gadget,769
330653,North,Doohickey,615
330656,North,Widget,539
330677,North,Gadget,626
330685,North,Widget,649
330688,North,Gizmo,566
330695,North,Widget,789
330696,North,Widget,566
330715,North,Gadget,508
330719,North,Gizmo,776
330734,North,Gizmo,576
330749,North,Widget,708
330752,North,Widget,940
330753,North,Gizmo,803
330767,North,Gizmo,538
330774,North,Doohickey,642
330778,North,Gadget,756
330803,North,Widget,521
330807,North,Gadget,599
330812,North,Doohickey,561
330820,North,Doohickey,766
330824,North,Gadget,594
330827,North,Gizmo,590
330842,North,Widget,658
330843,North,Widget,898
330858,North,Widget,549
330874,North,Widget,501
330889,North,Doohickey,759
330891,North,Gadget,836
330902,North,Gadget,984
330920,North,Widget,702
330931,North,Gizmo,656
330954,North,Widget,727
330961,North,Doohickey,917
330963,North,Gizmo,702
330966,North,Widget,583
330967,North,Gadget,727
330982,North,Doohickey,986
330988,North,Doohickey,705
330996,North,Gadget,900
330997,North,Widget,840
330998,North,Widget,902
331008,North,Doohickey,946
331013,North,Widget,914
331014,North,Gizmo,647
331015,North,Gizmo,836
331034,North,Gadget,541
331038,North,Gadget,916
331045,North,Gadget,852
331047,North,Doohickey,612
331048,North,Gizmo,609
331053,North,Widget,737
331065,North,Doohickey,681
331067,North,Doohickey,868
331068,North,Gizmo,626
331071,North,Widget,816
331086,North,Doohickey,817
331090,North,Gadget,527
331091,North,Widget,616
331094,North,Widget,942
331104,North,Gizmo,971
331121,North,Widget,815
331122,North,Gizmo,732
331142,North,Doohickey,713
331145,North,Widget,917
331150,North,Gadget,972
331151,North,Widget,527
331158,North,Doohickey,999
331163,North,Doohickey,594
331181,North,Widget,620
331196,North,Widget,622
331202,North,Gadget,807
331204,North,Doohickey,536
331213,North,Gadget,621
331223,North,Gizmo,537
331224,North,Gadget,665
331229,North,Gadget,834
331232,North,Doohickey,877
331233,North,Widget,514
331234,North,Gizmo,647
331237,North,Doohickey,721
331261,North,Widget,716
331262,North,Widget,778
331268,North,Gizmo,819
331276,North,Doohickey,726
331280,North,Widget,824
331283,North,Gizmo,858
331284,North,Gadget,763
331291,North,Gizmo,834
331296,North,Doohickey,933
331299,North,Widget,514
331303,North,Gizmo,842
331308,North,Widget,976
331312,North,Gizmo,538
331322,North,Gizmo,994
331328,North,Doohickey,559
331334,North,Gizmo,796
331340,North,Doohickey,628
331344,North,Gadget,747
331345,North,Widget,749
331353,North,Gizmo,783
331356,North,Widget,924
331357,North,Gizmo,591
331386,North,Widget,653
331392,North,Widget,826
331395,North,Gadget,606
331396,North,Widget,898
331406,North,Gadget,521
331417,North,Gadget,618
331428,North,Gadget,993
331432,North,Doohickey,669
331445,North,Gizmo,781
331446,North,Gadget,817
331450,North,Gizmo,640
331479,North,Gadget,865
331480,North,Gizmo,653
331484,North,Gadget,699
331489,North,Widget,668
331498,North,Gadget,847
331507,North,Gizmo,741
331521,North,Doohickey,692
331525,North,Widget,983
331530,North,Doohickey,782
331546,North,Widget,553
331550,North,Doohickey,919
331580,North,Gizmo,896
331583,North,Doohickey,983
331587,North,Widget,850
331593,North,Widget,543
331608,North,Widget,860
331613,North,Gadget,858
331614,North,Gadget,880
331624,North,Gadget,503
331630,North,Doohickey,863
331658,North,Gizmo,694
331664,North,Gadget,559
331673,North,Gadget,971
331677,North,Widget,573
331683,North,Doohickey,950
331688,North,Gizmo,758
331692,North,Doohickey,786
331694,North,Doohickey,983
331697,North,Gadget,664
331700,North,Gadget,680
331702,North,Gizmo,595
331703,North,Gadget,535
331709,North,Gizmo,715
331732,North,Gadget,967
331740,North,Widget,786
331759,North,Gizmo,963
331772,North,Doohickey,986
331786,North,Widget,727
331794,North,Widget,507
331802,North,Doohickey,628
331824,North,Widget,639
331844,North,Widget,626
331853,North,Widget,699
331854,North,Gizmo,847
331859,North,Widget,924
331867,North,Gizmo,795
331879,North,Widget,785
331887,North,Gadget,730
331889,North,Doohickey,689
331896,North,Gadget,946
331904,North,Doohickey,961
331914,North,Widget,735
331931,North,Widget,583
331947,North,Widget,857
331952,North,Widget,901
331967,North,Gizmo,925
331968,North,Gadget,936
331970,North,Gadget,821
331975,North,Widget,815
331985,North,Doohickey,968
331986,North,Gizmo,800
331995,North,Doohickey,573
332002,North,Gadget,956
332003,North,Gadget,958
332006,North,Doohickey,828
332013,North,Widget,814
332016,North,Gadget,935
332024,North,Gadget,653
332025,North,Gadget,705
332030,North,Gizmo,627
332034,North,Gadget,842
332037,North,Gadget,869
332040,North,Gizmo,712
332054,North,Gizmo,768
332064,North,Gadget,595
332070,North,Doohickey,632
332099,North,Doohickey,789
332101,North,Gadget,986
332106,North,Gizmo,650
332107,North,Doohickey,520
332122,North,Widget,642
332126,North,Gadget,913
332128,North,Gizmo,816
332136,North,Widget,544
332137,North,Doohickey,883
332144,North,Widget,798
332150,North,Doohickey,582
332167,North,Gadget,537
332173,North,Doohickey,697
332177,North,Gadget,773
332195,North,Widget,802
332200,North,Widget,613
332211,North,Widget,527
332212,North,Gizmo,986
332214,North,Gizmo,828
332218,North,Gadget,939
332222,North,Doohickey,874
332229,North,Gadget,677
332234,North,Gizmo,505
332239,North,Doohickey,807
332251,North,Gadget,762
332262,North,Gadget,657
332268,North,Widget,969
332274,North,Widget,851
332284,North,Doohickey,918
332288,North,Widget,537
332297,North,Widget,952
332312,North,Gadget,563
332317,North,Widget,941
332320,North,Doohickey,861
332326,North,Widget,509
332328,North,Widget,745
332329,North,Gadget,662
332331,North,Gizmo,784
332336,North,Doohickey,515
332345,North,Widget,547
332358,North,Widget,598
332363,North,Doohickey,927
332364,North,Doohickey,799
332365,North,Gadget,653
332374,North,Gadget,657
332376,North,Gizmo,852
332377,North,Doohickey,769
332382,North,Widget,687
332411,North,Gadget,897
332420,North,Widget,922
332422,North,Doohickey,877
332427,North,Gizmo,581
332441,North,Doohickey,899
332459,North,Gadget,899
332464,North,Widget,753
332488,North,Gizmo,515
332515,North,Doohickey,959
332527,North,Widget,706
332529,North,Doohickey,911
332534,North,Doohickey,902
332550,North,Doohickey,712
332555,North,Gizmo,675
332569,North,Gadget,620
332583,North,Widget,848
332587,North,Gizmo,744
332597,North,Gizmo,603
332602,North,Gizmo,924
332605,North,Gizmo,826
332607,North,Gadget,536
332610,North,Gadget,703
332615,North,Gizmo,640
332622,North,Gadget,810
332630,North,Gizmo,540
332635,North,Doohickey,724
332676,North,Gadget,734
332691,North,Gadget,626
332693,North,Gadget,839
332699,North,Gizmo,944
332719,North,Gadget,652
332723,North,Gadget,790
332732,North,Doohickey,743
332733,North,Widget,685
332735,North,Gizmo,626
332743,North,Gizmo,888
332759,North,Gizmo,767
332773,North,Widget,982
332790,North,Doohickey,911
332793,North,Gizmo,762
332799,North,Gizmo,551
332807,North,Widget,853
332820,North,Gadget,861
332839,North,Widget,565
332842,North,Gizmo,620
332844,North,Widget,971
332848,North,Doohickey,974
332850,North,Doohickey,645
332852,North,Widget,947
332853,North,Doohickey,941
332854,North,Gizmo,634
332869,North,Gadget,606
332884,North,Widget,819
332885,North,Gadget,771
332888,North,Gizmo,948
332892,North,Widget,758
332900,North,Gadget,789
332905,North,Gizmo,996
332922,North,Gadget,709
332931,North,Widget,668
332938,North,Widget,752
332971,North,Widget,942
332973,North,Gizmo,659
332976,North,Widget,515
332983,North,Gizmo,809
332986,North,Gizmo,705
332987,North,Doohickey,976
332993,North,Gadget,902
332998,North,Widget,585
333005,North,Gadget,908
333007,North,Doohickey,902
333014,North,Doohickey,528
333024,North,Gizmo,880
333045,North,Widget,555
333047,North,Widget,568
333049,North,Doohickey,546
333056,North,Doohickey,694
333058,North,Gadget,990
333062,North,Gizmo,992
333066,North,Widget,622
333067,North,Gizmo,528
333079,North,Gadget,809
333087,North,Gadget,745
333104,North,Widget,894
333117,North,Doohickey,706
333121,North,Gadget,698
333132,North,Doohickey,691
333136,North,Widget,927
333142,North,Widget,1000
333144,North,Doohickey,770
333147,North,Gizmo,618
333152,North,Widget,748
333155,North,Gizmo,648
333156,North,Gizmo,875
333159,North,Doohickey,519
333180,North,Gizmo,836
333200,North,Doohickey,724
333214,North,Widget,677
333221,North,Widget,505
333225,North,Gadget,672
333230,North,Doohickey,766
333233,North,Gadget,968
333234,North,Gadget,636
333237,North,Widget,505
333239,North,Doohickey,934
333244,North,Widget,934
333257,North,Gizmo,828
333269,North,Gadget,946
333272,North,Widget,653
333279,North,Doohickey,719
333281,North,Doohickey,928
333292,North,Doohickey,516
333299,North,Gizmo,646
333310,North,Gadget,670
333314,North,Widget,988
333316,North,Widget,941
333318,North,Widget,591
333321,North,Doohickey,535
333324,North,Gizmo,546
333333,North,Widget,534
333344,North,Widget,780
333352,North,Doohickey,583
333353,North,Gadget,588
333369,North,Widget,541
333384,North,Widget,765
333388,North,Gizmo,676
333391,North,Doohickey,609
333393,North,Doohickey,631
333400,North,Gadget,713
333408,North,Widget,730
333411,North,Widget,911
333412,North,Gizmo,907
333422,North,Gizmo,827
333430,North,Gadget,728
333436,North,Doohickey,582
333441,North,Widget,850
333452,North,Gadget,738
333454,North,Gadget,504
333463,North,Gizmo,893
333465,North,Gizmo,891
333467,North,Doohickey,976
333470,North,Gadget,611
333479,North,Doohickey,947
333483,North,Gizmo,568
333484,North,Gadget,827
333485,North,Widget,696
333488,North,Gadget,996
333512,North,Doohickey,766
333521,North,Widget,590
333533,North,Gizmo,681
333534,North,Gizmo,791
333547,North,Gadget,883
333555,North,Doohickey,533
333565,North,Doohickey,505
333570,North,Doohickey,846
333579,North,Gizmo,956
333583,North,Doohickey,527
333584,North,Doohickey,798
333591,North,Gizmo,916
333618,North,Widget,670
333621,North,Gadget,831
333626,North,Doohickey,638
333632,North,Widget,657
333635,North,Doohickey,684
333642,North,Doohickey,772
333643,North,Widget,919
333659,North,Doohickey,533
333664,North,Gizmo,583
333667,North,Widget,914
333673,North,Gadget,583
333688,North,Widget,599
333698,North,Gizmo,939
333699,North,Gizmo,992
333712,North,Gadget,654
333715,North,Doohickey,955
333732,North,Gadget,798
333737,North,Doohickey,508
333760,North,Widget,710
333771,North,Widget,944
333798,North,Gizmo,980
333800,North,Widget,636
333810,North,Widget,824
333821,North,Gizmo,773
333823,North,Gadget,564
333834,North,Gizmo,574
333839,North,Gadget,864
333856,North,Gadget,819
333861,North,Doohickey,584
333867,North,Gadget,770
333870,North,Gizmo,652
333872,North,Doohickey,877
333891,North,Gadget,782
333892,North,Doohickey,723
333895,North,Gadget,894
333916,North,Gadget,771
333918,North,Gadget,783
333931,North,Gizmo,561
333936,North,Gadget,705
333948,North,Gadget,555
333951,North,Gadget,876
333965,North,Widget,695
333976,North,Gadget,783
333988,North,Gizmo,635
333996,North,Gadget,852
333999,North,Doohickey,534
334027,North,Doohickey,986
334039,North,Doohickey,615
334044,North,Widget,631
334049,North,Widget,742
334050,North,Gadget,570
334053,North,Gadget,679
334060,North,Gizmo,529
334083,North,Widget,984
334087,North,Widget,504
334090,North,Doohickey,957
334094,North,Gizmo,573
334110,North,Gizmo,605
334111,North,Widget,605
334119,North,Widget,836
334128,North,Gadget,700
334151,North,Widget,999
334165,North,Gizmo,883
334169,North,Gadget,885
334172,North,Gadget,996
334185,North,Widget,516
334187,North,Doohickey,994
334192,North,Doohickey,632
334193,North,Gadget,774
334204,North,Widget,633
334206,North,Gizmo,565
334219,North,Gizmo,626
334222,North,Doohickey,901
334228,North,Doohickey,630
334232,North,Doohickey,993
334233,North,Gadget,635
334236,North,Gizmo,896
334243,North,Doohickey,842
334251,North,Gadget,533
334277,North,Widget,868
334299,North,Gizmo,809
334303,North,Doohickey,760
334308,North,Gizmo,977
334312,North,Doohickey,816
334320,North,Widget,635
334326,North,Doohickey,606
334341,North,Doohickey,769
334350,North,Gadget,659
334355,North,Gadget,575
334356,North,Widget,796
334363,North,Gadget,864
334367,North,Doohickey,890
334378,North,Gadget,850
334381,North,Gizmo,590
334394,North,Doohickey,701
334417,North,Doohickey,992
334433,North,Doohickey,638
334444,North,Doohickey,622
334447,North,Gizmo,520
334458,North,Gizmo,551
334468,North,Gadget,757
334479,North,Gadget,573
334481,North,Gadget,926
334498,North,Gizmo,547
334505,North,Widget,501
334513,North,Doohickey,726
334515,North,Gizmo,596
334517,North,Gadget,990
334522,North,Gizmo,992
334526,North,Widget,561
334528,North,Gizmo,943
334532,North,Gadget,964
334536,North,Gadget,550
334546,North,Gadget,992
334552,North,Gizmo,608
334569,North,Doohickey,926
334573,North,Widget,944
334589,North,Widget,890
334592,North,Doohickey,677
334598,North,Doohickey,839
334606,North,Gadget,594
334631,North,Gadget,683
334634,North,Gadget,684
334652,North,Gadget,556
334653,North,Gizmo,527
334658,North,Gadget,580
334659,North,Widget,877
334677,North,Gizmo,927
334685,North,Doohickey,785
334688,North,Widget,908
334691,North,Gizmo,626
334698,North,Gizmo,976
334703,North,Doohickey,608
334716,North,Doohickey,974
334717,North,Widget,809
334722,North,Widget,969
334727,North,Gizmo,685
334735,North,Doohickey,816
334753,North,Gizmo,939
334754,North,Widget,504
334764,North,Gizmo,518
334775,North,Gadget,788
334786,North,Doohickey,863
334790,North,Gadget,861
334796,North,Gadget,666
334801,North,Gadget,504
334809,North,Gizmo,724
334820,North,Doohickey,947
334822,North,Gizmo,871
334840,North,Doohickey,923
334867,North,Gizmo,700
334869,North,Gizmo,726
334870,North,Gizmo,505
334875,North,Widget,965
334876,North,Gizmo,851
334877,North,Widget,827
334882,North,Widget,986
334895,North,Gizmo,859
334908,North,Widget,852
334930,North,Widget,591
334931,North,Gizmo,527
334947,North,Doohickey,741
334960,North,Doohickey,890
334966,North,Widget,538
334973,North,Gadget,707
334977,North,Doohickey,930
334984,North,Doohickey,967
334986,North,Gadget,505
334988,North,Widget,570
335000,North,Doohickey,529
335004,North,Gizmo,934
335005,North,Gadget,826
335027,North,Gadget,902
335036,North,Widget,754
335042,North,Gizmo,938
335067,North,Gizmo,553
335075,North,Widget,861
335077,North,Gizmo,896
335081,North,Widget,824
335088,North,Gadget,559
335092,North,Widget,598
335131,North,Gadget,530
335133,North,Widget,803
335135,North,Doohickey,688
335140,North,Gizmo,983
335142,North,Gizmo,822
335154,North,Doohickey,603
335162,North,Doohickey,730
335176,North,Gadget,641
335179,North,Widget,898
335183,North,Widget,911
335188,North,Doohickey,543
335195,North,Doohickey,972
335199,North,Gizmo,565
335200,North,Doohickey,767
335206,North,Gadget,619
335209,North,Doohickey,831
335211,North,Gizmo,762
335213,North,Widget,935
335214,North,Widget,976
335219,North,Gizmo,759
335264,North,Doohickey,552
335266,North,Widget,794
335277,North,Widget,977
335287,North,Gizmo,996
335289,North,Gadget,501
335301,North,Doohickey,754
335303,North,Gadget,998
335308,North,Gadget,907
335315,North,Widget,858
335316,North,Doohickey,856
335329,North,Gadget,799
335346,North,Widget,650
335361,North,Gadget,782
335362,North,Doohickey,511
335383,North,Gizmo,680
335386,North,Widget,767
335396,North,Gizmo,719
335397,North,Gadget,867
335401,North,Gadget,580
335406,North,Widget,764
335407,North,Gadget,896
335411,North,Doohickey,955
335414,North,Gadget,501
335417,North,Doohickey,652
335429,North,Doohickey,982
335433,North,Widget,731
335438,North,Gadget,644
335443,North,Gizmo,652
335447,North,Doohickey,825
335453,North,Widget,994
335459,North,Gizmo,864
335463,North,Gizmo,976
335466,North,Gadget,790
335469,North,Gadget,747
335475,North,Widget,833
335495,North,Widget,732
335497,North,Gizmo,551
335547,North,Gizmo,908
335548,North,Gizmo,791
335549,North,Widget,805
335550,North,Gadget,712
335556,North,Widget,547
335560,North,Gadget,840
335566,North,Gadget,721
335586,North,Gadget,867
335590,North,Doohickey,579
335597,North,Gizmo,515
335598,North,Gizmo,824
335603,North,Gadget,802
335607,North,Doohickey,907
335616,North,Widget,686
335637,North,Gizmo,757
335647,North,Widget,534
335656,North,Gizmo,795
335657,North,Gadget,724
335664,North,Widget,794
335669,North,Doohickey,821
335671,North,Gizmo,909
335674,North,Gadget,849
335693,North,Gadget,553
335717,North,Doohickey,784
335719,North,Gadget,657
335724,North,Widget,790
335729,North,Widget,710
335742,North,Gizmo,882
335744,North,Gadget,765
335747,North,Gizmo,932
335755,North,Widget,651
335758,North,Gizmo,592
335760,North,Widget,993
335764,North,Gadget,844
335770,North,Gizmo,626
335773,North,Gizmo,550
335775,North,Gizmo,818
335791,North,Widget,660
335805,North,Widget,868
335814,North,Widget,985
335842,North,Doohickey,886
335852,North,Gadget,784
335856,North,Gadget,899
335860,North,Gadget,743
335870,North,Doohickey,719
335873,North,Doohickey,526
335888,North,Doohickey,952
335890,North,Gizmo,652
335891,North,Widget,511
335904,North,Gizmo,814
335907,North,Gadget,579
335912,North,Doohickey,762
335942,North,Gadget,576
335964,North,Widget,795
335968,North,Gizmo,975
335974,North,Gizmo,861
335998,North,Gadget,822
336001,North,Gizmo,813
336004,North,Doohickey,604
336008,North,Doohickey,572
336015,North,Gadget,983
336024,North,Doohickey,588
336036,North,Doohickey,719
336043,North,Gadget,843
336047,North,Gizmo,790
336059,North,Gadget,701
336064,North,Widget,584
336070,North,Widget,737
336087,North,Gizmo,864
336089,North,Widget,939
336092,North,Widget,961
336102,North,Doohickey,821
336103,North,Widget,593
336112,North,Gizmo,842
336130,North,Gizmo,933
336136,North,Gadget,754
336142,North,Doohickey,596
336145,North,Widget,958
336154,North,Gadget,503
336159,North,Widget,902
336163,North,Gizmo,801
336183,North,Widget,982
336207,North,Gizmo,958
336209,North,Doohickey,602
336219,North,Widget,921
336235,North,Widget,683
336249,North,Gadget,513
336252,North,Gizmo,601
336258,North,Widget,603
336259,North,Gadget,764
336266,North,Gizmo,781
336306,North,Widget,985
336313,North,Doohickey,853
336320,North,Doohickey,827
336336,North,Gizmo,636
336340,North,Gizmo,596
336348,North,Gadget,902
336373,North,Gizmo,843
336375,North,Doohickey,823
336376,North,Gizmo,858
336380,North,Gizmo,778
336395,North,Gizmo,679
336396,North,Doohickey,873
336403,North,Doohickey,986
336409,North,Gadget,573
336412,North,Widget,669
336421,North,Doohickey,749
336423,North,Gadget,911
336444,North,Gadget,684
336449,North,Widget,713
336461,North,Widget,906
336474,North,Gizmo,701
336477,North,Gizmo,788
336478,North,Gadget,581
336486,North,Gadget,555
336488,North,Widget,606
336502,North,Gadget,501
336503,North,Gizmo,679
336504,North,Widget,840
336509,North,Doohickey,732
336512,North,Gizmo,544
336519,North,Widget,838
336523,North,Gizmo,827
336530,North,Doohickey,630
336532,North,Gadget,616
336547,North,Gizmo,651
336548,North,Widget,586
336551,North,Gizmo,730
336572,North,Doohickey,697
336575,North,Gizmo,958
336579,North,Doohickey,775
336589,North,Doohickey,980
336618,North,Widget,673
336620,North,Widget,516
336632,North,Gadget,707
336650,North,Gadget,637
336659,North,Doohickey,571
336669,North,Widget,951
336681,North,Gadget,802
336696,North,Gadget,800
336710,North,Widget,652
336714,North,Gadget,823
336715,North,Doohickey,933
336722,North,Widget,671
336732,North,Doohickey,755
336755,North,Gizmo,899
336760,North,Gadget,520
336766,North,Gadget,977
336770,North,Gizmo,969
336777,North,Gizmo,674
336785,North,Widget,782
336796,North,Gizmo,814
336798,North,Widget,695
336801,North,Gadget,918
336803,North,Gadget,822
336808,North,Gadget,764
336810,North,Gizmo,725
336813,North,Widget,894
336820,North,Gizmo,504
336834,North,Gadget,985
336840,North,Gizmo,747
336843,North,Widget,645
336844,North,Doohickey,508
336847,North,Gizmo,833
336853,North,Widget,769
336860,North,Doohickey,677
336885,North,Gadget,689
336904,North,Widget,581
336905,North,Doohickey,709
336912,North,Widget,679
336935,North,Widget,835
336951,North,Gizmo,657
336952,North,Doohickey,992
336964,North,Gadget,658
336972,North,Widget,885
336977,North,Gadget,924
336990,North,Doohickey,952
337013,North,Gadget,717
337025,North,Doohickey,934
337032,North,Gizmo,767
337033,North,Widget,683
337037,North,Gizmo,861
337042,North,Gizmo,601
337043,North,Gadget,541
337048,North,Widget,935
337070,North,Doohickey,762
337081,North,Widget,654
337086,North,Doohickey,927
337088,North,Widget,513
337097,North,Doohickey,921
337106,North,Widget,734
337108,North,Gizmo,632
337110,North,Gadget,672
337111,North,Gadget,516
337122,North,Gizmo,586
337146,North,Gadget,985
337149,North,Doohickey,911
337156,North,Gizmo,695
337160,North,Widget,802
337162,North,Doohickey,757
337164,North,Widget,760
337166,North,Widget,982
337171,North,Gizmo,930
337178,North,Gizmo,690
337184,North,Widget,540
337197,North,Gadget,825
337212,North,Doohickey,875
337215,North,Gizmo,936
337219,North,Gizmo,875
337223,North,Gizmo,869
337238,North,Gadget,642
337253,North,Gadget,701
337260,North,Doohickey,869
337265,North,Gadget,608
337278,North,Widget,694
337281,North,Widget,834
337299,North,Gadget,643
337303,North,Doohickey,689
337308,North,Widget,728
337315,North,Gadget,508
337318,North,Gizmo,541
337323,North,Gizmo,575
337324,North,Doohickey,793
337345,North,Widget,994
337354,North,Doohickey,958
337356,North,Doohickey,761
337373,North,Gizmo,866
337392,North,Widget,754
337397,North,Widget,986
337398,North,Gadget,867
337401,North,Gadget,947
337407,North,Gadget,715
337415,North,Gizmo,798
337432,North,Gizmo,581
337439,North,Gizmo,501
337446,North,Gizmo,526
337448,North,Doohickey,848
337457,North,Doohickey,965
337468,North,Widget,556
337471,North,Doohickey,614
337476,North,Gadget,702
337488,North,Widget,652
337497,North,Gadget,641
337503,North,Gizmo,674
337516,North,Doohickey,916
337525,North,Widget,512
337534,North,Doohickey,950
337535,North,Gadget,961
337545,North,Gadget,902
337546,North,Doohickey,680
337554,North,Doohickey,967
337557,North,Widget,949
337561,North,Doohickey,681
337562,North,Gizmo,684
337568,North,Gadget,581
337582,North,Widget,738
337595,North,Widget,628
337596,North,Widget,730
337601,North,Gizmo,889
337616,North,Gadget,571
337618,North,Widget,980
337626,North,Doohickey,849
337627,North,Gadget,996
337630,North,Widget,518
337676,North,Gizmo,817
337677,North,Gadget,977
337689,North,Gizmo,572
337699,North,Widget,861
337702,North,Widget,930
337712,North,Gizmo,817
337714,North,Gizmo,989
337716,North,Gizmo,524
337725,North,Gadget,562
337727,North,Doohickey,789
337738,North,Gadget,512
337749,North,Gadget,930
337754,North,Widget,868
337763,North,Gadget,636
337771,North,Gizmo,672
337785,North,Widget,686
337795,North,Widget,814
337802,North,Doohickey,649
337812,North,Gizmo,681
337823,North,Widget,684
337837,North,Gizmo,770
337855,North,Widget,803
337873,North,Gadget,852
337878,North,Gizmo,767
337883,North,Gizmo,791
337885,North,Widget,897
337888,North,Gizmo,948
337889,North,Gadget,673
337910,North,Widget,704
337923,North,Gizmo,824
337929,North,Gadget,540
337930,North,Widget,564
337932,North,Doohickey,608
337933,North,Gizmo,545
337949,North,Gadget,724
337956,North,Gadget,741
337958,North,Gadget,884
337962,North,Doohickey,794
337968,North,Gadget,627
337974,North,Doohickey,575
337998,North,Gizmo,628
337999,North,Doohickey,570
338005,North,Gadget,949
338011,North,Gizmo,899
338013,North,Gadget,999
338016,North,Gadget,811
338030,North,Gizmo,582
338040,North,Gizmo,638
338046,North,Doohickey,613
338091,North,Gizmo,586
338097,North,Widget,950
338102,North,Doohickey,676
338129,North,Gadget,993
338130,North,Widget,516
338132,North,Doohickey,986
338154,North,Gadget,622
338165,North,Widget,567
338172,North,Gizmo,811
338182,North,Gizmo,997
338185,North,Gadget,541
338191,North,Gizmo,583
338229,North,Widget,686
338237,North,Gadget,630
338246,North,Gadget,871
338248,North,Doohickey,712
338276,North,Gadget,911
338296,North,Gadget,881
338297,North,Widget,667
338316,North,Widget,931
338321,North,Gadget,869
338326,North,Doohickey,952
338328,North,Doohickey,658
338330,North,Gadget,902
338336,North,Widget,532
338337,North,Widget,800
338342,North,Widget,819
338344,North,Gadget,832
338346,North,Gizmo,600
338357,North,Widget,989
338368,North,Gadget,529
338373,North,Widget,998
338379,North,Doohickey,806
338384,North,Gizmo,689
338397,North,Widget,665
338405,North,Doohickey,728
338416,North,Gadget,996
338418,North,Gizmo,932
338426,North,Doohickey,726
338427,North,Gizmo,697
338429,North,Doohickey,738
338432,North,Gadget,730
338438,North,Gizmo,896
338449,North,Widget,528
338451,North,Widget,907
338462,North,Gizmo,669
338469,North,Doohickey,863
338478,North,Gadget,572
338480,North,Gadget,899
338485,North,Widget,577
338495,North,Doohickey,595
338512,North,Widget,630
338528,North,Gizmo,533
338532,North,Widget,527
338535,North,Doohickey,986
338546,North,Gadget,891
338549,North,Widget,967
338553,North,Gadget,969
338555,North,Doohickey,554
338565,North,Widget,884
338567,North,Doohickey,952
338569,North,Widget,509
338572,North,Widget,524
338574,North,Gizmo,673
338577,North,Widget,533
338606,North,Widget,693
338611,North,Gadget,549
338613,North,Widget,836
338619,North,Gizmo,612
338627,North,Widget,773
338656,North,Gizmo,841
338662,North,Doohickey,792
338666,North,Gadget,843
338670,North,Widget,764
338678,North,Gizmo,505
338685,North,Gadget,776
338696,North,Doohickey,794
338705,North,Widget,680
338712,North,Doohickey,617
338743,North,Doohickey,707
338746,North,Gadget,591
338748,North,Widget,669
338766,North,Gadget,963
338784,North,Doohickey,629
338789,North,Gadget,843
338800,North,Gizmo,782
338801,North,Gadget,961
338803,North,Doohickey,869
338810,North,Gizmo,917
338821,North,Widget,910
338824,North,Doohickey,607
338864,North,Gizmo,678
338871,North,Gadget,811
338886,North,Gadget,625
338897,North,Doohickey,729
338899,North,Gizmo,656
338902,North,Widget,783
338918,North,Gizmo,871
338922,North,Doohickey,536
338924,North,Widget,568
338928,North,Gadget,545
338929,North,Gizmo,591
338937,North,Doohickey,708
338947,North,Gadget,677
338949,North,Gadget,927
338950,North,Widget,613
338952,North,Gadget,815
338965,North,Widget,917
338969,North,Gadget,960
338976,North,Gadget,560
338982,North,Doohickey,647
338995,North,Widget,515
338997,North,Widget,975
339021,North,Doohickey,951
339041,North,Widget,536
339043,North,Doohickey,960
339049,North,Widget,921
339053,North,Doohickey,660
339055,North,Widget,869
339056,North,Gizmo,790
339058,North,Widget,516
339094,North,Gizmo,844
339097,North,Gadget,798
339098,North,Widget,816
339107,North,Widget,736
339124,North,Gadget,885
339131,North,Widget,736
339134,North,Gizmo,872
339136,North,Widget,600
339144,North,Doohickey,819
339148,North,Gadget,807
339152,North,Gizmo,969
339166,North,Gizmo,589
339174,North,Doohickey,606
339200,North,Gizmo,949
339208,North,Widget,556
339218,North,Gizmo,664
339220,North,Gadget,650
339221,North,Doohickey,629
339227,North,Widget,869
339230,North,Widget,674
339233,North,Gadget,558
339235,North,Gizmo,848
339245,North,Gadget,977
339255,North,Widget,558
339262,North,Doohickey,679
339264,North,Doohickey,572
339270,North,Gadget,550
339272,North,Gadget,918
339274,North,Widget,636
339275,North,Gadget,614
339278,North,Doohickey,762
339280,North,Widget,539
339286,North,Gizmo,788
339287,North,Widget,620
339297,North,Gadget,841
339321,North,Gadget,665
339326,North,Gizmo,961
339329,North,Gizmo,713
339343,North,Gizmo,949
339349,North,Gadget,942
339361,North,Widget,667
339366,North,Doohickey,794
339367,North,Gadget,969
339370,North,Doohickey,935
339371,North,Gadget,536
339374,North,Gizmo,710
339390,North,Widget,731
339395,North,Gadget,699
339409,North,Widget,705
339416,North,Doohickey,881
339420,North,Gadget,637
339427,North,Gizmo,504
339450,North,Gizmo,633
339452,North,Widget,578
339454,North,Doohickey,596
339459,North,Gizmo,651
339474,North,Gizmo,971
339490,North,Widget,728
339505,North,Gadget,800
339506,North,Doohickey,647
339511,North,Doohickey,722
339517,North,Doohickey,645
339518,North,Gizmo,921
339542,North,Widget,521
339545,North,Gizmo,884
339552,North,Doohickey,878
339557,North,Widget,924
339563,North,Widget,903
339572,North,Gadget,714
339594,North,Widget,657
339615,North,Gadget,986
339627,North,Gadget,647
339637,North,Gizmo,953
339638,North,Gizmo,699
339699,North,Widget,896
339710,North,Gizmo,551
339714,North,Widget,658
339725,North,Gadget,802
339753,North,Widget,825
339759,North,Widget,561
339762,North,Gadget,622
339763,North,Gadget,994
339764,North,Gadget,572
339765,North,Gizmo,919
339767,North,Widget,989
339790,North,Gizmo,565
339807,North,Widget,910
339811,North,Widget,974
339812,North,Doohickey,819
339815,North,Gizmo,961
339817,North,Gizmo,926
339835,North,Gadget,642
339838,North,Gizmo,722
339842,North,Gizmo,783
339847,North,Gizmo,883
339855,North,Gizmo,842
339859,North,Gadget,998
339864,North,Doohickey,898
339867,North,Gadget,634
339868,North,Gizmo,856
339869,North,Gadget,844
339887,North,Widget,910
339892,North,Doohickey,964
339901,North,Doohickey,733
339909,North,Gizmo,964
339910,North,Doohickey,754
339936,North,Gadget,523
339943,North,Doohickey,911
339963,North,Widget,849
339979,North,Gizmo,955
339980,North,Gadget,944
339995,North,Gizmo,782
340003,North,Widget,984
340007,North,Doohickey,746
340013,North,Gadget,503
340016,North,Widget,702
340021,North,Gizmo,555
340029,North,Widget,751
340041,North,Gadget,890
340045,North,Gizmo,841
340046,North,Gadget,809
340050,North,Widget,836
340053,North,Gadget,986
340077,North,Widget,505
340083,North,Doohickey,799
340100,North,Gadget,875
340101,North,Gizmo,836
340108,North,Widget,532
340109,North,Gizmo,890
340110,North,Gadget,596
340115,North,Widget,554
340139,North,Doohickey,869
340144,North,Gizmo,853
340148,North,Gizmo,877
340159,North,Gizmo,537
340160,North,Gizmo,703
340168,North,Gizmo,546
340174,North,Gizmo,605
340183,North,Doohickey,503
340196,North,Gadget,712
340199,North,Gadget,524
340207,North,Doohickey,927
340208,North,Gizmo,950
340217,North,Gadget,972
340240,North,Doohickey,792
340252,North,Doohickey,774
340264,North,Widget,814
340265,North,Gizmo,999
340272,North,Doohickey,927
340285,North,Gadget,593
340287,North,Doohickey,707
340300,North,Gizmo,828
340306,North,Gadget,723
340314,North,Widget,533
340330,North,Gizmo,659
340341,North,Widget,560
340345,North,Gizmo,658
340352,North,Widget,867
340369,North,Widget,717
340378,North,Gadget,650
340380,North,Gadget,963
340386,North,Widget,516
340391,North,Widget,614
340393,North,Gizmo,780
340400,North,Gizmo,833
340403,North,Widget,981
340405,North,Widget,872
340408,North,Widget,835
340418,North,Doohickey,985
340424,North,Widget,910
340426,North,Gizmo,593
340438,North,Gizmo,536
340450,North,Gadget,890
340459,North,Gizmo,703
340463,North,Doohickey,778
340475,North,Gizmo,631
340482,North,Gizmo,827
340486,North,Gizmo,709
340494,North,Doohickey,900
340498,North,Gadget,884
340505,North,Doohickey,701
340506,North,Doohickey,603
340515,North,Gadget,568
340517,North,Gadget,677
340525,North,Widget,903
340526,North,Doohickey,791
340528,North,Widget,996
340529,North,Widget,672
340546,North,Widget,530
340547,North,Doohickey,638
340552,North,Widget,598
340559,North,Gizmo,902
340572,North,Doohickey,669
340590,North,Doohickey,906
340604,North,Doohickey,902
340620,North,Doohickey,838
340626,North,Gadget,611
340633,North,Doohickey,719
340635,North,Widget,861
340642,North,Widget,549
340643,North,Doohickey,992
340646,North,Gizmo,511
340652,North,Doohickey,871
340654,North,Widget,839
340658,North,Doohickey,832
340660,North,Doohickey,790
340663,North,Widget,839
340675,North,Gadget,514
340683,North,Widget,561
340699,North,Doohickey,536
340700,North,Gizmo,697
340713,North,Gadget,831
340716,North,Gadget,742
340717,North,Widget,602
340723,North,Doohickey,720
340729,North,Gadget,926
340737,North,Doohickey,888
340747,North,Gizmo,607
340748,North,Gadget,927
340753,North,Gizmo,685
340763,North,Gizmo,626
340767,North,Gadget,850
340777,North,Gadget,544
340783,North,Widget,860
340787,North,Gizmo,839
340802,North,Gadget,673
340817,North,Gizmo,551
340818,North,Gizmo,969
340826,North,Gizmo,571
340827,North,Widget,666
340839,North,Gizmo,540
340845,North,Widget,523
340850,North,Gizmo,956
340861,North,Gizmo,839
340872,North,Widget,709
340874,North,Gadget,622
340886,North,Widget,967
340890,North,Gadget,581
340927,North,Doohickey,530
340933,North,Gadget,786
340967,North,Widget,976
340970,North,Gadget,762
340971,North,Gizmo,817
341006,North,Gizmo,691
341012,North,Gadget,908
341020,North,Gadget,789
341027,North,Doohickey,671
341040,North,Doohickey,819
341051,North,Doohickey,647
341053,North,Gizmo,866
341064,North,Doohickey,943
341072,North,Doohickey,742
341082,North,Gizmo,504
341085,North,Doohickey,940
341090,North,Gizmo,957
341108,North,Doohickey,682
341128,North,Widget,919
341135,North,Gadget,818
341142,North,Widget,913
341148,North,Doohickey,516
341161,North,Gadget,753
341167,North,Gadget,663
341170,North,Gadget,708
341174,North,Doohickey,733
341177,North,Gizmo,788
341179,North,Doohickey,623
341181,North,Widget,992
341190,North,Doohickey,792
341192,North,Doohickey,630
341197,North,Gizmo,755
341200,North,Gizmo,630
341225,North,Widget,582
341228,North,Widget,850
341233,North,Gadget,661
341241,North,Gadget,532
341246,North,Widget,900
341247,North,Gadget,726
341254,North,Doohickey,748
341276,North,Gadget,898
341279,North,Widget,819
341288,North,Widget,594
341291,North,Widget,755
341293,North,Doohickey,828
341302,North,Widget,802
341309,North,Widget,714
341328,North,Gizmo,751
341332,North,Gadget,509
341336,North,Gizmo,555
341341,North,Gizmo,546
341351,North,Gadget,737
341355,North,Gadget,699
341361,North,Gadget,832
341363,North,Gizmo,535
341364,North,Doohickey,608
341367,North,Gizmo,984
341368,North,Gadget,564
341382,North,Gizmo,998
341389,North,Doohickey,682
341391,North,Gadget,562
341421,North,Doohickey,671
341430,North,Doohickey,976
341435,North,Gizmo,680
341437,North,Gizmo,935
341441,North,Widget,924
341442,North,Widget,666
341473,North,Gadget,949
341474,North,Doohickey,553
341488,North,Widget,942
341490,North,Gizmo,834
341493,North,Gizmo,881
341494,North,Gadget,758
341499,North,Gadget,538
341502,North,Gadget,591
341506,North,Gadget,901
341518,North,Gizmo,944
341522,North,Gadget,639
341525,North,Widget,767
341529,North,Gizmo,773
341539,North,Gadget,814
341540,North,Doohickey,871
341547,North,Doohickey,793
341548,North,Widget,786
341549,North,Gadget,922
341550,North,Doohickey,648
341555,North,Gadget,570
341556,North,Gadget,516
341563,North,Gadget,659
341573,North,Gizmo,639
341579,North,Doohickey,976
341580,North,Gadget,784
341603,North,Gadget,669
341604,North,Doohickey,782
341606,North,Widget,645
341621,North,Widget,828
341636,North,Gizmo,811
341637,North,Gadget,713
341643,North,Doohickey,654
341646,North,Gizmo,683
341647,North,Gizmo,750
341648,North,Gizmo,766
341649,North,Widget,955
341653,North,Widget,545
341659,North,Gizmo,876
341674,North,Gadget,648
341676,North,Gizmo,535
341692,North,Gizmo,594
341694,North,Widget,553
341703,North,Gadget,823
341708,North,Doohickey,808
341714,North,Gizmo,673
341717,North,Gadget,611
341725,North,Gadget,607
341728,North,Gizmo,866
341731,North,Doohickey,628
341738,North,Widget,511
341744,North,Gizmo,630
341750,North,Doohickey,521
341752,North,Doohickey,576
341753,North,Doohickey,982
341772,North,Doohickey,974
341773,North,Gizmo,922
341783,North,Doohickey,725
341802,North,Doohickey,810
341818,North,Widget,787
341841,North,Doohickey,591
341859,North,Widget,671
341862,North,Widget,930
341868,North,Gizmo,553
341871,North,Doohickey,673
341879,North,Gadget,783
341898,North,Doohickey,745
341899,North,Doohickey,709
341901,North,Gizmo,544
341927,North,Doohickey,680
341949,North,Gadget,636
341975,North,Widget,626
341983,North,Gadget,524
341993,North,Gizmo,773
341994,North,Gizmo,990
342002,North,Doohickey,858
342005,North,Doohickey,966
342024,North,Doohickey,944
342027,North,Doohickey,648
342030,North,Gizmo,953
342042,North,Gadget,766
342045,North,Doohickey,972
342047,North,Doohickey,986
342051,North,Gizmo,514
342057,North,Gadget,526
342076,North,Gizmo,985
342077,North,Gizmo,674
342078,North,Gadget,702
342083,North,Gizmo,767
342102,North,Gadget,975
342117,North,Widget,504
342120,North,Gadget,722
342124,North,Gadget,782
342143,North,Doohickey,758
342144,North,Doohickey,952
342146,North,Gadget,638
342157,North,Gizmo,858
342158,North,Gizmo,896
342174,North,Doohickey,711
342177,North,Widget,767
342203,North,Gizmo,905
342204,North,Gizmo,743
342206,North,Gizmo,807
342210,North,Doohickey,939
342213,North,Doohickey,626
342215,North,Widget,787
342241,North,Widget,866
342243,North,Gadget,747
342275,North,Gizmo,902
342279,North,Doohickey,719
342281,North,Gadget,677
342283,North,Doohickey,524
342294,North,Gadget,861
342308,North,Widget,596
342312,North,Widget,981
342320,North,Gadget,590
342335,North,Doohickey,761
342336,North,Gadget,817
342344,North,Gadget,706
342366,North,Widget,666
342376,North,Gadget,751
342386,North,Gizmo,649
342393,North,Gizmo,769
342405,North,Gadget,533
342413,North,Gadget,653
342435,North,Widget,577
342451,North,Gizmo,919
342454,North,Gizmo,911
342463,North,Doohickey,601
342464,North,Doohickey,832
342470,North,Widget,924
342486,North,Gadget,848
342491,North,Gadget,749
342524,North,Gizmo,976
342530,North,Gizmo,508
342537,North,Gadget,836
342538,North,Gizmo,969
342555,North,Doohickey,656
342559,North,Widget,930
342561,North,Doohickey,575
342585,North,Doohickey,550
342587,North,Doohickey,694
342588,North,Gadget,584
342590,North,Gadget,605
342598,North,Widget,893
342599,North,Doohickey,752
342603,North,Doohickey,992
342606,North,Gizmo,589
342607,North,Gadget,893
342613,North,Doohickey,881
342618,North,Doohickey,906
342619,North,Doohickey,763
342623,North,Gizmo,533
342629,North,Gizmo,751
342641,North,Doohickey,801
342643,North,Doohickey,716
342652,North,Gadget,668
342662,North,Gizmo,886
342669,North,Doohickey,910
342670,North,Doohickey,857
342696,North,Gadget,859
342706,North,Gizmo,753
342712,North,Gizmo,788
342721,North,Gadget,620
342730,North,Gadget,687
342743,North,Gadget,847
342744,North,Gadget,729
342771,North,Gizmo,748
342774,North,Widget,875
342782,North,Gizmo,917
342789,North,Gizmo,861
342799,North,Gizmo,830
342800,North,Gadget,972
342804,North,Gadget,642
342810,North,Doohickey,693
342812,North,Doohickey,724
342813,North,Widget,632
342825,North,Gadget,761
342829,North,Widget,577
342832,North,Doohickey,634
342833,North,Widget,675
342834,North,Gadget,986
342837,North,Gizmo,827
342855,North,Gizmo,744
342856,North,Doohickey,763
342860,North,Widget,722
342861,North,Gadget,639
342874,North,Gadget,641
342876,North,Gizmo,581
342877,North,Gizmo,923
342887,North,Widget,572
342889,North,Gadget,509
342894,North,Gadget,631
342897,North,Gizmo,816
342909,North,Gizmo,676
342910,North,Doohickey,960
342921,North,Doohickey,977
342930,North,Gadget,727
342937,North,Gadget,923
342956,North,Doohickey,819
342991,North,Widget,774
342995,North,Widget,795
342996,North,Widget,726
342998,North,Gizmo,794
343002,North,Gadget,974
343003,North,Gadget,632
343010,North,Widget,603
343023,North,Doohickey,696
343027,North,Widget,827
343029,North,Gadget,971
343046,North,Doohickey,869
343056,North,Widget,633
343060,North,Gadget,527
343072,North,Widget,617
343077,North,Doohickey,873
343087,North,Gadget,906
343107,North,Doohickey,977
343108,North,Gizmo,505
343117,North,Gizmo,565
343122,North,Widget,568
343138,North,Doohickey,593
343139,North,Doohickey,694
343156,North,Gadget,936
343166,North,Gadget,861
343176,North,Gizmo,832
343187,North,Widget,810
343196,North,Gadget,816
343230,North,Gadget,581
343231,North,Doohickey,540
343240,North,Gadget,753
343242,North,Gadget,872
343243,North,Widget,944
343246,North,Gadget,746
343252,North,Doohickey,815
343255,North,Gadget,651
343258,North,Gadget,817
343259,North,Gadget,762
343262,North,Doohickey,517
343271,North,Gizmo,720
343284,North,Gadget,897
343291,North,Doohickey,521
343309,North,Widget,984
343313,North,Widget,811
343317,North,Doohickey,507
343327,North,Gadget,568
343341,North,Widget,657
343355,North,Gadget,983
343360,North,Gadget,701
343367,North,Widget,976
343370,North,Gizmo,956
343384,North,Gadget,868
343388,North,Gadget,771
343389,North,Gadget,869
343393,North,Gizmo,940
343401,North,Doohickey,977
343409,North,Doohickey,697
343417,North,Gadget,958
343423,North,Widget,574
343425,North,Gadget,982
343426,North,Gizmo,799
343429,North,Gizmo,527
343434,North,Gizmo,638
343444,North,Widget,873
343446,North,Gizmo,851
343459,North,Gizmo,676
343462,North,Widget,621
343465,North,Gizmo,902
343471,North,Widget,662
343478,North,Doohickey,628
343483,North,Gadget,760
343486,North,Gizmo,557
343487,North,Doohickey,546
343503,North,Widget,537
343507,North,Gadget,835
343514,North,Gadget,747
343538,North,Gadget,637
343562,North,Widget,799
343572,North,Doohickey,566
343581,North,Gizmo,613
343592,North,Doohickey,980
343593,North,Gadget,893
343597,North,Doohickey,564
343598,North,Gizmo,593
343616,North,Gizmo,743
343622,North,Gadget,998
343626,North,Widget,602
343643,North,Gizmo,956
343647,North,Widget,665
343648,North,Gadget,632
343652,North,Gadget,864
343662,North,Gizmo,860
343676,North,Doohickey,896
343677,North,Widget,560
343683,North,Gizmo,959
343691,North,Widget,733
343727,North,Widget,529
343731,North,Widget,822
343754,North,Gadget,751
343765,North,Gadget,789
343766,North,Gizmo,874
343768,North,Doohickey,731
343786,North,Gadget,705
343810,North,Doohickey,948
343814,North,Widget,760
343827,North,Doohickey,821
343830,North,Gizmo,894
343831,North,Doohickey,798
343833,North,Gadget,869
343834,North,Gizmo,585
343836,North,Widget,986
343840,North,Gadget,715
343844,North,Gizmo,741
343852,North,Widget,577
343864,North,Gadget,560
343891,North,Gadget,608
343897,North,Widget,796
343903,North,Gizmo,656
343906,North,Gizmo,507
343914,North,Gizmo,674
343915,North,Doohickey,998
343927,North,Doohickey,641
343946,North,Doohickey,773
343950,North,Gizmo,986
343953,North,Gadget,698
343957,North,Doohickey,727
343965,North,Gadget,710
343969,North,Doohickey,641
343973,North,Doohickey,1000
343981,North,Gizmo,994
343990,North,Gizmo,669
344007,North,Widget,577
344009,North,Widget,994
344010,North,Gadget,782
344017,North,Widget,907
344051,North,Gadget,549
344055,North,Gizmo,606
344069,North,Widget,875
344075,North,Widget,658
344084,North,Doohickey,540
344095,North,Gizmo,939
344097,North,Widget,859
344116,North,Widget,694
344117,North,Gadget,877
344118,North,Widget,617
344120,North,Gadget,626
344125,North,Gadget,511
344135,North,Gadget,507
344148,North,Gizmo,662
344149,North,Doohickey,580
344155,North,Doohickey,798
344174,North,Widget,688
344175,North,Gizmo,672
344177,North,Gadget,888
344181,North,Gizmo,885
344190,North,Gadget,824
344205,North,Doohickey,579
344224,North,Gizmo,915
344232,North,Gadget,836
344268,North,Gizmo,538
344271,North,Widget,953
344287,North,Gadget,843
344297,North,Gizmo,557
344308,North,Gizmo,955
344313,North,Widget,594
344320,North,Widget,623
344323,North,Widget,743
344331,North,Gizmo,819
344335,North,Doohickey,901
344336,North,Widget,825
344351,North,Gadget,608
344370,North,Doohickey,825
344386,North,Widget,605
344403,North,Gizmo,718
344410,North,Gadget,653
344414,North,Gizmo,649
344422,North,Doohickey,526
344434,North,Doohickey,575
344438,North,Gizmo,952
344454,North,Widget,990
344455,North,Doohickey,736
344461,North,Doohickey,535
344464,North,Gizmo,511
344473,North,Doohickey,800
344477,North,Gizmo,658
344486,North,Gizmo,797
344498,North,Widget,593
344507,North,Doohickey,742
344522,North,Gadget,629
344530,North,Gizmo,630
344541,North,Doohickey,674
344543,North,Widget,525
344546,North,Doohickey,511
344555,North,Gadget,805
344560,North,Gadget,646
344571,North,Doohickey,941
344572,North,Gadget,875
344574,North,Gizmo,540
344578,North,Gadget,707
344580,North,Doohickey,953
344587,North,Gizmo,641
344590,North,Doohickey,611
344594,North,Doohickey,931
344611,North,Doohickey,601
344614,North,Gizmo,770
344619,North,Widget,903
344631,North,Doohickey,989
344635,North,Gizmo,611
344637,North,Gadget,693
344644,North,Gadget,501
344648,North,Doohickey,984
344674,North,Gadget,969
344690,North,Doohickey,709
344699,North,Doohickey,631
344705,North,Doohickey,610
344719,North,Widget,620
344724,North,Widget,570
344733,North,Gadget,972
344749,North,Doohickey,881
344750,North,Widget,799
344754,North,Widget,572
344760,North,Doohickey,538
344772,North,Widget,618
344788,North,Doohickey,689
344790,North,Widget,823
344791,North,Gizmo,809
344808,North,Gizmo,986
344815,North,Gizmo,521
344820,North,Doohickey,1000
344829,North,Gadget,514
344834,North,Doohickey,593
344849,North,Doohickey,761
344855,North,Widget,733
344857,North,Gizmo,522
344858,North,Gizmo,972
344860,North,Doohickey,642
344884,North,Doohickey,953
344885,North,Widget,538
344888,North,Doohickey,874
344891,North,Gizmo,903
344895,North,Gizmo,550
344897,North,Gadget,630
344905,North,Doohickey,965
344913,North,Widget,841
344914,North,Widget,727
344917,North,Gizmo,646
344922,North,Gadget,572
344925,North,Gadget,799
344934,North,Doohickey,597
344937,North,Gadget,639
344944,North,Gadget,540
344945,North,Gizmo,811
344961,North,Gizmo,934
344971,North,Doohickey,903
344978,North,Gadget,667
344987,North,Widget,619
345000,North,Widget,926
345001,North,Widget,701
345003,North,Gadget,689
345007,North,Gadget,948
345022,North,Doohickey,842
345027,North,Gadget,619
345032,North,Gadget,516
345034,North,Doohickey,576
345050,North,Widget,843
345061,North,Gadget,980
345071,North,Widget,984
345072,North,Gadget,969
345083,North,Doohickey,599
345092,North,Doohickey,902
345093,North,Gizmo,921
345097,North,Widget,966
345106,North,Gadget,664
345120,North,Widget,965
345123,North,Gadget,575
345127,North,Widget,994
345134,North,Gadget,999
345135,North,Widget,640
345144,North,Doohickey,752
345158,North,Gizmo,924
345159,North,Widget,589
345161,North,Doohickey,599
345204,North,Gizmo,591
345208,North,Doohickey,967
345210,North,Doohickey,628
345211,North,Doohickey,841
345221,North,Gizmo,843
345222,North,Gizmo,883
345225,North,Gizmo,620
345227,North,Gadget,683
345228,North,Doohickey,839
345269,North,Gizmo,567
345285,North,Widget,832
345302,North,Gizmo,852
345303,North,Widget,531
345309,North,Doohickey,689
345312,North,Gadget,1000
345320,North,Gizmo,737
345327,North,Doohickey,710
345328,North,Gadget,733
345336,North,Gizmo,597
345339,North,Gizmo,851
345372,North,Gadget,1000
345373,North,Gizmo,795
345379,North,Doohickey,885
345381,North,Widget,927
345385,North,Widget,636
345388,North,Gizmo,758
345422,North,Gadget,538
345426,North,Gadget,791
345432,North,Doohickey,792
345438,North,Gadget,754
345447,North,Gadget,857
345452,North,Widget,894
345473,North,Widget,935
345490,North,Doohickey,656
345491,North,Doohickey,741
345498,North,Widget,667
345499,North,Widget,936
345504,North,Doohickey,635
345509,North,Gadget,562
345510,North,Widget,757
345524,North,Gadget,544
345525,North,Gadget,768
345531,North,Gadget,566
345537,North,Gizmo,652
345543,North,Gizmo,917
345545,North,Doohickey,766
345547,North,Doohickey,572
345549,North,Widget,976
345556,North,Gadget,871
345557,North,Doohickey,836
345561,North,Widget,836
345569,North,Gadget,809
345570,North,Doohickey,813
345576,North,Gizmo,683
345585,North,Gizmo,978
345632,North,Doohickey,965
345634,North,Gizmo,825
345639,North,Gizmo,831
345643,North,Gizmo,748
345647,North,Widget,750
345652,North,Gizmo,612
345656,North,Gadget,731
345657,North,Gizmo,857
345673,North,Widget,928
345674,North,Gizmo,534
345675,North,Doohickey,881
345686,North,Doohickey,708
345716,North,Gadget,932
345718,North,Gizmo,729
345738,North,Gizmo,927
345760,North,Gadget,840
345768,North,Widget,690
345769,North,Gadget,574
345778,North,Gizmo,936
345790,North,Gadget,593
345792,North,Gizmo,984
345796,North,Doohickey,855
345824,North,Widget,952
345827,North,Widget,740
345833,North,Gadget,639
345844,North,Gizmo,823
345859,North,Widget,724
345866,North,Widget,802
345877,North,Gadget,727
345882,North,Gizmo,950
345884,North,Doohickey,915
345885,North,Widget,577
345902,North,Gizmo,967
345903,North,Doohickey,604
345906,North,Gizmo,792
345908,North,Gadget,799
345918,North,Widget,905
345919,North,Widget,607
345926,North,Doohickey,969
345940,North,Doohickey,639
345943,North,Widget,911
345958,North,Widget,539
345972,North,Gizmo,808
345977,North,Doohickey,630
345980,North,Widget,741
345992,North,Widget,564
345997,North,Doohickey,610
346000,North,Widget,695
346002,North,Gadget,897
346003,North,Gizmo,577
346015,North,Gadget,822
346030,North,Widget,803
346031,North,Widget,688
346073,North,Gizmo,509
346080,North,Gadget,974
346081,North,Doohickey,692
346084,North,Gizmo,706
346088,North,Gizmo,994
346094,North,Doohickey,611
346104,North,Widget,801
346108,North,Gadget,737
346109,North,Gizmo,991
346111,North,Doohickey,770
346116,North,Widget,955
346118,North,Gizmo,586
346129,North,Gizmo,746
346144,North,Gizmo,998
346151,North,Gizmo,947
346159,North,Gizmo,759
346162,North,Gadget,905
346178,North,Gadget,714
346198,North,Doohickey,505
346203,North,Widget,809
346216,North,Widget,536
346218,North,Gizmo,764
346221,North,Widget,738
346231,North,Gadget,602
346232,North,Doohickey,897
346233,North,Doohickey,698
346280,North,Doohickey,765
346283,North,Doohickey,780
346290,North,Gizmo,869
346298,North,Gizmo,840
346318,North,Widget,880
346322,North,Widget,532
346328,North,Widget,627
346329,North,Gizmo,872
346338,North,Doohickey,724
346339,North,Widget,860
346340,North,Doohickey,806
346345,North,Doohickey,793
346350,North,Gizmo,714
346352,North,Widget,536
346375,North,Widget,508
346387,North,Gadget,547
346399,North,Gadget,570
346405,North,Doohickey,683
346407,North,Widget,907
346426,North,Widget,637
346451,North,Doohickey,961
346453,North,Gadget,638
346457,North,Widget,625
346466,North,Doohickey,769
346467,North,Gadget,534
346479,North,Widget,682
346481,North,Gadget,849
346485,North,Doohickey,928
346487,North,Doohickey,664
346521,North,Widget,906
346528,North,Gadget,666
346530,North,Gizmo,670
346546,North,Widget,994
346560,North,Widget,872
346562,North,Gadget,875
346582,North,Gadget,816
346586,North,Doohickey,733
346596,North,Gizmo,707
346613,North,Gizmo,604
346614,North,Gizmo,605
346618,North,Doohickey,827
346619,North,Doohickey,878
346647,North,Widget,659
346649,North,Widget,628
346657,North,Widget,523
346660,North,Gizmo,574
346666,North,Gadget,900
346674,North,Gizmo,952
346676,North,Gadget,984
346683,North,Doohickey,725
346684,North,Widget,766
346689,North,Gadget,627
346700,North,Widget,528
346701,North,Gadget,925
346706,North,Gizmo,874
346730,North,Gizmo,716
346732,North,Widget,592
346759,North,Gadget,930
346762,North,Gizmo,736
346790,North,Doohickey,670
346794,North,Gadget,640
346807,North,Gizmo,737
346811,North,Doohickey,591
346824,North,Gizmo,594
346827,North,Widget,552
346833,North,Gizmo,579
346835,North,Gadget,785
346851,North,Widget,819
346861,North,Widget,666
346877,North,Doohickey,927
346884,North,Gizmo,683
346893,North,Gadget,730
346895,North,Gizmo,827
346900,North,Gizmo,947
346914,North,Doohickey,626
346935,North,Gizmo,627
346938,North,Doohickey,950
346940,North,Doohickey,986
346946,North,Widget,867
346950,North,Doohickey,552
346964,North,Doohickey,616
346973,North,Doohickey,574
346986,North,Doohickey,738
346996,North,Widget,913
347003,North,Widget,614
347007,North,Doohickey,841
347008,North,Gadget,587
347035,North,Widget,627
347058,North,Gizmo,542
347060,North,Doohickey,902
347062,North,Widget,648
347066,North,Gadget,594
347067,North,Widget,638
347075,North,Gadget,942
347079,North,Gizmo,634
347086,North,Widget,840
347087,North,Widget,535
347089,North,Gizmo,512
347097,North,Doohickey,724
347099,North,Doohickey,919
347100,North,Widget,818
347105,North,Widget,939
347106,North,Gadget,802
347107,North,Gadget,777
347108,North,Gizmo,772
347113,North,Doohickey,592
347117,North,Gadget,632
347120,North,Gizmo,756
347124,North,Widget,832
347130,North,Gadget,858
347142,North,Gadget,587
347148,North,Widget,865
347160,North,Gadget,694
347166,North,Widget,753
347171,North,Doohickey,660
347172,North,Gizmo,986
347174,North,Gadget,627
347179,North,Gizmo,540
347189,North,Widget,805
347200,North,Doohickey,953
347201,North,Gizmo,806
347208,North,Widget,814
347215,North,Gizmo,764
347223,North,Doohickey,670
347232,North,Gizmo,667
347234,North,Gizmo,957
347248,North,Gadget,671
347258,North,Gadget,685
347265,North,Widget,983
347271,North,Gizmo,897
347278,North,Widget,572
347285,North,Gadget,671
347286,North,Doohickey,671
347296,North,Widget,729
347298,North,Doohickey,707
347328,North,Gadget,657
347334,North,Gizmo,516
347340,North,Widget,916
347342,North,Gadget,767
347346,North,Gadget,969
347347,North,Widget,595
347350,North,Gizmo,641
347352,North,Gadget,695
347360,North,Doohickey,969
347361,North,Widget,990
347363,North,Doohickey,640
347370,North,Widget,813
347371,North,Doohickey,642
347375,North,Gizmo,686
347381,North,Doohickey,615
347383,North,Gadget,869
347397,North,Doohickey,707
347399,North,Widget,668
347406,North,Doohickey,733
347412,North,Widget,633
347414,North,Widget,729
347426,North,Gadget,788
347448,North,Gizmo,809
347450,North,Doohickey,554
347457,North,Widget,892
347462,North,Gizmo,942
347464,North,Widget,934
347470,North,Gadget,547
347475,North,Gadget,894
347488,North,Doohickey,699
347490,North,Doohickey,653
347491,North,Widget,745
347499,North,Gizmo,759
347500,North,Doohickey,517
347532,North,Widget,878
347536,North,Gizmo,964
347542,North,Doohickey,733
347543,North,Widget,573
347545,North,Widget,671
347563,North,Gizmo,616
347564,North,Gizmo,851
347568,North,Widget,931
347570,North,Doohickey,719
347576,North,Gizmo,659
347597,North,Doohickey,833
347603,North,Doohickey,916
347608,North,Widget,630
347614,North,Doohickey,698
347615,North,Widget,667
347638,North,Doohickey,883
347643,North,Widget,730
347653,North,Gizmo,695
347669,North,Gadget,877
347676,North,Gizmo,650
347683,North,Widget,828
347713,North,Gizmo,517
347714,North,Doohickey,695
347733,North,Widget,550
347744,North,Gadget,866
347747,North,Doohickey,798
347756,North,Widget,917
347757,North,Gizmo,943
347787,North,Widget,994
347804,North,Gizmo,741
347807,North,Gadget,545
347828,North,Widget,614
347837,North,Doohickey,938
347847,North,Gadget,519
347854,North,Widget,752
347864,North,Gizmo,639
347869,North,Widget,956
347886,North,Doohickey,507
347895,North,Widget,771
347915,North,Gadget,696
347916,North,Doohickey,931
347917,North,Doohickey,860
347918,North,Gadget,777
347926,North,Widget,508
347956,North,Doohickey,840
347959,North,Widget,593
347978,North,Widget,936
347980,North,Gadget,745
347991,North,Gadget,953
347994,North,Gadget,788
347998,North,Doohickey,616
348011,North,Doohickey,712
348016,North,Doohickey,587
348019,North,Doohickey,950
348038,North,Gizmo,620
348045,North,Widget,799
348065,North,Widget,674
348077,North,Gizmo,789
348107,North,Gizmo,678
348116,North,Gadget,597
348131,North,Gadget,933
348134,North,Gizmo,734
348139,North,Widget,594
348155,North,Gizmo,977
348164,North,Doohickey,718
348174,North,Gadget,847
348196,North,Doohickey,788
348205,North,Widget,556
348215,North,Gizmo,919
348228,North,Gadget,542
348257,North,Gizmo,886
348279,North,Doohickey,913
348284,North,Doohickey,586
348285,North,Widget,927
348288,North,Doohickey,818
348298,North,Doohickey,589
348305,North,Gadget,872
348312,North,Gadget,826
348325,North,Doohickey,550
348334,North,Widget,633
348336,North,Doohickey,722
348357,North,Gadget,728
348358,North,Gadget,956
348359,North,Gizmo,704
348362,North,Widget,622
348373,North,Doohickey,776
348378,North,Widget,758
348383,North,Widget,713
348386,North,Gadget,786
348390,North,Gizmo,728
348401,North,Gadget,861
348409,North,Gizmo,874
348421,North,Gadget,524
348434,North,Gadget,521
348435,North,Doohickey,732
348437,North,Widget,982
348445,North,Doohickey,756
348451,North,Gadget,524
348453,North,Gizmo,882
348457,North,Doohickey,611
348462,North,Doohickey,697
348470,North,Gizmo,647
348471,North,Doohickey,852
348485,North,Gizmo,909
348489,North,Doohickey,673
348504,North,Gadget,591
348506,North,Gizmo,556
348512,North,Doohickey,666
348518,North,Widget,670
348521,North,Gizmo,612
348526,North,Doohickey,570
348527,North,Gadget,896
348531,North,Gadget,961
348535,North,Widget,793
348546,North,Gadget,950
348572,North,Widget,720
348575,North,Widget,799
348602,North,Widget,762
348604,North,Widget,693
348611,North,Gadget,665
348616,North,Widget,717
348618,North,Gadget,994
348619,North,Gizmo,993
348623,North,Gadget,890
348640,North,Gizmo,925
348651,North,Widget,748
348660,North,Gizmo,615
348683,North,Gizmo,503
348684,North,Doohickey,897
348691,North,Gadget,982
348703,North,Widget,931
348708,North,Gadget,607
348710,North,Doohickey,644
348711,North,Doohickey,515
348732,North,Widget,675
348738,North,Doohickey,736
348762,North,Doohickey,971
348764,North,Doohickey,836
348779,North,Gizmo,607
348789,North,Doohickey,664
348799,North,Widget,549
348802,North,Gadget,577
348824,North,Gizmo,721
348852,North,Widget,826
348862,North,Widget,544
348877,North,Doohickey,731
348878,North,Doohickey,771
348883,North,Gadget,646
348888,North,Gizmo,952
348892,North,Gizmo,703
348895,North,Gizmo,546
348906,North,Widget,669
348914,North,Widget,832
348923,North,Widget,802
348924,North,Widget,587
348927,North,Doohickey,980
348929,North,Gizmo,632
348937,North,Gizmo,543
348943,North,Gadget,586
348947,North,Gadget,516
348949,North,Gizmo,735
348956,North,Widget,666
348960,North,Gadget,941
348963,North,Gadget,790
348982,North,Widget,600
348985,North,Gadget,958
349004,North,Gizmo,960
349007,North,Gadget,507
349011,North,Doohickey,948
349017,North,Gizmo,606
349019,North,Widget,653
349035,North,Gadget,754
349036,North,Doohickey,802
349048,North,Doohickey,582
349088,North,Widget,934
349092,North,Gadget,811
349093,North,Gizmo,577
349100,North,Doohickey,961
349106,North,Gadget,768
349122,North,Widget,922
349126,North,Gadget,790
349143,North,Doohickey,846
349162,North,Gadget,503
349166,North,Gadget,712
349169,North,Gizmo,662
349193,North,Gizmo,853
349204,North,Doohickey,542
349213,North,Gizmo,864
349214,North,Doohickey,986
349218,North,Gadget,901
349221,North,Widget,936
349241,North,Gizmo,661
349246,North,Doohickey,528
349259,North,Gadget,727
349269,North,Doohickey,944
349276,North,Gizmo,678
349289,North,Gadget,799
349294,North,Gadget,677
349302,North,Doohickey,517
349303,North,Widget,919
349312,North,Widget,838
349330,North,Gadget,860
349345,North,Doohickey,800
349351,North,Doohickey,981
349352,North,Gizmo,765
349358,North,Widget,530
349382,North,Gadget,509
349400,North,Gadget,567
349412,North,Widget,720
349425,North,Doohickey,528
349436,North,Widget,563
349440,North,Gizmo,617
349453,North,Doohickey,715
349454,North,Gizmo,630
349457,North,Widget,744
349460,North,Gadget,902
349461,North,Doohickey,513
349469,North,Widget,585
349473,North,Gizmo,977
349481,North,Doohickey,745
349489,North,Gadget,899
349493,North,Gizmo,509
349496,North,Gadget,750
349500,North,Doohickey,790
349503,North,Widget,743
349512,North,Gizmo,841
349513,North,Doohickey,591
349517,North,Gizmo,740
349529,North,Gizmo,981
349538,North,Doohickey,718
349540,North,Widget,885
349543,North,Doohickey,652
349550,North,Gadget,868
349574,North,Gadget,830
349602,North,Widget,599
349607,North,Gizmo,906
349617,North,Widget,682
349629,North,Gadget,776
349641,North,Widget,749
349652,North,Gizmo,568
349654,North,Gizmo,669
349655,North,Doohickey,537
349668,North,Doohickey,588
349678,North,Gizmo,844
349707,North,Doohickey,993
349725,North,Doohickey,644
349736,North,Widget,740
349747,North,Doohickey,614
349749,North,Doohickey,661
349756,North,Doohickey,614
349765,North,Doohickey,785
349776,North,Gadget,883
349783,North,Gizmo,569
349798,North,Widget,974
349801,North,Doohickey,807
349807,North,Doohickey,913
349826,North,Gizmo,717
349827,North,Gizmo,580
349837,North,Widget,665
349848,North,Widget,715
349867,North,Doohickey,570
349911,North,Gadget,700
349918,North,Doohickey,997
349929,North,Doohickey,849
349936,North,Widget,980
349937,North,Widget,628
349938,North,Gadget,875
349947,North,Gizmo,540
349948,North,Gizmo,662
349960,North,Widget,761
349982,North,Doohickey,950
349986,North,Gadget,524
349997,North,Doohickey,586
350034,North,Widget,965
350055,North,Gadget,934
350059,North,Gadget,861
350061,North,Gadget,811
350068,North,Gadget,984
350077,North,Widget,530
350078,North,Doohickey,828
350082,North,Gizmo,785
350083,North,Widget,635
350088,North,Gadget,861
350089,North,Widget,696
350092,North,Widget,736
350100,North,Gadget,559
350113,North,Gadget,526
350134,North,Gizmo,985
350142,North,Widget,756
350143,North,Doohickey,902
350144,North,Gadget,972
350151,North,Doohickey,735
350165,North,Gadget,886
350166,North,Widget,739
350167,North,Doohickey,896
350177,North,Doohickey,850
350187,North,Gadget,520
350189,North,Doohickey,876
350191,North,Widget,735
350192,North,Doohickey,913
350203,North,Gadget,618
350204,North,Doohickey,726
350205,North,Widget,641
350215,North,Doohickey,931
350227,North,Gadget,677
350237,North,Gizmo,509
350240,North,Widget,555
350276,North,Widget,767
350291,North,Gizmo,796
350292,North,Gizmo,720
350304,North,Widget,839
350305,North,Gizmo,940
350309,North,Gadget,681
350312,North,Doohickey,952
350321,North,Widget,947
350329,North,Gizmo,640
350335,North,Widget,765
350338,North,Widget,692
350340,North,Widget,767
350345,North,Gizmo,622
350350,North,Widget,546
350363,North,Widget,505
350377,North,Doohickey,871
350380,North,Doohickey,501
350388,North,Doohickey,564
350391,North,Gizmo,544
350400,North,Doohickey,579
350413,North,Widget,827
350419,North,Widget,921
350441,North,Gadget,942
350445,North,Gizmo,509
350461,North,Doohickey,720
350463,North,Gadget,605
350468,North,Gizmo,586
350470,North,Gizmo,742
350477,North,Widget,955
350484,North,Gadget,515
350500,North,Widget,851
350504,North,Doohickey,640
350512,North,Widget,676
350522,North,Doohickey,980
350534,North,Widget,725
350538,North,Widget,651
350540,North,Widget,834
350545,North,Doohickey,523
350554,North,Widget,629
350561,North,Doohickey,832
350569,North,Doohickey,811
350572,North,Gizmo,838
350577,North,Doohickey,595
350582,North,Gizmo,694
350583,North,Gadget,819
350584,North,Gizmo,672
350590,North,Widget,751
350593,North,Gizmo,542
350599,North,Doohickey,546
350602,North,Gadget,542
350603,North,Widget,530
350611,North,Gizmo,986
350624,North,Widget,734
350625,North,Gizmo,958
350638,North,Widget,615
350639,North,Doohickey,529
350644,North,Widget,507
350646,North,Doohickey,711
350647,North,Gadget,886
350648,North,Widget,826
350653,North,Gadget,535
350656,North,Gadget,899
350661,North,Doohickey,623
350662,North,Gizmo,893
350663,North,Gadget,686
350666,North,Widget,504
350690,North,Gizmo,578
350707,North,Widget,533
350712,North,Gadget,576
350715,North,Gizmo,729
350747,North,Gizmo,790
350752,North,Doohickey,672
350761,North,Widget,830
350764,North,Doohickey,677
350776,North,Gizmo,846
350797,North,Gizmo,993
350818,North,Doohickey,530
350820,North,Gadget,852
350822,North,Gizmo,771
350825,North,Gizmo,894
350833,North,Gadget,505
350837,North,Doohickey,609
350838,North,Gadget,542
350845,North,Widget,639
350846,North,Gizmo,503
350849,North,Doohickey,790
350860,North,Widget,541
350874,North,Widget,961
350895,North,Widget,698
350899,North,Widget,766
350904,North,Gadget,689
350912,North,Gadget,798
350924,North,Doohickey,775
350938,North,Doohickey,761
350945,North,Gadget,852
350953,North,Widget,578
350959,North,Doohickey,968
350972,North,Doohickey,835
350981,North,Gizmo,841
350985,North,Doohickey,651
350989,North,Doohickey,519
351001,North,Doohickey,752
351031,North,Doohickey,965
351035,North,Widget,572
351048,North,Gizmo,998
351049,North,Doohickey,547
351052,North,Doohickey,583
351056,North,Gadget,618
351061,North,Doohickey,791
351083,North,Gizmo,695
351088,North,Doohickey,761
351092,North,Gadget,667
351096,North,Gadget,926
351102,North,Doohickey,725
351108,North,Gizmo,501
351112,North,Gadget,542
351115,North,Gadget,746
351126,North,Widget,667
351146,North,Gizmo,544
351148,North,Gizmo,637
351154,North,Doohickey,832
351157,North,Gizmo,831
351158,North,Gadget,577
351159,North,Gadget,815
351163,North,Doohickey,961
351170,North,Gadget,738
351173,North,Gizmo,894
351176,North,Doohickey,831
351181,North,Gizmo,507
351202,North,Widget,803
351215,North,Gadget,915
351221,North,Gizmo,508
351228,North,Doohickey,927
351234,North,Doohickey,528
351252,North,Gadget,871
351254,North,Doohickey,923
351259,North,Widget,878
351271,North,Widget,768
351294,North,Gadget,959
351297,North,Widget,717
351302,North,Widget,621
351315,North,Widget,729
351318,North,Gizmo,844
351322,North,Gadget,756
351334,North,Gadget,759
351347,North,Doohickey,737
351369,North,Gadget,944
351372,North,Widget,849
351375,North,Doohickey,545
351382,North,Gizmo,947
351385,North,Doohickey,863
351390,North,Doohickey,507
351400,North,Doohickey,517
351404,North,Widget,634
351412,North,Doohickey,806
351423,North,Doohickey,907
351427,North,Gadget,563
351436,North,Widget,916
351438,North,Gadget,802
351453,North,Widget,677
351459,North,Gizmo,572
351463,North,Doohickey,660
351464,North,Widget,634
351469,North,Gizmo,595
351471,North,Widget,966
351473,North,Doohickey,548
351479,North,Gizmo,844
351480,North,Widget,668
351496,North,Gizmo,927
351501,North,Doohickey,512
351512,North,Gizmo,772
351515,North,Gadget,927
351518,North,Doohickey,743
351521,North,Gizmo,670
351527,North,Gadget,978
351537,North,Widget,793
351547,North,Gizmo,914
351566,North,Gizmo,878
351582,North,Gadget,878
351587,North,Doohickey,603
351596,North,Gadget,872
351601,North,Doohickey,731
351613,North,Widget,624
351620,North,Widget,902
351629,North,Widget,924
351648,North,Widget,601
351659,North,Doohickey,833
351662,North,Widget,753
351681,North,Doohickey,917
351683,North,Gadget,508
351685,North,Gadget,913
351742,North,Doohickey,878
351746,North,Widget,509
351770,North,Gadget,973
351787,North,Widget,501
351801,North,Widget,621
351810,North,Gadget,892
351818,North,Gizmo,583
351846,North,Doohickey,783
351847,North,Gadget,674
351849,North,Doohickey,853
351870,North,Gizmo,683
351896,North,Gadget,927
351898,North,Doohickey,974
351913,North,Gizmo,504
351916,North,Doohickey,765
351924,North,Widget,574
351927,North,Gizmo,768
351929,North,Gizmo,779
351931,North,Gadget,633
351933,North,Gizmo,625
351939,North,Doohickey,515
351943,North,Doohickey,542
351944,North,Widget,960
351980,North,Gadget,787
351983,North,Widget,938
352011,North,Widget,900
352022,North,Widget,590
352029,North,Gadget,673
352030,North,Doohickey,928
352072,North,Gizmo,732
352083,North,Widget,809
352095,North,Gadget,832
352101,North,Widget,754
352102,North,Widget,583
352112,North,Gadget,831
352115,North,Gadget,768
352118,North,Widget,825
352124,North,Doohickey,526
352126,North,Gizmo,501
352129,North,Widget,741
352130,North,Gadget,606
352135,North,Gadget,871
352141,North,Gadget,894
352145,North,Gizmo,610
352155,North,Doohickey,889
352159,North,Doohickey,911
352173,North,Doohickey,724
352183,North,Gizmo,507
352198,North,Gizmo,605
352199,North,Gadget,740
352201,North,Gizmo,925
352271,North,Gizmo,794
352284,North,Gizmo,569
352286,North,Gadget,898
352289,North,Widget,611
352292,North,Gadget,932
352310,North,Widget,849
352313,North,Doohickey,917
352317,North,Doohickey,628
352333,North,Gadget,955
352343,North,Doohickey,963
352351,North,Gadget,839
352364,North,Gadget,714
352387,North,Widget,524
352390,North,Gadget,974
352393,North,Widget,958
352396,North,Gadget,839
352408,North,Widget,903
352417,North,Gadget,927
352428,North,Gizmo,643
352432,North,Widget,749
352463,North,Doohickey,673
352468,North,Gadget,982
352473,North,Doohickey,531
352476,North,Gizmo,592
352504,North,Gizmo,730
352506,North,Doohickey,644
352514,North,Doohickey,846
352527,North,Gizmo,624
352530,North,Gizmo,764
352533,North,Doohickey,708
352547,North,Gadget,549
352555,North,Gizmo,942
352557,North,Gizmo,662
352560,North,Widget,961
352563,North,Doohickey,860
352566,North,Gizmo,504
352567,North,Gadget,833
352568,North,Widget,886
352569,North,Gizmo,672
352572,North,Doohickey,550
352581,North,Doohickey,832
352597,North,Widget,526
352618,North,Gizmo,526
352623,North,Widget,939
352630,North,Doohickey,638
352640,North,Widget,549
352663,North,Widget,548
352669,North,Gizmo,647
352671,North,Gadget,871
352696,North,Doohickey,900
352707,North,Doohickey,865
352715,North,Widget,905
352745,North,Widget,706
352762,North,Widget,693
352794,North,Widget,968
352800,North,Gadget,723
352811,North,Doohickey,737
352812,North,Doohickey,851
352819,North,Gadget,948
352820,North,Doohickey,783
352825,North,Gizmo,863
352830,North,Gadget,554
352831,North,Widget,678
352837,North,Gizmo,554
352845,North,Gadget,765
352850,North,Gizmo,509
352867,North,Gadget,501
352870,North,Gizmo,858
352874,North,Gizmo,716
352879,North,Doohickey,513
352885,North,Widget,811
352891,North,Gizmo,958
352900,North,Widget,985
352918,North,Doohickey,613
352928,North,Gadget,836
352937,North,Doohickey,691
352948,North,Gizmo,602
352957,North,Gadget,986
352961,North,Widget,897
352975,North,Gizmo,989
352977,North,Gadget,521
352985,North,Doohickey,835
352987,North,Widget,638
352988,North,Widget,939
352990,North,Widget,571
352991,North,Gadget,723
353037,North,Gadget,536
353044,North,Doohickey,946
353051,North,Gadget,779
353057,North,Doohickey,538
353058,North,Gizmo,815
353060,North,Gadget,786
353071,North,Gizmo,790
353086,North,Gizmo,982
353099,North,Gizmo,640
353115,North,Gizmo,539
353126,North,Widget,901
353127,North,Widget,864
353128,North,Gadget,569
353140,North,Gizmo,858
353145,North,Gizmo,689
353151,North,Gadget,947
353161,North,Gadget,539
353175,North,Gizmo,884
353197,North,Doohickey,961
353199,North,Gadget,991
353202,North,Widget,516
353205,North,Doohickey,815
353206,North,Gadget,566
353207,North,Gadget,821
353208,North,Gizmo,944
353236,North,Widget,955
353256,North,Doohickey,688
353257,North,Gadget,990
353258,North,Gadget,612
353259,North,Doohickey,873
353264,North,Doohickey,986
353272,North,Widget,858
353283,North,Widget,522
353289,North,Gizmo,581
353293,North,Gizmo,503
353301,North,Gadget,790
353306,North,Gadget,621
353319,North,Gadget,650
353325,North,Gadget,766
353330,North,Doohickey,618
353339,North,Gizmo,728
353341,North,Doohickey,884
353352,North,Doohickey,714
353356,North,Gizmo,984
353363,North,Widget,570
353364,North,Doohickey,537
353368,North,Gizmo,728
353373,North,Doohickey,936
353377,North,Doohickey,718
353379,North,Widget,678
353382,North,Doohickey,872
353385,North,Doohickey,980
353399,North,Widget,872
353403,North,Gadget,504
353405,North,Gadget,658
353407,North,Doohickey,685
353410,North,Doohickey,791
353413,North,Doohickey,579
353421,North,Gizmo,814
353427,North,Widget,730
353434,North,Widget,687
353436,North,Gadget,777
353451,North,Doohickey,892
353459,North,Doohickey,558
353462,North,Gizmo,743
353485,North,Widget,922
353488,North,Widget,901
353491,North,Gizmo,808
353499,North,Doohickey,619
353507,North,Gadget,867
353508,North,Widget,864
353510,North,Gizmo,836
353512,North,Gizmo,905
353536,North,Widget,864
353539,North,Gizmo,952
353540,North,Widget,786
353551,North,Widget,735
353560,North,Widget,883
353574,North,Doohickey,765
353585,North,Gadget,930
353586,North,Doohickey,633
353588,North,Doohickey,840
353591,North,Gizmo,933
353596,North,Doohickey,802
353598,North,Widget,568
353614,North,Doohickey,764
353619,North,Gizmo,949
353620,North,Doohickey,981
353628,North,Widget,654
353643,North,Widget,537
353647,North,Widget,720
353648,North,Doohickey,572
353649,North,Doohickey,790
353657,North,Widget,591
353678,North,Widget,785
353710,North,Widget,562
353713,North,Gizmo,526
353724,North,Doohickey,867
353727,North,Doohickey,632
353766,North,Gizmo,869
353770,North,Gadget,938
353773,North,Gizmo,755
353826,North,Widget,801
353827,North,Doohickey,902
353829,North,Widget,705
353834,North,Gadget,949
353840,North,Gadget,663
353852,North,Doohickey,788
353865,North,Widget,926
353871,North,Doohickey,758
353879,North,Gadget,563
353891,North,Widget,846
353894,North,Gizmo,844
353895,North,Gizmo,835
353899,North,Widget,714
353901,North,Gizmo,844
353902,North,Doohickey,921
353903,North,Gadget,791
353912,North,Widget,850
353913,North,Gadget,514
353923,North,Gizmo,944
353931,North,Widget,861
353960,North,Widget,670
353972,North,Doohickey,892
353985,North,Gadget,683
353994,North,Gadget,724
353995,North,Gadget,948
353996,North,Gadget,746
353999,North,Widget,776
354025,North,Gizmo,552
354049,North,Widget,996
354057,North,Gadget,943
354060,North,Gadget,503
354061,North,Gadget,572
354063,North,Gadget,602
354064,North,Widget,936
354067,North,Widget,687
354068,North,Gadget,875
354071,North,Gizmo,948
354081,North,Gizmo,777
354091,North,Doohickey,847
354100,North,Widget,795
354105,North,Gadget,639
354107,North,Gizmo,736
354109,North,Doohickey,773
354115,North,Doohickey,563
354116,North,Gadget,795
354117,North,Widget,822
354120,North,Doohickey,785
354122,North,Widget,746
354156,North,Gadget,866
354157,North,Doohickey,990
354160,North,Gadget,824
354168,North,Gizmo,815
354172,North,Gizmo,986
354179,North,Gizmo,527
354190,North,Gadget,777
354193,North,Gadget,950
354197,North,Widget,865
354199,North,Widget,869
354210,North,Gadget,880
354213,North,Doohickey,742
354229,North,Doohickey,907
354233,North,Gadget,958
354236,North,Widget,835
354246,North,Gizmo,613
354266,North,Gadget,509
354269,North,Gadget,997
354274,North,Gizmo,843
354279,North,Doohickey,541
354286,North,Gadget,961
354298,North,Doohickey,802
354303,North,Doohickey,878
354312,North,Gadget,863
354349,North,Doohickey,977
354351,North,Gadget,892
354360,North,Doohickey,847
354368,North,Gizmo,782
354372,North,Gizmo,719
354376,North,Gadget,619
354389,North,Doohickey,880
354401,North,Gizmo,704
354402,North,Gizmo,850
354404,North,Gadget,605
354410,North,Gadget,578
354412,North,Doohickey,595
354417,North,Gadget,980
354418,North,Widget,792
354426,North,Doohickey,578
354432,North,Doohickey,620
354433,North,Gadget,509
354454,North,Widget,877
354461,North,Widget,696
354475,North,Doohickey,634
354482,North,Gadget,844
354486,North,Gizmo,513
354489,North,Doohickey,578
354492,North,Widget,768
354502,North,Gizmo,643
354511,North,Doohickey,974
354514,North,Doohickey,975
354521,North,Gizmo,655
354528,North,Gadget,726
354529,North,Gizmo,721
354537,North,Gadget,865
354548,North,Widget,753
354570,North,Doohickey,686
354571,North,Gizmo,785
354583,North,Gadget,682
354590,North,Gadget,593
354595,North,Doohickey,662
354597,North,Gizmo,530
354601,North,Doohickey,571
354602,North,Doohickey,718
354620,North,Gadget,761
354631,North,Widget,509
354638,North,Widget,853
354650,North,Widget,925
354661,North,Gadget,924
354679,North,Gadget,690
354681,North,Doohickey,703
354689,North,Doohickey,923
354694,North,Gadget,734
354697,North,Gizmo,734
354712,North,Widget,802
354722,North,Gadget,673
354731,North,Gizmo,700
354733,North,Doohickey,763
354749,North,Doohickey,717
354757,North,Doohickey,743
354761,North,Gizmo,816
354776,North,Widget,905
354789,North,Widget,643
354806,North,Gizmo,811
354827,North,Widget,600
354831,North,Gadget,877
354841,North,Widget,848
354851,North,Doohickey,697
354856,North,Gizmo,691
354857,North,Doohickey,694
354858,North,Widget,685
354873,North,Gizmo,976
354874,North,Doohickey,661
354881,North,Widget,643
354900,North,Gadget,554
354904,North,Widget,683
354918,North,Gadget,590
354930,North,Gadget,737
354937,North,Doohickey,737
354946,North,Gadget,560
354960,North,Widget,580
354964,North,Doohickey,933
354966,North,Gizmo,759
354970,North,Gizmo,729
354977,North,Widget,681
354978,North,Doohickey,777
354985,North,Doohickey,909
354987,North,Doohickey,788
355014,North,Gizmo,520
355015,North,Widget,965
355019,North,Doohickey,902
355022,North,Doohickey,525
355025,North,Gadget,508
355026,North,Gadget,750
355028,North,Gizmo,825
355031,North,Doohickey,728
355042,North,Doohickey,871
355043,North,Widget,783
355045,North,Widget,731
355046,North,Doohickey,1000
355050,North,Widget,869
355051,North,Gizmo,522
355052,North,Gizmo,634
355055,North,Widget,585
355058,North,Gadget,601
355059,North,Widget,852
355076,North,Doohickey,620
355092,North,Widget,949
355105,North,Doohickey,719
355106,North,Gizmo,528
355114,North,Widget,822
355121,North,Widget,517
355127,North,Gadget,889
355134,North,Gizmo,682
355135,North,Doohickey,628
355145,North,Widget,915
355147,North,Widget,805
355150,North,Gizmo,712
355177,North,Gizmo,732
355183,North,Widget,605
355185,North,Gizmo,724
355206,North,Gadget,579
355208,North,Gadget,876
355209,North,Gadget,841
355211,North,Doohickey,597
355219,North,Gadget,627
355223,North,Doohickey,788
355225,North,Widget,819
355226,North,Doohickey,956
355228,North,Gadget,983
355244,North,Gadget,613
355266,North,Widget,967
355271,North,Gizmo,856
355278,North,Doohickey,980
355289,North,Gizmo,998
355290,North,Widget,664
355301,North,Doohickey,828
355305,North,Gadget,909
355313,North,Doohickey,666
355349,North,Gizmo,533
355351,North,Gadget,890
355370,North,Gadget,693
355374,North,Widget,603
355380,North,Gizmo,562
355389,North,Gadget,527
355393,North,Doohickey,841
355397,North,Doohickey,877
355406,North,Widget,911
355411,North,Doohickey,781
355422,North,Widget,614
355426,North,Gadget,930
355443,North,Doohickey,811
355447,North,Gizmo,743
355452,North,Gizmo,513
355453,North,Widget,718
355463,North,Gadget,572
355466,North,Gadget,896
355469,North,Doohickey,956
355480,North,Gizmo,972
355484,North,Widget,930
355496,North,Doohickey,844
355498,North,Gadget,711
355501,North,Gizmo,586
355502,North,Gizmo,939
355507,North,Doohickey,998
355515,North,Gadget,577
355518,North,Doohickey,523
355525,North,Gizmo,967
355527,North,Doohickey,903
355528,North,Gizmo,803
355533,North,Widget,714
355536,North,Doohickey,953
355546,North,Widget,733
355556,North,Doohickey,841
355559,North,Gizmo,849
355567,North,Doohickey,558
355580,North,Gizmo,994
355585,North,Gizmo,519
355588,North,Widget,886
355598,North,Gizmo,676
355599,North,Widget,815
355608,North,Gadget,767
355624,North,Widget,788
355633,North,Doohickey,591
355638,North,Gadget,771
355639,North,Doohickey,728
355653,North,Gadget,955
355655,North,Gadget,731
355663,North,Gadget,816
355677,North,Gadget,608
355688,North,Gizmo,653
355694,North,Gizmo,926
355696,North,Gadget,927
355700,North,Widget,598
355704,North,Widget,716
355721,North,Gizmo,997
355741,North,Widget,890
355762,North,Doohickey,996
355784,North,Gadget,969
355785,North,Doohickey,525
355797,North,Gizmo,855
355803,North,Gizmo,943
355820,North,Doohickey,661
355824,North,Gadget,734
355826,North,Widget,932
355833,North,Gadget,914
355835,North,Gadget,827
355845,North,Gadget,806
355846,North,Gadget,669
355847,North,Gadget,589
355857,North,Widget,637
355861,North,Gadget,712
355866,North,Gizmo,934
355868,North,Widget,988
355874,North,Widget,689
355883,North,Doohickey,833
355886,North,Doohickey,787
355906,North,Gadget,818
355907,North,Gadget,844
355910,North,Gadget,996
355916,North,Doohickey,965
355931,North,Gizmo,675
355952,North,Gadget,786
355960,North,Doohickey,984
355975,North,Widget,928
355977,North,Doohickey,536
355979,North,Doohickey,802
355984,North,Doohickey,969
355988,North,Gadget,819
355993,North,Gizmo,942
355997,North,Gizmo,976
356004,North,Gadget,883
356026,North,Gizmo,814
356032,North,Gizmo,936
356059,North,Gadget,770
356064,North,Gizmo,753
356068,North,Gizmo,626
356071,North,Gizmo,641
356074,North,Gizmo,915
356083,North,Gadget,596
356085,North,Gadget,691
356102,North,Doohickey,931
356115,North,Gizmo,614
356116,North,Gizmo,891
356131,North,Gadget,529
356140,North,Doohickey,645
356151,North,Gadget,788
356159,North,Widget,817
356163,North,Widget,693
356168,North,Doohickey,769
356169,North,Gizmo,577
356180,North,Gizmo,919
356190,North,Widget,702
356203,North,Gadget,857
356217,North,Doohickey,517
356228,North,Widget,831
356233,North,Doohickey,519
356239,North,Widget,969
356240,North,Doohickey,687
356241,North,Doohickey,898
356257,North,Doohickey,805
356260,North,Widget,648
356261,North,Gizmo,677
356262,North,Doohickey,673
356270,North,Doohickey,530
356273,North,Doohickey,932
356277,North,Gizmo,714
356294,North,Doohickey,570
356301,North,Gadget,616
356316,North,Widget,571
356317,North,Gizmo,815
356336,North,Gadget,740
356356,North,Widget,531
356357,North,Widget,518
356366,North,Widget,552
356382,North,Gadget,961
356383,North,Doohickey,597
356391,North,Doohickey,961
356395,North,Gadget,627
356401,North,Doohickey,906
356410,North,Doohickey,644
356412,North,Widget,699
356438,North,Doohickey,548
356440,North,Widget,726
356449,North,Gadget,977
356453,North,Gizmo,660
356460,North,Widget,597
356462,North,Gizmo,556
356466,North,Gizmo,847
356474,North,Gizmo,682
356478,North,Gadget,834
356479,North,Gizmo,899
356510,North,Doohickey,545
356522,North,Widget,956
356525,North,Gizmo,654
356538,North,Widget,873
356547,North,Widget,569
356550,North,Doohickey,759
356557,North,Widget,884
356594,North,Gadget,892
356605,North,Gizmo,873
356606,North,Gizmo,589
356617,North,Gadget,878
356618,North,Widget,652
356621,North,Gizmo,543
356639,North,Gizmo,654
356669,North,Doohickey,977
356673,North,Gadget,959
356699,North,Gizmo,765
356706,North,Widget,801
356707,North,Gadget,713
356709,North,Gizmo,512
356728,North,Gadget,742
356744,North,Widget,921
356746,North,Doohickey,765
356776,North,Doohickey,909
356780,North,Gizmo,835
356784,North,Gadget,589
356801,North,Gizmo,712
356806,North,Doohickey,753
356810,North,Widget,713
356816,North,Doohickey,571
356817,North,Gadget,729
356826,North,Gizmo,689
356827,North,Gadget,598
356844,North,Widget,613
356847,North,Gadget,730
356851,North,Doohickey,903
356854,North,Widget,717
356859,North,Widget,655
356861,North,Gadget,725
356898,North,Doohickey,930
356903,North,Widget,796
356910,North,Gizmo,571
356915,North,Widget,782
356924,North,Doohickey,994
356956,North,Widget,842
356957,North,Gadget,832
356963,North,Gadget,775
356990,North,Gadget,881
356999,North,Gizmo,911
357004,North,Widget,993
357005,North,Gadget,695
357013,North,Doohickey,739
357018,North,Gadget,807
357023,North,Widget,836
357034,North,Widget,528
357035,North,Doohickey,550
357041,North,Widget,754
357044,North,Doohickey,551
357052,North,Widget,765
357065,North,Widget,823
357066,North,Widget,951
357067,North,Doohickey,834
357068,North,Widget,894
357069,North,Gizmo,756
357071,North,Gadget,562
357075,North,Gadget,565
357089,North,Doohickey,632
357097,North,Widget,944
357101,North,Doohickey,634
357104,North,Gizmo,827
357114,North,Widget,695
357129,North,Gadget,835
357135,North,Gizmo,584
357147,North,Gizmo,699
357153,North,Gizmo,851
357157,North,Gadget,896
357161,North,Gizmo,670
357181,North,Doohickey,664
357186,North,Widget,818
357190,North,Widget,742
357192,North,Gadget,917
357209,North,Gizmo,956
357210,North,Doohickey,960
357211,North,Widget,687
357213,North,Widget,781
357216,North,Gizmo,782
357231,North,Gadget,827
357237,North,Gadget,544
357247,North,Gadget,543
357257,North,Gizmo,928
357262,North,Widget,525
357264,North,Gizmo,640
357286,North,Gizmo,690
357299,North,Gizmo,881
357300,North,Widget,851
357309,North,Gadget,521
357319,North,Gadget,792
357356,North,Gadget,909
357364,North,Gadget,939
357381,North,Widget,994
357402,North,Gizmo,698
357412,North,Gizmo,925
357414,North,Widget,712
357424,North,Widget,658
357436,North,Doohickey,836
357457,North,Gadget,886
357466,North,Widget,646
357471,North,Gizmo,791
357478,North,Widget,896
357485,North,Doohickey,958
357495,North,Gadget,586
357497,North,Gadget,803
357500,North,Doohickey,865
357504,North,Widget,651
357512,North,Widget,793
357521,North,Widget,509
357543,North,Widget,852
357544,North,Gadget,983
357554,North,Gizmo,631
357555,North,Gizmo,899
357557,North,Doohickey,882
357558,North,Gizmo,660
357560,North,Gizmo,955
357566,North,Doohickey,711
357567,North,Widget,553
357570,North,Gizmo,720
357572,North,Widget,877
357573,North,Gadget,540
357575,North,Gizmo,950
357577,North,Doohickey,841
357580,North,Gadget,927
357582,North,Doohickey,556
357590,North,Widget,605
357598,North,Gadget,907
357599,North,Gizmo,723
357609,North,Doohickey,732
357623,North,Gadget,867
357629,North,Gizmo,909
357631,North,Gadget,943
357641,North,Gadget,654
357643,North,Gadget,773
357657,North,Widget,947
357658,North,Gadget,744
357665,North,Widget,629
357667,North,Gizmo,810
357676,North,Gizmo,593
357680,North,Doohickey,874
357683,North,Widget,872
357693,North,Gadget,553
357694,North,Gadget,504
357706,North,Gadget,590
357723,North,Widget,633
357729,North,Gizmo,610
357754,North,Widget,816
357761,North,Doohickey,823
357782,North,Gadget,533
357786,North,Doohickey,972
357798,North,Doohickey,911
357802,North,Gadget,984
357803,North,Widget,832
357829,North,Widget,501
357834,North,Widget,830
357842,North,Widget,622
357864,North,Gizmo,534
357866,North,Gizmo,540
357867,North,Doohickey,848
357877,North,Gadget,944
357879,North,Gizmo,652
357881,North,Widget,810
357887,North,Widget,650
357897,North,Widget,642
357901,North,Gizmo,908
357918,North,Widget,522
357930,North,Gizmo,631
357932,North,Widget,999
357942,North,Gizmo,602
357949,North,Gizmo,736
357955,North,Gadget,778
357960,North,Gizmo,730
357962,North,Doohickey,921
357963,North,Doohickey,956
357972,North,Widget,1000
357982,North,Doohickey,606
358014,North,Gizmo,615
358019,North,Doohickey,561
358035,North,Gizmo,939
358038,North,Doohickey,805
358042,North,Gadget,613
358057,North,Gadget,872
358072,North,Gadget,976
358078,North,Widget,968
358094,North,Doohickey,671
358105,North,Doohickey,745
358112,North,Widget,521
358119,North,Gadget,630
358121,North,Doohickey,1000
358124,North,Gadget,505
358127,North,Gadget,952
358129,North,Gizmo,537
358141,North,Gizmo,583
358150,North,Gizmo,861
358161,North,Widget,558
358203,North,Doohickey,718
358211,North,Gadget,537
358237,North,Doohickey,977
358253,North,Gizmo,897
358257,North,Gadget,730
358262,North,Gizmo,959
358274,North,Gadget,772
358276,North,Gizmo,582
358289,North,Gadget,735
358301,North,Doohickey,953
358310,North,Gadget,586
358311,North,Gizmo,765
358337,North,Doohickey,936
358348,North,Gizmo,652
358363,North,Gadget,703
358385,North,Widget,981
358402,North,Doohickey,785
358404,North,Widget,580
358410,North,Gadget,569
358413,North,Doohickey,810
358419,North,Doohickey,896
358426,North,Gizmo,818
358427,North,Widget,533
358435,North,Widget,775
358436,North,Doohickey,959
358439,North,Doohickey,948
358441,North,Widget,925
358446,North,Doohickey,936
358449,North,Doohickey,684
358468,North,Gizmo,546
358473,North,Widget,512
358475,North,Doohickey,872
358488,North,Doohickey,705
358489,North,Widget,949
358505,North,Gizmo,741
358508,North,Doohickey,501
358518,North,Widget,624
358524,North,Gizmo,977
358529,North,Gadget,772
358538,North,Gadget,842
358543,North,Widget,890
358549,North,Doohickey,718
358556,North,Doohickey,983
358557,North,Widget,718
358561,North,Gizmo,560
358574,North,Widget,877
358576,North,Widget,984
358585,North,Gizmo,604
358586,North,Gizmo,621
358600,North,Widget,932
358602,North,Gadget,959
358617,North,Gadget,944
358619,North,Doohickey,777
358620,North,Doohickey,636
358622,North,Gizmo,546
358633,North,Gadget,814
358637,North,Gizmo,985
358638,North,Doohickey,992
358649,North,Widget,848
358663,North,Gizmo,607
358666,North,Gadget,814
358668,North,Gadget,798
358675,North,Doohickey,823
358678,North,Doohickey,803
358682,North,Gadget,982
358721,North,Widget,832
358725,North,Widget,501
358726,North,Widget,720
358727,North,Widget,507
358728,North,Gizmo,757
358731,North,Doohickey,724
358740,North,Gadget,923
358749,North,Doohickey,721
358753,North,Doohickey,966
358762,North,Gizmo,778
358772,North,Gizmo,541
358777,North,Doohickey,722
358789,North,Gadget,613
358799,North,Doohickey,981
358801,North,Doohickey,990
358826,North,Widget,729
358831,North,Gadget,949
358841,North,Doohickey,774
358846,North,Doohickey,822
358852,North,Doohickey,779
358865,North,Doohickey,956
358870,North,Gadget,724
358875,North,Gadget,734
358876,North,Widget,517
358880,North,Gadget,725
358881,North,Widget,556
358887,North,Widget,934
358897,North,Gadget,561
358909,North,Widget,731
358927,North,Doohickey,859
358932,North,Gadget,790
358947,North,Widget,646
358965,North,Gadget,508
358967,North,Doohickey,966
358968,North,Gizmo,866
358973,North,Gadget,718
358993,North,Doohickey,643
358997,North,Gadget,618
358998,North,Widget,774
359001,North,Widget,880
359018,North,Gizmo,505
359022,North,Gadget,604
359032,North,Gizmo,960
359052,North,Widget,936
359059,North,Widget,643
359083,North,Gizmo,704
359089,North,Widget,577
359091,North,Gizmo,709
359093,North,Doohickey,565
359098,North,Gizmo,622
359115,North,Gadget,866
359118,North,Doohickey,559
359126,North,Doohickey,977
359132,North,Doohickey,662
359144,North,Gizmo,869
359146,North,Gadget,735
359150,North,Gizmo,1000
359153,North,Widget,729
359154,North,Widget,649
359162,North,Gizmo,850
359167,North,Gadget,625
359169,North,Doohickey,558
359178,North,Doohickey,665
359190,North,Gadget,501
359191,North,Gadget,797
359199,North,Widget,524
359233,North,Widget,926
359248,North,Doohickey,957
359251,North,Gizmo,764
359252,North,Widget,525
359254,North,Widget,951
359260,North,Gizmo,806
359263,North,Doohickey,826
359274,North,Doohickey,796
359294,North,Doohickey,749
359303,North,Doohickey,762
359311,North,Gadget,501
359316,North,Doohickey,743
359319,North,Gizmo,965
359323,North,Doohickey,634
359336,North,Doohickey,966
359338,North,Doohickey,759
359339,North,Widget,818
359345,North,Doohickey,729
359356,North,Gizmo,614
359383,North,Gadget,577
359384,North,Gizmo,648
359398,North,Gizmo,655
359428,North,Doohickey,719
359440,North,Gizmo,629
359462,North,Gadget,722
359465,North,Gizmo,655
359471,North,Doohickey,972
359479,North,Doohickey,881
359480,North,Widget,640
359492,North,Doohickey,967
359498,North,Widget,523
359514,North,Gizmo,753
359518,North,Gadget,698
359523,North,Gizmo,791
359535,North,Gizmo,602
359537,North,Gadget,968
359544,North,Doohickey,673
359569,North,Doohickey,982
359570,North,Gizmo,713
359590,North,Widget,928
359593,North,Doohickey,952
359596,North,Doohickey,943
359603,North,Doohickey,541
359607,North,Gizmo,951
359614,North,Gadget,943
359625,North,Gadget,542
359632,North,Doohickey,956
359652,North,Gizmo,509
359656,North,Doohickey,572
359658,North,Gadget,662
359660,North,Gizmo,953
359664,North,Widget,721
359684,North,Gizmo,823
359689,North,Gizmo,892
359697,North,Doohickey,523
359698,North,Doohickey,726
359713,North,Gadget,846
359722,North,Gadget,651
359729,North,Doohickey,609
359745,North,Gizmo,779
359756,North,Gizmo,674
359759,North,Widget,677
359760,North,Doohickey,660
359763,North,Gizmo,764
359765,North,Widget,558
359773,North,Widget,860
359786,North,Gizmo,819
359787,North,Gadget,627
359791,North,Widget,663
359795,North,Widget,764
359808,North,Gadget,957
359811,North,Gizmo,687
359814,North,Gadget,657
359819,North,Widget,817
359830,North,Doohickey,673
359833,North,Widget,620
359836,North,Gadget,699
359844,North,Doohickey,969
359852,North,Gadget,960
359866,North,Gizmo,853
359872,North,Gizmo,537
359887,North,Gizmo,557
359901,North,Doohickey,651
359913,North,Doohickey,961
359926,North,Doohickey,514
359933,North,Doohickey,762
359952,North,Gizmo,981
359971,North,Doohickey,628
359979,North,Gadget,852
359981,North,Gizmo,947
360008,North,Widget,746
360016,North,Widget,840
360036,North,Widget,628
360039,North,Gizmo,663
360046,North,Gadget,755
360049,North,Gizmo,957
360052,North,Gadget,880
360059,North,Gizmo,936
360072,North,Widget,894
360079,North,Doohickey,624
360092,North,Gizmo,597
360095,North,Widget,984
360106,North,Gadget,535
360112,North,Widget,833
360113,North,Gadget,639
360117,North,Widget,524
360125,North,Doohickey,961
360132,North,Gizmo,686
360133,North,Widget,577
360139,North,Doohickey,695
360141,North,Doohickey,940
360155,North,Widget,703
360188,North,Widget,574
360190,North,Gizmo,784
360192,North,Doohickey,586
360209,North,Gizmo,905
360212,North,Doohickey,785
360216,North,Gadget,977
360227,North,Widget,667
360232,North,Gadget,956
360262,North,Widget,795
360268,North,Widget,639
360271,North,Gizmo,528
360277,North,Widget,758
360302,North,Doohickey,761
360307,North,Gizmo,713
360317,North,Doohickey,533
360331,North,Widget,504
360333,North,Gizmo,827
360345,North,Doohickey,802
360349,North,Widget,861
360377,North,Widget,698
360384,North,Gizmo,950
360397,North,Doohickey,992
360400,North,Doohickey,734
360405,North,Gadget,923
360409,North,Widget,760
360423,North,Gadget,613
360430,North,Gizmo,981
360431,North,Gadget,765
360439,North,Gizmo,608
360448,North,Gizmo,546
360458,North,Doohickey,919
360472,North,Doohickey,621
360475,North,Gizmo,517
360497,North,Gadget,654
360508,North,Gadget,872
360517,North,Gadget,983
360523,North,Widget,943
360531,North,Gizmo,580
360532,North,Doohickey,642
360533,North,Doohickey,784
360536,North,Gizmo,680
360544,North,Gizmo,543
360567,North,Widget,849
360581,North,Widget,916
360582,North,Gadget,988
360584,North,Gizmo,640
360597,North,Widget,754
360608,North,Widget,522
360625,North,Gizmo,535
360628,North,Gadget,662
360634,North,Doohickey,973
360646,North,Widget,508
360656,North,Widget,651
360679,North,Gadget,802
360694,North,Gadget,549
360702,North,Widget,661
360703,North,Widget,806
360706,North,Widget,632
360720,North,Gadget,835
360721,North,Gadget,783
360726,North,Gizmo,827
360734,North,Doohickey,700
360750,North,Gadget,795
360752,North,Widget,605
360758,North,Doohickey,739
360767,North,Gizmo,758
360775,North,Doohickey,721
360781,North,Widget,716
360783,North,Gadget,535
360784,North,Widget,531
360788,North,Doohickey,961
360808,North,Doohickey,936
360825,North,Gizmo,568
360840,North,Widget,538
360841,North,Gadget,976
360850,North,Widget,789
360852,North,Gizmo,728
360853,North,Gadget,883
360863,North,Gadget,770
360865,North,Doohickey,590
360870,North,Widget,547
360874,North,Gadget,626
360897,North,Gizmo,978
360901,North,Doohickey,886
360918,North,Doohickey,850
360920,North,Doohickey,594
360933,North,Widget,626
360954,North,Gizmo,672
360960,North,Widget,835
360970,North,Doohickey,611
360971,North,Doohickey,613
360980,North,Doohickey,603
360984,North,Gadget,705
360986,North,Gadget,674
360989,North,Gadget,930
361018,North,Widget,708
361020,North,Gadget,802
361028,North,Widget,755
361032,North,Doohickey,757
361038,North,Doohickey,939
361053,North,Gizmo,859
361054,North,Gadget,822
361064,North,Gadget,761
361077,North,Widget,825
361079,North,Doohickey,705
361090,North,Gadget,580
361091,North,Gadget,512
361098,North,Gizmo,688
361111,North,Gizmo,861
361140,North,Widget,922
361154,North,Doohickey,666
361158,North,Doohickey,997
361170,North,Gizmo,678
361184,North,Doohickey,527
361195,North,Widget,745
361204,North,Widget,546
361212,North,Widget,980
361216,North,Widget,773
361218,North,Widget,793
361229,North,Doohickey,638
361246,North,Gizmo,751
361248,North,Doohickey,964
361250,North,Widget,559
361253,North,Doohickey,613
361259,North,Gadget,760
361272,North,Gadget,568
361284,North,Gizmo,730
361345,North,Gizmo,627
361346,North,Gadget,897
361351,North,Gadget,688
361355,North,Doohickey,932
361359,North,Widget,769
361361,North,Gadget,521
361363,North,Doohickey,894
361365,North,Gizmo,684
361366,North,Doohickey,936
361367,North,Widget,801
361370,North,Widget,532
361386,North,Gadget,882
361390,North,Gadget,631
361391,North,Gizmo,577
361399,North,Gizmo,988
361404,North,Doohickey,789
361405,North,Widget,537
361410,North,Gadget,521
361425,North,Gizmo,911
361429,North,Gizmo,931
361435,North,Doohickey,948
361441,North,Widget,902
361454,North,Gizmo,986
361481,North,Widget,554
361497,North,Widget,644
361501,North,Gizmo,886
361510,North,Gadget,953
361518,North,Doohickey,551
361524,North,Widget,872
361535,North,Doohickey,771
361546,North,Widget,807
361558,North,Gizmo,575
361577,North,Doohickey,770
361578,North,Widget,589
361585,North,Doohickey,627
361614,North,Gizmo,960
361616,North,Doohickey,667
361617,North,Doohickey,800
361620,North,Gizmo,886
361634,North,Widget,711
361644,North,Doohickey,892
361645,North,Gizmo,555
361658,North,Gizmo,869
361660,North,Widget,798
361661,North,Widget,554
361664,North,Gizmo,556
361667,North,Gadget,542
361668,North,Gizmo,819
361670,North,Gadget,539
361675,North,Widget,811
361677,North,Gadget,881
361688,North,Widget,950
361702,North,Widget,706
361703,North,Gizmo,858
361705,North,Widget,926
361715,North,Gadget,598
361716,North,Gizmo,614
361734,North,Widget,700
361735,North,Gizmo,577
361744,North,Gadget,918
361748,North,Gizmo,869
361753,North,Doohickey,689
361759,North,Gadget,526
361761,North,Widget,647
361763,North,Gizmo,694
361772,North,Doohickey,884
361777,North,Gadget,530
361788,North,Doohickey,889
361793,North,Doohickey,867
361794,North,Gadget,542
361798,North,Widget,704
361799,North,Widget,567
361801,North,Widget,796
361818,North,Widget,966
361822,North,Widget,863
361825,North,Widget,603
361845,North,Doohickey,867
361852,North,Gadget,603
361856,North,Gizmo,931
361866,North,Doohickey,951
361874,North,Gadget,647
361893,North,Widget,813
361900,North,Gizmo,737
361901,North,Gizmo,760
361902,North,Widget,875
361904,North,Gizmo,847
361909,North,Widget,708
361912,North,Gizmo,747
361914,North,Gizmo,542
361915,North,Widget,939
361923,North,Gadget,509
361936,North,Gadget,747
361945,North,Gadget,612
361947,North,Widget,906
361948,North,Gadget,659
361955,North,Widget,725
361969,North,Gadget,980
361975,North,Gadget,724
361981,North,Widget,806
361987,North,Gadget,678
362010,North,Gizmo,571
362026,North,Gadget,601
362027,North,Gadget,699
362041,North,Gizmo,671
362050,North,Gizmo,876
362064,North,Gizmo,635
362065,North,Gadget,551
362066,North,Widget,880
362069,North,Doohickey,888
362082,North,Widget,513
362108,North,Gizmo,783
362111,North,Doohickey,689
362118,North,Widget,975
362123,North,Doohickey,517
362154,North,Gizmo,839
362159,North,Doohickey,668
362166,North,Gizmo,946
362169,North,Widget,643
362182,North,Gizmo,864
362198,North,Doohickey,628
362199,North,Gadget,853
362213,North,Gizmo,550
362214,North,Widget,963
362224,North,Doohickey,842
362229,North,Gadget,876
362231,North,Doohickey,634
362250,North,Gadget,859
362275,North,Gadget,543
362284,North,Doohickey,556
362292,North,Gadget,509
362296,North,Gizmo,821
362306,North,Doohickey,723
362318,North,Gadget,800
362349,North,Gadget,785
362377,North,Doohickey,683
362379,North,Doohickey,650
362382,North,Gizmo,784
362390,North,Gadget,885
362405,North,Gadget,717
362412,North,Gadget,524
362416,North,Doohickey,602
362424,North,Gizmo,712
362451,North,Widget,825
362452,North,Widget,566
362454,North,Gadget,936
362465,North,Doohickey,915
362484,North,Doohickey,722
362488,North,Gadget,505
362515,North,Doohickey,573
362522,North,Doohickey,629
362524,North,Gizmo,874
362526,North,Widget,784
362530,North,Gizmo,825
362554,North,Gizmo,783
362564,North,Gadget,501
362569,North,Widget,578
362578,North,Doohickey,501
362590,North,Gizmo,775
362592,North,Doohickey,606
362593,North,Widget,740
362596,North,Gizmo,693
362599,North,Gadget,946
362601,North,Widget,719
362608,North,Doohickey,692
362620,North,Gizmo,543
362621,North,Gizmo,695
362624,North,Gizmo,602
362632,North,Doohickey,926
362638,North,Gadget,805
362650,North,Gadget,761
362655,North,Widget,919
362675,North,Gadget,572
362678,North,Widget,549
362680,North,Doohickey,775
362686,North,Gadget,958
362688,North,Widget,585
362708,North,Gadget,674
362712,North,Doohickey,968
362719,North,Gizmo,504
362723,North,Doohickey,549
362725,North,Doohickey,772
362726,North,Doohickey,725
362728,North,Gadget,969
362733,North,Widget,635
362734,North,Gizmo,836
362745,North,Widget,653
362749,North,Gadget,524
362752,North,Widget,547
362758,North,Gizmo,574
362763,North,Gizmo,817
362768,North,Widget,751
362771,North,Widget,786
362772,North,Gadget,566
362776,North,Widget,911
362784,North,Gadget,892
362794,North,Gadget,697
362806,North,Doohickey,921
362811,North,Doohickey,629
362816,North,Widget,532
362826,North,Doohickey,965
362845,North,Widget,576
362846,North,Widget,753
362848,North,Doohickey,532
362869,North,Widget,590
362877,North,Gizmo,951
362878,North,Widget,739
362892,North,Widget,664
362899,North,Gadget,676
362903,North,Gadget,915
362912,North,Gizmo,944
362915,North,Doohickey,861
362922,North,Gizmo,719
362930,North,Doohickey,861
362935,North,Gizmo,615
362941,North,Gadget,684
362945,North,Doohickey,530
362955,North,Doohickey,966
362958,North,Gizmo,779
362959,North,Widget,605
362966,North,Doohickey,861
362967,North,Gizmo,891
362970,North,Gizmo,796
362974,North,Widget,836
362983,North,Widget,757
362995,North,Gadget,734
363002,North,Widget,855
363009,North,Gadget,798
363017,North,Gizmo,949
363033,North,Gadget,836
363051,North,Doohickey,892
363053,North,Gadget,779
363057,North,Gadget,846
363059,North,Widget,545
363060,North,Gadget,832
363067,North,Doohickey,507
363082,North,Doohickey,808
363084,North,Doohickey,584
363089,North,Gadget,693
363090,North,Gadget,742
363114,North,Gadget,665
363124,North,Gadget,810
363136,North,Widget,571
363139,North,Gadget,708
363142,North,Gizmo,809
363149,North,Widget,793
363153,North,Doohickey,810
363158,North,Widget,932
363174,North,Doohickey,571
363178,North,Doohickey,573
363189,North,Widget,561
363190,North,Gadget,533
363206,North,Doohickey,788
363212,North,Doohickey,767
363214,North,Widget,576
363223,North,Gadget,666
363228,North,Widget,504
363235,North,Widget,966
363245,North,Widget,908
363248,North,Doohickey,688
363253,North,Doohickey,885
363260,North,Gadget,659
363268,North,Gizmo,858
363270,North,Gadget,509
363272,North,Gadget,946
363274,North,Widget,632
363278,North,Gizmo,919
363288,North,Gadget,634
363296,North,Gadget,856
363297,North,Gizmo,770
363302,North,Gadget,926
363309,North,Gadget,855
363313,North,Gizmo,693
363325,North,Widget,505
363326,North,Gizmo,713
363333,North,Doohickey,709
363348,North,Doohickey,536
363354,North,Doohickey,542
363357,North,Gizmo,894
363358,North,Gizmo,782
363391,North,Gadget,848
363405,North,Doohickey,645
363414,North,Doohickey,773
363417,North,Doohickey,848
363422,North,Gizmo,998
363424,North,Doohickey,722
363436,North,Widget,952
363450,North,Doohickey,525
363455,North,Widget,726
363462,North,Gizmo,556
363467,North,Widget,792
363478,North,Widget,828
363485,North,Gadget,563
363499,North,Gizmo,617
363509,North,Gizmo,509
363521,North,Widget,612
363531,North,Gadget,974
363533,North,Doohickey,683
363537,North,Gadget,898
363542,North,Gizmo,847
363546,North,Gizmo,903
363553,North,Gizmo,573
363571,North,Doohickey,993
363589,North,Gizmo,718
363615,North,Doohickey,570
363616,North,Doohickey,750
363629,North,Widget,779
363639,North,Doohickey,755
363649,North,Gizmo,875
363657,North,Doohickey,675
363659,North,Widget,602
363660,North,Widget,967
363671,North,Gizmo,527
363678,North,Widget,991
363682,North,Gadget,790
363690,North,Gadget,877
363696,North,Gadget,598
363714,North,Gadget,935
363716,North,Widget,749
363719,North,Gadget,560
363741,North,Doohickey,604
363747,North,Gizmo,884
363751,North,Widget,913
363784,North,Gadget,925
363791,North,Gadget,738
363797,North,Gizmo,784
363820,North,Gadget,923
363822,North,Doohickey,656
363829,North,Widget,570
363833,North,Gadget,818
363847,North,Gizmo,789
363854,North,Gizmo,635
363858,North,Widget,725
363866,North,Doohickey,635
363871,North,Doohickey,788
363874,North,Gadget,516
363881,North,Gadget,602
363897,North,Doohickey,922
363906,North,Doohickey,576
363910,North,Gizmo,973
363918,North,Gadget,526
363921,North,Widget,913
363937,North,Widget,524
363940,North,Doohickey,784
363952,North,Gadget,553
363953,North,Doohickey,784
363965,North,Widget,766
363968,North,Doohickey,936
363980,North,Doohickey,950
364003,North,Widget,943
364007,North,Doohickey,665
364037,North,Gadget,797
364040,North,Gizmo,869
364043,North,Gizmo,898
364044,North,Gadget,916
364069,North,Gizmo,819
364071,North,Doohickey,604
364077,North,Gadget,867
364088,North,Widget,946
364098,North,Doohickey,864
364099,North,Widget,721
364106,North,Gizmo,642
364119,North,Widget,758
364125,North,Doohickey,836
364136,North,Gadget,720
364138,North,Widget,679
364154,North,Doohickey,596
364158,North,Gadget,672
364163,North,Gadget,756
364170,North,Doohickey,605
364189,North,Doohickey,797
364192,North,Doohickey,627
364204,North,Gizmo,990
364205,North,Doohickey,586
364206,North,Gizmo,826
364208,North,Widget,863
364219,North,Gizmo,813
364220,North,Widget,852
364249,North,Gadget,731
364250,North,Gizmo,593
364251,North,Widget,514
364258,North,Gizmo,871
364270,North,Gizmo,827
364283,North,Gadget,570
364288,North,Gizmo,932
364290,North,Gadget,751
364294,North,Doohickey,534
364298,North,Gadget,589
364325,North,Gizmo,735
364338,North,Gadget,546
364343,North,Widget,575
364354,North,Gizmo,965
364360,North,Doohickey,646
364361,North,Gadget,960
364374,North,Gadget,507
364375,North,Gadget,850
364379,North,Gizmo,748
364381,North,Gadget,960
364388,North,Gadget,507
364393,North,Doohickey,864
364397,North,Doohickey,675
364417,North,Gizmo,941
364424,North,Gizmo,574
364436,North,Gadget,819
364437,North,Gadget,767
364457,North,Gizmo,593
364466,North,Gizmo,648
364471,North,Gizmo,709
364504,North,Gadget,721
364506,North,Gadget,598
364507,North,Gizmo,927
364526,North,Gizmo,956
364532,North,Gizmo,810
364550,North,Gizmo,834
364560,North,Doohickey,622
364562,North,Doohickey,944
364564,North,Widget,722
364573,North,Gizmo,515
364600,North,Doohickey,997
364610,North,Gadget,865
364620,North,Widget,638
364623,North,Gadget,858
364627,North,Doohickey,899
364630,North,Widget,824
364639,North,Doohickey,713
364644,North,Doohickey,972
364646,North,Doohickey,999
364647,North,Doohickey,783
364657,North,Doohickey,777
364665,North,Widget,915
364673,North,Doohickey,718
364684,North,Widget,880
364693,North,Doohickey,746
364721,North,Gadget,553
364725,North,Widget,745
364733,North,Gadget,819
364735,North,Doohickey,966
364744,North,Widget,756
364755,North,Gizmo,965
364769,North,Gizmo,596
364786,North,Gadget,944
364813,North,Doohickey,914
364814,North,Doohickey,725
364827,North,Widget,518
364830,North,Doohickey,869
364840,North,Gizmo,668
364864,North,Doohickey,770
364871,North,Gizmo,985
364878,North,Gadget,648
364879,North,Gizmo,844
364889,North,Doohickey,743
364920,North,Gadget,560
364924,North,Gizmo,792
364929,North,Doohickey,884
364941,North,Widget,851
364944,North,Gadget,795
364945,North,Gadget,615
364949,North,Doohickey,826
364950,North,Widget,721
364970,North,Gizmo,788
364992,North,Doohickey,878
364994,North,Doohickey,680
364995,North,Widget,722
364998,North,Gadget,848
365002,North,Widget,746
365005,North,Widget,932
365012,North,Gadget,512
365018,North,Gizmo,842
365023,North,Gadget,813
365027,North,Gadget,658
365030,North,Gadget,741
365044,North,Gizmo,816
365048,North,Widget,556
365059,North,Widget,682
365073,North,Gadget,847
365082,North,Doohickey,516
365089,North,Widget,944
365107,North,Widget,795
365140,North,Widget,723
365142,North,Gizmo,900
365154,North,Widget,796
365165,North,Widget,711
365181,North,Widget,785
365182,North,Gizmo,536
365185,North,Gadget,720
365189,North,Doohickey,519
365222,North,Gadget,658
365224,North,Widget,709
365226,North,Gizmo,694
365234,North,Widget,984
365252,North,Widget,793
365267,North,Gadget,543
365289,North,Doohickey,590
365302,North,Doohickey,816
365321,North,Gadget,922
365323,North,Widget,874
365332,North,Gizmo,643
365333,North,Doohickey,655
365344,North,Gadget,894
365355,North,Doohickey,613
365363,North,Gizmo,789
365375,North,Doohickey,599
365381,North,Widget,631
365391,North,Gadget,621
365400,North,Gadget,960
365418,North,Widget,921
365420,North,Doohickey,760
365421,North,Gizmo,604
365422,North,Widget,706
365425,North,Widget,978
365428,North,Widget,638
365441,North,Widget,760
365453,North,Widget,951
365461,North,Gadget,993
365464,North,Doohickey,666
365467,North,Widget,842
365471,North,Widget,524
365488,North,Doohickey,523
365496,North,Widget,793
365512,North,Widget,969
365513,North,Doohickey,551
365517,North,Gadget,764
365520,North,Widget,694
365530,North,Gizmo,886
365538,North,Gadget,869
365552,North,Gizmo,687
365559,North,Doohickey,505
365568,North,Doohickey,714
365572,North,Gadget,674
365573,North,Widget,780
365576,North,Doohickey,939
365587,North,Gadget,737
365590,North,Widget,787
365592,North,Gadget,992
365594,North,Gizmo,922
365600,North,Doohickey,700
365605,North,Gizmo,833
365609,North,Gizmo,572
365615,North,Gadget,722
365616,North,Widget,652
365617,North,Gizmo,889
365638,North,Gizmo,604
365649,North,Gadget,882
365663,North,Doohickey,525
365668,North,Gizmo,926
365672,North,Doohickey,609
365674,North,Gizmo,890
365678,North,Widget,838
365690,North,Doohickey,897
365693,North,Gadget,971
365696,North,Widget,710
365697,North,Widget,783
365713,North,Gadget,598
365715,North,Gizmo,674
365721,North,Doohickey,940
365730,North,Gizmo,518
365733,North,Gadget,545
365735,North,Widget,501
365740,North,Gizmo,803
365745,North,Gadget,565
365753,North,Doohickey,501
365754,North,Gadget,869
365758,North,Gizmo,717
365760,North,Doohickey,974
365761,North,Gadget,716
365773,North,Widget,965
365782,North,Gizmo,679
365794,North,Gizmo,553
365797,North,Gizmo,700
365809,North,Gadget,988
365823,North,Widget,786
365828,North,Gadget,787
365829,North,Doohickey,667
365833,North,Gizmo,638
365838,North,Gizmo,815
365858,North,Gizmo,556
365861,North,Widget,738
365863,North,Widget,934
365875,North,Widget,599
365891,North,Widget,593
365894,North,Widget,732
365898,North,Gadget,503
365900,North,Gadget,625
365901,North,Widget,536
365908,North,Gizmo,792
365924,North,Doohickey,946
365928,North,Gizmo,860
365930,North,Doohickey,960
365942,North,Gadget,811
365943,North,Doohickey,573
365949,North,Doohickey,591
365951,North,Gizmo,874
365969,North,Gadget,836
365970,North,Gizmo,738
365975,North,Gizmo,841
365976,North,Widget,908
365982,North,Gizmo,925
365990,North,Doohickey,819
365993,North,Doohickey,852
366000,North,Gizmo,960
366003,North,Gadget,902
366031,North,Widget,505
366034,North,Widget,977
366035,North,Doohickey,905
366071,North,Gadget,517
366073,North,Gizmo,989
366077,North,Gizmo,805
366082,North,Doohickey,833
366091,North,Doohickey,850
366097,North,Widget,848
366147,North,Gizmo,685
366149,North,Widget,639
366164,North,Gadget,951
366176,North,Doohickey,709
366201,North,Widget,718
366206,North,Gizmo,809
366208,North,Gadget,635
366212,North,Doohickey,969
366213,North,Gadget,746
366226,North,Doohickey,934
366227,North,Widget,815
366230,North,Widget,934
366236,North,Widget,914
366251,North,Widget,709
366252,North,Gadget,869
366255,North,Widget,659
366256,North,Gizmo,749
366285,North,Doohickey,902
366287,North,Widget,739
366288,North,Widget,713
366307,North,Doohickey,687
366308,North,Gadget,664
366330,North,Gizmo,785
366339,North,Doohickey,893
366342,North,Gadget,658
366349,North,Gadget,695
366357,North,Gadget,547
366364,North,Doohickey,919
366365,North,Gizmo,990
366369,North,Gadget,513
366373,North,Gizmo,968
366375,North,Gadget,735
366387,North,Gizmo,625
366389,North,Widget,654
366392,North,Doohickey,534
366423,North,Gizmo,750
366453,North,Gadget,572
366454,North,Gizmo,977
366461,North,Gadget,964
366471,North,Gadget,695
366474,North,Gadget,886
366489,North,Gadget,745
366490,North,Gadget,587
366497,North,Doohickey,545
366501,North,Widget,752
366507,North,Gizmo,681
366509,North,Widget,713
366516,North,Gadget,849
366520,North,Widget,564
366534,North,Widget,950
366535,North,Gizmo,644
366561,North,Gizmo,967
366593,North,Widget,675
366596,North,Widget,599
366612,North,Gadget,697
366615,North,Widget,593
366618,North,Gadget,861
366622,North,Widget,931
366624,North,Gizmo,932
366627,North,Gadget,664
366628,North,Gizmo,651
366643,North,Gizmo,827
366664,North,Gizmo,787
366692,North,Gizmo,718
366693,North,Widget,686
366696,North,Gizmo,653
366706,North,Gadget,564
366722,North,Gizmo,613
366724,North,Doohickey,956
366728,North,Gizmo,847
366731,North,Doohickey,604
366755,North,Doohickey,602
366763,North,Gizmo,776
366791,North,Gizmo,621
366800,North,Widget,939
366804,North,Doohickey,567
366818,North,Doohickey,601
366844,North,Widget,791
366862,North,Gizmo,685
366867,North,Gizmo,767
366872,North,Gadget,788
366880,North,Widget,670
366899,North,Gizmo,511
366902,North,Doohickey,604
366909,North,Doohickey,543
366919,North,Gadget,597
366929,North,Gizmo,590
366930,North,Gadget,949
366935,North,Gadget,793
366942,North,Gadget,948
366946,North,Doohickey,654
366953,North,Gizmo,631
366966,North,Gizmo,899
366976,North,Widget,523
366981,North,Doohickey,677
366982,North,Doohickey,765
366993,North,Widget,616
366999,North,Doohickey,565
367003,North,Gadget,896
367011,North,Doohickey,881
367016,North,Doohickey,986
367041,North,Gizmo,873
367050,North,Gadget,537
367057,North,Doohickey,667
367058,North,Gizmo,729
367060,North,Widget,772
367061,North,Gizmo,682
367078,North,Doohickey,755
367091,North,Gizmo,959
367097,North,Widget,971
367119,North,Widget,608
367123,North,Doohickey,696
367124,North,Gizmo,713
367132,North,Gadget,860
367135,North,Widget,784
367138,North,Gizmo,977
367141,North,Gadget,931
367147,North,Doohickey,530
367149,North,Gadget,559
367152,North,Gizmo,921
367173,North,Gadget,908
367174,North,Doohickey,847
367189,North,Widget,821
367208,North,Widget,649
367213,North,Gadget,686
367216,North,Gizmo,886
367217,North,Doohickey,925
367230,North,Widget,839
367233,North,Doohickey,875
367235,North,Gadget,619
367240,North,Gizmo,866
367244,North,Gizmo,839
367247,North,Doohickey,606
367255,North,Widget,574
367260,North,Gizmo,826
367272,North,Doohickey,930
367274,North,Gizmo,670
367294,North,Gadget,872
367296,North,Doohickey,701
367299,North,Gadget,796
367300,North,Gadget,871
367307,North,Widget,622
367317,North,Widget,939
367318,North,Gadget,966
367349,North,Doohickey,742
367353,North,Gadget,521
367356,North,Gadget,717
367359,North,Doohickey,626
367373,North,Doohickey,828
367389,North,Doohickey,738
367390,North,Doohickey,877
367392,North,Gadget,861
367402,North,Doohickey,595
367419,North,Gadget,513
367433,North,Gadget,673
367434,North,Gizmo,853
367451,North,Gizmo,590
367453,North,Doohickey,654
367455,North,Widget,596
367457,North,Gizmo,654
367478,North,Widget,682
367480,North,Doohickey,590
367482,North,Gadget,691
367491,North,Widget,843
367498,North,Gadget,690
367503,North,Gadget,842
367507,North,Doohickey,778
367509,North,Doohickey,952
367517,North,Widget,590
367518,North,Gizmo,763
367520,North,Widget,890
367530,North,Gadget,719
367536,North,Gadget,938
367544,North,Gizmo,994
367546,North,Gadget,722
367564,North,Gizmo,598
367565,North,Gadget,575
367581,North,Doohickey,780
367588,North,Widget,577
367597,North,Widget,560
367600,North,Gadget,875
367609,North,Gizmo,667
367610,North,Gizmo,628
367622,North,Widget,811
367654,North,Gizmo,785
367666,North,Gizmo,766
367679,North,Gizmo,720
367688,North,Doohickey,748
367693,North,Widget,611
367696,North,Gizmo,569
367698,North,Gizmo,869
367700,North,Doohickey,750
367704,North,Doohickey,905
367714,North,Widget,752
367718,North,Gadget,902
367728,North,Widget,508
367729,North,Gadget,965
367732,North,Doohickey,732
367749,North,Widget,831
367757,North,Widget,865
367766,North,Gizmo,968
367776,North,Gadget,592
367778,North,Gizmo,676
367783,North,Doohickey,893
367829,North,Gadget,548
367836,North,Gizmo,952
367844,North,Gizmo,583
367877,North,Gizmo,861
367889,North,Widget,599
367916,North,Gadget,692
367919,North,Gadget,859
367920,North,Widget,560
367929,North,Widget,802
367930,North,Doohickey,692
367932,North,Doohickey,616
367944,North,Gadget,819
367991,North,Gadget,707
367996,North,Gizmo,551
368004,North,Doohickey,934
368007,North,Doohickey,886
368012,North,Gizmo,877
368016,North,Gizmo,817
368024,North,Gizmo,934
368026,North,Widget,518
368030,North,Gizmo,700
368034,North,Gadget,714
368038,North,Gizmo,684
368045,North,Gadget,770
368057,North,Widget,857
368074,North,Gizmo,700
368077,North,Gadget,889
368086,North,Widget,642
368087,North,Doohickey,570
368119,North,Gizmo,513
368123,North,Doohickey,986
368132,North,Widget,958
368159,North,Widget,865
368164,North,Gadget,938
368170,North,Gadget,767
368185,North,Doohickey,942
368190,North,Gizmo,531
368198,North,Gizmo,538
368200,North,Gizmo,650
368209,North,Doohickey,776
368222,North,Gizmo,572
368225,North,Gadget,536
368240,North,Gizmo,672
368250,North,Gadget,933
368254,North,Gizmo,974
368255,North,Doohickey,605
368260,North,Gizmo,869
368265,North,Gadget,919
368268,North,Gadget,977
368274,North,Gadget,780
368310,North,Gizmo,606
368312,North,Doohickey,694
368326,North,Doohickey,926
368328,North,Widget,573
368351,North,Gizmo,633
368356,North,Widget,936
368359,North,Widget,766
368360,North,Doohickey,874
368364,North,Doohickey,776
368366,North,Doohickey,706
368367,North,Doohickey,900
368376,North,Gizmo,838
368378,North,Gadget,672
368389,North,Gizmo,944
368407,North,Gizmo,745
368408,North,Widget,697
368419,North,Gizmo,775
368421,North,Gadget,982
368439,North,Doohickey,690
368441,North,Doohickey,795
368448,North,Gizmo,836
368452,North,Doohickey,680
368471,North,Doohickey,707
368494,North,Widget,788
368509,North,Gizmo,967
368517,North,Doohickey,859
368539,North,Doohickey,757
368543,North,Widget,537
368546,North,Gadget,587
368548,North,Gadget,595
368558,North,Doohickey,599
368559,North,Gizmo,709
368562,North,Gadget,641
368607,North,Gizmo,780
368617,North,Gadget,952
368622,North,Doohickey,790
368624,North,Widget,772
368628,North,Gadget,997
368650,North,Gizmo,745
368655,North,Gadget,562
368657,North,Gadget,770
368664,North,Widget,894
368670,North,Doohickey,628
368671,North,Doohickey,874
368676,North,Gizmo,911
368704,North,Gizmo,981
368730,North,Doohickey,833
368736,North,Gizmo,501
368747,North,Doohickey,825
368749,North,Doohickey,652
368762,North,Gadget,655
368763,North,Widget,774
368789,North,Gizmo,505
368791,North,Widget,536
368793,North,Gizmo,614
368794,North,Gadget,852
368797,North,Doohickey,972
368810,North,Gizmo,746
368818,North,Gadget,872
368823,North,Widget,938
368828,North,Doohickey,886
368835,North,Doohickey,644
368836,North,Doohickey,729
368837,North,Doohickey,605
368846,North,Doohickey,505
368849,North,Gizmo,935
368853,North,Gizmo,836
368856,North,Gadget,855
368866,North,Gadget,709
368877,North,Gizmo,578
368881,North,Widget,896
368889,North,Gizmo,908
368896,North,Widget,959
368920,North,Gadget,861
368940,North,Gadget,869
368949,North,Gizmo,786
368950,North,Gizmo,667
368951,North,Gizmo,552
368956,North,Widget,814
368957,North,Widget,955
368975,North,Gizmo,642
368982,North,Gadget,545
368990,North,Gizmo,696
369005,North,Gizmo,797
369006,North,Gizmo,514
369010,North,Gadget,776
369020,North,Doohickey,969
369045,North,Widget,677
369052,North,Gadget,843
369055,North,Widget,676
369059,North,Widget,564
369076,North,Gizmo,698
369078,North,Doohickey,713
369092,North,Gizmo,707
369097,North,Gizmo,575
369098,North,Widget,505
369113,North,Gizmo,529
369123,North,Doohickey,953
369131,North,Gadget,822
369135,North,Widget,847
369143,North,Gadget,846
369145,North,Gadget,877
369146,North,Widget,759
369153,North,Widget,681
369160,North,Doohickey,877
369162,North,Gadget,758
369175,North,Doohickey,896
369187,North,Widget,986
369193,North,Widget,877
369201,North,Gadget,736
369214,North,Gizmo,762
369216,North,Widget,849
369217,North,Widget,758
369227,North,Gadget,680
369228,North,Widget,505
369264,North,Widget,861
369299,North,Gizmo,615
369300,North,Doohickey,892
369304,North,Widget,716
369307,North,Widget,882
369311,North,Gizmo,621
369320,North,Gadget,802
369334,North,Widget,583
369340,North,Doohickey,932
369345,North,Gadget,831
369350,North,Gadget,991
369367,North,Gadget,901
369372,North,Gizmo,933
369395,North,Gizmo,553
369402,North,Doohickey,850
369404,North,Widget,658
369407,North,Widget,788
369416,North,Widget,964
369419,North,Doohickey,924
369421,North,Widget,701
369435,North,Gizmo,567
369437,North,Gizmo,930
369457,North,Gadget,869
369501,North,Gizmo,882
369503,North,Gizmo,553
369529,North,Widget,743
369531,North,Widget,544
369536,North,Gizmo,801
369554,North,Widget,841
369555,North,Widget,966
369583,North,Gadget,706
369589,North,Doohickey,553
369592,North,Widget,724
369645,North,Doohickey,955
369655,North,Gizmo,588
369657,North,Doohickey,628
369658,North,Widget,792
369659,North,Gizmo,843
369670,North,Gizmo,787
369673,North,Doohickey,885
369674,North,Doohickey,833
369680,North,Gadget,860
369693,North,Gadget,579
369708,North,Gadget,840
369719,North,Gizmo,562
369726,North,Gizmo,795
369729,North,Gizmo,944
369738,North,Gizmo,518
369741,North,Widget,634
369742,North,Gizmo,721
369749,North,Widget,556
369756,North,Gizmo,876
369777,North,Gizmo,801
369800,North,Doohickey,732
369844,North,Gizmo,653
369852,North,Gizmo,541
369860,North,Gadget,734
369867,North,Doohickey,792
369882,North,Doohickey,801
369907,North,Doohickey,986
369929,North,Gadget,976
369937,North,Gizmo,885
369939,North,Gadget,932
369943,North,Doohickey,623
369950,North,Doohickey,677
369954,North,Widget,972
369972,North,Widget,596
369974,North,Widget,844
369996,North,Gizmo,897
370000,North,Doohickey,777
370002,North,Widget,843
370006,North,Gizmo,522
370009,North,Doohickey,653
370010,North,Gadget,975
370024,North,Gizmo,641
370040,North,Widget,504
370042,North,Gizmo,798
370043,North,Gadget,509
370057,North,Gadget,902
370058,North,Gizmo,505
370085,North,Widget,943
370086,North,Gizmo,666
370094,North,Widget,614
370099,North,Doohickey,573
370119,North,Gizmo,894
370124,North,Gizmo,660
370127,North,Widget,843
370128,North,Widget,514
370151,North,Gizmo,594
370175,North,Widget,767
370177,North,Widget,649
370185,North,Gadget,700
370193,North,Widget,559
370216,North,Widget,544
370246,North,Gizmo,501
370248,North,Gadget,992
370251,North,Widget,819
370261,North,Gadget,815
370280,North,Widget,810
370287,North,Widget,775
370303,North,Widget,598
370313,North,Doohickey,787
370316,North,Widget,889
370317,North,Widget,823
370321,North,Doohickey,545
370323,North,Gizmo,629
370334,North,Doohickey,817
370338,North,Gadget,793
370348,North,Gadget,664
370349,North,Gizmo,938
370364,North,Widget,615
370370,North,Gadget,767
370372,North,Gizmo,662
370382,North,Doohickey,739
370397,North,Widget,642
370403,North,Doohickey,504
370407,North,Gizmo,801
370432,North,Gadget,992
370478,North,Gadget,569
370488,North,Gadget,853
370509,North,Doohickey,584
370512,North,Gizmo,735
370524,North,Doohickey,906
370534,North,Gadget,527
370549,North,Gadget,746
370570,North,Gizmo,507
370589,North,Widget,846
370591,North,Widget,535
370609,North,Doohickey,725
370615,North,Widget,936
370620,North,Gadget,516
370621,North,Doohickey,519
370637,North,Gizmo,530
370648,North,Widget,551
370658,North,Gadget,572
370678,North,Gadget,557
370679,North,Widget,606
370684,North,Gadget,716
370687,North,Doohickey,628
370691,North,Widget,550
370692,North,Doohickey,839
370713,North,Gizmo,754
370719,North,Gadget,774
370722,North,Widget,679
370730,North,Gizmo,525
370731,North,Widget,590
370732,North,Gizmo,994
370739,North,Gadget,596
370740,North,Doohickey,869
370759,North,Gizmo,660
370771,North,Doohickey,699
370772,North,Doohickey,733
370774,North,Doohickey,650
370779,North,Gizmo,690
370786,North,Gizmo,559
370792,North,Gizmo,835
370804,North,Doohickey,570
370809,North,Widget,802
370817,North,Doohickey,678
370835,North,Gadget,617
370837,North,Gizmo,752
370855,North,Gizmo,672
370858,North,Doohickey,598
370892,North,Gadget,563
370899,North,Doohickey,727
370914,North,Doohickey,819
370920,North,Widget,534
370927,North,Widget,585
370930,North,Gizmo,673
370950,North,Widget,734
370965,North,Widget,610
370970,North,Gadget,753
370973,North,Gizmo,712
370990,North,Doohickey,863
370995,North,Gadget,977
370997,North,Widget,821
370999,North,Gizmo,796
371010,North,Widget,552
371016,North,Widget,873
371017,North,Doohickey,757
371019,North,Doohickey,639
371020,North,Widget,627
371022,North,Widget,692
371027,North,Gadget,808
371033,North,Widget,692
371037,North,Widget,858
371040,North,Widget,513
371045,North,Doohickey,863
371047,North,Doohickey,721
371068,North,Gadget,892
371075,North,Widget,827
371079,North,Gizmo,521
371109,North,Gadget,872
371116,North,Gizmo,547
371138,North,Gadget,638
371148,North,Doohickey,766
371159,North,Gizmo,566
371162,North,Doohickey,947
371163,North,Gadget,942
371177,North,Gadget,671
371185,North,Gadget,526
371186,North,Gadget,700
371195,North,Gadget,562
371200,North,Gadget,824
371206,North,Doohickey,998
371214,North,Gadget,998
371225,North,Gadget,594
371226,North,Doohickey,843
371250,North,Doohickey,971
371256,North,Gadget,871
371264,North,Gadget,679
371278,North,Widget,901
371281,North,Gizmo,992
371287,North,Doohickey,604
371293,North,Gadget,717
371299,North,Gizmo,833
371304,North,Gadget,565
371307,North,Doohickey,948
371309,North,Gadget,844
371319,North,Gadget,695
371334,North,Gizmo,593
371341,North,Gadget,809
371342,North,Widget,940
371350,North,Doohickey,946
371367,North,Doohickey,882
371377,North,Gadget,738
371380,North,Gizmo,961
371413,North,Gadget,633
371416,North,Widget,690
371435,North,Doohickey,940
371437,North,Doohickey,865
371440,North,Gadget,776
371442,North,Doohickey,914
371469,North,Gizmo,944
371488,North,Gizmo,705
371491,North,Gadget,658
371493,North,Gadget,710
371494,North,Gizmo,795
371498,North,Widget,668
371504,North,Doohickey,877
371516,North,Gadget,677
371536,North,Gizmo,840
371539,North,Widget,972
371556,North,Gadget,715
371557,North,Widget,692
371572,North,Doohickey,660
371603,North,Widget,902
371616,North,Gadget,841
371622,North,Gadget,902
371628,North,Gadget,806
371632,North,Gadget,505
371640,North,Widget,764
371641,North,Widget,798
371654,North,Gizmo,761
371655,North,Doohickey,900
371659,North,Doohickey,770
371661,North,Widget,519
371663,North,Doohickey,638
371667,North,Gadget,620
371673,North,Widget,802
371677,North,Gadget,538
371678,North,Gizmo,687
371683,North,Doohickey,624
371692,North,Gadget,955
371694,North,Widget,741
371699,North,Gizmo,785
371706,North,Gizmo,532
371717,North,Doohickey,553
371722,North,Gadget,988
371735,North,Gadget,974
371738,North,Widget,762
371741,North,Doohickey,582
371746,North,Gadget,793
371752,North,Doohickey,914
371771,North,Doohickey,738
371810,North,Gadget,856
371813,North,Doohickey,738
371814,North,Gadget,891
371815,North,Gadget,507
371817,North,Gadget,759
371850,North,Widget,613
371852,North,Gadget,752
371857,North,Gadget,919
371866,North,Gadget,823
371867,North,Gizmo,877
371873,North,Gadget,844
371877,North,Gizmo,827
371889,North,Gizmo,512
371906,North,Widget,665
371930,North,Gadget,639
371938,North,Gizmo,869
371941,North,Gizmo,579
371944,North,Doohickey,561
371946,North,Gizmo,832
371955,North,Widget,677
371959,North,Gadget,570
371972,North,Doohickey,774
371974,North,Widget,864
371979,North,Widget,522
371981,North,Gizmo,519
371990,North,Gizmo,871
372009,North,Gizmo,536
372013,North,Gizmo,501
372015,North,Widget,711
372018,North,Gadget,773
372019,North,Gizmo,600
372023,North,Gadget,765
372031,North,Gadget,964
372032,North,Gadget,531
372034,North,Gizmo,753
372038,North,Gadget,864
372046,North,Widget,938
372081,North,Gizmo,797
372083,North,Widget,607
372086,North,Gadget,986
372089,North,Doohickey,674
372090,North,Gizmo,686
372096,North,Gadget,748
372109,North,Gizmo,877
372112,North,Widget,748
372124,North,Gizmo,922
372125,North,Doohickey,907
372152,North,Widget,672
372153,North,Widget,685
372158,North,Widget,750
372168,North,Gadget,840
372170,North,Doohickey,746
372181,North,Doohickey,816
372190,North,Widget,569
372193,North,Gizmo,785
372194,North,Doohickey,740
372202,North,Gizmo,909
372222,North,Gizmo,504
372227,North,Gadget,782
372232,North,Gizmo,577
372253,North,Doohickey,727
372257,North,Gizmo,996
372258,North,Widget,560
372264,North,Gadget,689
372266,North,Doohickey,799
372267,North,Gadget,542
372268,North,Widget,724
372278,North,Doohickey,747
372286,North,Doohickey,886
372289,North,Doohickey,828
372307,North,Gizmo,505
372312,North,Doohickey,685
372313,North,Gadget,876
372314,North,Gadget,600
372333,North,Widget,882
372336,North,Doohickey,583
372347,North,Gadget,981
372348,North,Gadget,965
372351,North,Gizmo,902
372365,North,Gizmo,861
372370,North,Doohickey,894
372386,North,Widget,900
372389,North,Gizmo,727
372411,North,Gizmo,509
372412,North,Gizmo,631
372414,North,Doohickey,746
372416,North,Gizmo,509
372418,North,Gizmo,658
372422,North,Doohickey,519
372423,North,Gadget,735
372428,North,Gadget,698
372429,North,Doohickey,656
372452,North,Gizmo,592
372453,North,Widget,593
372466,North,Widget,562
372476,North,Widget,595
372483,North,Doohickey,619
372490,North,Widget,587
372500,North,Doohickey,632
372504,North,Gizmo,551
372509,North,Doohickey,733
372520,North,Widget,961
372535,North,Widget,952
372536,North,Doohickey,696
372546,North,Doohickey,924
372548,North,Doohickey,579
372554,North,Widget,746
372567,North,Widget,917
372570,North,Widget,852
372575,North,Widget,579
372581,North,Gizmo,957
372588,North,Gadget,713
372592,North,Gizmo,530
372597,North,Widget,515
372602,North,Doohickey,941
372668,North,Gadget,832
372682,North,Doohickey,910
372684,North,Gadget,567
372699,North,Doohickey,897
372700,North,Gadget,759
372731,North,Gadget,746
372739,North,Doohickey,844
372740,North,Widget,501
372748,North,Gizmo,922
372759,North,Doohickey,597
372761,North,Gizmo,540
372774,North,Widget,961
372781,North,Doohickey,776
372789,North,Doohickey,658
372795,North,Gizmo,670
372798,North,Widget,969
372803,North,Doohickey,996
372804,North,Gizmo,953
372848,North,Gadget,534
372853,North,Gizmo,513
372857,North,Widget,996
372859,North,Gadget,989
372860,North,Widget,659
372871,North,Widget,969
372872,North,Gizmo,819
372883,North,Gizmo,985
372890,North,Gadget,934
372904,North,Gizmo,552
372910,North,Gadget,842
372914,North,Gizmo,742
372927,North,Gadget,641
372929,North,Gadget,825
372939,North,Gadget,826
372944,North,Gadget,741
372952,North,Widget,755
372955,North,Gadget,739
372958,North,Doohickey,927
372960,North,Widget,645
372966,North,Widget,737
372975,North,Widget,593
373018,North,Doohickey,803
373019,North,Doohickey,578
373020,North,Widget,787
373029,North,Widget,753
373034,North,Widget,647
373044,North,Gizmo,825
373045,North,Gizmo,819
373105,North,Gizmo,574
373111,North,Gizmo,774
373121,North,Widget,825
373137,North,Widget,936
373139,North,Widget,586
373148,North,Widget,993
373150,North,Gizmo,901
373161,North,Widget,975
373198,North,Gadget,679
373200,North,Widget,719
373216,North,Gadget,544
373229,North,Gizmo,659
373233,North,Widget,882
373237,North,Doohickey,512
373238,North,Gadget,531
373243,North,Widget,769
373246,North,Widget,948
373249,North,Widget,663
373251,North,Doohickey,850
373267,North,Widget,901
373271,North,Gizmo,599
373286,North,Gizmo,658
373297,North,Doohickey,869
373310,North,Gadget,566
373318,North,Doohickey,621
373322,North,Gizmo,957
373330,North,Doohickey,739
373339,North,Widget,658
373341,North,Gizmo,674
373342,North,Gizmo,753
373344,North,Doohickey,521
373347,North,Gadget,969
373353,North,Doohickey,716
373369,North,Doohickey,734
373384,North,Doohickey,884
373389,North,Widget,763
373393,North,Gadget,562
373398,North,Gizmo,815
373403,North,Widget,580
373409,North,Gizmo,946
373412,North,Gizmo,548
373415,North,Widget,546
373416,North,Gadget,627
373421,North,Gadget,581
373423,North,Doohickey,715
373460,North,Doohickey,840
373462,North,Gadget,781
373463,North,Widget,624
373464,North,Doohickey,734
373473,North,Doohickey,855
373478,North,Widget,710
373484,North,Widget,644
373497,North,Doohickey,894
373507,North,Gadget,947
373508,North,Widget,722
373510,North,Doohickey,886
373514,North,Gizmo,594
373519,North,Gizmo,905
373521,North,Doohickey,611
373522,North,Widget,978
373523,North,Doohickey,631
373529,North,Widget,893
373530,North,Gizmo,834
373548,North,Gizmo,753
373555,North,Gizmo,814
373593,North,Widget,571
373600,North,Widget,960
373607,North,Widget,600
373608,North,Gadget,714
373614,North,Gadget,911
373623,North,Gadget,553
373624,North,Widget,944
373630,North,Doohickey,550
373647,North,Widget,728
373662,North,Gizmo,810
373663,North,Gizmo,720
373665,North,Widget,946
373670,North,Gizmo,906
373673,North,Gadget,534
373676,North,Doohickey,553
373698,North,Gadget,532
373710,North,Gadget,654
373712,North,Doohickey,541
373719,North,Widget,539
373723,North,Doohickey,505
373733,North,Widget,971
373735,North,Gadget,674
373738,North,Gizmo,538
373745,North,Doohickey,658
373747,North,Gadget,907
373751,North,Widget,613
373752,North,Gadget,789
373754,North,Widget,631
373756,North,Gizmo,818
373769,North,Gizmo,560
373780,North,Doohickey,967
373787,North,Gizmo,955
373790,North,Gadget,997
373793,North,Gizmo,964
373820,North,Gizmo,777
373825,North,Gadget,876
373841,North,Doohickey,768
373847,North,Doohickey,597
373849,North,Gizmo,847
373862,North,Gizmo,550
373880,North,Gizmo,918
373884,North,Gadget,977
373886,North,Gadget,559
373893,North,Doohickey,768
373900,North,Doohickey,907
373902,North,Gizmo,885
373905,North,Gadget,718
373922,North,Doohickey,543
373926,North,Widget,587
373937,North,Gizmo,861
373945,North,Gadget,562
373947,North,Gadget,901
373957,North,Gizmo,520
373962,North,Gadget,669
373969,North,Gizmo,741
373976,North,Widget,893
373982,North,Gizmo,678
373986,North,Gizmo,946
373995,North,Gizmo,555
374001,North,Gizmo,583
374015,North,Gizmo,786
374025,North,Gizmo,543
374041,North,Gizmo,847
374043,North,Widget,782
374057,North,Gadget,849
374062,North,Gizmo,919
374093,North,Doohickey,773
374098,North,Gizmo,523
374110,North,Gadget,687
374136,North,Gadget,977
374138,North,Widget,580
374140,North,Gadget,826
374141,North,Gadget,890
374146,North,Doohickey,709
374153,North,Gizmo,654
374179,North,Widget,513
374191,North,Doohickey,761
374199,North,Gadget,922
374204,North,Widget,690
374205,North,Gadget,631
374235,North,Gadget,875
374274,North,Doohickey,874
374275,North,Doohickey,770
374284,North,Gadget,505
374312,North,Widget,952
374314,North,Widget,736
374318,North,Gadget,576
374320,North,Gadget,676
374321,North,Gizmo,834
374328,North,Widget,651
374339,North,Doohickey,960
374372,North,Widget,536
374376,North,Widget,554
374385,North,Gizmo,682
374400,North,Widget,553
374408,North,Gizmo,957
374420,North,Gadget,527
374429,North,Widget,907
374433,North,Gizmo,714
374446,North,Widget,501
374447,North,Widget,565
374469,North,Widget,777
374486,North,Gadget,882
374494,North,Doohickey,790
374508,North,Doohickey,759
374514,North,Doohickey,612
374520,North,Widget,653
374525,North,Widget,927
374537,North,Doohickey,602
374568,North,Gadget,725
374574,North,Gizmo,717
374576,North,Gizmo,765
374577,North,Widget,823
374578,North,Gizmo,591
374579,North,Widget,668
374581,North,Doohickey,605
374587,North,Widget,586
374596,North,Doohickey,805
374607,North,Doohickey,749
374616,North,Gizmo,928
374623,North,Gizmo,609
374629,North,Doohickey,921
374634,North,Gizmo,680
374635,North,Gadget,570
374640,North,Widget,905
374643,North,Gadget,653
374647,North,Gizmo,743
374648,North,Doohickey,798
374649,North,Gizmo,605
374656,North,Doohickey,623
374669,North,Gizmo,518
374670,North,Doohickey,773
374676,North,Doohickey,941
374680,North,Gizmo,908
374686,North,Gizmo,934
374715,North,Gizmo,792
374734,North,Widget,864
374735,North,Doohickey,660
374738,North,Widget,899
374751,North,Doohickey,585
374769,North,Widget,943
374770,North,Widget,590
374790,North,Gizmo,810
374803,North,Doohickey,873
374817,North,Widget,910
374823,North,Gadget,889
374839,North,Doohickey,965
374842,North,Gadget,816
374844,North,Widget,613
374848,North,Doohickey,808
374850,North,Doohickey,699
374852,North,Doohickey,621
374857,North,Doohickey,899
374865,North,Gadget,573
374868,North,Gizmo,731
374874,North,Doohickey,877
374877,North,Doohickey,707
374885,North,Gizmo,513
374892,North,Widget,967
374893,North,Gizmo,749
374902,North,Gizmo,634
374906,North,Widget,521
374915,North,Gadget,985
374920,North,Gadget,958
374941,North,Gadget,654
374944,North,Gizmo,659
374964,North,Doohickey,828
374975,North,Doohickey,835
374988,North,Doohickey,542
375004,North,Widget,616
375018,North,Widget,700
375020,North,Doohickey,765
375028,North,Widget,981
375043,North,Gadget,724
375061,North,Gizmo,914
375065,North,Widget,818
375079,North,Gizmo,672
375092,North,Gizmo,903
375117,North,Gadget,848
375127,North,Gadget,805
375143,North,Gizmo,957
375147,North,Gizmo,858
375148,North,Doohickey,668
375149,North,Gizmo,707
375154,North,Doohickey,736
375193,North,Gadget,796
375198,North,Gizmo,986
375203,North,Widget,682
375214,North,Widget,524
375232,North,Gadget,797
375244,North,Doohickey,800
375248,North,Doohickey,966
375259,North,Gadget,528
375260,North,Widget,919
375268,North,Gadget,983
375285,North,Gadget,977
375288,North,Doohickey,570
375289,North,Gadget,669
375294,North,Gizmo,749
375300,North,Widget,635
375307,North,Gadget,969
375312,North,Gadget,899
375325,North,Widget,641
375329,North,Gadget,787
375337,North,Gizmo,526
375338,North,Gizmo,526
375340,North,Doohickey,785
375342,North,Gizmo,727
375344,North,Gizmo,561
375381,North,Gadget,579
375385,North,Gizmo,594
375397,North,Gizmo,955
375403,North,Widget,550
375406,North,Gadget,645
375409,North,Gizmo,639
375416,North,Gadget,969
375418,North,Gadget,605
375429,North,Gizmo,714
375440,North,Gizmo,549
375446,North,Doohickey,894
375455,North,Gizmo,948
375457,North,Gadget,884
375460,North,Gadget,727
375482,North,Gizmo,609
375484,North,Gizmo,616
375486,North,Gizmo,914
375487,North,Widget,673
375488,North,Gizmo,919
375503,North,Gizmo,698
375506,North,Doohickey,955
375515,North,Gadget,612
375522,North,Gizmo,900
375525,North,Gizmo,997
375528,North,Gizmo,841
375532,North,Gadget,774
375534,North,Gizmo,517
375543,North,Widget,783
375557,North,Gadget,936
375563,North,Doohickey,849
375593,North,Widget,593
375597,North,Gizmo,514
375598,North,Gizmo,735
375606,North,Gadget,968
375614,North,Gizmo,884
375617,North,Doohickey,633
375622,North,Widget,775
375623,North,Doohickey,772
375624,North,Doohickey,632
375637,North,Gizmo,977
375650,North,Doohickey,528
375673,North,Doohickey,509
375708,North,Gizmo,565
375725,North,Gizmo,844
375742,North,Gadget,689
375743,North,Widget,706
375755,North,Gadget,508
375768,North,Doohickey,851
375781,North,Gizmo,861
375789,North,Doohickey,873
375797,North,Widget,942
375798,North,Widget,871
375822,North,Doohickey,776
375834,North,Gadget,789
375845,North,Gadget,743
375870,North,Widget,662
375888,North,Gadget,848
375893,North,Doohickey,507
375899,North,Gadget,763
375904,North,Gizmo,665
375930,North,Gizmo,832
375952,North,Doohickey,646
375962,North,Gadget,997
375968,North,Gizmo,897
375977,North,Widget,675
375979,North,Gadget,556
375983,North,Gizmo,796
376006,North,Widget,622
376008,North,Gadget,714
376023,North,Gizmo,515
376024,North,Widget,773
376036,North,Gizmo,639
376039,North,Widget,976
376040,North,Gizmo,780
376047,North,Gadget,940
376049,North,Gizmo,972
376053,North,Gizmo,723
376060,North,Doohickey,974
376062,North,Widget,976
376066,North,Widget,933
376068,North,Widget,637
376070,North,Gizmo,861
376076,North,Doohickey,713
376083,North,Gizmo,886
376092,North,Gadget,536
376093,North,Widget,869
376095,North,Widget,856
376098,North,Doohickey,986
376102,North,Gizmo,927
376105,North,Doohickey,723
376108,North,Doohickey,874
376112,North,Gizmo,523
376114,North,Gizmo,814
376115,North,Widget,917
376132,North,Gadget,900
376136,North,Gadget,564
376145,North,Gizmo,768
376156,North,Gizmo,693
376166,North,Widget,778
376171,North,Gadget,692
376173,North,Gizmo,680
376184,North,Doohickey,687
376189,North,Doohickey,775
376191,North,Doohickey,558
376204,North,Gizmo,616
376232,North,Gadget,852
376237,North,Gizmo,810
376239,North,Gizmo,701
376243,North,Widget,701
376244,North,Doohickey,508
376247,North,Gadget,856
376261,North,Gadget,701
376284,North,Gadget,697
376287,North,Widget,566
376298,North,Widget,585
376320,North,Widget,652
376325,North,Doohickey,560
376329,North,Widget,683
376331,North,Doohickey,795
376341,North,Widget,960
376348,North,Gizmo,762
376374,North,Widget,949
376384,North,Doohickey,688
376387,North,Gizmo,540
376410,North,Gadget,595
376416,North,Doohickey,990
376420,North,Gadget,693
376422,North,Doohickey,662
376423,North,Gadget,921
376424,North,Doohickey,874
376428,North,Widget,793
376431,North,Gizmo,986
376436,North,Gadget,678
376439,North,Widget,818
376447,North,Doohickey,577
376450,North,Gadget,961
376453,North,Gizmo,596
376460,North,Gadget,717
376468,North,Doohickey,677
376490,North,Gizmo,842
376491,North,Widget,802
376497,North,Gizmo,826
376518,North,Widget,647
376521,North,Gadget,674
376551,North,Gadget,984
376553,North,Gadget,545
376558,North,Widget,873
376577,North,Gadget,503
376586,North,Gizmo,968
376595,North,Gadget,520
376602,North,Gadget,781
376608,North,Widget,958
376653,North,Widget,851
376655,North,Doohickey,649
376658,North,Widget,977
376659,North,Widget,956
376664,North,Gizmo,793
376676,North,Gizmo,597
376685,North,Widget,972
376694,North,Widget,911
376705,North,Gadget,930
376707,North,Doohickey,599
376710,North,Gadget,762
376712,North,Doohickey,650
376714,North,Widget,779
376715,North,Widget,787
376717,North,Widget,668
376721,North,Doohickey,661
376722,North,Doohickey,772
376724,North,Doohickey,501
376756,North,Doohickey,758
376761,North,Doohickey,775
376762,North,Gizmo,625
376764,North,Doohickey,961
376795,North,Gizmo,661
376800,North,Doohickey,538
376807,North,Gizmo,590
376838,North,Doohickey,653
376845,North,Gizmo,657
376848,North,Gizmo,577
376849,North,Widget,814
376856,North,Gizmo,718
376864,North,Widget,994
376868,North,Gizmo,740
376871,North,Gizmo,856
376872,North,Gizmo,896
376874,North,Doohickey,639
376879,North,Doohickey,813
376893,North,Gadget,750
376907,North,Gizmo,581
376914,North,Gizmo,965
376927,North,Gadget,898
376933,North,Widget,675
376942,North,Gadget,782
376947,North,Gadget,541
376959,North,Doohickey,667
376964,North,Widget,893
376966,North,Doohickey,624
376974,North,Gadget,935
376993,North,Doohickey,843
376995,North,Doohickey,654
377007,North,Gizmo,581
377031,North,Doohickey,835
377036,North,Gadget,977
377050,North,Doohickey,885
377071,North,Gadget,985
377087,North,Gizmo,797
377099,North,Doohickey,818
377104,North,Doohickey,846
377105,North,Gizmo,981
377119,North,Gadget,697
377120,North,Gadget,657
377128,North,Gizmo,942
377129,North,Widget,709
377131,North,Widget,673
377132,North,Widget,799
377136,North,Gadget,977
377141,North,Widget,835
377147,North,Doohickey,575
377149,North,Widget,969
377154,North,Widget,513
377159,North,Gizmo,716
377187,North,Doohickey,959
377210,North,Gadget,638
377218,North,Gadget,517
377231,North,Gizmo,542
377233,North,Doohickey,726
377243,North,Doohickey,732
377247,North,Gizmo,591
377275,North,Doohickey,512
377278,North,Gadget,610
377282,North,Doohickey,598
377292,North,Doohickey,598
377293,North,Widget,938
377296,North,Gadget,645
377301,North,Gizmo,654
377327,North,Widget,749
377337,North,Gizmo,562
377338,North,Gizmo,952
377343,North,Gadget,735
377356,North,Gizmo,927
377371,North,Gizmo,921
377401,North,Doohickey,933
377404,North,Gadget,518
377405,North,Gizmo,853
377411,North,Gadget,886
377413,North,Gadget,624
377416,North,Doohickey,898
377417,North,Gizmo,613
377418,North,Widget,727
377431,North,Widget,570
377442,North,Widget,595
377447,North,Gadget,762
377455,North,Doohickey,825
377457,North,Gizmo,543
377459,North,Doohickey,772
377461,North,Gadget,731
377463,North,Gadget,655
377467,North,Gizmo,761
377473,North,Gizmo,901
377495,North,Widget,978
377505,North,Gizmo,569
377513,North,Widget,901
377519,North,Gadget,902
377531,North,Doohickey,501
377539,North,Gizmo,656
377544,North,Widget,801
377550,North,Gizmo,739
377561,North,Doohickey,547
377574,North,Gizmo,994
377581,North,Widget,869
377593,North,Gadget,622
377597,North,Gadget,953
377598,North,Gizmo,758
377600,North,Doohickey,580
377604,North,Widget,861
377606,North,Doohickey,969
377613,North,Widget,724
377620,North,Gadget,894
377626,North,Gadget,538
377630,North,Doohickey,886
377635,North,Gadget,581
377641,North,Gizmo,699
377650,North,Gizmo,850
377656,North,Gadget,989
377660,North,Gizmo,695
377676,North,Doohickey,759
377679,North,Doohickey,922
377680,North,Gadget,553
377685,North,Widget,693
377707,North,Gizmo,824
377713,North,Gizmo,876
377723,North,Doohickey,723
377733,North,Widget,810
377737,North,Widget,913
377740,North,Gizmo,650
377751,North,Widget,544
377753,North,Doohickey,605
377755,North,Gizmo,636
377756,North,Doohickey,830
377758,North,Widget,889
377760,North,Gizmo,780
377783,North,Widget,690
377799,North,Widget,857
377807,North,Widget,737
377810,North,Gizmo,932
377811,North,Gizmo,877
377829,North,Doohickey,512
377835,North,Gizmo,525
377859,North,Gizmo,880
377864,North,Widget,710
377868,North,Gizmo,727
377870,North,Gadget,816
377875,North,Gizmo,881
377876,North,Doohickey,885
377883,North,Doohickey,713
377923,North,Widget,894
377924,North,Widget,706
377926,North,Widget,796
377931,North,Widget,747
377932,North,Gizmo,944
377939,North,Doohickey,888
377943,North,Widget,544
377944,North,Widget,905
377950,North,Widget,600
377951,North,Widget,728
377957,North,Widget,505
377976,North,Doohickey,975
377980,North,Doohickey,761
377983,North,Gadget,893
377984,North,Doohickey,761
377985,North,Widget,723
377986,North,Gadget,933
378008,North,Gadget,736
378011,North,Widget,769
378028,North,Doohickey,907
378036,North,Gizmo,927
378039,North,Doohickey,505
378041,North,Gadget,621
378048,North,Widget,935
378056,North,Doohickey,680
378059,North,Gizmo,501
378065,North,Gizmo,655
378080,North,Widget,893
378112,North,Gadget,746
378125,North,Widget,694
378140,North,Widget,540
378141,North,Doohickey,709
378154,North,Gizmo,709
378168,North,Widget,844
378183,North,Doohickey,750
378196,North,Gadget,695
378201,North,Doohickey,840
378206,North,Widget,722
378208,North,Gadget,529
378212,North,Gadget,683
378216,North,Widget,747
378222,North,Widget,566
378247,North,Gadget,544
378248,North,Widget,988
378255,North,Doohickey,627
378261,North,Gizmo,882
378265,North,Widget,855
378268,North,Gizmo,699
378270,North,Doohickey,526
378282,North,Widget,863
378292,North,Gizmo,711
378317,North,Gadget,731
378318,North,Gizmo,621
378341,North,Widget,655
378366,North,Doohickey,951
378368,North,Gadget,888
378370,North,Gizmo,531
378377,North,Doohickey,509
378378,North,Gadget,563
378383,North,Gadget,593
378405,North,Doohickey,913
378408,North,Gizmo,959
378411,North,Gizmo,663
378419,North,Gizmo,844
378420,North,Gadget,796
378427,North,Gadget,760
378428,North,Widget,965
378429,North,Gadget,836
378446,North,Doohickey,842
378454,North,Doohickey,695
378461,North,Gadget,783
378463,North,Widget,961
378472,North,Doohickey,869
378481,North,Gadget,559
378482,North,Gadget,714
378495,North,Gizmo,507
378497,North,Gadget,965
378498,North,Widget,632
378502,North,Doohickey,694
378516,North,Doohickey,638
378548,North,Gadget,971
378557,North,Doohickey,809
378564,North,Widget,588
378574,North,Gadget,556
378582,North,Gizmo,792
378584,North,Gadget,536
378586,North,Widget,911
378588,North,Gizmo,886
378593,North,Doohickey,753
378611,North,Doohickey,704
378623,North,Widget,646
378627,North,Doohickey,664
378644,North,Doohickey,756
378646,North,Widget,797
378651,North,Doohickey,697
378662,North,Gadget,642
378666,North,Gadget,565
378675,North,Widget,916
378688,North,Gadget,625
378693,North,Widget,616
378713,North,Gizmo,551
378716,North,Gizmo,877
378720,North,Widget,557
378729,North,Widget,581
378731,North,Widget,795
378736,North,Doohickey,742
378754,North,Widget,757
378760,North,Gadget,503
378769,North,Doohickey,852
378770,North,Gadget,751
378786,North,Gizmo,601
378794,North,Doohickey,921
378804,North,Widget,565
378833,North,Widget,874
378837,North,Doohickey,899
378849,North,Gadget,718
378855,North,Widget,992
378856,North,Gizmo,562
378860,North,Doohickey,680
378872,North,Gizmo,627
378877,North,Gadget,606
378880,North,Gizmo,936
378905,North,Gadget,827
378910,North,Doohickey,598
378918,North,Doohickey,861
378924,North,Doohickey,770
378933,North,Gadget,867
378940,North,Gadget,932
378955,North,Gadget,888
378960,North,Gizmo,739
378984,North,Doohickey,760
378985,North,Gizmo,677
378990,North,Gizmo,734
378992,North,Gizmo,707
378994,North,Gadget,727
378999,North,Widget,528
379011,North,Doohickey,897
379012,North,Gadget,636
379013,North,Gizmo,509
379016,North,Doohickey,647
379039,North,Gadget,918
379071,North,Widget,524
379072,North,Gadget,780
379081,North,Gizmo,940
379083,North,Doohickey,922
379087,North,Widget,878
379094,North,Gadget,585
379101,North,Widget,980
379106,North,Doohickey,899
379148,North,Gadget,623
379151,North,Doohickey,986
379161,North,Doohickey,676
379167,North,Widget,635
379173,North,Gadget,899
379175,North,Widget,802
379183,North,Widget,877
379210,North,Doohickey,836
379214,North,Doohickey,996
379216,North,Widget,822
379221,North,Widget,915
379232,North,Gadget,608
379233,North,Widget,846
379234,North,Doohickey,501
379257,North,Doohickey,881
379266,North,Gizmo,811
379274,North,Gadget,556
379302,North,Gizmo,730
379309,North,Doohickey,737
379320,North,Gadget,693
379336,North,Doohickey,964
379344,North,Gizmo,538
379348,North,Doohickey,518
379354,North,Doohickey,511
379371,North,Gadget,973
379380,North,Widget,718
379383,North,Doohickey,558
379384,North,Doohickey,769
379387,North,Widget,835
379388,North,Gizmo,666
379391,North,Widget,790
379395,North,Gizmo,743
379399,North,Gadget,803
379415,North,Doohickey,696
379419,North,Doohickey,708
379431,North,Doohickey,612
379435,North,Gizmo,700
379436,North,Widget,869
379453,North,Doohickey,671
379465,North,Gizmo,544
379472,North,Widget,605
379474,North,Doohickey,691
379494,North,Doohickey,944
379513,North,Gizmo,731
379522,North,Doohickey,788
379525,North,Widget,584
379532,North,Gizmo,519
379561,North,Widget,994
379573,North,Doohickey,713
379574,North,Gadget,963
379583,North,Widget,794
379595,North,Gizmo,578
379623,North,Gizmo,735
379631,North,Doohickey,925
379634,North,Gadget,691
379640,North,Doohickey,774
379671,North,Doohickey,645
379676,North,Doohickey,561
379677,North,Widget,933
379681,North,Widget,542
379686,North,Gadget,633
379687,North,Doohickey,525
379692,North,Doohickey,751
379698,North,Gizmo,874
379699,North,Widget,986
379703,North,Gizmo,725
379706,North,Widget,999
379708,North,Gadget,819
379713,North,Widget,868
379715,North,Gadget,723
379723,North,Gadget,860
379724,North,Widget,507
379730,North,Gadget,867
379738,North,Widget,968
379745,North,Gizmo,595
379746,North,Doohickey,898
379750,North,Gadget,911
379751,North,Doohickey,646
379752,North,Doohickey,924
379755,North,Doohickey,977
379757,North,Gadget,697
379759,North,Doohickey,871
379772,North,Doohickey,969
379777,North,Widget,858
379780,North,Gizmo,667
379796,North,Doohickey,650
379804,North,Gadget,676
379810,North,Doohickey,743
379814,North,Gizmo,637
379819,North,Widget,599
379833,North,Widget,668
379840,North,Widget,732
379862,North,Gadget,833
379872,North,Gadget,827
379876,North,Widget,917
379879,North,Gizmo,560
379881,North,Gizmo,585
379895,North,Gizmo,836
379896,North,Widget,880
379904,North,Doohickey,857
379907,North,Gizmo,577
379908,North,Gizmo,930
379913,North,Gadget,662
379915,North,Gadget,611
379917,North,Doohickey,921
379928,North,Gadget,576
379930,North,Gadget,549
379938,North,Gizmo,684
379943,North,Gizmo,549
379944,North,Widget,783
379955,North,Gizmo,728
379964,North,Gizmo,868
379989,North,Widget,677
379998,North,Gadget,833
380016,North,Widget,932
380018,North,Widget,850
380025,North,Gizmo,813
380034,North,Doohickey,646
380036,North,Gadget,749
380051,North,Widget,973
380052,North,Gadget,714
380063,North,Widget,620
380075,North,Doohickey,885
380076,North,Doohickey,680
380094,North,Gizmo,580
380095,North,Doohickey,568
380108,North,Gadget,577
380114,North,Gadget,574
380131,North,Widget,508
380137,North,Doohickey,694
380140,North,Gadget,819
380141,North,Doohickey,841
380161,North,Doohickey,708
380168,North,Gizmo,782
380173,North,Gizmo,846
380179,North,Widget,718
380183,North,Gadget,676
380188,North,Doohickey,958
380190,North,Doohickey,917
380191,North,Gadget,553
380198,North,Gadget,719
380202,North,Gizmo,677
380250,North,Widget,851
380259,North,Gadget,986
380268,North,Widget,603
380280,North,Gizmo,955
380304,North,Gadget,573
380310,North,Gadget,551
380322,North,Doohickey,711
380353,North,Doohickey,844
380362,North,Gizmo,635
380391,North,Doohickey,865
380398,North,Gizmo,540
380403,North,Widget,918
380410,North,Doohickey,931
380418,North,Gadget,754
380429,North,Widget,901
380433,North,Gadget,592
380454,North,Doohickey,588
380469,North,Gadget,925
380470,North,Widget,901
380476,North,Gizmo,642
380480,North,Doohickey,534
380482,North,Widget,724
380494,North,Doohickey,623
380500,North,Gizmo,864
380508,North,Widget,942
380531,North,Doohickey,503
380532,North,Doohickey,721
380533,North,Gizmo,760
380537,North,Gadget,649
380541,North,Gadget,730
380556,North,Doohickey,994
380558,North,Gadget,921
380562,North,Gadget,680
380567,North,Doohickey,613
380568,North,Doohickey,664
380577,North,Doohickey,985
380606,North,Widget,732
380614,North,Gizmo,557
380622,North,Doohickey,851
380638,North,Gadget,625
380639,North,Doohickey,504
380642,North,Doohickey,961
380648,North,Doohickey,639
380654,North,Doohickey,662
380657,North,Gizmo,761
380668,North,Gizmo,629
380674,North,Gizmo,619
380684,North,Gadget,898
380706,North,Doohickey,642
380708,North,Gadget,565
380721,North,Doohickey,910
380725,North,Widget,624
380734,North,Doohickey,513
380742,North,Gadget,522
380744,North,Doohickey,614
380752,North,Gizmo,518
380755,North,Widget,727
380763,North,Gizmo,814
380769,North,Widget,818
380781,North,Gadget,615
380782,North,Gizmo,566
380784,North,Gizmo,767
380806,North,Widget,518
380821,North,Gadget,991
380825,North,Doohickey,860
380828,North,Gizmo,998
380833,North,Doohickey,725
380842,North,Gadget,796
380844,North,Gadget,755
380850,North,Gadget,872
380860,North,Gadget,963
380866,North,Widget,856
380878,North,Widget,603
380881,North,Widget,955
380898,North,Doohickey,902
380901,North,Gizmo,532
380905,North,Doohickey,567
380908,North,Doohickey,520
380910,North,Widget,956
380914,North,Doohickey,973
380916,North,Gizmo,896
380937,North,Doohickey,724
380948,North,Gizmo,985
380951,North,Doohickey,667
380953,North,Gizmo,838
380978,North,Widget,951
380989,North,Widget,549
380990,North,Gizmo,792
380998,North,Gizmo,828
381007,North,Gadget,943
381012,North,Gizmo,648
381018,North,Gizmo,521
381026,North,Widget,714
381038,North,Doohickey,544
381040,North,Doohickey,997
381041,North,Widget,590
381043,North,Gadget,535
381046,North,Gadget,956
381053,North,Widget,788
381076,North,Gadget,883
381077,North,Gadget,894
381079,North,Gadget,549
381081,North,Doohickey,681
381086,North,Gadget,562
381088,North,Gizmo,952
381093,North,Gizmo,655
381106,North,Gizmo,780
381110,North,Widget,965
381115,North,Doohickey,780
381116,North,Gizmo,749
381119,North,Doohickey,581
381124,North,Gizmo,654
381126,North,Widget,725
381129,North,Doohickey,852
381132,North,Gizmo,653
381136,North,Doohickey,959
381139,North,Gadget,538
381140,North,Gadget,711
381145,North,Gizmo,755
381160,North,Gizmo,745
381164,North,Widget,514
381178,North,Gadget,827
381179,North,Doohickey,688
381195,North,Gadget,703
381199,North,Doohickey,894
381203,North,Widget,835
381217,North,Widget,799
381239,North,Widget,722
381242,North,Gizmo,671
381248,North,Doohickey,809
381274,North,Widget,964
381276,North,Gizmo,913
381282,North,Widget,725
381307,North,Gizmo,808
381313,North,Gizmo,576
381322,North,Gizmo,674
381324,North,Gadget,996
381328,North,Gizmo,514
381331,North,Gadget,666
381341,North,Gadget,651
381347,North,Doohickey,809
381351,North,Doohickey,635
381363,North,Gadget,899
381380,North,Doohickey,635
381388,North,Gizmo,664
381394,North,Doohickey,749
381402,North,Doohickey,888
381422,North,Widget,839
381423,North,Gizmo,597
381424,North,Doohickey,545
381434,North,Doohickey,967
381435,North,Gadget,609
381437,North,Gadget,700
381440,North,Gizmo,813
381444,North,Gizmo,994
381450,North,Gadget,553
381458,North,Widget,752
381463,North,Doohickey,599
381485,North,Gizmo,855
381502,North,Gadget,529
381511,North,Doohickey,556
381527,North,Widget,880
381529,North,Widget,969
381546,North,Widget,814
381560,North,Widget,843
381567,North,Gizmo,749
381575,North,Widget,998
381599,North,Widget,689
381607,North,Gadget,794
381614,North,Widget,992
381619,North,Widget,647
381624,North,Gadget,668
381639,North,Gadget,600
381650,North,Widget,761
381681,North,Gizmo,537
381683,North,Widget,977
381691,North,Widget,880
381695,North,Widget,766
381696,North,Gizmo,971
381703,North,Gizmo,801
381706,North,Doohickey,628
381707,North,Doohickey,944
381708,North,Doohickey,580
381709,North,Doohickey,596
381733,North,Gizmo,938
381747,North,Gadget,859
381757,North,Widget,844
381760,North,Doohickey,967
381768,North,Gizmo,835
381783,North,Gadget,927
381785,North,Gizmo,836
381803,North,Doohickey,612
381816,North,Widget,877
381825,North,Gadget,623
381826,North,Gadget,867
381832,North,Gizmo,590
381842,North,Gizmo,932
381843,North,Gizmo,663
381847,North,Gizmo,919
381856,North,Doohickey,530
381859,North,Gizmo,884
381861,North,Gadget,819
381895,North,Gadget,994
381913,North,Gizmo,599
381916,North,Widget,729
381921,North,Widget,663
381930,North,Doohickey,821
381931,North,Gadget,768
381953,North,Doohickey,674
381970,North,Doohickey,1000
381971,North,Doohickey,893
381975,North,Widget,712
381981,North,Doohickey,633
381984,North,Widget,835
381991,North,Doohickey,957
381993,North,Gadget,652
382011,North,Widget,940
382027,North,Doohickey,769
382058,North,Widget,633
382066,North,Gizmo,573
382072,North,Doohickey,690
382073,North,Widget,602
382080,North,Doohickey,568
382081,North,Gizmo,785
382089,North,Widget,871
382091,North,Gadget,564
382094,North,Gadget,544
382106,North,Gadget,700
382124,North,Doohickey,896
382130,North,Doohickey,874
382138,North,Gadget,881
382152,North,Widget,516
382156,North,Widget,537
382169,North,Doohickey,636
382182,North,Gadget,900
382183,North,Gizmo,922
382189,North,Widget,984
382222,North,Gizmo,796
382224,North,Gizmo,705
382233,North,Widget,731
382248,North,Doohickey,882
382252,North,Gizmo,684
382263,North,Gizmo,596
382267,North,Doohickey,983
382293,North,Doohickey,952
382295,North,Widget,792
382319,North,Gadget,700
382322,North,Gadget,922
382343,North,Gadget,752
382346,North,Gizmo,666
382349,North,Gadget,901
382350,North,Gizmo,690
382354,North,Doohickey,971
382371,North,Gadget,844
382386,North,Widget,871
382400,North,Gizmo,527
382405,North,Gadget,891
382410,North,Doohickey,790
382420,North,Gadget,537
382421,North,Gizmo,842
382435,North,Widget,897
382443,North,Widget,677
382445,North,Gadget,1000
382448,North,Widget,802
382451,North,Gizmo,779
382463,North,Doohickey,752
382465,North,Gadget,921
382466,North,Gizmo,947
382496,North,Gizmo,749
382504,North,Gadget,816
382505,North,Widget,562
382515,North,Doohickey,869
382522,North,Gadget,881
382524,North,Gadget,516
382537,North,Gadget,578
382556,North,Gadget,627
382573,North,Gadget,644
382587,North,Doohickey,871
382590,North,Doohickey,534
382591,North,Doohickey,961
382606,North,Widget,969
382609,North,Widget,707
382620,North,Gizmo,746
382622,North,Doohickey,517
382626,North,Gizmo,601
382653,North,Gadget,623
382666,North,Doohickey,967
382668,North,Doohickey,727
382681,North,Doohickey,923
382685,North,Widget,560
382690,North,Gadget,616
382698,North,Doohickey,529
382751,North,Widget,686
382767,North,Doohickey,935
382779,North,Doohickey,983
382789,North,Gadget,613
382802,North,Gizmo,662
382812,North,Doohickey,731
382841,North,Gizmo,610
382843,North,Widget,846
382846,North,Doohickey,901
382848,North,Gizmo,886
382852,North,Gadget,713
382882,North,Gizmo,512
382889,North,Gizmo,599
382903,North,Gizmo,617
382906,North,Gadget,874
382918,North,Gizmo,922
382925,North,Gadget,635
382932,North,Widget,538
382936,North,Doohickey,635
382945,North,Doohickey,665
382968,North,Doohickey,722
382969,North,Doohickey,637
382984,North,Doohickey,548
382985,North,Gizmo,560
382995,North,Gadget,631
382996,North,Gizmo,753
382997,North,Gadget,867
382998,North,Doohickey,976
383002,North,Gizmo,983
383017,North,Widget,611
383028,North,Gadget,685
383029,North,Gizmo,890
383031,North,Doohickey,720
383035,North,Doohickey,615
383036,North,Widget,692
383039,North,Doohickey,709
383041,North,Gizmo,552
383044,North,Gizmo,916
383058,North,Doohickey,871
383063,North,Doohickey,570
383071,North,Gizmo,591
383072,North,Gadget,973
383077,North,Widget,556
383126,North,Widget,743
383132,North,Widget,801
383134,North,Gizmo,849
383140,North,Gadget,539
383147,North,Gizmo,938
383166,North,Doohickey,863
383182,North,Widget,670
383188,North,Gizmo,913
383210,North,Gadget,505
383219,North,Widget,777
383226,North,Gizmo,808
383247,North,Doohickey,699
383251,North,Widget,882
383252,North,Doohickey,982
383253,North,Widget,663
383256,North,Doohickey,822
383259,North,Widget,842
383267,North,Gadget,599
383275,North,Gizmo,710
383278,North,Gizmo,619
383283,North,Widget,971
383293,North,Gizmo,544
383299,North,Gadget,926
383309,North,Doohickey,980
383311,North,Gadget,897
383317,North,Gizmo,817
383324,North,Doohickey,953
383328,North,Widget,948
383333,North,Doohickey,613
383336,North,Gizmo,874
383342,North,Widget,584
383346,North,Gadget,766
383351,North,Gizmo,783
383358,North,Widget,716
383359,North,Doohickey,619
383362,North,Widget,522
383380,North,Doohickey,583
383381,North,Widget,547
383387,North,Widget,604
383415,North,Widget,652
383426,North,Widget,653
383431,North,Doohickey,598
383434,North,Gadget,831
383435,North,Widget,533
383442,North,Widget,874
383452,North,Gadget,959
383465,North,Doohickey,856
383466,North,Gadget,599
383467,North,Gadget,905
383468,North,Gadget,856
383470,North,Gadget,905
383475,North,Doohickey,655
383476,North,Gadget,888
383490,North,Widget,901
383497,North,Gadget,891
383500,North,Gizmo,833
383523,North,Widget,909
383536,North,Gadget,960
383542,North,Widget,775
383558,North,Widget,999
383575,North,Gizmo,779
383582,North,Gadget,800
383586,North,Widget,509
383589,North,Widget,609
383590,North,Gadget,911
383601,North,Widget,690
383610,North,Widget,584
383611,North,Gadget,514
383637,North,Gadget,681
383641,North,Gizmo,990
383647,North,Gadget,674
383649,North,Widget,914
383650,North,Gizmo,514
383653,North,Gizmo,961
383661,North,Gizmo,601
383666,North,Gizmo,670
383675,North,Widget,558
383681,North,Doohickey,657
383686,North,Gadget,577
383701,North,Widget,972
383711,North,Gizmo,749
383715,North,Doohickey,761
383727,North,Gizmo,754
383740,North,Gizmo,861
383744,North,Doohickey,704
383754,North,Widget,601
383755,North,Gadget,881
383782,North,Widget,542
383790,North,Widget,846
383796,North,Doohickey,780
383802,North,Gadget,636
383809,North,Widget,927
383812,North,Doohickey,952
383818,North,Widget,959
383819,North,Gizmo,749
383824,North,Gizmo,571
383826,North,Gadget,696
383827,North,Widget,822
383830,North,Widget,876
383832,North,Gizmo,687
383850,North,Widget,803
383858,North,Gadget,864
383878,North,Gizmo,746
383880,North,Gizmo,532
383881,North,Gizmo,568
383891,North,Gadget,999
383906,North,Gizmo,542
383925,North,Widget,545
383930,North,Widget,867
383932,North,Doohickey,765
383946,North,Gadget,511
383955,North,Doohickey,610
383966,North,Gizmo,603
383967,North,Gadget,988
383971,North,Gizmo,811
383974,North,Gadget,720
384000,North,Gadget,543
384005,North,Gadget,902
384008,North,Gadget,637
384011,North,Doohickey,836
384013,North,Gadget,745
384016,North,Doohickey,656
384024,North,Gadget,773
384034,North,Gizmo,606
384043,North,Doohickey,601
384048,North,Gadget,587
384053,North,Doohickey,911
384065,North,Doohickey,702
384081,North,Gadget,738
384085,North,Gizmo,767
384092,North,Gizmo,859
384093,North,Gadget,785
384097,North,Gizmo,620
384102,North,Widget,740
384103,North,Doohickey,747
384108,North,Gadget,851
384134,North,Gizmo,708
384147,North,Gizmo,963
384150,North,Doohickey,855
384178,North,Gizmo,610
384181,North,Widget,530
384184,North,Doohickey,811
384197,North,Widget,899
384200,North,Gadget,950
384204,North,Widget,623
384209,North,Gizmo,748
384212,North,Gizmo,508
384213,North,Gizmo,632
384240,North,Gizmo,878
384253,North,Doohickey,599
384262,North,Widget,655
384264,North,Gizmo,865
384265,North,Doohickey,985
384278,North,Gizmo,590
384279,North,Gadget,899
384286,North,Gizmo,524
384296,North,Gadget,841
384301,North,Gadget,840
384304,North,Gadget,931
384310,North,Widget,994
384312,North,Doohickey,620
384330,North,Gizmo,815
384337,North,Widget,789
384346,North,Widget,956
384353,North,Doohickey,656
384356,North,Doohickey,851
384383,North,Widget,648
384384,North,Widget,733
384385,North,Doohickey,865
384389,North,Gadget,767
384408,North,Gizmo,957
384409,North,Gizmo,992
384414,North,Gizmo,705
384420,North,Gizmo,557
384421,North,Doohickey,547
384423,North,Widget,557
384426,North,Gizmo,875
384440,North,Gadget,789
384441,North,Doohickey,877
384442,North,Gizmo,601
384447,North,Gizmo,994
384451,North,Doohickey,789
384475,North,Widget,840
384516,North,Gizmo,952
384517,North,Gizmo,501
384527,North,Widget,844
384542,North,Gizmo,976
384556,North,Doohickey,877
384557,North,Widget,909
384563,North,Gadget,528
384564,North,Gadget,971
384566,North,Gizmo,855
384584,North,Doohickey,983
384598,North,Doohickey,785
384600,North,Doohickey,693
384606,North,Doohickey,553
384618,North,Doohickey,698
384624,North,Doohickey,665
384626,North,Widget,785
384630,North,Doohickey,802
384637,North,Gadget,541
384642,North,Gadget,697
384645,North,Widget,819
384649,North,Gadget,690
384655,North,Gadget,894
384662,North,Gizmo,902
384664,North,Gizmo,831
384670,North,Gizmo,743
384671,North,Gadget,776
384676,North,Gizmo,880
384698,North,Gizmo,900
384708,North,Widget,778
384715,North,Gizmo,614
384718,North,Widget,819
384733,North,Gizmo,806
384736,North,Gadget,994
384740,North,Doohickey,721
384756,North,Widget,752
384759,North,Doohickey,702
384761,North,Gadget,790
384777,North,Doohickey,991
384780,North,Doohickey,874
384781,North,Widget,534
384797,North,Widget,557
384804,North,Gadget,902
384806,North,Widget,742
384809,North,Gadget,590
384810,North,Widget,747
384816,North,Gizmo,811
384817,North,Gadget,752
384825,North,Gizmo,931
384826,North,Gizmo,753
384830,North,Widget,564
384844,North,Widget,823
384848,North,Gizmo,926
384849,North,Doohickey,868
384854,North,Gadget,860
384856,North,Widget,609
384863,North,Gadget,955
384869,North,Widget,541
384871,North,Widget,628
384878,North,Widget,822
384882,North,Gadget,785
384884,North,Doohickey,814
384890,North,Doohickey,888
384897,North,Gizmo,695
384899,North,Gadget,947
384908,North,Gadget,544
384928,North,Gadget,589
384935,North,Gadget,961
384952,North,Doohickey,729
384957,North,Widget,727
384968,North,Gadget,779
384972,North,Widget,833
384976,North,Doohickey,936
385003,North,Gizmo,509
385008,North,Gizmo,662
385014,North,Gizmo,872
385044,North,Doohickey,761
385046,North,Widget,584
385050,North,Doohickey,674
385055,North,Gadget,984
385069,North,Widget,857
385074,North,Gadget,722
385076,North,Gadget,940
385093,North,Gadget,796
385102,North,Widget,523
385122,North,Gadget,538
385126,North,Gadget,827
385133,North,Gizmo,933
385145,North,Gadget,782
385146,North,Widget,628
385148,North,Widget,733
385150,North,Gizmo,888
385155,North,Gadget,530
385159,North,Widget,965
385167,North,Doohickey,635
385168,North,Gadget,559
385190,North,Gizmo,725
385207,North,Widget,708
385221,North,Doohickey,729
385233,North,Gadget,915
385249,North,Widget,896
385255,North,Gadget,508
385256,North,Widget,940
385258,North,Widget,542
385270,North,Gizmo,919
385276,North,Gadget,546
385277,North,Gadget,546
385284,North,Doohickey,952
385293,North,Gadget,994
385298,North,Doohickey,564
385301,North,Gadget,686
385306,North,Gadget,739
385315,North,Gadget,869
385316,North,Gadget,548
385328,North,Doohickey,707
385329,North,Gadget,509
385334,North,Widget,602
385348,North,Widget,527
385349,North,Widget,594
385356,North,Doohickey,730
385357,North,Doohickey,728
385385,North,Widget,768
385387,North,Gizmo,610
385406,North,Doohickey,986
385434,North,Gizmo,562
385441,North,Gadget,576
385445,North,Widget,626
385449,North,Gadget,639
385456,North,Widget,501
385460,North,Doohickey,724
385473,North,Doohickey,570
385487,North,Widget,563
385489,North,Widget,695
385498,North,Doohickey,595
385505,North,Gizmo,735
385509,North,Gizmo,523
385516,North,Doohickey,824
385521,North,Widget,774
385525,North,Doohickey,789
385526,North,Widget,787
385532,North,Gadget,907
385553,North,Doohickey,701
385557,North,Doohickey,604
385562,North,Gizmo,613
385569,North,Doohickey,849
385570,North,Widget,580
385587,North,Doohickey,828
385588,North,Widget,581
385616,North,Gadget,902
385627,North,Gizmo,826
385635,North,Gadget,765
385637,North,Widget,967
385653,North,Doohickey,624
385657,North,Doohickey,715
385663,North,Gizmo,742
385668,North,Doohickey,955
385670,North,Widget,856
385675,North,Gizmo,588
385705,North,Doohickey,806
385725,North,Gizmo,748
385726,North,Gizmo,884
385751,North,Gizmo,866
385787,North,Widget,860
385789,North,Gizmo,752
385797,North,Widget,578
385798,North,Gizmo,967
385805,North,Gizmo,708
385813,North,Doohickey,868
385816,North,Doohickey,583
385821,North,Doohickey,894
385835,North,Gizmo,750
385836,North,Widget,724
385838,North,Doohickey,611
385847,North,Doohickey,587
385848,North,Gizmo,973
385850,North,Gadget,648
385863,North,Doohickey,903
385882,North,Gadget,861
385894,North,Gadget,725
385909,North,Gadget,801
385912,North,Gizmo,746
385918,North,Gadget,650
385928,North,Gizmo,727
385947,North,Gizmo,856
385952,North,Gizmo,938
385956,North,Gadget,758
385965,North,Widget,844
385977,North,Widget,971
385979,North,Gadget,689
385980,North,Gadget,806
385983,North,Doohickey,536
385992,North,Widget,896
386009,North,Widget,960
386015,North,Doohickey,976
386038,North,Gadget,780
386046,North,Widget,553
386054,North,Doohickey,980
386066,North,Doohickey,682
386073,North,Gadget,797
386084,North,Gadget,856
386088,North,Gizmo,832
386093,North,Widget,582
386100,North,Widget,733
386102,North,Widget,942
386104,North,Gadget,721
386115,North,Gizmo,922
386119,North,Widget,730
386122,North,Widget,605
386123,North,Widget,654
386126,North,Widget,830
386135,North,Doohickey,856
386167,North,Doohickey,893
386185,North,Widget,892
386186,North,Gizmo,562
386192,North,Widget,835
386209,North,Gadget,624
386218,North,Gizmo,936
386222,North,Widget,984
386244,North,Gizmo,671
386246,North,Widget,789
386250,North,Gadget,928
386251,North,Gadget,942
386252,North,Gadget,617
386261,North,Gadget,647
386267,North,Doohickey,551
386274,North,Gizmo,800
386287,North,Widget,785
386293,North,Doohickey,574
386312,North,Doohickey,833
386314,North,Gadget,553
386324,North,Widget,566
386335,North,Doohickey,681
386341,North,Widget,724
386350,North,Gadget,984
386351,North,Gadget,672
386371,North,Widget,863
386372,North,Widget,711
386378,North,Gadget,716
386395,North,Doohickey,509
386396,North,Gizmo,959
386404,North,Gizmo,753
386408,North,Gizmo,577
386421,North,Doohickey,924
386426,North,Gadget,792
386447,North,Doohickey,611
386465,North,Doohickey,906
386471,North,Gadget,923
386472,North,Doohickey,809
386476,North,Doohickey,941
386477,North,Gadget,648
386494,North,Gadget,633
386502,North,Gizmo,803
386505,North,Doohickey,951
386507,North,Gizmo,664
386508,North,Gadget,620
386511,North,Widget,911
386517,North,Gadget,957
386528,North,Gizmo,936
386542,North,Gizmo,888
386550,North,Gizmo,957
386570,North,Doohickey,851
386580,North,Doohickey,840
386589,North,Gadget,695
386617,North,Gizmo,805
386618,North,Gadget,959
386620,North,Gadget,977
386623,North,Doohickey,858
386627,North,Doohickey,563
386648,North,Gadget,696
386651,North,Doohickey,505
386653,North,Doohickey,595
386669,North,Gizmo,974
386673,North,Gadget,876
386684,North,Gizmo,737
386691,North,Gadget,941
386700,North,Widget,627
386702,North,Gadget,525
386719,North,Widget,748
386722,North,Widget,542
386732,North,Widget,601
386735,North,Gizmo,980
386744,North,Gizmo,568
386756,North,Widget,674
386767,North,Widget,931
386769,North,Gizmo,640
386770,North,Gadget,775
386781,North,Gadget,543
386793,North,Gizmo,957
386795,North,Widget,775
386800,North,Widget,531
386818,North,Gadget,588
386820,North,Doohickey,713
386826,North,Widget,831
386831,North,Gizmo,910
386841,North,Doohickey,849
386848,North,Widget,636
386857,North,Widget,654
386897,North,Widget,831
386906,North,Doohickey,881
386914,North,Doohickey,736
386917,North,Doohickey,593
386922,North,Doohickey,899
386937,North,Gizmo,723
386938,North,Doohickey,762
386967,North,Gizmo,570
386989,North,Doohickey,923
386993,North,Doohickey,824
387013,North,Gadget,871
387033,North,Gadget,636
387044,North,Gadget,626
387060,North,Widget,707
387063,North,Doohickey,572
387076,North,Gizmo,834
387095,North,Widget,610
387097,North,Widget,545
387104,North,Doohickey,993
387116,North,Widget,592
387131,North,Widget,973
387134,North,Gizmo,652
387137,North,Widget,624
387138,North,Gizmo,711
387139,North,Doohickey,877
387142,North,Widget,983
387165,North,Gadget,505
387167,North,Gadget,951
387169,North,Widget,906
387177,North,Doohickey,884
387186,North,Gizmo,720
387191,North,Gizmo,997
387201,North,Doohickey,832
387214,North,Doohickey,891
387221,North,Gadget,633
387227,North,Widget,773
387228,North,Gadget,903
387248,North,Widget,629
387251,North,Widget,570
387255,North,Doohickey,661
387275,North,Doohickey,593
387278,North,Gizmo,935
387292,North,Gizmo,839
387298,North,Gadget,503
387306,North,Gizmo,576
387330,North,Doohickey,530
387334,North,Doohickey,503
387339,North,Gadget,634
387344,North,Doohickey,643
387347,North,Doohickey,707
387351,North,Widget,971
387354,North,Gizmo,958
387355,North,Gizmo,871
387357,North,Doohickey,525
387374,North,Widget,652
387376,North,Gadget,607
387394,North,Gadget,877
387395,North,Widget,935
387404,North,Gizmo,704
387406,North,Doohickey,889
387429,North,Gizmo,918
387437,North,Widget,637
387444,North,Gizmo,737
387448,North,Widget,587
387449,North,Gadget,774
387457,North,Gadget,748
387464,North,Gadget,939
387466,North,Doohickey,873
387468,North,Widget,898
387475,North,Gadget,959
387481,North,Widget,968
387483,North,Widget,695
387501,North,Gadget,769
387502,North,Gizmo,509
387505,North,Gadget,552
387521,North,Widget,520
387533,North,Widget,724
387537,North,Gadget,501
387540,North,Doohickey,772
387545,North,Widget,993
387551,North,Doohickey,589
387566,North,Doohickey,642
387572,North,Gizmo,936
387576,North,Widget,589
387584,North,Widget,911
387595,North,Gizmo,936
387596,North,Gadget,777
387598,North,Gizmo,819
387601,North,Widget,623
387602,North,Doohickey,938
387614,North,Widget,976
387624,North,Widget,821
387626,North,Gizmo,835
387632,North,Gizmo,693
387639,North,Widget,986
387643,North,Gadget,653
387656,North,Gizmo,751
387659,North,Gizmo,651
387691,North,Gizmo,572
387694,North,Gizmo,650
387695,North,Doohickey,811
387703,North,Widget,570
387706,North,Gizmo,844
387707,North,Widget,830
387712,North,Doohickey,696
387716,North,Widget,543
387722,North,Gadget,575
387730,North,Widget,730
387732,North,Doohickey,649
387735,North,Widget,540
387742,North,Gizmo,736
387747,North,Gizmo,660
387748,North,Gizmo,851
387750,North,Doohickey,841
387752,North,Doohickey,889
387759,North,Gadget,807
387772,North,Gadget,654
387775,North,Gizmo,953
387786,North,Gadget,736
387788,North,Gizmo,685
387792,North,Gadget,578
387793,North,Widget,699
387800,North,Gadget,892
387822,North,Doohickey,931
387823,North,Gizmo,613
387831,North,Gadget,531
387846,North,Gizmo,697
387852,North,Gadget,713
387854,North,Gadget,749
387858,North,Gizmo,661
387867,North,Gizmo,750
387869,North,Widget,662
387877,North,Gadget,521
387883,North,Doohickey,755
387889,North,Doohickey,770
387891,North,Gizmo,859
387894,North,Widget,932
387897,North,Widget,693
387908,North,Doohickey,994
387910,North,Gadget,617
387912,North,Doohickey,844
387915,North,Gadget,983
387924,North,Widget,530
387925,North,Widget,847
387927,North,Doohickey,974
387938,North,Doohickey,711
387941,North,Doohickey,539
387945,North,Gadget,897
387975,North,Doohickey,587
387977,North,Doohickey,819
387979,North,Widget,641
387981,North,Doohickey,557
387989,North,Gadget,786
387992,North,Widget,753
388004,North,Gadget,944
388020,North,Widget,551
388023,North,Doohickey,737
388038,North,Gizmo,511
388044,North,Gadget,608
388052,North,Gizmo,811
388062,North,Widget,747
388064,North,Gizmo,939
388065,North,Gadget,908
388072,North,Gadget,672
388078,North,Gadget,545
388085,North,Gadget,558
388086,North,Doohickey,648
388113,North,Doohickey,639
388151,North,Widget,741
388155,North,Widget,777
388156,North,Gizmo,818
388160,North,Gizmo,971
388161,North,Gadget,539
388162,North,Gizmo,508
388165,North,Gizmo,617
388166,North,Doohickey,725
388170,North,Widget,819
388172,North,Gadget,855
388179,North,Gizmo,832
388194,North,Widget,753
388197,North,Gadget,909
388202,North,Gizmo,732
388203,North,Doohickey,748
388205,North,Doohickey,504
388208,North,Doohickey,681
388211,North,Gadget,917
388212,North,Gadget,680
388214,North,Gadget,991
388221,North,Gadget,583
388225,North,Widget,689
388228,North,Gizmo,846
388237,North,Doohickey,567
388263,North,Widget,733
388279,North,Widget,814
388298,North,Doohickey,666
388317,North,Gadget,884
388322,North,Doohickey,965
388325,North,Gadget,520
388328,North,Doohickey,600
388329,North,Widget,695
388335,North,Gadget,507
388342,North,Gadget,644
388375,North,Widget,783
388387,North,Gadget,791
388400,North,Doohickey,677
388428,North,Widget,589
388434,North,Gadget,928
388435,North,Gadget,994
388439,North,Widget,588
388443,North,Widget,985
388444,North,Widget,524
388465,North,Widget,557
388469,North,Doohickey,957
388472,North,Gadget,763
388476,North,Doohickey,679
388477,North,Widget,938
388484,North,Widget,897
388516,North,Doohickey,601
388524,North,Gizmo,894
388525,North,Widget,566
388526,North,Gadget,878
388533,North,Gadget,629
388534,North,Widget,620
388540,North,Gadget,746
388554,North,Doohickey,590
388564,North,Gizmo,852
388567,North,Gadget,923
388572,North,Gizmo,686
388579,North,Gadget,548
388595,North,Gizmo,888
388598,North,Gizmo,618
388605,North,Widget,877
388608,North,Gadget,808
388614,North,Gadget,892
388617,North,Doohickey,527
388619,North,Doohickey,665
388621,North,Gadget,966
388622,North,Gizmo,776
388640,North,Widget,773
388644,North,Gizmo,607
388647,North,Widget,677
388656,North,Gizmo,834
388673,North,Widget,942
388674,North,Widget,537
388675,North,Gizmo,562
388676,North,Doohickey,691
388679,North,Doohickey,754
388686,North,Widget,813
388688,North,Doohickey,611
388693,North,Doohickey,630
388696,North,Widget,686
388702,North,Widget,579
388704,North,Doohickey,695
388710,North,Gadget,640
388719,North,Gadget,594
388720,North,Gadget,975
388722,North,Doohickey,514
388732,North,Gadget,695
388742,North,Gizmo,873
388744,North,Widget,983
388745,North,Doohickey,547
388748,North,Doohickey,619
388750,North,Gadget,596
388754,North,Widget,876
388764,North,Doohickey,709
388765,North,Gizmo,548
388775,North,Gadget,561
388779,North,Gizmo,842
388786,North,Gadget,800
388789,North,Gadget,852
388797,North,Doohickey,509
388803,North,Gizmo,543
388812,North,Gizmo,755
388815,North,Gizmo,609
388824,North,Gizmo,781
388846,North,Gadget,897
388851,North,Widget,555
388856,North,Doohickey,864
388872,North,Widget,664
388874,North,Doohickey,638
388886,North,Doohickey,642
388913,North,Widget,846
388918,North,Doohickey,714
388920,North,Doohickey,899
388923,North,Gizmo,686
388925,North,Gadget,799
388926,North,Gizmo,893
388942,North,Gizmo,517
388945,North,Gizmo,642
388949,North,Doohickey,902
388962,North,Gizmo,693
388975,North,Widget,754
388990,North,Gizmo,693
389002,North,Doohickey,705
389017,North,Widget,691
389022,North,Gadget,699
389025,North,Gadget,873
389028,North,Widget,735
389031,North,Gadget,744
389052,North,Doohickey,581
389054,North,Widget,655
389062,North,Widget,568
389068,North,Doohickey,526
389078,North,Doohickey,980
389094,North,Doohickey,694
389095,North,Gadget,533
389105,North,Gizmo,852
389107,North,Gizmo,613
389120,North,Doohickey,606
389124,North,Gizmo,927
389156,North,Doohickey,783
389158,North,Gizmo,633
389166,North,Doohickey,539
389169,North,Gizmo,886
389176,North,Gizmo,721
389178,North,Gizmo,730
389183,North,Gadget,608
389184,North,Widget,751
389185,North,Doohickey,982
389198,North,Gadget,651
389204,North,Widget,799
389212,North,Gadget,805
389225,North,Widget,705
389229,North,Gizmo,993
389244,North,Gizmo,838
389250,North,Doohickey,992
389265,North,Gizmo,656
389266,North,Doohickey,571
389292,North,Doohickey,852
389304,North,Gizmo,883
389305,North,Widget,653
389306,North,Gizmo,757
389312,North,Gizmo,923
389319,North,Widget,974
389320,North,Doohickey,700
389339,North,Doohickey,683
389346,North,Gadget,783
389357,North,Gadget,850
389369,North,Gizmo,913
389402,North,Widget,754
389403,North,Widget,537
389411,North,Doohickey,675
389422,North,Doohickey,892
389434,North,Doohickey,883
389435,North,Gizmo,766
389439,North,Widget,573
389444,North,Gizmo,853
389459,North,Gadget,531
389481,North,Gizmo,860
389485,North,Widget,994
389490,North,Widget,693
389499,North,Doohickey,548
389502,North,Widget,617
389504,North,Doohickey,641
389528,North,Doohickey,560
389530,North,Widget,746
389541,North,Gizmo,858
389551,North,Widget,873
389570,North,Gadget,896
389575,North,Gadget,574
389580,North,Gizmo,547
389582,North,Widget,623
389583,North,Gadget,769
389584,North,Widget,555
389594,North,Widget,781
389595,North,Gadget,543
389609,North,Gadget,991
389610,North,Doohickey,645
389622,North,Gadget,805
389623,North,Widget,800
389642,North,Gizmo,715
389644,North,Gizmo,896
389661,North,Gadget,788
389668,North,Doohickey,704
389673,North,Doohickey,818
389675,North,Doohickey,898
389679,North,Doohickey,552
389686,North,Gizmo,821
389700,North,Gadget,574
389719,North,Gizmo,826
389735,North,Gadget,959
389737,North,Doohickey,707
389738,North,Gadget,570
389741,North,Doohickey,673
389744,North,Gizmo,516
389771,North,Gadget,718
389778,North,Gadget,780
389780,North,Gadget,917
389782,North,Gizmo,914
389808,North,Widget,838
389810,North,Gizmo,842
389817,North,Gizmo,932
389824,North,Gadget,802
389827,North,Widget,667
389833,North,Gizmo,828
389835,North,Doohickey,632
389842,North,Widget,984
389859,North,Gadget,814
389863,North,Gadget,924
389879,North,Gadget,596
389890,North,Gadget,584
389897,North,Gadget,956
389913,North,Gadget,817
389921,North,Doohickey,868
389924,North,Gadget,760
389942,North,Widget,740
389951,North,Doohickey,951
389954,North,Widget,930
389962,North,Doohickey,959
389963,North,Gadget,934
389968,North,Widget,989
389969,North,Doohickey,953
389970,North,Doohickey,798
389971,North,Gizmo,722
389978,North,Widget,818
389983,North,Doohickey,783
389987,North,Widget,788
389990,North,Gizmo,921
389997,North,Doohickey,727
390005,North,Doohickey,598
390010,North,Doohickey,696
390023,North,Widget,951
390025,North,Doohickey,734
390027,North,Widget,673
390037,North,Gizmo,580
390038,North,Gadget,687
390044,North,Widget,959
390049,North,Gadget,709
390067,North,Doohickey,562
390081,North,Gizmo,811
390089,North,Gadget,906
390113,North,Gadget,571
390127,North,Doohickey,868
390128,North,Gadget,661
390136,North,Doohickey,976
390145,North,Widget,587
390148,North,Widget,609
390149,North,Gadget,668
390151,North,Gizmo,981
390155,North,Widget,743
390159,North,Gizmo,503
390168,North,Doohickey,911
390183,North,Widget,585
390192,North,Gizmo,933
390198,North,Gadget,977
390204,North,Widget,793
390205,North,Widget,549
390206,North,Gizmo,872
390207,North,Doohickey,924
390222,North,Widget,718
390248,North,Gizmo,519
390261,North,Gadget,732
390263,North,Gadget,696
390268,North,Widget,727
390275,North,Gizmo,655
390293,North,Doohickey,586
390302,North,Widget,827
390317,North,Doohickey,539
390325,North,Gizmo,536
390330,North,Gizmo,994
390333,North,Gizmo,567
390339,North,Gizmo,886
390344,North,Gizmo,689
390349,North,Doohickey,679
390353,North,Gizmo,656
390356,North,Gizmo,527
390376,North,Gizmo,589
390383,North,Doohickey,869
390384,North,Doohickey,776
390388,North,Widget,537
390391,North,Doohickey,834
390394,North,Doohickey,672
390417,North,Gizmo,982
390419,North,Gadget,888
390428,North,Doohickey,616
390431,North,Gizmo,770
390434,North,Widget,546
390453,North,Gizmo,725
390456,North,Gizmo,537
390459,North,Gizmo,893
390488,North,Gizmo,560
390494,North,Gadget,608
390498,North,Widget,548
390507,North,Gadget,523
390511,North,Widget,577
390519,North,Gizmo,629
390538,North,Widget,908
390543,North,Widget,796
390566,North,Widget,805
390575,North,Gizmo,828
390580,North,Widget,576
390596,North,Gizmo,859
390616,North,Gizmo,989
390622,North,Doohickey,724
390626,North,Widget,974
390635,North,Gadget,844
390651,North,Widget,865
390655,North,Gizmo,890
390656,North,Widget,609
390657,North,Gizmo,695
390659,North,Gizmo,940
390660,North,Widget,986
390671,North,Gadget,637
390676,North,Gizmo,656
390702,North,Gadget,781
390708,North,Widget,765
390709,North,Widget,541
390713,North,Gizmo,759
390716,North,Widget,601
390723,North,Gadget,615
390726,North,Gizmo,612
390733,North,Gadget,609
390734,North,Gizmo,533
390736,North,Gizmo,772
390739,North,Gadget,711
390741,North,Widget,597
390745,North,Gadget,629
390752,North,Doohickey,916
390753,North,Gizmo,611
390773,North,Gizmo,732
390775,North,Gizmo,908
390776,North,Widget,752
390778,North,Gadget,973
390788,North,Gadget,565
390792,North,Doohickey,527
390794,North,Gizmo,597
390817,North,Doohickey,511
390846,North,Gadget,827
390856,North,Widget,690
390860,North,Doohickey,554
390879,North,Doohickey,969
390882,North,Gadget,797
390887,North,Widget,792
390893,North,Widget,628
390895,North,Widget,725
390903,North,Gadget,911
390909,North,Widget,974
390921,North,Gadget,734
390928,North,Doohickey,909
390937,North,Doohickey,670
390941,North,Doohickey,824
390957,North,Gadget,921
390960,North,Gadget,868
390962,North,Doohickey,572
390964,North,Widget,559
390974,North,Gizmo,866
390975,North,Gadget,587
390987,North,Widget,927
390993,North,Doohickey,584
391003,North,Gadget,738
391012,North,Widget,972
391017,North,Widget,994
391023,North,Doohickey,997
391029,North,Gizmo,513
391030,North,Doohickey,784
391031,North,Gadget,617
391036,North,Widget,541
391043,North,Gadget,738
391051,North,Widget,520
391066,North,Gizmo,603
391072,North,Widget,924
391094,North,Doohickey,532
391095,North,Gadget,869
391101,North,Doohickey,682
391102,North,Doohickey,994
391107,North,Gadget,919
391109,North,Gadget,610
391111,North,Gadget,631
391112,North,Gadget,910
391113,North,Gizmo,909
391114,North,Doohickey,657
391119,North,Doohickey,973
391122,North,Gadget,969
391130,North,Widget,952
391141,North,Doohickey,983
391144,North,Doohickey,628
391149,North,Gizmo,986
391155,North,Gizmo,856
391166,North,Doohickey,686
391181,North,Gadget,882
391192,North,Doohickey,932
391193,North,Gizmo,894
391219,North,Gizmo,818
391222,North,Gadget,875
391224,North,Widget,914
391232,North,Gadget,555
391233,North,Gadget,597
391234,North,Gadget,988
391243,North,Gadget,993
391246,North,Widget,593
391254,North,Gadget,720
391255,North,Gadget,663
391269,North,Gizmo,815
391285,North,Gizmo,842
391295,North,Gizmo,675
391302,North,Widget,797
391309,North,Widget,977
391311,North,Gizmo,821
391318,North,Doohickey,781
391319,North,Widget,664
391322,North,Doohickey,748
391339,North,Widget,508
391347,North,Doohickey,919
391353,North,Doohickey,770
391357,North,Widget,614
391366,North,Widget,770
391368,North,Doohickey,692
391393,North,Gizmo,716
391408,North,Doohickey,984
391415,North,Gadget,508
391432,North,Doohickey,620
391438,North,Gadget,608
391446,North,Gizmo,664
391457,North,Gadget,882
391459,North,Widget,771
391478,North,Gadget,714
391481,North,Gadget,894
391484,North,Gadget,685
391501,North,Gadget,589
391507,North,Gadget,727
391546,North,Gadget,770
391553,North,Gadget,824
391557,North,Gadget,963
391566,North,Doohickey,625
391582,North,Gizmo,909
391595,North,Gadget,542
391598,North,Gizmo,841
391599,North,Gizmo,811
391603,North,Gizmo,992
391610,North,Doohickey,686
391618,North,Gadget,777
391629,North,Gadget,526
391630,North,Gizmo,689
391635,North,Doohickey,614
391646,North,Doohickey,548
391659,North,Widget,665
391663,North,Widget,796
391681,North,Doohickey,938
391683,North,Widget,834
391688,North,Doohickey,661
391706,North,Gadget,727
391710,North,Gadget,742
391723,North,Gadget,501
391740,North,Widget,514
391752,North,Gizmo,869
391769,North,Widget,942
391776,North,Gadget,886
391791,North,Doohickey,591
391797,North,Gadget,720
391815,North,Gizmo,577
391828,North,Gizmo,575
391835,North,Widget,653
391837,North,Widget,822
391859,North,Gadget,876
391868,North,Gizmo,672
391885,North,Gizmo,650
391905,North,Gizmo,908
391906,North,Doohickey,744
391918,North,Gadget,550
391921,North,Gizmo,789
391955,North,Widget,993
391957,North,Gadget,649
391958,North,Widget,626
391962,North,Widget,815
391964,North,Gizmo,557
391965,North,Gizmo,555
391979,North,Doohickey,871
391991,North,Gizmo,797
391997,North,Widget,604
391999,North,Widget,988
392000,North,Gadget,667
392005,North,Widget,977
392006,North,Doohickey,564
392017,North,Widget,567
392043,North,Doohickey,852
392066,North,Gadget,944
392072,North,Gadget,642
392074,North,Gadget,563
392077,North,Gizmo,733
392098,North,Doohickey,755
392103,North,Widget,888
392105,North,Gizmo,916
392119,North,Gizmo,786
392129,North,Gadget,972
392133,North,Widget,869
392144,North,Gizmo,524
392150,North,Gizmo,922
392176,North,Gadget,656
392179,North,Gadget,715
392181,North,Widget,748
392194,North,Gizmo,595
392212,North,Gizmo,894
392213,North,Widget,698
392214,North,Gizmo,710
392223,North,Gadget,811
392224,North,Gizmo,550
392232,North,Gadget,659
392241,North,Gizmo,652
392243,North,Gizmo,622
392248,North,Doohickey,587
392249,North,Widget,772
392253,North,Gizmo,586
392256,North,Gizmo,524
392257,North,Gadget,839
392271,North,Gizmo,614
392276,North,Gizmo,948
392277,North,Gadget,708
392290,North,Gadget,848
392291,North,Doohickey,746
392292,North,Gadget,992
392305,North,Widget,723
392319,North,Gizmo,886
392320,North,Gadget,745
392328,North,Widget,785
392338,North,Gadget,894
392354,North,Gadget,501
392357,North,Gadget,766
392366,North,Gadget,649
392369,North,Gizmo,603
392370,North,Doohickey,545
392375,North,Gadget,836
392378,North,Gadget,602
392387,North,Gizmo,770
392388,North,Gadget,544
392394,North,Doohickey,765
392395,North,Gizmo,797
392396,North,Doohickey,856
392397,North,Gizmo,501
392398,North,Gizmo,961
392408,North,Gadget,872
392420,North,Gadget,695
392425,North,Gadget,952
392430,North,Widget,725
392433,North,Widget,635
392439,North,Widget,958
392442,North,Gadget,693
392449,North,Gizmo,866
392450,North,Doohickey,518
392451,North,Doohickey,868
392454,North,Widget,849
392457,North,Doohickey,523
392461,North,Gizmo,935
392462,North,Gizmo,977
392469,North,Widget,554
392471,North,Doohickey,579
392475,North,Gadget,952
392479,North,Gizmo,859
392485,North,Doohickey,994
392492,North,Doohickey,815
392494,North,Gizmo,731
392499,North,Gizmo,798
392520,North,Gadget,890
392533,North,Gadget,855
392541,North,Widget,976
392551,North,Widget,973
392554,North,Doohickey,935
392557,North,Widget,652
392565,North,Gadget,833
392572,North,Gizmo,558
392576,North,Doohickey,610
392594,North,Widget,965
392610,North,Gizmo,587
392622,North,Gadget,605
392627,North,Doohickey,716
392646,North,Widget,662
392650,North,Gizmo,717
392651,North,Gadget,623
392654,North,Doohickey,604
392659,North,Gizmo,886
392661,North,Gadget,844
392667,North,Gizmo,846
392670,North,Widget,641
392672,North,Gadget,755
392675,North,Doohickey,859
392682,North,Doohickey,941
392698,North,Widget,980
392705,North,Doohickey,582
392706,North,Gadget,817
392716,North,Gizmo,516
392721,North,Gadget,586
392724,North,Gadget,553
392732,North,Widget,525
392740,North,Gizmo,917
392743,North,Doohickey,585
392744,North,Gadget,563
392748,North,Gizmo,672
392757,North,Doohickey,902
392784,North,Gizmo,961
392796,North,Doohickey,760
392803,North,Widget,768
392810,North,Gadget,828
392811,North,Gadget,547
392813,North,Gizmo,528
392814,North,Doohickey,713
392815,North,Gizmo,841
392818,North,Gadget,547
392820,North,Widget,669
392841,North,Gadget,971
392842,North,Gadget,741
392851,North,Gadget,830
392852,North,Gizmo,732
392862,North,Gadget,983
392874,North,Widget,877
392875,North,Widget,539
392897,North,Gizmo,617
392901,North,Widget,859
392913,North,Gadget,713
392915,North,Gizmo,965
392918,North,Doohickey,767
392923,North,Gizmo,792
392926,North,Gizmo,817
392930,North,Doohickey,639
392933,North,Widget,925
392942,North,Doohickey,844
392947,North,Gadget,821
392953,North,Doohickey,869
392965,North,Doohickey,817
392968,North,Gadget,955
392970,North,Doohickey,537
392984,North,Gizmo,771
393001,North,Doohickey,890
393004,North,Widget,629
393013,North,Doohickey,852
393014,North,Gizmo,754
393021,North,Doohickey,501
393022,North,Gadget,752
393033,North,Gizmo,579
393038,North,Gadget,664
393062,North,Widget,931
393070,North,Widget,828
393081,North,Gizmo,981
393085,North,Gizmo,509
393092,North,Widget,996
393096,North,Gizmo,618
393114,North,Widget,610
393142,North,Doohickey,826
393176,North,Gadget,878
393192,North,Doohickey,938
393215,North,Gadget,621
393219,North,Gizmo,852
393237,North,Gizmo,595
393241,North,Widget,677
393250,North,Gadget,642
393251,North,Doohickey,796
393256,North,Doohickey,902
393257,North,Doohickey,765
393278,North,Gizmo,800
393280,North,Gadget,835
393288,North,Doohickey,855
393309,North,Gadget,680
393314,North,Widget,869
393327,North,Widget,774
393331,North,Doohickey,977
393339,North,Widget,855
393347,North,Widget,615
393353,North,Widget,605
393354,North,Gizmo,780
393367,North,Gizmo,946
393369,North,Doohickey,703
393377,North,Doohickey,706
393378,North,Gadget,927
393393,North,Gizmo,639
393404,North,Gadget,724
393408,North,Gizmo,924
393414,North,Gizmo,834
393416,North,Widget,637
393419,North,Gadget,849
393421,North,Widget,586
393428,North,Gizmo,772
393444,North,Gizmo,905
393446,North,Doohickey,768
393449,North,Widget,715
393452,North,Gadget,600
393455,North,Doohickey,790
393457,North,Gizmo,726
393464,North,Widget,752
393465,North,Widget,940
393477,North,Widget,660
393510,North,Doohickey,752
393516,North,Gizmo,986
393526,North,Widget,609
393528,North,Gadget,827
393539,North,Gizmo,552
393564,North,Widget,886
393568,North,Gadget,907
393569,North,Gadget,840
393570,North,Widget,655
393572,North,Widget,617
393591,North,Gizmo,757
393592,North,Doohickey,511
393598,North,Gizmo,906
393606,North,Gadget,581
393616,North,Gizmo,573
393621,North,Widget,867
393625,North,Gadget,980
393629,North,Widget,624
393630,North,Gadget,523
393633,North,Gadget,996
393634,North,Doohickey,674
393639,North,Gizmo,919
393654,North,Gadget,722
393656,North,Gizmo,571
393681,North,Gadget,669
393685,North,Doohickey,902
393692,North,Gizmo,526
393696,North,Gizmo,940
393700,North,Gadget,900
393701,North,Doohickey,608
393726,North,Doohickey,844
393735,North,Widget,793
393741,North,Widget,971
393754,North,Doohickey,533
393757,North,Widget,737
393764,North,Gadget,705
393776,North,Widget,914
393778,North,Gizmo,673
393792,North,Doohickey,827
393803,North,Gizmo,985
393813,North,Gadget,898
393824,North,Widget,909
393834,North,Gadget,558
393839,North,Widget,732
393849,North,Widget,801
393859,North,Doohickey,602
393863,North,Doohickey,717
393867,North,Widget,588
393868,North,Widget,822
393870,North,Doohickey,520
393889,North,Gizmo,666
393891,North,Gadget,722
393898,North,Gadget,647
393899,North,Gizmo,947
393902,North,Widget,711
393906,North,Gizmo,651
393918,North,Gadget,932
393937,North,Gizmo,505
393947,North,Gizmo,738
393949,North,Gadget,675
393960,North,Doohickey,755
393963,North,Widget,803
393965,North,Gadget,913
393982,North,Gizmo,632
393984,North,Gadget,998
393991,North,Doohickey,629
394004,North,Gizmo,985
394010,North,Gadget,517
394020,North,Widget,761
394024,North,Gizmo,823
394028,North,Gadget,664
394037,North,Gadget,867
394042,North,Widget,547
394056,North,Doohickey,754
394068,North,Widget,941
394072,North,Doohickey,643
394080,North,Gizmo,712
394081,North,Gizmo,963
394082,North,Widget,619
394087,North,Gadget,911
394093,North,Doohickey,752
394097,North,Widget,802
394098,North,Gizmo,735
394099,North,Doohickey,736
394104,North,Doohickey,538
394105,North,Gadget,636
394132,North,Doohickey,894
394139,North,Gadget,763
394148,North,Widget,575
394153,North,Gizmo,661
394166,North,Doohickey,659
394170,North,Doohickey,886
394173,North,Doohickey,539
394177,North,Gizmo,792
394178,North,Gadget,799
394181,North,Gadget,876
394187,North,Doohickey,755
394192,North,Widget,800
394199,North,Widget,770
394209,North,Gizmo,953
394217,North,Doohickey,716
394223,North,Widget,951
394252,North,Doohickey,728
394255,North,Widget,944
394260,North,Gadget,525
394262,North,Gadget,717
394276,North,Widget,515
394287,North,Doohickey,592
394289,North,Widget,894
394290,North,Widget,816
394294,North,Gadget,859
394310,North,Doohickey,603
394314,North,Widget,981
394324,North,Gadget,928
394330,North,Gizmo,819
394333,North,Gadget,595
394336,North,Widget,589
394349,North,Doohickey,514
394355,North,Gadget,679
394368,North,Gadget,857
394369,North,Doohickey,715
394409,North,Gizmo,816
394432,North,Widget,863
394442,North,Widget,690
394452,North,Widget,818
394453,North,Widget,685
394471,North,Widget,608
394480,North,Doohickey,590
394481,North,Gadget,880
394489,North,Widget,524
394499,North,Widget,576
394536,North,Widget,760
394549,North,Gadget,509
394578,North,Gadget,515
394595,North,Gadget,758
394605,North,Gizmo,998
394611,North,Widget,997
394612,North,Widget,626
394625,North,Widget,785
394627,North,Gadget,927
394633,North,Gadget,669
394638,North,Gizmo,530
394643,North,Gizmo,565
394653,North,Doohickey,595
394654,North,Doohickey,851
394658,North,Gizmo,654
394662,North,Gizmo,965
394675,North,Doohickey,838
394680,North,Gadget,642
394691,North,Doohickey,974
394693,North,Gizmo,519
394694,North,Widget,770
394699,North,Widget,959
394713,North,Gadget,692
394721,North,Gadget,906
394725,North,Gadget,938
394727,North,Gizmo,627
394729,North,Doohickey,552
394736,North,Gadget,672
394741,North,Doohickey,793
394748,North,Widget,602
394764,North,Gizmo,822
394767,North,Doohickey,550
394775,North,Widget,873
394780,North,Doohickey,894
394790,North,Doohickey,722
394791,North,Widget,816
394803,North,Gadget,512
394808,North,Gizmo,542
394812,North,Widget,635
394823,North,Gadget,824
394830,North,Gadget,547
394850,North,Doohickey,827
394858,North,Widget,603
394881,North,Widget,715
394893,North,Gadget,678
394903,North,Doohickey,509
394921,North,Gadget,530
394925,North,Gadget,720
394928,North,Doohickey,953
394937,North,Gadget,691
394940,North,Widget,742
394945,North,Doohickey,507
394962,North,Gadget,797
394967,North,Gadget,538
394990,North,Doohickey,634
395006,North,Gadget,876
395020,North,Doohickey,889
395030,North,Gadget,604
395034,North,Gadget,738
395037,North,Widget,772
395043,North,Widget,997
395046,North,Gizmo,769
395059,North,Gadget,583
395066,North,Widget,842
395073,North,Doohickey,921
395075,North,Widget,523
395085,North,Doohickey,898
395087,North,Doohickey,779
395088,North,Doohickey,868
395100,North,Doohickey,772
395101,North,Gizmo,832
395115,North,Gadget,836
395133,North,Gizmo,961
395140,North,Doohickey,590
395144,North,Doohickey,744
395152,North,Gadget,753
395155,North,Gadget,777
395159,North,Gizmo,627
395164,North,Gizmo,950
395169,North,Doohickey,652
395171,North,Gadget,628
395173,North,Gizmo,560
395187,North,Widget,688
395191,North,Widget,886
395196,North,Gizmo,943
395214,North,Widget,584
395215,North,Gadget,560
395228,North,Doohickey,563
395236,North,Gizmo,718
395247,North,Doohickey,680
395257,North,Widget,511
395260,North,Widget,599
395278,North,Widget,906
395283,North,Gadget,603
395288,North,Gizmo,623
395292,North,Gadget,994
395300,North,Gizmo,543
395304,North,Widget,518
395317,North,Gadget,749
395327,North,Gizmo,686
395341,North,Gizmo,634
395351,North,Doohickey,638
395352,North,Gizmo,714
395354,North,Doohickey,520
395361,North,Gizmo,647
395366,North,Doohickey,727
395369,North,Gizmo,911
395372,North,Widget,695
395375,North,Gizmo,889
395401,North,Widget,890
395403,North,Gizmo,986
395411,North,Gizmo,744
395428,North,Doohickey,621
395445,North,Widget,840
395458,North,Doohickey,538
395461,North,Widget,721
395462,North,Gizmo,540
395468,North,Gizmo,956
395474,North,Widget,586
395481,North,Widget,541
395483,North,Gizmo,931
395485,North,Gizmo,705
395489,North,Gizmo,634
395541,North,Gadget,885
395547,North,Gizmo,514
395551,North,Widget,527
395552,North,Gizmo,681
395574,North,Gizmo,735
395575,North,Widget,974
395583,North,Gizmo,737
395585,North,Doohickey,571
395590,North,Doohickey,767
395607,North,Gizmo,871
395611,North,Gizmo,778
395623,North,Doohickey,936
395629,North,Widget,898
395640,North,Gadget,771
395645,North,Doohickey,577
395648,North,Doohickey,793
395651,North,Gadget,823
395653,North,Doohickey,650
395663,North,Gadget,877
395664,North,Gadget,653
395665,North,Gadget,953
395669,North,Gizmo,1000
395696,North,Widget,514
395697,North,Widget,994
395716,North,Gadget,923
395731,North,Gizmo,522
395734,North,Gizmo,990
395737,North,Gadget,642
395740,North,Gadget,688
395745,North,Gizmo,543
395761,North,Doohickey,831
395794,North,Gizmo,873
395796,North,Doohickey,893
395797,North,Gadget,953
395807,North,Doohickey,548
395813,North,Doohickey,957
395814,North,Doohickey,999
395818,North,Gizmo,625
395829,North,Gizmo,911
395830,North,Gizmo,511
395836,North,Doohickey,877
395851,North,Widget,720
395858,North,Widget,721
395871,North,Gadget,957
395874,North,Doohickey,831
395875,North,Gizmo,770
395876,North,Doohickey,581
395881,North,Doohickey,958
395891,North,Gadget,726
395892,North,Gadget,984
395894,North,Gadget,873
395899,North,Gizmo,939
395901,North,Gizmo,839
395903,North,Gadget,781
395909,North,Gizmo,846
395929,North,Widget,858
395934,North,Widget,982
395937,North,Doohickey,724
395940,North,Widget,557
395944,North,Gizmo,922
395957,North,Gizmo,934
395962,North,Doohickey,605
395970,North,Doohickey,667
395981,North,Gadget,931
395984,North,Widget,796
395987,North,Gadget,976
396000,North,Widget,827
396005,North,Widget,905
396012,North,Doohickey,933
396014,North,Gadget,825
396032,North,Widget,851
396043,North,Doohickey,700
396050,North,Gizmo,694
396072,North,Gizmo,836
396074,North,Gizmo,666
396091,North,Widget,582
396104,North,Gadget,680
396108,North,Widget,519
396112,North,Doohickey,901
396113,North,Widget,727
396114,North,Widget,681
396120,North,Gadget,696
396121,North,Widget,932
396124,North,Gadget,998
396131,North,Widget,865
396141,North,Gizmo,749
396153,North,Gizmo,857
396154,North,Gadget,876
396166,North,Gizmo,636
396192,North,Gadget,972
396197,North,Doohickey,680
396208,North,Doohickey,696
396212,North,Widget,734
396219,North,Gadget,886
396221,North,Widget,794
396225,North,Widget,555
396226,North,Doohickey,731
396228,North,Gadget,852
396229,North,Gizmo,763
396232,North,Gadget,802
396241,North,Widget,516
396243,North,Doohickey,875
396247,North,Gadget,576
396250,North,Gizmo,537
396254,North,Widget,792
396263,North,Widget,936
396268,North,Widget,753
396285,North,Widget,551
396289,North,Doohickey,865
396300,North,Widget,561
396324,North,Gizmo,884
396338,North,Gizmo,835
396342,North,Widget,570
396351,North,Doohickey,646
396355,North,Gadget,501
396361,North,Doohickey,567
396362,North,Gizmo,813
396368,North,Doohickey,919
396384,North,Gizmo,528
396386,North,Gadget,691
396390,North,Widget,668
396392,North,Gadget,709
396396,North,Doohickey,983
396409,North,Doohickey,688
396418,North,Doohickey,651
396424,North,Widget,518
396429,North,Gizmo,980
396441,North,Doohickey,540
396447,North,Doohickey,667
396458,North,Widget,618
396462,North,Gizmo,738
396473,North,Gizmo,615
396485,North,Widget,964
396488,North,Gadget,989
396494,North,Gadget,658
396516,North,Doohickey,822
396523,North,Doohickey,564
396533,North,Gadget,725
396536,North,Doohickey,923
396540,North,Doohickey,521
396544,North,Gadget,743
396551,North,Widget,835
396575,North,Gizmo,533
396583,North,Gadget,834
396615,North,Doohickey,790
396616,North,Gizmo,897
396631,North,Doohickey,588
396635,North,Doohickey,869
396642,North,Gadget,907
396649,North,Gizmo,809
396660,North,Gadget,622
396661,North,Gizmo,662
396665,North,Gadget,930
396670,North,Doohickey,876
396671,North,Doohickey,541
396672,North,Doohickey,664
396701,North,Gizmo,573
396706,North,Gadget,686
396709,North,Doohickey,660
396711,North,Gizmo,819
396712,North,Gizmo,789
396720,North,Gizmo,519
396736,North,Doohickey,934
396737,North,Doohickey,582
396742,North,Gadget,757
396751,North,Gizmo,806
396753,North,Doohickey,599
396758,North,Doohickey,720
396774,North,Widget,726
396776,North,Widget,882
396779,North,Gizmo,638
396782,North,Widget,821
396791,North,Gizmo,723
396798,North,Gadget,906
396803,North,Gadget,519
396805,North,Widget,566
396818,North,Gadget,608
396819,North,Gadget,515
396827,North,Widget,858
396830,North,Gadget,504
396841,North,Gizmo,852
396846,North,Gadget,587
396858,North,Gizmo,771
396862,North,Doohickey,684
396879,North,Doohickey,878
396883,North,Gizmo,852
396895,North,Widget,509
396909,North,Doohickey,552
396916,North,Gadget,760
396924,North,Gizmo,611
396925,North,Widget,687
396932,North,Doohickey,860
396933,North,Widget,583
396935,North,Widget,949
396965,North,Gadget,614
396968,North,Gizmo,501
396969,North,Gizmo,664
396979,North,Doohickey,754
396988,North,Widget,514
396989,North,Widget,877
396996,North,Gizmo,556
396999,North,Widget,936
397013,North,Gadget,628
397015,North,Doohickey,900
397019,North,Gadget,633
397024,North,Gadget,572
397030,North,Gizmo,900
397031,North,Widget,584
397039,North,Gadget,781
397041,North,Gizmo,830
397045,North,Widget,769
397049,North,Gizmo,849
397051,North,Doohickey,848
397059,North,Doohickey,654
397066,North,Gizmo,691
397068,North,Widget,611
397074,North,Doohickey,864
397075,North,Widget,740
397083,North,Doohickey,981
397094,North,Widget,785
397095,North,Doohickey,752
397096,North,Gadget,573
397102,North,Doohickey,893
397113,North,Gadget,741
397136,North,Gizmo,922
397146,North,Gadget,976
397163,North,Widget,924
397169,North,Doohickey,538
397172,North,Widget,807
397178,North,Widget,789
397181,North,Widget,801
397190,North,Doohickey,805
397195,North,Doohickey,821
397197,North,Gizmo,798
397198,North,Gizmo,839
397203,North,Widget,680
397213,North,Widget,501
397216,North,Doohickey,629
397222,North,Gizmo,771
397223,North,Widget,529
397230,North,Gadget,785
397234,North,Widget,771
397236,North,Doohickey,986
397241,North,Doohickey,866
397244,North,Gadget,688
397247,North,Doohickey,592
397261,North,Doohickey,614
397274,North,Gizmo,504
397280,North,Gadget,657
397288,North,Widget,990
397292,North,Doohickey,840
397296,North,Gizmo,717
397318,North,Gizmo,789
397321,North,Gadget,975
397328,North,Doohickey,774
397339,North,Widget,946
397343,North,Gizmo,622
397349,North,Widget,949
397352,North,Doohickey,792
397360,North,Gizmo,867
397363,North,Widget,877
397367,North,Gadget,882
397371,North,Doohickey,501
397391,North,Doohickey,606
397416,North,Gizmo,707
397419,North,Gadget,665
397423,North,Gizmo,674
397424,North,Doohickey,994
397452,North,Doohickey,693
397455,North,Doohickey,621
397457,North,Gizmo,758
397491,North,Widget,764
397494,North,Doohickey,751
397499,North,Doohickey,613
397505,North,Widget,846
397510,North,Gizmo,667
397515,North,Gadget,763
397518,North,Doohickey,934
397519,North,Gizmo,956
397520,North,Doohickey,975
397523,North,Gadget,849
397530,North,Gizmo,746
397540,North,Doohickey,633
397541,North,Doohickey,595
397545,North,Gadget,620
397550,North,Doohickey,585
397555,North,Gadget,939
397567,North,Widget,508
397576,North,Widget,544
397589,North,Gadget,509
397608,North,Gadget,986
397611,North,Gizmo,977
397613,North,Gadget,844
397618,North,Doohickey,668
397628,North,Gizmo,902
397631,North,Gadget,965
397641,North,Gizmo,615
397646,North,Gizmo,882
397663,North,Gizmo,509
397666,North,Gadget,701
397690,North,Gizmo,886
397691,North,Gizmo,529
397704,North,Doohickey,571
397707,North,Gadget,605
397711,North,Gadget,647
397721,North,Widget,932
397736,North,Gadget,711
397740,North,Gizmo,555
397745,North,Gizmo,671
397755,North,Gizmo,784
397771,North,Gizmo,631
397772,North,Gizmo,765
397777,North,Widget,713
397791,North,Doohickey,902
397810,North,Gizmo,731
397815,North,Gadget,999
397816,North,Gizmo,857
397822,North,Gadget,833
397823,North,Gizmo,563
397824,North,Gizmo,626
397828,North,Doohickey,735
397846,North,Doohickey,640
397847,North,Widget,976
397855,North,Gadget,666
397872,North,Doohickey,591
397873,North,Widget,823
397880,North,Doohickey,953
397890,North,Gizmo,601
397914,North,Widget,668
397918,North,Doohickey,990
397930,North,Gadget,618
397944,North,Gadget,533
397953,North,Widget,728
397956,North,Gadget,780
397960,North,Gadget,548
397964,North,Doohickey,505
397977,North,Widget,841
397979,North,Gadget,671
398010,North,Gadget,951
398041,North,Widget,675
398054,North,Gadget,972
398058,North,Gizmo,799
398062,North,Gizmo,538
398079,North,Gizmo,847
398080,North,Doohickey,791
398084,North,Gizmo,570
398100,North,Widget,773
398109,North,Gadget,511
398124,North,Gizmo,971
398138,North,Widget,645
398139,North,Doohickey,757
398148,North,Gadget,666
398150,North,Gadget,531
398165,North,Gizmo,749
398190,North,Doohickey,986
398200,North,Gadget,961
398244,North,Gizmo,869
398245,North,Doohickey,707
398258,North,Gadget,660
398261,North,Gizmo,891
398264,North,Gadget,982
398268,North,Doohickey,553
398269,North,Gizmo,524
398274,North,Doohickey,789
398278,North,Widget,902
398284,North,Doohickey,566
398292,North,Doohickey,924
398295,North,Gizmo,723
398297,North,Gadget,919
398302,North,Gadget,935
398304,North,Gadget,529
398354,North,Gadget,735
398360,North,Gadget,816
398373,North,Gadget,537
398375,North,Doohickey,707
398382,North,Doohickey,614
398388,North,Doohickey,647
398398,North,Doohickey,529
398404,North,Gizmo,621
398406,North,Gizmo,759
398417,North,Widget,773
398420,North,Gadget,826
398435,North,Gizmo,522
398441,North,Gizmo,860
398452,North,Doohickey,911
398455,North,Widget,586
398465,North,Gizmo,774
398467,North,Gizmo,902
398469,North,Doohickey,972
398470,North,Gadget,637
398472,North,Doohickey,864
398473,North,Gizmo,915
398484,North,Gadget,811
398488,North,Widget,702
398491,North,Gadget,659
398493,North,Gizmo,568
398506,North,Doohickey,936
398511,North,Gizmo,960
398514,North,Gadget,608
398515,North,Widget,688
398516,North,Gizmo,926
398518,North,Gadget,810
398532,North,Gadget,969
398537,North,Gizmo,802
398576,North,Gadget,667
398593,North,Gadget,663
398600,North,Gizmo,841
398604,North,Gadget,603
398611,North,Gadget,764
398637,North,Doohickey,589
398642,North,Widget,855
398643,North,Widget,966
398647,North,Gadget,792
398649,North,Doohickey,762
398659,North,Gizmo,642
398660,North,Widget,714
398666,North,Gizmo,996
398670,North,Gadget,707
398681,North,Widget,603
398684,North,Doohickey,871
398693,North,Gadget,585
398694,North,Gizmo,961
398695,North,Widget,785
398698,North,Doohickey,764
398700,North,Gadget,873
398701,North,Doohickey,932
398711,North,Widget,529
398722,North,Gadget,838
398742,North,Widget,746
398760,North,Doohickey,982
398763,North,Gizmo,567
398769,North,Gizmo,774
398770,North,Gizmo,966
398776,North,Widget,728
398792,North,Widget,884
398797,North,Gizmo,825
398802,North,Gizmo,792
398804,North,Widget,950
398809,North,Doohickey,752
398839,North,Gadget,864
398852,North,Doohickey,522
398854,North,Gadget,761
398855,North,Doohickey,672
398866,North,Gizmo,815
398871,North,Doohickey,707
398874,North,Gadget,588
398890,North,Gizmo,527
398902,North,Widget,939
398909,North,Gizmo,584
398911,North,Widget,941
398915,North,Doohickey,994
398922,North,Gadget,509
398929,North,Widget,881
398936,North,Gadget,811
398957,North,Gizmo,503
398960,North,Widget,968
398962,North,Doohickey,963
398964,North,Gizmo,653
398971,North,Gizmo,545
398973,North,Gadget,831
398976,North,Doohickey,537
398979,North,Gizmo,601
398980,North,Gadget,638
398982,North,Gadget,590
398983,North,Widget,902
398985,North,Widget,714
399011,North,Doohickey,940
399022,North,Doohickey,710
399023,North,Gizmo,665
399043,North,Gadget,974
399049,North,Widget,786
399053,North,Doohickey,953
399076,North,Gadget,806
399086,North,Gadget,755
399087,North,Widget,596
399096,North,Widget,894
399104,North,Widget,976
399116,North,Gizmo,930
399120,North,Gizmo,997
399135,North,Widget,596
399145,North,Widget,596
399150,North,Gizmo,646
399172,North,Gizmo,544
399173,North,Widget,810
399188,North,Doohickey,747
399189,North,Doohickey,663
399193,North,Widget,808
399196,North,Widget,778
399204,North,Gadget,926
399228,North,Gadget,569
399231,North,Widget,628
399238,North,Widget,786
399253,North,Gizmo,537
399255,North,Gadget,613
399256,North,Doohickey,736
399266,North,Doohickey,586
399281,North,Gizmo,969
399292,North,Gizmo,712
399300,North,Gizmo,944
399301,North,Doohickey,864
399303,North,Gizmo,859
399319,North,Gadget,575
399329,North,Gizmo,943
399338,North,Gizmo,811
399347,North,Gizmo,763
399353,North,Doohickey,755
399356,North,Gadget,723
399357,North,Doohickey,953
399364,North,Doohickey,819
399365,North,Gadget,662
399368,North,Doohickey,824
399379,North,Doohickey,684
399391,North,Gizmo,697
399408,North,Widget,871
399409,North,Widget,613
399419,North,Widget,852
399456,North,Widget,846
399467,North,Widget,542
399469,North,Gadget,798
399472,North,Gizmo,672
399473,North,Doohickey,827
399489,North,Gadget,907
399501,North,Doohickey,520
399504,North,Widget,628
399512,North,Widget,811
399516,North,Doohickey,869
399531,North,Gadget,738
399540,North,Doohickey,669
399550,North,Doohickey,810
399552,North,Widget,826
399558,North,Widget,999
399565,North,Widget,973
399571,North,Widget,917
399580,North,Gizmo,552
399587,North,Gizmo,736
399590,North,Gizmo,825
399602,North,Gizmo,665
399617,North,Doohickey,738
399632,North,Doohickey,558
399634,North,Gadget,807
399637,North,Gizmo,719
399651,North,Doohickey,679
399660,North,Doohickey,746
399662,North,Doohickey,591
399666,North,Gadget,663
399675,North,Doohickey,618
399678,North,Doohickey,712
399681,North,Doohickey,697
399682,North,Doohickey,535
399686,North,Widget,809
399688,North,Doohickey,902
399690,North,Widget,868
399707,North,Widget,844
399733,North,Gadget,700
399735,North,Gizmo,909
399736,North,Gizmo,906
399738,North,Gadget,759
399746,North,Widget,619
399771,North,Widget,559
399782,North,Gadget,687
399784,North,Gizmo,575
399790,North,Widget,513
399805,North,Doohickey,505
399827,North,Doohickey,930
399835,North,Doohickey,986
399837,North,Gizmo,676
399845,North,Gadget,524
399850,North,Gadget,942
399859,North,Gadget,620
399860,North,Gizmo,856
399865,North,Gadget,951
399866,North,Widget,688
399867,North,Gadget,864
399870,North,Gizmo,632
399882,North,Widget,645
399883,North,Widget,567
399888,North,Widget,919
399889,North,Widget,603
399906,North,Widget,692
399922,North,Gadget,657
399928,North,Gizmo,760
399942,North,Gizmo,565
399959,North,Gizmo,944
399964,North,Gizmo,969
399967,North,Gizmo,836
399970,North,Widget,706
399979,North,Gadget,666
399989,North,Gadget,522
400008,North,Doohickey,684
400012,North,Doohickey,521
400014,North,Gizmo,922
400017,North,Widget,838
400018,North,Gizmo,898
400047,North,Doohickey,839
400048,North,Gadget,902
400062,North,Widget,555
400063,North,Widget,739
400064,North,Doohickey,651
400065,North,Widget,558
400067,North,Gadget,743
400070,North,Doohickey,689
400083,North,Gadget,943
400091,North,Gizmo,974
400104,North,Widget,689
400108,North,Widget,997
400111,North,Doohickey,874
400120,North,Doohickey,511
400123,North,Doohickey,943
400128,North,Gadget,601
400133,North,Widget,770
400135,North,Gadget,684
400136,North,Gizmo,627
400143,North,Gadget,708
400146,North,Gadget,939
400147,North,Widget,902
400153,North,Gadget,659
400159,North,Doohickey,805
400163,North,Gadget,948
400172,North,Doohickey,944
400181,North,Gadget,984
400191,North,Gizmo,930
400194,North,Gizmo,893
400204,North,Widget,509
400206,North,Gizmo,761
400217,North,Widget,622
400224,North,Gizmo,597
400230,North,Doohickey,777
400236,North,Gizmo,963
400254,North,Widget,728
400255,North,Gizmo,999
400264,North,Widget,798
400266,North,Widget,952
400267,North,Doohickey,891
400274,North,Gadget,808
400279,North,Gizmo,528
400295,North,Gadget,801
400303,North,Gizmo,823
400305,North,Gadget,798
400311,North,Doohickey,849
400313,North,Gizmo,952
400324,North,Gadget,910
400328,North,Gizmo,931
400332,North,Doohickey,894
400342,North,Doohickey,558
400368,North,Doohickey,567
400375,North,Widget,598
400377,North,Widget,961
400396,North,Gizmo,794
400397,North,Doohickey,597
400406,North,Doohickey,623
400407,North,Widget,679
400415,North,Gadget,521
400421,North,Gizmo,816
400425,North,Gizmo,524
400429,North,Widget,986
400434,North,Widget,973
400435,North,Gadget,988
400461,North,Gadget,961
400465,North,Widget,536
400477,North,Gadget,842
400500,North,Widget,718
400502,North,Doohickey,724
400503,North,Doohickey,800
400522,North,Doohickey,822
400524,North,Gizmo,853
400526,North,Doohickey,532
400530,North,Widget,903
400531,North,Widget,532
400544,North,Doohickey,964
400549,North,Gizmo,503
400555,North,Doohickey,936
400579,North,Gadget,885
400612,North,Widget,695
400616,North,Widget,918
400622,North,Gizmo,508
400626,North,Gadget,849
400628,North,Widget,714
400635,North,Doohickey,606
400667,North,Doohickey,848
400672,North,Widget,569
400692,North,Doohickey,911
400703,North,Widget,934
400711,North,Doohickey,589
400717,North,Gadget,559
400722,North,Gizmo,702
400724,North,Gizmo,694
400727,North,Gadget,695
400746,North,Gizmo,911
400751,North,Gizmo,509
400790,North,Gadget,986
400797,North,Doohickey,650
400802,North,Doohickey,770
400818,North,Doohickey,678
400830,North,Gadget,665
400840,North,Gadget,825
400849,North,Widget,960
400861,North,Doohickey,821
400862,North,Gizmo,790
400867,North,Doohickey,913
400877,North,Gadget,872
400882,North,Gadget,708
400912,North,Gizmo,539
400915,North,Gadget,755
400916,North,Doohickey,960
400922,North,Gizmo,877
400935,North,Doohickey,991
400937,North,Gizmo,577
400939,North,Doohickey,905
400945,North,Doohickey,611
400950,North,Gadget,685
400963,North,Widget,538
400967,North,Widget,517
400975,North,Doohickey,875
400980,North,Doohickey,986
400998,North,Gizmo,977
401052,North,Widget,914
401053,North,Gizmo,834
401063,North,Widget,623
401067,North,Doohickey,958
401079,North,Widget,877
401080,North,Gadget,524
401081,North,Gadget,919
401100,North,Widget,623
401102,North,Widget,653
401118,North,Widget,818
401121,North,Gadget,589
401157,North,Doohickey,994
401161,North,Gizmo,861
401165,North,Widget,674
401181,North,Gadget,973
401191,North,Gizmo,968
401207,North,Doohickey,940
401209,North,Widget,670
401210,North,Gizmo,877
401225,North,Gizmo,799
401231,North,Gizmo,571
401247,North,Gizmo,969
401267,North,Widget,605
401287,North,Doohickey,532
401296,North,Gadget,758
401299,North,Widget,903
401313,North,Doohickey,511
401320,North,Doohickey,759
401324,North,Doohickey,785
401331,North,Doohickey,749
401358,North,Gizmo,754
401365,North,Widget,540
401369,North,Gizmo,595
401371,North,Gadget,900
401374,North,Gizmo,735
401387,North,Gizmo,848
401392,North,Doohickey,523
401402,North,Widget,604
401405,North,Gadget,885
401407,North,Gizmo,894
401418,North,Doohickey,858
401426,North,Gadget,619
401437,North,Doohickey,709
401441,North,Doohickey,873
401461,North,Gizmo,609
401467,North,Gadget,674
401474,North,Widget,860
401478,North,Gadget,545
401485,North,Gizmo,715
401507,North,Widget,867
401513,North,Doohickey,640
401520,North,Gadget,633
401521,North,Widget,982
401529,North,Doohickey,568
401530,North,Widget,658
401532,North,Doohickey,890
401545,North,Gadget,702
401559,North,Gizmo,647
401582,North,Gadget,560
401583,North,Gizmo,720
401586,North,Doohickey,951
401597,North,Doohickey,535
401599,North,Doohickey,968
401603,North,Doohickey,532
401605,North,Widget,562
401621,North,Gizmo,897
401636,North,Gizmo,669
401648,North,Gizmo,721
401659,North,Gizmo,924
401677,North,Widget,918
401678,North,Doohickey,901
401680,North,Gadget,990
401686,North,Gadget,831
401692,North,Gizmo,864
401711,North,Doohickey,741
401719,North,Gizmo,590
401726,North,Gizmo,509
401737,North,Gizmo,678
401743,North,Gizmo,639
401747,North,Gizmo,817
401758,North,Doohickey,880
401762,North,Doohickey,699
401766,North,Doohickey,539
401772,North,Doohickey,852
401791,North,Gadget,528
401793,North,Widget,618
401804,North,Gizmo,757
401805,North,Gizmo,756
401829,North,Gizmo,685
401831,North,Widget,969
401832,North,Widget,619
401836,North,Gadget,826
401841,North,Widget,568
401846,North,Doohickey,673
401854,North,Doohickey,990
401855,North,Widget,788
401856,North,Doohickey,751
401874,North,Widget,844
401882,North,Gadget,706
401883,North,Gadget,731
401885,North,Gizmo,704
401886,North,Doohickey,949
401895,North,Doohickey,501
401916,North,Widget,642
401923,North,Gadget,574
401951,North,Gadget,739
401961,North,Gizmo,891
401962,North,Doohickey,747
401972,North,Doohickey,925
401980,North,Gizmo,545
401981,North,Gizmo,636
401998,North,Gadget,836
402007,North,Widget,807
402008,North,Gizmo,861
402024,North,Gadget,766
402035,North,Gizmo,800
402044,North,Doohickey,559
402046,North,Gadget,521
402055,North,Gizmo,734
402073,North,Gadget,630
402077,North,Gadget,957
402079,North,Widget,986
402088,North,Doohickey,899
402108,North,Doohickey,968
402110,North,Widget,565
402113,North,Widget,846
402120,North,Widget,796
402123,North,Doohickey,801
402132,North,Widget,884
402136,North,Widget,955
402144,North,Gadget,509
402163,North,Gizmo,919
402171,North,Gizmo,994
402177,North,Gadget,880
402180,North,Doohickey,663
402181,North,Doohickey,881
402186,North,Doohickey,762
402190,North,Widget,991
402200,North,Gadget,953
402209,North,Doohickey,733
402219,North,Doohickey,905
402227,North,Widget,686
402234,North,Doohickey,507
402235,North,Doohickey,900
402237,North,Gadget,856
402244,North,Gadget,969
402246,North,Gadget,988
402274,North,Gizmo,999
402284,North,Gizmo,734
402289,North,Gadget,864
402292,North,Gizmo,844
402311,North,Doohickey,928
402313,North,Widget,977
402327,North,Gizmo,928
402337,North,Doohickey,917
402341,North,Doohickey,894
402358,North,Doohickey,675
402366,North,Doohickey,930
402411,North,Gadget,563
402429,North,Gadget,504
402442,North,Gadget,798
402444,North,Doohickey,755
402446,North,Widget,747
402449,North,Gadget,566
402458,North,Doohickey,609
402467,North,Gizmo,700
402479,North,Gadget,802
402481,North,Doohickey,813
402482,North,Doohickey,655
402483,North,Widget,545
402501,North,Gizmo,590
402502,North,Gadget,598
402524,North,Doohickey,926
402536,North,Gizmo,772
402549,North,Doohickey,936
402555,North,Gizmo,982
402573,North,Gizmo,974
402581,North,Widget,936
402590,North,Doohickey,516
402591,North,Doohickey,652
402605,North,Doohickey,543
402613,North,Doohickey,961
402620,North,Gizmo,511
402626,North,Gizmo,543
402629,North,Doohickey,755
402636,North,Doohickey,993
402654,North,Widget,936
402658,North,Widget,731
402663,North,Gadget,586
402675,North,Gizmo,587
402676,North,Widget,537
402677,North,Widget,665
402686,North,Gadget,628
402693,North,Gizmo,788
402696,North,Gizmo,953
402715,North,Doohickey,843
402730,North,Gizmo,692
402734,North,Gadget,658
402738,North,Widget,791
402759,North,Gizmo,602
402761,North,Widget,638
402765,North,Gadget,634
402771,North,Doohickey,687
402774,North,Gizmo,618
402780,North,Widget,772
402782,North,Widget,915
402818,North,Gadget,745
402819,North,Gizmo,996
402839,North,Doohickey,594
402841,North,Gadget,888
402862,North,Gizmo,824
402867,North,Widget,780
402878,North,Doohickey,613
402879,North,Gadget,715
402888,North,Gizmo,707
402892,North,Gadget,921
402898,North,Gadget,725
402918,North,Gadget,842
402923,North,Doohickey,869
402924,North,Doohickey,992
402937,North,Doohickey,961
402939,North,Widget,542
402945,North,Gizmo,743
402949,North,Gadget,669
402951,North,Widget,594
402952,North,Doohickey,754
402960,North,Gadget,736
402965,North,Doohickey,661
402967,North,Widget,719
402987,North,Doohickey,505
402993,North,Gadget,530
403004,North,Gadget,936
403024,North,Doohickey,674
403036,North,Gadget,689
403040,North,Gadget,957
403043,North,Widget,546
403053,North,Widget,692
403056,North,Gizmo,658
403057,North,Doohickey,771
403058,North,Gizmo,600
403066,North,Gadget,863
403068,North,Widget,711
403076,North,Gizmo,901
403080,North,Gadget,940
403092,North,Gadget,894
403096,North,Gadget,861
403121,North,Doohickey,629
403134,North,Gadget,848
403139,North,Gadget,961
403141,North,Gizmo,642
403162,North,Doohickey,655
403187,North,Gizmo,986
403188,North,Widget,614
403194,North,Gadget,835
403195,North,Gadget,996
403198,North,Gadget,790
403200,North,Gadget,841
403205,North,Doohickey,717
403208,North,Widget,792
403209,North,Gizmo,702
403211,North,Gadget,678
403230,North,Doohickey,714
403232,North,Widget,965
403255,North,Widget,754
403259,North,Gizmo,619
403270,North,Gizmo,849
403278,North,Doohickey,758
403285,North,Widget,716
403291,North,Gizmo,651
403294,North,Gadget,976
403296,North,Gadget,919
403301,North,Doohickey,611
403310,North,Gizmo,969
403316,North,Widget,662
403320,North,Widget,560
403327,North,Doohickey,955
403342,North,Widget,647
403346,North,Doohickey,861
403347,North,Doohickey,787
403350,North,Doohickey,544
403355,North,Widget,727
403360,North,Doohickey,797
403361,North,Widget,683
403365,North,Gadget,508
403366,North,Gizmo,580
403394,North,Gizmo,613
403395,North,Doohickey,650
403400,North,Widget,737
403404,North,Widget,821
403436,North,Gizmo,590
403439,North,Gizmo,897
403453,North,Gadget,940
403477,North,Gizmo,746
403478,North,Doohickey,781
403491,North,Widget,931
403492,North,Doohickey,754
403510,North,Gadget,805
403512,North,Gadget,911
403513,North,Doohickey,605
403517,North,Gizmo,722
403519,North,Doohickey,527
403527,North,Gadget,938
403533,North,Doohickey,794
403535,North,Widget,621
403545,North,Widget,680
403549,North,Gizmo,930
403561,North,Widget,756
403565,North,Widget,688
403568,North,Doohickey,658
403575,North,Doohickey,819
403577,North,Gadget,563
403578,North,Gizmo,518
403584,North,Doohickey,960
403586,North,Doohickey,908
403587,North,Gizmo,817
403598,North,Gadget,705
403603,North,Doohickey,707
403608,North,Gizmo,891
403626,North,Gizmo,977
403629,North,Gizmo,744
403630,North,Gadget,722
403633,North,Gizmo,546
403639,North,Gadget,517
403641,North,Doohickey,810
403651,North,Gizmo,842
403658,North,Widget,617
403688,North,Gizmo,726
403692,North,Gadget,936
403700,North,Widget,620
403726,North,Doohickey,616
403727,North,Gadget,825
403735,North,Gadget,994
403747,North,Doohickey,784
403750,North,Doohickey,698
403765,North,Gizmo,729
403773,North,Gizmo,869
403779,North,Gadget,608
403784,North,Gadget,507
403792,North,Gizmo,923
403797,North,Gizmo,555
403803,North,Gizmo,764
403836,North,Gadget,783
403837,North,Doohickey,811
403845,North,Gizmo,535
403848,North,Gizmo,815
403850,North,Widget,780
403864,North,Gadget,662
403893,North,Gizmo,602
403915,North,Gadget,739
403930,North,Doohickey,679
403932,North,Gizmo,871
403937,North,Doohickey,886
403939,North,Widget,699
403941,North,Widget,831
403945,North,Gizmo,809
403947,North,Widget,797
403958,North,Widget,712
403960,North,Widget,915
403971,North,Gadget,625
403973,North,Doohickey,840
403985,North,Gizmo,659
403988,North,Gizmo,896
403996,North,Widget,759
403998,North,Gadget,952
404030,North,Doohickey,715
404041,North,Doohickey,546
404046,North,Gizmo,824
404053,North,Doohickey,615
404077,North,Widget,588
404080,North,Gadget,836
404109,North,Gizmo,668
404110,North,Widget,891
404114,North,Gizmo,534
404119,North,Gadget,593
404123,North,Doohickey,509
404131,North,Widget,756
404155,North,Gadget,886
404159,North,Gizmo,946
404174,North,Gizmo,830
404180,North,Widget,541
404197,North,Doohickey,608
404219,North,Widget,863
404254,North,Doohickey,818
404270,North,Gadget,832
404272,North,Gizmo,821
404273,North,Gizmo,946
404287,North,Gadget,715
404303,North,Gadget,566
404335,North,Doohickey,758
404354,North,Widget,946
404356,North,Gadget,907
404362,North,Doohickey,604
404365,North,Gizmo,874
404384,North,Widget,608
404385,North,Gadget,844
404391,North,Gadget,899
404398,North,Gadget,642
404432,North,Widget,947
404440,North,Widget,514
404454,North,Doohickey,711
404456,North,Widget,943
404459,North,Doohickey,581
404469,North,Gadget,775
404472,North,Widget,550
404483,North,Doohickey,747
404494,North,Doohickey,727
404516,North,Widget,618
404519,North,Gizmo,732
404532,North,Gizmo,803
404541,North,Doohickey,559
404542,North,Gadget,741
404546,North,Doohickey,858
404553,North,Widget,614
404554,North,Doohickey,528
404565,North,Widget,772
404581,North,Doohickey,946
404586,North,Doohickey,893
404593,North,Widget,660
404596,North,Doohickey,942
404608,North,Gadget,778
404613,North,Gadget,606
404624,North,Doohickey,739
404630,North,Doohickey,525
404632,North,Gadget,683
404641,North,Gadget,606
404646,North,Gizmo,813
404652,North,Doohickey,903
404655,North,Gizmo,773
404656,North,Widget,927
404660,North,Gizmo,958
404666,North,Widget,965
404669,North,Widget,932
404699,North,Widget,628
404702,North,Doohickey,612
404705,North,Gizmo,840
404710,North,Gadget,926
404716,North,Gizmo,947
404729,North,Doohickey,742
404731,North,Doohickey,764
404735,North,Doohickey,877
404748,North,Widget,579
404758,North,Gizmo,528
404770,North,Gizmo,704
404781,North,Widget,517
404786,North,Widget,940
404790,North,Widget,980
404793,North,Gadget,573
404803,North,Widget,789
404806,North,Gadget,831
404807,North,Gadget,733
404821,North,Doohickey,722
404823,North,Widget,874
404837,North,Gadget,888
404841,North,Doohickey,940
404843,North,Widget,556
404859,North,Gadget,876
404877,North,Widget,869
404886,North,Widget,969
404894,North,Widget,775
404927,North,Widget,889
404931,North,Doohickey,608
404964,North,Gizmo,638
404971,North,Gadget,690
405000,North,Gizmo,925
405005,North,Doohickey,540
405012,North,Widget,993
405017,North,Doohickey,699
405019,North,Gizmo,529
405020,North,Widget,681
405029,North,Gizmo,758
405036,North,Gizmo,903
405039,North,Widget,866
405052,North,Gizmo,533
405055,North,Widget,863
405067,North,Gadget,935
405069,North,Gizmo,944
405080,North,Gizmo,946
405087,North,Widget,572
405096,North,Gizmo,624
405099,North,Doohickey,518
405102,North,Gizmo,600
405110,North,Doohickey,524
405112,North,Widget,955
405113,North,Doohickey,993
405154,North,Gadget,690
405161,North,Gadget,598
405167,North,Doohickey,592
405184,North,Widget,802
405188,North,Widget,819
405193,North,Widget,947
405211,North,Gizmo,949
405223,North,Gadget,695
405229,North,Gizmo,897
405232,North,Gadget,720
405235,North,Gadget,813
405238,North,Doohickey,969
405265,North,Gizmo,838
405273,North,Gizmo,655
405274,North,Widget,787
405314,North,Gizmo,612
405316,North,Doohickey,757
405323,North,Gizmo,953
405325,North,Widget,644
405330,North,Doohickey,613
405331,North,Doohickey,578
405332,North,Gadget,809
405333,North,Widget,871
405355,North,Doohickey,806
405357,North,Doohickey,687
405363,North,Gadget,509
405367,North,Gadget,832
405384,North,Gizmo,744
405388,North,Gizmo,739
405390,North,Widget,649
405391,North,Gadget,694
405392,North,Doohickey,919
405396,North,Doohickey,955
405400,North,Doohickey,522
405413,North,Gadget,509
405414,North,Doohickey,996
405424,North,Gadget,587
405447,North,Gizmo,639
405454,North,Gadget,693
405456,North,Widget,771
405462,North,Gizmo,982
405469,North,Gadget,889
405482,North,Doohickey,519
405532,North,Doohickey,984
405541,North,Gizmo,602
405550,North,Gadget,501
405556,North,Gadget,899
405557,North,Gadget,534
405564,North,Widget,702
405573,North,Widget,520
405579,North,Doohickey,731
405581,North,Widget,867
405588,North,Widget,785
405600,North,Gadget,944
405605,North,Widget,618
405610,North,Gizmo,663
405614,North,Gadget,533
405616,North,Gadget,528
405627,North,Gizmo,811
405636,North,Gadget,670
405678,North,Doohickey,704
405683,North,Gadget,697
405687,North,Widget,746
405697,North,Doohickey,627
405699,North,Gadget,576
405706,North,Doohickey,648
405709,North,Doohickey,781
405712,North,Gizmo,772
405720,North,Widget,944
405737,North,Gizmo,630
405751,North,Doohickey,913
405755,North,Gizmo,541
405771,North,Widget,644
405774,North,Widget,906
405781,North,Gizmo,666
405790,North,Gizmo,825
405792,North,Widget,674
405797,North,Gadget,515
405798,North,Gadget,558
405800,North,Gizmo,776
405805,North,Gizmo,743
405811,North,Widget,984
405812,North,Widget,931
405829,North,Gizmo,952
405840,North,Doohickey,932
405844,North,Widget,877
405847,North,Gizmo,881
405861,North,Widget,719
405878,North,Gizmo,885
405898,North,Widget,903
405916,North,Gadget,699
405935,North,Gizmo,977
405951,North,Widget,956
405982,North,Doohickey,517
405996,North,Gizmo,972
406020,North,Gizmo,965
406024,North,Widget,648
406041,North,Doohickey,861
406054,North,Gadget,720
406056,North,Gizmo,894
406057,North,Doohickey,734
406069,North,Gadget,999
406087,North,Widget,777
406091,North,Widget,728
406093,North,Gizmo,808
406101,North,Doohickey,738
406102,North,Doohickey,851
406104,North,Doohickey,853
406113,North,Gizmo,661
406116,North,Gizmo,652
406122,North,Doohickey,957
406127,North,Widget,805
406132,North,Gizmo,751
406133,North,Gizmo,972
406138,North,Widget,863
406156,North,Doohickey,630
406160,North,Doohickey,978
406167,North,Gizmo,683
406178,North,Widget,625
406180,North,Widget,659
406203,North,Doohickey,791
406216,North,Widget,601
406220,North,Doohickey,894
406247,North,Widget,647
406250,North,Gizmo,743
406258,North,Gadget,514
406263,North,Widget,691
406264,North,Gizmo,825
406266,North,Gizmo,868
406268,North,Gadget,771
406275,North,Gadget,865
406277,North,Doohickey,765
406278,North,Widget,977
406279,North,Widget,958
406283,North,Gadget,886
406288,North,Widget,781
406289,North,Doohickey,544
406295,North,Widget,868
406298,North,Doohickey,524
406303,North,Widget,890
406316,North,Gizmo,512
406331,North,Widget,975
406334,North,Gizmo,986
406336,North,Gizmo,642
406347,North,Widget,655
406349,North,Gadget,613
406367,North,Doohickey,882
406369,North,Doohickey,834
406383,North,Doohickey,959
406387,North,Gizmo,773
406389,North,Widget,759
406394,North,Widget,948
406412,North,Gizmo,677
406417,North,Gadget,678
406419,North,Doohickey,931
406430,North,Gizmo,611
406443,North,Widget,886
406446,North,Gizmo,648
406447,North,Gizmo,507
406456,North,Gadget,938
406457,North,Widget,629
406475,North,Widget,629
406476,North,Doohickey,613
406478,North,Gadget,885
406504,North,Gadget,584
406509,North,Gadget,907
406520,North,Widget,578
406521,North,Gadget,530
406525,North,Gizmo,994
406533,North,Gadget,537
406538,North,Widget,729
406549,North,Widget,814
406556,North,Doohickey,538
406564,North,Widget,522
406587,North,Widget,573
406595,North,Gadget,553
406603,North,Doohickey,757
406611,North,Gizmo,618
406621,North,Widget,592
406629,North,Widget,535
406639,North,Widget,844
406649,North,Gadget,836
406651,North,Widget,822
406655,North,Doohickey,589
406656,North,Gizmo,702
406670,North,Widget,529
406681,North,Widget,993
406693,North,Gizmo,752
406694,North,Gadget,918
406703,North,Widget,994
406706,North,Gizmo,947
406716,North,Gadget,595
406726,North,Gizmo,792
406731,North,Doohickey,983
406740,North,Widget,581
406741,North,Gizmo,610
406742,North,Doohickey,903
406743,North,Doohickey,520
406759,North,Doohickey,981
406761,North,Gizmo,586
406781,North,Doohickey,911
406810,North,Doohickey,744
406822,North,Gizmo,556
406823,North,Widget,790
406830,North,Gadget,978
406837,North,Gadget,624
406838,North,Doohickey,590
406841,North,Gizmo,659
406842,North,Doohickey,861
406845,North,Doohickey,651
406859,North,Widget,513
406893,North,Widget,648
406899,North,Widget,821
406905,North,Gizmo,698
406910,North,Widget,737
406917,North,Doohickey,568
406923,North,Doohickey,913
406928,North,Widget,555
406929,North,Gadget,554
406931,North,Widget,619
406961,North,Widget,615
406967,North,Gadget,977
406979,North,Gadget,882
406980,North,Gizmo,967
407004,North,Gadget,719
407005,North,Widget,686
407012,North,Gadget,751
407033,North,Widget,601
407050,North,Gadget,503
407058,North,Gadget,788
407064,North,Doohickey,925
407067,North,Widget,774
407077,North,Widget,679
407079,North,Gadget,795
407086,North,Gadget,813
407088,North,Widget,501
407091,North,Gadget,747
407095,North,Doohickey,519
407120,North,Gadget,701
407136,North,Widget,518
407137,North,Gizmo,931
407139,North,Gizmo,515
407141,North,Widget,800
407157,North,Gadget,712
407163,North,Gizmo,961
407182,North,Doohickey,653
407184,North,Gizmo,938
407188,North,Gadget,869
407193,North,Doohickey,682
407195,North,Gizmo,545
407208,North,Doohickey,629
407225,North,Gizmo,671
407228,North,Widget,866
407242,North,Gadget,671
407258,North,Gadget,997
407265,North,Doohickey,799
407277,North,Doohickey,971
407283,North,Doohickey,960
407299,North,Doohickey,668
407308,North,Widget,791
407313,North,Widget,815
407322,North,Widget,713
407324,North,Gadget,947
407326,North,Doohickey,694
407328,North,Doohickey,983
407334,North,Doohickey,881
407343,North,Doohickey,579
407350,North,Widget,776
407364,North,Doohickey,675
407366,North,Gizmo,709
407373,North,Doohickey,740
407392,North,Gizmo,678
407399,North,Widget,914
407404,North,Widget,624
407407,North,Doohickey,657
407414,North,Gadget,949
407421,North,Widget,663
407425,North,Gizmo,779
407433,North,Gizmo,924
407454,North,Widget,524
407455,North,Gadget,815
407456,North,Widget,694
407460,North,Doohickey,555
407461,North,Doohickey,779
407470,North,Gadget,969
407481,North,Doohickey,643
407491,North,Widget,667
407498,North,Doohickey,686
407499,North,Gizmo,631
407503,North,Widget,740
407529,North,Gadget,547
407532,North,Gizmo,919
407539,North,Gizmo,861
407542,North,Gadget,856
407543,North,Gadget,982
407548,North,Doohickey,630
407552,North,Widget,971
407560,North,Gadget,827
407562,North,Doohickey,742
407567,North,Gadget,611
407571,North,Widget,980
407581,North,Doohickey,908
407585,North,Widget,918
407587,North,Doohickey,705
407615,North,Gizmo,754
407647,North,Widget,891
407665,North,Doohickey,714
407681,North,Gadget,974
407685,North,Gadget,643
407697,North,Widget,594
407703,North,Doohickey,998
407705,North,Widget,566
407713,North,Doohickey,547
407727,North,Doohickey,693
407740,North,Gadget,509
407744,North,Doohickey,722
407749,North,Widget,768
407752,North,Widget,563
407758,North,Widget,541
407763,North,Widget,770
407778,North,Gizmo,682
407780,North,Gizmo,597
407789,North,Gizmo,908
407793,North,Doohickey,550
407810,North,Doohickey,582
407816,North,Gadget,634
407819,North,Gadget,703
407830,North,Widget,580
407834,North,Doohickey,819
407835,North,Gizmo,690
407837,North,Gadget,908
407857,North,Gadget,685
407860,North,Widget,606
407866,North,Gizmo,986
407867,North,Doohickey,976
407869,North,Widget,977
407881,North,Widget,856
407882,North,Gizmo,689
407887,North,Doohickey,921
407893,North,Gizmo,698
407894,North,Gizmo,780
407905,North,Gadget,785
407910,North,Doohickey,767
407915,North,Widget,609
407917,North,Gizmo,752
407924,North,Gadget,537
407925,North,Widget,664
407926,North,Gizmo,627
407934,North,Gizmo,581
407940,North,Doohickey,819
407942,North,Gadget,841
407944,North,Doohickey,609
407947,North,Gizmo,589
407955,North,Gadget,978
407957,North,Gizmo,504
407962,North,Widget,738
407965,North,Gizmo,917
407979,North,Gizmo,969
407991,North,Gadget,956
407997,North,Gizmo,819
408001,North,Doohickey,978
408011,North,Gadget,886
408013,North,Gizmo,627
408021,North,Widget,584
408027,North,Gadget,543
408033,North,Gadget,878
408038,North,Gadget,710
408055,North,Doohickey,787
408087,North,Widget,941
408095,North,Widget,655
408110,North,Gadget,630
408142,North,Gizmo,611
408143,North,Gadget,751
408150,North,Widget,763
408153,North,Gadget,926
408158,North,Widget,599
408163,North,Doohickey,782
408167,North,Gizmo,968
408174,North,Widget,897
408178,North,Gadget,536
408190,North,Widget,844
408199,North,Gadget,652
408211,North,Widget,781
408215,North,Gizmo,756
408228,North,Widget,554
408234,North,Gizmo,899
408240,North,Gadget,897
408268,North,Widget,893
408269,North,Gadget,754
408271,North,Widget,950
408296,North,Doohickey,609
408298,North,Widget,787
408327,North,Widget,853
408333,North,Gizmo,662
408343,North,Widget,909
408363,North,Gizmo,999
408382,North,Doohickey,877
408385,North,Widget,569
408398,North,Gizmo,888
408404,North,Widget,505
408405,North,Gizmo,555
408417,North,Widget,725
408427,North,Gadget,658
408428,North,Gizmo,719
408436,North,Gizmo,552
408440,North,Gadget,769
408448,North,Gizmo,774
408458,North,Doohickey,893
408469,North,Widget,740
408476,North,Doohickey,996
408482,North,Doohickey,644
408493,North,Doohickey,909
408499,North,Gizmo,707
408502,North,Gizmo,690
408512,North,Gizmo,733
408526,North,Gizmo,850
408541,North,Widget,996
408552,North,Widget,687
408562,North,Doohickey,782
408563,North,Doohickey,550
408586,North,Doohickey,663
408596,North,Gizmo,715
408603,North,Doohickey,811
408610,North,Widget,547
408616,North,Doohickey,527
408619,North,Doohickey,789
408622,North,Doohickey,851
408625,North,Widget,526
408628,North,Widget,898
408630,North,Doohickey,833
408650,North,Widget,656
408653,North,Widget,958
408675,North,Gadget,604
408680,North,Doohickey,801
408686,North,Gadget,612
408701,North,Widget,653
408711,North,Gadget,802
408721,North,Gadget,911
408729,North,Widget,685
408731,North,Doohickey,953
408732,North,Gadget,645
408737,North,Widget,902
408747,North,Widget,547
408755,North,Widget,653
408759,North,Doohickey,894
408793,North,Doohickey,835
408801,North,Widget,950
408804,North,Doohickey,677
408834,North,Doohickey,981
408850,North,Gizmo,589
408851,North,Gizmo,817
408858,North,Widget,992
408871,North,Widget,967
408872,North,Widget,788
408873,North,Doohickey,639
408877,North,Gizmo,819
408880,North,Doohickey,828
408882,North,Gizmo,505
408887,North,Gizmo,801
408890,North,Widget,586
408909,North,Doohickey,819
408918,North,Gadget,944
408923,North,Gizmo,577
408935,North,Doohickey,842
408945,North,Gadget,643
408962,North,Gadget,802
408967,North,Widget,867
408969,North,Gadget,751
408983,North,Gizmo,786
408988,North,Doohickey,975
408991,North,Gadget,797
408993,North,Doohickey,517
409001,North,Doohickey,836
409010,North,Widget,989
409016,North,Doohickey,992
409021,North,Gadget,656
409029,North,Gadget,773
409038,North,Gadget,966
409046,North,Doohickey,773
409061,North,Gadget,952
409063,North,Gizmo,948
409064,North,Doohickey,509
409072,North,Widget,706
409078,North,Doohickey,877
409086,North,Gizmo,660
409094,North,Gizmo,728
409098,North,Doohickey,869
409099,North,Doohickey,612
409107,North,Widget,901
409124,North,Doohickey,744
409138,North,Gadget,838
409144,North,Gizmo,533
409153,North,Widget,976
409158,North,Gadget,836
409160,North,Widget,799
409163,North,Doohickey,530
409167,North,Gadget,569
409171,North,Doohickey,809
409174,North,Widget,524
409178,North,Doohickey,550
409179,North,Gadget,526
409183,North,Widget,858
409190,North,Gizmo,847
409198,North,Gadget,777
409201,North,Gadget,867
409212,North,Widget,675
409216,North,Gadget,960
409229,North,Doohickey,794
409232,North,Gizmo,501
409236,North,Doohickey,762
409252,North,Widget,733
409254,North,Gizmo,754
409262,North,Gadget,697
409277,North,Gizmo,964
409281,North,Gadget,826
409282,North,Widget,757
409284,North,Widget,823
409289,North,Doohickey,961
409290,North,Widget,827
409298,North,Doohickey,888
409306,North,Gadget,657
409314,North,Doohickey,524
409315,North,Doohickey,589
409316,North,Doohickey,700
409317,North,Gadget,517
409331,North,Gadget,709
409346,North,Doohickey,797
409348,North,Widget,709
409349,North,Doohickey,614
409350,North,Doohickey,992
409358,North,Doohickey,974
409365,North,Gizmo,977
409376,North,Gadget,767
409386,North,Gizmo,739
409394,North,Doohickey,840
409402,North,Doohickey,658
409403,North,Gadget,994
409407,North,Gizmo,692
409417,North,Doohickey,706
409421,North,Gizmo,608
409445,North,Gizmo,994
409446,North,Doohickey,548
409448,North,Gadget,985
409471,North,Widget,567
409474,North,Gadget,748
409476,North,Doohickey,958
409480,North,Gizmo,767
409483,North,Widget,671
409487,North,Gizmo,814
409491,North,Doohickey,900
409493,North,Gizmo,659
409496,North,Doohickey,756
409505,North,Widget,796
409512,North,Gizmo,799
409517,North,Gizmo,568
409519,North,Gadget,863
409527,North,Doohickey,757
409536,North,Gizmo,580
409539,North,Widget,773
409544,North,Doohickey,620
409562,North,Gizmo,719
409572,North,Doohickey,894
409579,North,Widget,873
409596,North,Doohickey,634
409597,North,Gadget,662
409617,North,Widget,994
409621,North,Gizmo,903
409625,North,Widget,631
409628,North,Gizmo,784
409639,North,Gizmo,660
409642,North,Widget,867
409643,North,Widget,868
409682,North,Gizmo,659
409685,North,Gadget,741
409690,North,Doohickey,606
409699,North,Gadget,727
409705,North,Gizmo,662
409719,North,Doohickey,978
409735,North,Doohickey,967
409736,North,Doohickey,934
409745,North,Widget,501
409757,North,Doohickey,792
409764,North,Gadget,635
409772,North,Widget,861
409779,North,Gadget,644
409791,North,Gizmo,588
409807,North,Widget,627
409827,North,Gadget,565
409831,North,Gizmo,706
409840,North,Gadget,827
409841,North,Gizmo,577
409857,North,Gizmo,761
409858,North,Gadget,957
409892,North,Gizmo,918
409895,North,Gadget,519
409898,North,Gizmo,616
409920,North,Doohickey,932
409924,North,Widget,864
409926,North,Gadget,990
409933,North,Gadget,526
409954,North,Doohickey,548
410008,North,Widget,717
410013,North,Widget,827
410036,North,Widget,709
410039,North,Gizmo,751
410041,North,Widget,614
410076,North,Gadget,797
410084,North,Gizmo,911
410095,North,Doohickey,942
410104,North,Gadget,976
410110,North,Widget,922
410112,North,Doohickey,753
410126,North,Gizmo,877
410131,North,Doohickey,855
410136,North,Gizmo,875
410146,North,Doohickey,809
410155,North,Widget,653
410156,North,Widget,570
410160,North,Gadget,505
410161,North,Gizmo,649
410171,North,Gadget,826
410172,North,Gadget,674
410187,North,Doohickey,803
410188,North,Doohickey,808
410212,North,Widget,563
410222,North,Gizmo,628
410235,North,Gizmo,751
410247,North,Gizmo,582
410267,North,Gizmo,760
410268,North,Widget,679
410271,North,Gadget,755
410293,North,Gadget,957
410295,North,Widget,515
410298,North,Gadget,861
410302,North,Doohickey,784
410312,North,Doohickey,874
410313,North,Widget,902
410317,North,Gizmo,903
410324,North,Gadget,876
410325,North,Doohickey,561
410342,North,Doohickey,998
410346,North,Doohickey,617
410349,North,Doohickey,517
410355,North,Doohickey,710
410357,North,Doohickey,757
410369,North,Widget,770
410370,North,Gizmo,661
410374,North,Gizmo,612
410383,North,Gizmo,583
410387,North,Gizmo,619
410394,North,Doohickey,960
410397,North,Widget,681
410404,North,Widget,883
410408,North,Widget,797
410409,North,Gizmo,998
410437,North,Doohickey,931
410439,North,Gadget,952
410453,North,Gadget,638
410468,North,Gizmo,637
410474,North,Gadget,656
410501,North,Widget,655
410506,North,Widget,604
410512,North,Gadget,598
410516,North,Doohickey,892
410519,North,Doohickey,663
410533,North,Doohickey,677
410534,North,Gizmo,948
410552,North,Widget,526
410561,North,Gizmo,898
410562,North,Doohickey,536
410574,North,Gizmo,909
410575,North,Widget,799
410590,North,Gizmo,557
410596,North,Widget,691
410603,North,Gadget,883
410617,North,Widget,894
410627,North,Gizmo,793
410643,North,Widget,818
410648,North,Doohickey,921
410676,North,Gizmo,885
410679,North,Gadget,789
410689,North,Gizmo,760
410705,North,Gadget,658
410710,North,Gizmo,808
410712,North,Gadget,797
410722,North,Doohickey,769
410723,North,Doohickey,620
410732,North,Gizmo,788
410753,North,Widget,694
410760,North,Widget,860
410770,North,Doohickey,927
410775,North,Widget,637
410778,North,Gizmo,533
410789,North,Gizmo,919
410791,North,Doohickey,799
410795,North,Widget,608
410796,North,Widget,865
410806,North,Widget,769
410808,North,Widget,690
410827,North,Gizmo,638
410839,North,Widget,864
410840,North,Widget,579
410843,North,Doohickey,592
410847,North,Gizmo,559
410849,North,Widget,603
410860,North,Gizmo,636
410866,North,Widget,779
410875,North,Doohickey,851
410891,North,Widget,648
410900,North,Doohickey,609
410909,North,Widget,553
410914,North,Gadget,524
410915,North,Doohickey,770
410919,North,Gizmo,927
410924,North,Gadget,869
410925,North,Gizmo,719
410936,North,Doohickey,557
410953,North,Doohickey,990
410963,North,Widget,607
410967,North,Gadget,700
410979,North,Widget,951
410999,North,Gadget,643
411008,North,Doohickey,601
411009,North,Doohickey,875
411010,North,Gadget,998
411015,North,Widget,831
411021,North,Doohickey,834
411029,North,Gadget,819
411032,North,Widget,682
411045,North,Widget,634
411054,North,Doohickey,690
411057,North,Gadget,535
411095,North,Gadget,943
411097,North,Widget,997
411098,North,Gadget,964
411100,North,Doohickey,913
411102,North,Doohickey,650
411103,North,Widget,620
411105,North,Gizmo,765
411114,North,Widget,665
411122,North,Gizmo,681
411131,North,Gizmo,542
411132,North,Widget,501
411143,North,Doohickey,788
411149,North,Gadget,923
411178,North,Doohickey,682
411183,North,Gadget,640
411196,North,Widget,880
411205,North,Gadget,858
411206,North,Gizmo,803
411208,North,Gadget,756
411215,North,Gizmo,863
411222,North,Doohickey,897
411254,North,Gadget,794
411257,North,Gadget,667
411277,North,Gadget,561
411280,North,Widget,743
411308,North,Gizmo,775
411310,North,Gizmo,774
411313,North,Doohickey,988
411319,North,Gizmo,698
411322,North,Gizmo,897
411323,North,Doohickey,765
411325,North,Gadget,817
411326,North,Widget,655
411327,North,Widget,619
411330,North,Doohickey,578
411337,North,Widget,586
411345,North,Gadget,747
411367,North,Widget,915
411371,North,Doohickey,774
411374,North,Gadget,684
411375,North,Doohickey,536
411380,North,Gizmo,616
411390,North,Doohickey,930
411393,North,Widget,699
411397,North,Doohickey,760
411399,North,Widget,547
411414,North,Gizmo,901
411415,North,Widget,814
411419,North,Doohickey,523
411432,North,Gizmo,676
411437,North,Doohickey,783
411439,North,Widget,801
411445,North,Gizmo,579
411458,North,Widget,902
411462,North,Doohickey,923
411472,North,Gadget,703
411476,North,Widget,994
411483,North,Gizmo,629
411487,North,Widget,986
411493,North,Gizmo,601
411511,North,Widget,580
411525,North,Widget,626
411531,North,Doohickey,607
411541,North,Doohickey,792
411544,North,Widget,928
411551,North,Widget,713
411556,North,Doohickey,786
411560,North,Gizmo,956
411561,North,Gadget,961
411572,North,Gizmo,986
411582,North,Gadget,596
411583,North,Doohickey,750
411605,North,Gadget,592
411612,North,Doohickey,739
411626,North,Doohickey,632
411654,North,Gizmo,819
411661,North,Gadget,957
411672,North,Gadget,512
411688,North,Gadget,746
411695,North,Doohickey,903
411698,North,Gadget,946
411702,North,Gizmo,796
411709,North,Gadget,833
411714,North,Widget,680
411720,North,Widget,977
411723,North,Gadget,992
411752,North,Widget,582
411768,North,Doohickey,833
411774,North,Doohickey,628
411776,North,Widget,921
411785,North,Gadget,793
411811,North,Doohickey,643
411816,North,Gadget,959
411827,North,Widget,597
411831,North,Doohickey,848
411842,North,Gizmo,594
411852,North,Gizmo,914
411853,North,Gizmo,605
411855,North,Gadget,548
411860,North,Doohickey,792
411862,North,Gizmo,586
411888,North,Gadget,965
411896,North,Widget,540
411907,North,Doohickey,838
411913,North,Gadget,505
411920,North,Gadget,787
411922,North,Doohickey,905
411925,North,Gizmo,1000
411955,North,Gizmo,833
411958,North,Doohickey,801
411959,North,Widget,844
411969,North,Widget,827
411974,North,Doohickey,747
411978,North,Gadget,988
411991,North,Widget,691
411992,North,Doohickey,907
411997,North,Gadget,687
412015,North,Gadget,633
412017,North,Widget,992
412039,North,Gizmo,861
412046,North,Gadget,542
412047,North,Gadget,578
412050,North,Widget,513
412053,North,Widget,740
412068,North,Gadget,672
412082,North,Widget,517
412083,North,Gizmo,504
412086,North,Gadget,515
412087,North,Widget,734
412088,North,Gizmo,899
412098,North,Widget,736
412109,North,Doohickey,626
412113,North,Gadget,681
412114,North,Widget,647
412116,North,Gadget,961
412124,North,Gizmo,613
412130,North,Doohickey,831
412145,North,Gizmo,976
412148,North,Doohickey,690
412154,North,Doohickey,535
412171,North,Gizmo,608
412173,North,Gizmo,924
412185,North,Doohickey,898
412196,North,Gizmo,876
412198,North,Gizmo,834
412200,North,Doohickey,960
412219,North,Gizmo,767
412233,North,Gadget,626
412243,North,Widget,955
412266,North,Widget,513
412267,North,Gadget,584
412276,North,Widget,860
412286,North,Doohickey,977
412294,North,Doohickey,921
412301,North,Doohickey,581
412310,North,Gadget,640
412320,North,Gadget,876
412324,North,Gadget,869
412335,North,Gizmo,952
412339,North,Doohickey,675
412349,North,Doohickey,901
412357,North,Doohickey,684
412359,North,Doohickey,770
412368,North,Gadget,685
412378,North,Gadget,708
412381,North,Gadget,753
412382,North,Gizmo,691
412386,North,Widget,576
412389,North,Doohickey,933
412397,North,Gizmo,1000
412398,North,Gadget,501
412403,North,Gadget,764
412405,North,Widget,899
412412,North,Doohickey,685
412420,North,Doohickey,633
412421,North,Widget,961
412431,North,Doohickey,791
412434,North,Widget,588
412442,North,Gadget,836
412447,North,Gadget,952
412455,North,Gizmo,794
412465,North,Gizmo,672
412491,North,Widget,668
412499,North,Gadget,996
412502,North,Gadget,732
412504,North,Gadget,902
412516,North,Gadget,706
412519,North,Gizmo,828
412524,North,Gizmo,581
412529,North,Gadget,705
412533,North,Gadget,717
412534,North,Widget,664
412544,North,Gadget,754
412550,North,Gizmo,852
412552,North,Gizmo,741
412569,North,Widget,868
412580,North,Gadget,939
412581,North,Gizmo,599
412588,North,Gizmo,798
412591,North,Gizmo,996
412595,North,Gizmo,815
412600,North,Doohickey,833
412604,North,Doohickey,726
412608,North,Gizmo,665
412617,North,Doohickey,726
412621,North,Gizmo,585
412622,North,Gizmo,843
412633,North,Widget,982
412636,North,Doohickey,688
412641,North,Gizmo,831
412644,North,Gadget,769
412645,North,Gizmo,635
412654,North,Doohickey,685
412659,North,Gadget,910
412668,North,Widget,836
412678,North,Gizmo,534
412683,North,Doohickey,576
412689,North,Gadget,635
412690,North,Gadget,565
412692,North,Doohickey,599
412705,North,Doohickey,973
412707,North,Gadget,840
412711,North,Gizmo,782
412718,North,Gizmo,869
412720,North,Widget,756
412724,North,Widget,875
412735,North,Gadget,713
412743,North,Widget,516
412746,North,Gadget,964
412753,North,Gadget,911
412760,North,Widget,766
412764,North,Gadget,996
412766,North,Widget,872
412778,North,Gizmo,848
412780,North,Gadget,646
412798,North,Gadget,676
412821,North,Doohickey,891
412829,North,Widget,900
412832,North,Gizmo,706
412843,North,Doohickey,694
412857,North,Widget,690
412858,North,Gizmo,755
412859,North,Doohickey,704
412868,North,Gadget,707
412871,North,Gadget,504
412876,North,Gizmo,602
412890,North,Doohickey,659
412891,North,Widget,900
412906,North,Gizmo,825
412928,North,Doohickey,718
412946,North,Doohickey,603
412948,North,Doohickey,886
412954,North,Gizmo,611
412956,North,Doohickey,561
412962,North,Gizmo,922
412970,North,Doohickey,670
412974,North,Doohickey,653
412978,North,Widget,638
412995,North,Gadget,982
413002,North,Gadget,765
413009,North,Doohickey,622
413021,North,Widget,640
413032,North,Gadget,673
413036,North,Gizmo,677
413043,North,Gadget,568
413044,North,Gadget,930
413055,North,Doohickey,846
413057,North,Gadget,700
413070,North,Gizmo,762
413074,North,Gadget,898
413083,North,Widget,560
413091,North,Gizmo,711
413104,North,Doohickey,863
413122,North,Gizmo,740
413123,North,Gadget,861
413144,North,Doohickey,831
413145,North,Gadget,563
413158,North,Gizmo,662
413164,North,Doohickey,947
413169,North,Gadget,600
413173,North,Doohickey,660
413186,North,Gadget,584
413207,North,Gadget,913
413210,North,Gadget,779
413256,North,Gizmo,547
413270,North,Doohickey,719
413281,North,Gadget,667
413288,North,Doohickey,966
413290,North,Gizmo,964
413302,North,Gadget,705
413308,North,Gadget,547
413310,North,Widget,894
413318,North,Widget,633
413322,North,Gadget,901
413337,North,Gadget,509
413339,North,Gadget,976
413353,North,Doohickey,867
413363,North,Widget,853
413368,North,Gadget,832
413376,North,Doohickey,781
413406,North,Doohickey,626
413439,North,Gizmo,695
413456,North,Widget,781
413466,North,Gizmo,782
413493,North,Gizmo,559
413496,North,Doohickey,692
413497,North,Gadget,933
413498,North,Gadget,852
413503,North,Gizmo,863
413510,North,Doohickey,991
413517,North,Gadget,785
413523,North,Doohickey,710
413528,North,Gizmo,748
413529,North,Gadget,614
413537,North,Widget,575
413541,North,Doohickey,748
413544,North,Gizmo,990
413546,North,Widget,663
413549,North,Gizmo,554
413556,North,Doohickey,684
413559,North,Widget,713
413570,North,Doohickey,775
413571,North,Widget,974
413601,North,Widget,846
413607,North,Gizmo,989
413613,North,Gadget,611
413619,North,Doohickey,926
413620,North,Doohickey,576
413623,North,Widget,662
413634,North,Widget,601
413647,North,Widget,613
413652,North,Gadget,977
413670,North,Gadget,978
413672,North,Widget,525
413681,North,Widget,593
413687,North,Gizmo,806
413705,North,Gadget,659
413708,North,Gizmo,914
413724,North,Widget,790
413726,North,Gizmo,932
413750,North,Gizmo,877
413752,North,Gizmo,894
413756,North,Gadget,977
413759,North,Gadget,930
413765,North,Widget,864
413776,North,Gadget,936
413778,North,Widget,534
413779,North,Widget,961
413785,North,Doohickey,775
413795,North,Doohickey,524
413797,North,Doohickey,785
413810,North,Widget,706
413815,North,Widget,573
413831,North,Doohickey,959
413840,North,Widget,819
413842,North,Doohickey,559
413854,North,Doohickey,634
413855,North,Gizmo,548
413863,North,Gizmo,944
413888,North,Gizmo,507
413898,North,Widget,805
413910,North,Gizmo,721
413921,North,Doohickey,620
413948,North,Widget,551
413954,North,Doohickey,591
413970,North,Gizmo,927
413981,North,Gadget,751
413986,North,Doohickey,772
413988,North,Gadget,753
414002,North,Gadget,898
414009,North,Doohickey,896
414021,North,Gadget,936
414023,North,Gadget,875
414028,North,Widget,618
414043,North,Doohickey,698
414045,North,Gadget,781
414063,North,Gadget,902
414079,North,Gadget,589
414082,North,Doohickey,832
414097,North,Widget,706
414106,North,Doohickey,844
414108,North,Gizmo,794
414138,North,Widget,754
414144,North,Widget,564
414145,North,Gizmo,811
414146,North,Gadget,636
414147,North,Gadget,980
414150,North,Widget,682
414163,North,Gadget,649
414165,North,Gizmo,571
414171,North,Doohickey,624
414172,North,Gadget,651
414184,North,Widget,561
414206,North,Doohickey,826
414208,North,Widget,799
414213,North,Gadget,710
414236,North,Widget,882
414243,North,Doohickey,928
414244,North,Widget,780
414246,North,Gizmo,505
414252,North,Gadget,986
414256,North,Doohickey,940
414261,North,Widget,927
414271,North,Doohickey,644
414274,North,Widget,603
414276,North,Doohickey,545
414278,North,Gizmo,726
414284,North,Gadget,573
414321,North,Doohickey,768
414323,North,Gadget,647
414329,North,Widget,612
414338,North,Gizmo,903
414359,North,Gizmo,692
414365,North,Doohickey,977
414372,North,Gizmo,852
414380,North,Gizmo,938
414393,North,Gizmo,515
414395,North,Widget,873
414396,North,Widget,579
414404,North,Widget,754
414419,North,Gadget,663
414420,North,Gadget,548
414424,North,Gadget,953
414426,North,Widget,588
414429,North,Widget,894
414433,North,Gizmo,609
414434,North,Gizmo,786
414449,North,Gizmo,642
414451,North,Gadget,623
414455,North,Gadget,540
414456,North,Widget,561
414488,North,Widget,603
414493,North,Gizmo,694
414497,North,Doohickey,724
414523,North,Doohickey,918
414534,North,Doohickey,607
414543,North,Gizmo,932
414545,North,Gizmo,592
414563,North,Doohickey,534
414572,North,Gadget,618
414573,North,Gadget,893
414575,North,Doohickey,639
414585,North,Doohickey,873
414603,North,Doohickey,941
414612,North,Doohickey,771
414617,North,Gizmo,717
414621,North,Widget,591
414623,North,Doohickey,694
414626,North,Gadget,809
414630,North,Doohickey,851
414633,North,Gadget,956
414640,North,Gadget,736
414648,North,Gizmo,856
414661,North,Doohickey,855
414686,North,Gizmo,852
414718,North,Widget,527
414720,North,Gadget,616
414726,North,Gadget,943
414743,North,Doohickey,559
414748,North,Doohickey,836
414751,North,Gadget,698
414753,North,Doohickey,557
414755,North,Gadget,735
414766,North,Doohickey,730
414769,North,Gadget,982
414773,North,Gizmo,522
414786,North,Doohickey,806
414787,North,Widget,681
414790,North,Gizmo,707
414793,North,Doohickey,874
414803,North,Widget,609
414806,North,Doohickey,992
414820,North,Gizmo,643
414822,North,Doohickey,597
414830,North,Widget,661
414839,North,Doohickey,501
414845,North,Gizmo,901
414849,North,Widget,749
414860,North,Widget,668
414863,North,Gizmo,734
414864,North,Gizmo,731
414865,North,Gadget,795
414869,North,Gizmo,511
414871,North,Gadget,852
414873,North,Gizmo,826
414874,North,Widget,861
414878,North,Doohickey,988
414901,North,Gadget,894
414925,North,Gizmo,896
414928,North,Gizmo,952
414931,North,Widget,681
414940,North,Gadget,961
414942,North,Widget,713
414943,North,Widget,692
414958,North,Widget,990
414964,North,Doohickey,623
414967,North,Widget,983
414988,North,Gadget,805
414999,North,Doohickey,925
415001,North,Gizmo,819
415002,North,Doohickey,545
415005,North,Widget,826
415010,North,Doohickey,518
415011,North,Gadget,982
415022,North,Widget,853
415025,North,Gadget,897
415031,North,Widget,856
415034,North,Gadget,641
415035,North,Widget,724
415047,North,Gadget,988
415049,North,Gadget,938
415051,North,Gizmo,606
415066,North,Gizmo,596
415072,North,Widget,961
415098,North,Widget,586
415104,North,Doohickey,722
415122,North,Doohickey,617
415123,North,Gadget,872
415126,North,Gizmo,835
415129,North,Gadget,828
415145,North,Doohickey,785
415150,North,Gizmo,908
415151,North,Widget,941
415162,North,Gadget,999
415166,North,Gadget,815
415168,North,Gizmo,569
415169,North,Widget,677
415181,North,Widget,782
415210,North,Gadget,679
415214,North,Gadget,570
415219,North,Gadget,883
415220,North,Gizmo,504
415226,North,Doohickey,713
415230,North,Doohickey,753
415261,North,Gadget,798
415266,North,Gadget,735
415271,North,Gizmo,972
415273,North,Doohickey,609
415275,North,Doohickey,655
415287,North,Doohickey,948
415292,North,Gadget,719
415303,North,Gadget,876
415319,North,Gadget,961
415326,North,Gizmo,914
415332,North,Widget,801
415340,North,Doohickey,955
415346,North,Gizmo,583
415357,North,Widget,561
415368,North,Gizmo,627
415373,North,Doohickey,612
415381,North,Gizmo,629
415385,North,Widget,656
415392,North,Doohickey,701
415395,North,Widget,910
415403,North,Gadget,946
415404,North,Widget,501
415414,North,Doohickey,892
415419,North,Doohickey,991
415435,North,Widget,641
415455,North,Doohickey,989
415464,North,Gadget,935
415478,North,Doohickey,666
415492,North,Doohickey,739
415501,North,Gadget,925
415503,North,Gadget,754
415510,North,Gizmo,958
415531,North,Widget,990
415540,North,Widget,835
415541,North,Gadget,838
415552,North,Gadget,889
415553,North,Doohickey,706
415558,North,Widget,741
415559,North,Gizmo,907
415567,North,Gizmo,885
415587,North,Gadget,775
415630,North,Gadget,800
415633,North,Doohickey,844
415646,North,Gadget,679
415652,North,Widget,587
415656,North,Gizmo,814
415661,North,Doohickey,669
415674,North,Gizmo,664
415675,North,Widget,863
415676,North,Gadget,756
415681,North,Widget,936
415688,North,Gizmo,607
415694,North,Gadget,842
415705,North,Gadget,748
415713,North,Gizmo,801
415718,North,Gadget,969
415724,North,Gadget,695
415726,North,Widget,708
415734,North,Gadget,999
415741,North,Doohickey,628
415747,North,Gadget,695
415753,North,Widget,852
415759,North,Widget,520
415765,North,Widget,944
415773,North,Widget,911
415796,North,Doohickey,634
415797,North,Gizmo,819
415800,North,Gadget,645
415811,North,Gadget,830
415819,North,Gizmo,916
415831,North,Gadget,791
415836,North,Doohickey,547
415839,North,Doohickey,600
415854,North,Widget,563
415859,North,Widget,859
415867,North,Gadget,686
415872,North,Gizmo,712
415873,North,Doohickey,788
415874,North,Gizmo,894
415878,North,Gizmo,766
415885,North,Doohickey,768
415905,North,Gizmo,570
415952,North,Doohickey,649
415962,North,Widget,759
415976,North,Doohickey,721
415977,North,Gizmo,721
415979,North,Doohickey,505
415984,North,Gizmo,640
415992,North,Gadget,677
416009,North,Doohickey,657
416035,North,Gizmo,700
416040,North,Gizmo,944
416054,North,Doohickey,563
416074,North,Gizmo,545
416079,North,Gizmo,843
416095,North,Doohickey,513
416097,North,Gadget,590
416106,North,Gizmo,952
416124,North,Doohickey,532
416129,North,Widget,902
416130,North,Gizmo,719
416136,North,Widget,638
416137,North,Widget,990
416140,North,Gadget,666
416155,North,Widget,759
416160,North,Doohickey,967
416161,North,Gizmo,547
416163,North,Widget,936
416164,North,Gizmo,546
416167,North,Doohickey,846
416169,North,Widget,969
416172,North,Gadget,885
416187,North,Doohickey,861
416193,North,Gadget,750
416205,North,Doohickey,814
416217,North,Widget,635
416222,North,Gizmo,646
416230,North,Doohickey,553
416232,North,Gadget,944
416249,North,Doohickey,627
416253,North,Widget,636
416265,North,Gizmo,726
416275,North,Widget,509
416278,North,Widget,825
416285,North,Gadget,647
416286,North,Widget,782
416289,North,Doohickey,917
416310,North,Gadget,516
416324,North,Gadget,966
416326,North,Widget,543
416343,North,Gadget,509
416344,North,Gadget,935
416345,North,Doohickey,781
416351,North,Gadget,935
416357,North,Gizmo,640
416363,North,Gadget,795
416365,North,Widget,628
416367,North,Doohickey,934
416370,North,Gadget,933
416371,North,Widget,753
416400,North,Widget,875
416412,North,Doohickey,658
416418,North,Gizmo,663
416421,North,Doohickey,864
416429,North,Gizmo,785
416433,North,Gadget,927
416434,North,Gadget,816
416447,North,Gizmo,902
416450,North,Gadget,785
416470,North,Gadget,771
416477,North,Widget,606
416480,North,Gizmo,842
416488,North,Gizmo,848
416493,North,Widget,911
416499,North,Widget,568
416506,North,Doohickey,594
416507,North,Gizmo,1000
416517,North,Doohickey,623
416518,North,Doohickey,629
416534,North,Doohickey,759
416538,North,Widget,816
416539,North,Gadget,628
416540,North,Doohickey,621
416542,North,Doohickey,738
416552,North,Widget,534
416561,North,Gadget,569
416569,North,Doohickey,886
416574,North,Gizmo,792
416590,North,Gadget,730
416597,North,Gadget,996
416604,North,Doohickey,994
416610,North,Gizmo,573
416611,North,Doohickey,706
416621,North,Gizmo,528
416633,North,Widget,589
416649,North,Doohickey,619
416675,North,Gadget,818
416676,North,Gizmo,609
416680,North,Doohickey,525
416684,North,Gizmo,705
416689,North,Widget,902
416690,North,Widget,709
416691,North,Doohickey,623
416694,North,Doohickey,818
416710,North,Widget,876
416711,North,Doohickey,643
416714,North,Doohickey,976
416720,North,Gadget,726
416727,North,Doohickey,761
416767,North,Doohickey,967
416768,North,Gizmo,720
416771,North,Doohickey,927
416772,North,Gizmo,526
416776,North,Gadget,846
416787,North,Gizmo,759
416788,North,Widget,756
416794,North,Gizmo,578
416815,North,Gadget,918
416838,North,Gadget,890
416844,North,Doohickey,851
416848,North,Gadget,669
416850,North,Gizmo,646
416851,North,Gizmo,670
416852,North,Widget,946
416853,North,Gizmo,619
416857,North,Widget,738
416874,North,Doohickey,669
416876,North,Gizmo,802
416884,North,Widget,750
416887,North,Gadget,863
416890,North,Gadget,544
416898,North,Gizmo,716
416912,North,Gizmo,833
416926,North,Doohickey,826
416928,North,Widget,800
416929,North,Gizmo,543
416954,North,Gadget,864
416962,North,Gadget,528
416966,North,Doohickey,941
416975,North,Doohickey,903
416982,North,Doohickey,824
417003,North,Gadget,707
417012,North,Doohickey,786
417022,North,Gizmo,961
417033,North,Widget,661
417037,North,Gizmo,814
417050,North,Gizmo,604
417053,North,Doohickey,700
417055,North,Gizmo,938
417069,North,Widget,790
417074,North,Doohickey,586
417083,North,Widget,988
417089,North,Gizmo,701
417094,North,Doohickey,706
417101,North,Gadget,806
417106,North,Gizmo,667
417110,North,Widget,856
417115,North,Widget,886
417125,North,Gadget,511
417144,North,Gizmo,709
417159,North,Gadget,916
417171,North,Gizmo,874
417180,North,Doohickey,898
417187,North,Gizmo,944
417189,North,Gadget,697
417218,North,Gizmo,657
417228,North,Widget,871
417243,North,Gizmo,577
417244,North,Doohickey,646
417260,North,Doohickey,606
417270,North,Widget,756
417271,North,Gadget,573
417306,North,Gizmo,940
417312,North,Gizmo,593
417316,North,Widget,810
417325,North,Doohickey,914
417327,North,Doohickey,760
417334,North,Doohickey,537
417335,North,Widget,591
417357,North,Widget,519
417366,North,Widget,839
417372,North,Gadget,623
417382,North,Widget,765
417383,North,Gizmo,860
417391,North,Gadget,795
417395,North,Gizmo,645
417402,North,Gadget,949
417410,North,Doohickey,774
417411,North,Widget,863
417423,North,Widget,664
417439,North,Gizmo,982
417440,North,Widget,754
417449,North,Doohickey,627
417451,North,Doohickey,899
417454,North,Gizmo,624
417465,North,Doohickey,591
417471,North,Widget,857
417472,North,Doohickey,806
417485,North,Gizmo,834
417497,North,Gizmo,941
417499,North,Widget,764
417500,North,Gizmo,512
417524,North,Doohickey,521
417525,North,Gadget,975
417533,North,Widget,740
417535,North,Gadget,990
417562,North,Doohickey,886
417572,North,Gizmo,585
417583,North,Gadget,952
417587,North,Gizmo,877
417589,North,Widget,699
417610,North,Widget,916
417617,North,Doohickey,617
417658,North,Gadget,634
417659,North,Gizmo,877
417663,North,Gadget,626
417679,North,Widget,909
417683,North,Widget,627
417694,North,Gadget,811
417698,North,Widget,539
417711,North,Doohickey,573
417717,North,Gizmo,541
417725,North,Gizmo,910
417742,North,Gizmo,630
417752,North,Widget,899
417758,North,Gizmo,567
417763,North,Gizmo,841
417765,North,Gizmo,802
417773,North,Widget,698
417777,North,Doohickey,968
417794,North,Doohickey,693
417799,North,Doohickey,698
417830,North,Gizmo,720
417832,North,Gadget,573
417863,North,Doohickey,884
417864,North,Gizmo,586
417867,North,Widget,646
417900,North,Gizmo,942
417906,North,Gadget,602
417921,North,Gadget,842
417945,North,Gadget,612
417952,North,Widget,809
417955,North,Gizmo,955
417966,North,Doohickey,556
417972,North,Gadget,503
417978,North,Gadget,691
417981,North,Widget,517
417987,North,Gadget,622
417988,North,Gizmo,543
417992,North,Gizmo,689
417993,North,Gadget,767
417995,North,Gizmo,632
418001,North,Gadget,946
418006,North,Gadget,823
418021,North,Gadget,524
418024,North,Doohickey,737
418029,North,Widget,615
418031,North,Doohickey,719
418032,North,Doohickey,740
418041,North,Gizmo,689
418043,North,Gizmo,832
418049,North,Gizmo,611
418052,North,Doohickey,691
418065,North,Gadget,580
418068,North,Doohickey,936
418080,North,Widget,714
418084,North,Gizmo,619
418089,North,Gadget,591
418117,North,Gadget,693
418122,North,Widget,749
418128,North,Widget,542
418136,North,Gadget,671
418138,North,Gadget,940
418141,North,Gadget,924
418148,North,Gizmo,641
418153,North,Gizmo,668
418167,North,Widget,885
418183,North,Gizmo,578
418184,North,Doohickey,710
418186,North,Widget,889
418188,North,Widget,568
418194,North,Widget,536
418202,North,Widget,692
418206,North,Doohickey,924
418212,North,Gadget,568
418227,North,Doohickey,730
418241,North,Widget,653
418243,North,Gadget,528
418244,North,Doohickey,627
418252,North,Gadget,777
418257,North,Gizmo,501
418259,North,Doohickey,647
418262,North,Gadget,623
418275,North,Widget,575
418290,North,Gadget,675
418301,North,Gadget,690
418302,North,Doohickey,582
418310,North,Gizmo,919
418312,North,Widget,811
418320,North,Widget,596
418323,North,Widget,640
418331,North,Gizmo,616
418332,North,Doohickey,528
418338,North,Gadget,840
418370,North,Widget,836
418380,North,Gizmo,618
418387,North,Gizmo,703
418391,North,Gizmo,796
418395,North,Doohickey,591
418401,North,Widget,986
418404,North,Gadget,817
418423,North,Gadget,629
418437,North,Gadget,926
418440,North,Doohickey,523
418458,North,Widget,855
418472,North,Doohickey,516
418481,North,Widget,553
418483,North,Widget,909
418488,North,Gizmo,911
418490,North,Widget,653
418494,North,Gizmo,589
418497,North,Gadget,926
418523,North,Gadget,575
418524,North,Gizmo,805
418535,North,Gizmo,953
418536,North,Gizmo,691
418541,North,Gadget,905
418545,North,Widget,911
418547,North,Gadget,881
418560,North,Doohickey,894
418569,North,Gadget,503
418600,North,Widget,847
418606,North,Widget,515
418608,North,Widget,861
418635,North,Gizmo,897
418638,North,Widget,599
418647,North,Gizmo,951
418648,North,Doohickey,612
418655,North,Doohickey,873
418656,North,Widget,807
418660,North,Doohickey,652
418671,North,Gadget,943
418672,North,Widget,531
418682,North,Widget,824
418690,North,Doohickey,795
418691,North,Doohickey,537
418696,North,Gizmo,735
418735,North,Gizmo,884
418737,North,Gizmo,567
418753,North,Gizmo,563
418771,North,Gizmo,850
418772,North,Widget,693
418782,North,Gizmo,610
418783,North,Gizmo,604
418810,North,Gizmo,710
418820,North,Gadget,595
418828,North,Widget,861
418841,North,Gizmo,839
418842,North,Gadget,699
418861,North,Widget,891
418870,North,Gizmo,894
418873,North,Widget,722
418886,North,Doohickey,774
418889,North,Gizmo,614
418891,North,Gadget,764
418906,North,Gadget,983
418910,North,Doohickey,867
418911,North,Doohickey,876
418914,North,Gadget,1000
418918,North,Doohickey,959
418920,North,Gadget,511
418928,North,Doohickey,679
418944,North,Gizmo,850
418946,North,Gadget,934
418948,North,Gizmo,787
418953,North,Gadget,816
418955,North,Widget,744
418969,North,Gizmo,621
418975,North,Gizmo,899
418987,North,Doohickey,918
418993,North,Gadget,814
418997,North,Gizmo,818
419010,North,Gizmo,706
419012,North,Doohickey,982
419015,North,Gadget,537
419019,North,Gadget,994
419034,North,Gizmo,651
419038,North,Doohickey,674
419043,North,Gizmo,687
419044,North,Doohickey,551
419051,North,Widget,919
419058,North,Gizmo,654
419065,North,Gadget,809
419066,North,Gadget,774
419085,North,Doohickey,693
419092,North,Gizmo,589
419104,North,Gizmo,890
419117,North,Gadget,541
419129,North,Widget,927
419139,North,Gizmo,968
419141,North,Gadget,885
419149,North,Gadget,869
419163,North,Doohickey,648
419164,North,Widget,691
419172,North,Gizmo,661
419181,North,Doohickey,590
419208,North,Gizmo,856
419211,North,Gadget,808
419216,North,Doohickey,723
419229,North,Widget,701
419230,North,Widget,672
419239,North,Widget,903
419246,North,Widget,982
419251,North,Gadget,944
419252,North,Gadget,886
419254,North,Doohickey,746
419257,North,Doohickey,564
419258,North,Gadget,919
419279,North,Widget,909
419281,North,Doohickey,672
419282,North,Gadget,805
419308,North,Widget,719
419320,North,Widget,655
419335,North,Gizmo,782
419343,North,Doohickey,951
419345,North,Doohickey,666
419358,North,Widget,956
419368,North,Gadget,989
419371,North,Doohickey,998
419380,North,Gizmo,570
419395,North,Widget,554
419405,North,Doohickey,849
419406,North,Doohickey,871
419410,North,Doohickey,742
419418,North,Gadget,602
419428,North,Doohickey,637
419433,North,Gadget,846
419434,North,Gizmo,715
419445,North,Doohickey,997
419446,North,Gadget,836
419447,North,Gadget,805
419453,North,Doohickey,771
419456,North,Gadget,619
419470,North,Widget,609
419481,North,Gadget,942
419482,North,Widget,951
419487,North,Gadget,524
419489,North,Widget,815
419493,North,Gadget,721
419501,North,Gizmo,997
419505,North,Widget,575
419516,North,Widget,695
419519,North,Gizmo,746
419531,North,Doohickey,529
419538,North,Doohickey,670
419548,North,Gizmo,546
419560,North,Gizmo,568
419561,North,Gizmo,964
419586,North,Doohickey,991
419589,North,Gadget,745
419605,North,Doohickey,575
419606,North,Gizmo,609
419615,North,Doohickey,555
419624,North,Gizmo,831
419627,North,Doohickey,631
419628,North,Gadget,573
419631,North,Widget,877
419635,North,Widget,613
419636,North,Gadget,677
419638,North,Gizmo,518
419643,North,Doohickey,718
419652,North,Gizmo,765
419665,North,Doohickey,908
419667,North,Gadget,885
419671,North,Gadget,811
419684,North,Doohickey,881
419696,North,Doohickey,830
419698,North,Doohickey,617
419711,North,Gizmo,666
419714,North,Gadget,773
419723,North,Gadget,651
419744,North,Gizmo,704
419752,North,Gadget,608
419753,North,Doohickey,672
419769,North,Gadget,547
419776,North,Gizmo,874
419778,North,Gizmo,544
419791,North,Gizmo,800
419806,North,Gadget,635
419808,North,Widget,851
419815,North,Gizmo,814
419817,North,Doohickey,585
419819,North,Gadget,785
419831,North,Gadget,668
419849,North,Doohickey,573
419854,North,Gizmo,723
419857,North,Gizmo,834
419865,North,Doohickey,846
419866,North,Gadget,807
419869,North,Widget,935
419873,North,Widget,881
419887,North,Gadget,631
419890,North,Doohickey,851
419898,North,Gizmo,758
419899,North,Doohickey,676
419900,North,Gadget,688
419901,North,Gadget,572
419905,North,Doohickey,652
419924,North,Doohickey,723
419939,North,Gizmo,758
419940,North,Gizmo,919
419941,North,Doohickey,552
419947,North,Doohickey,967
419952,North,Widget,911
419955,North,Widget,759
419973,North,Gizmo,579
419977,North,Widget,578
420000,North,Gizmo,720
420007,North,Widget,844
420009,North,Gadget,947
420018,North,Doohickey,964
420025,North,Gizmo,844
420033,North,Gadget,504
420048,North,Gadget,626
420050,North,Gadget,871
420053,North,Gizmo,752
420065,North,Gadget,672
420070,North,Doohickey,833
420079,North,Widget,597
420102,North,Gizmo,843
420112,North,Gizmo,669
420113,North,Doohickey,936
420127,North,Widget,564
420128,North,Gizmo,863
420154,North,Widget,501
420158,North,Gizmo,615
420159,North,Gizmo,971
420163,North,Gadget,505
420172,North,Doohickey,505
420183,North,Gadget,656
420188,North,Gadget,894
420191,North,Doohickey,967
420199,North,Doohickey,679
420222,North,Doohickey,712
420226,North,Gadget,807
420235,North,Doohickey,973
420238,North,Widget,624
420247,North,Doohickey,676
420270,North,Doohickey,898
420274,North,Gizmo,905
420278,North,Gizmo,846
420283,North,Gadget,764
420285,North,Doohickey,677
420289,North,Widget,802
420310,North,Gadget,619
420312,North,Widget,966
420315,North,Widget,569
420325,North,Gadget,708
420328,North,Widget,761
420329,North,Widget,853
420331,North,Widget,991
420337,North,Doohickey,631
420341,North,Gizmo,878
420342,North,Doohickey,598
420345,North,Gadget,858
420347,North,Gadget,534
420349,North,Widget,689
420359,North,Widget,608
420364,North,Doohickey,866
420368,North,Doohickey,650
420387,North,Widget,828
420402,North,Widget,530
420409,North,Gizmo,775
420413,North,Gadget,953
420415,North,Gizmo,795
420416,North,Gizmo,935
420421,North,Widget,944
420442,North,Widget,802
420453,North,Doohickey,778
420463,North,Widget,934
420464,North,Doohickey,975
420466,North,Gizmo,744
420469,North,Gadget,955
420473,North,Gizmo,967
420480,North,Gizmo,560
420486,North,Doohickey,668
420498,North,Gizmo,983
420503,North,Widget,607
420514,North,Widget,973
420522,North,Gizmo,582
420540,North,Gadget,516
420553,North,Doohickey,551
420563,North,Gizmo,625
420567,North,Gadget,898
420572,North,Gadget,956
420576,North,Gadget,538
420578,North,Widget,844
420583,North,Gadget,720
420584,North,Doohickey,711
420585,North,Gizmo,768
420595,North,Widget,842
420606,North,Widget,833
420623,North,Gizmo,773
420630,North,Gizmo,534
420634,North,Gadget,636
420647,North,Doohickey,691
420649,North,Gizmo,542
420654,North,Gadget,707
420661,North,Widget,694
420681,North,Gizmo,629
420682,North,Widget,520
420691,North,Doohickey,723
420701,North,Gadget,933
420710,North,Gadget,650
420731,North,Doohickey,652
420736,North,Gadget,852
420737,North,Widget,509
420742,North,Doohickey,546
420744,North,Gizmo,760
420751,North,Widget,983
420758,North,Gizmo,868
420760,North,Gizmo,529
420763,North,Gizmo,718
420772,North,Widget,661
420774,North,Widget,588
420783,North,Widget,581
420784,North,Gadget,802
420796,North,Doohickey,1000
420799,North,Gadget,523
420820,North,Doohickey,700
420824,North,Widget,710
420827,North,Doohickey,720
420829,North,Gadget,902
420865,North,Gadget,817
420875,North,Gizmo,586
420886,North,Doohickey,842
420888,North,Doohickey,908
420894,North,Doohickey,641
420895,North,Widget,546
420901,North,Gizmo,949
420903,North,Gizmo,826
420918,North,Gizmo,827
420924,North,Widget,807
420935,North,Gizmo,772
420941,North,Widget,509
420943,North,Widget,795
420946,North,Widget,749
420950,North,Gadget,601
420967,North,Widget,536
420982,North,Doohickey,967
420992,North,Gizmo,600
421004,North,Gizmo,739
421011,North,Gizmo,866
421016,North,Widget,563
421031,North,Doohickey,858
421035,North,Widget,919
421045,North,Gizmo,535
421049,North,Widget,595
421051,North,Gizmo,714
421052,North,Gadget,745
421054,North,Gizmo,556
421059,North,Gadget,653
421060,North,Gadget,911
421063,North,Gizmo,830
421065,North,Widget,913
421067,North,Doohickey,527
421070,North,Gizmo,892
421081,North,Gadget,831
421082,North,Doohickey,764
421092,North,Gizmo,992
421096,North,Doohickey,1000
421106,North,Gadget,790
421109,North,Widget,972
421119,North,Gizmo,643
421124,North,Doohickey,684
421131,North,Doohickey,767
421147,North,Gadget,720
421150,North,Doohickey,575
421155,North,Widget,793
421158,North,Widget,699
421168,North,Gizmo,656
421170,North,Gadget,599
421171,North,Gizmo,554
421179,North,Widget,863
421181,North,Gizmo,930
421186,North,Doohickey,975
421188,North,Gizmo,650
421193,North,Doohickey,656
421202,North,Gadget,944
421215,North,Doohickey,543
421218,North,Gizmo,533
421219,North,Doohickey,875
421240,North,Gadget,971
421250,North,Doohickey,964
421252,North,Gizmo,544
421253,North,Doohickey,689
421258,North,Gadget,634
421274,North,Gizmo,580
421279,North,Doohickey,533
421298,North,Doohickey,788
421311,North,Gadget,705
421315,North,Doohickey,704
421318,North,Gadget,577
421319,North,Doohickey,542
421323,North,Gizmo,729
421326,North,Gizmo,743
421330,North,Gizmo,944
421332,North,Gadget,681
421337,North,Gadget,689
421357,North,Gadget,767
421358,North,Gizmo,613
421370,North,Gadget,684
421377,North,Gadget,673
421400,North,Gizmo,623
421404,North,Gizmo,834
421414,North,Gadget,612
421415,North,Gadget,776
421416,North,Gadget,604
421419,North,Gadget,740
421423,North,Widget,782
421433,North,Gadget,680
421435,North,Widget,924
421441,North,Gizmo,940
421449,North,Widget,588
421452,North,Doohickey,656
421465,North,Gizmo,626
421466,North,Doohickey,865
421471,North,Widget,738
421476,North,Doohickey,836
421482,North,Widget,991
421483,North,Doohickey,857
421485,North,Gizmo,951
421491,North,Widget,889
421498,North,Widget,864
421504,North,Gizmo,933
421507,North,Gizmo,607
421512,North,Gizmo,932
421514,North,Widget,781
421523,North,Gizmo,931
421527,North,Doohickey,951
421535,North,Gizmo,993
421540,North,Widget,765
421549,North,Doohickey,551
421563,North,Doohickey,765
421565,North,Gadget,691
421569,North,Gizmo,796
421574,North,Doohickey,766
421583,North,Gadget,877
421588,North,Gadget,836
421589,North,Gadget,836
421590,North,Widget,555
421592,North,Gadget,823
421599,North,Widget,939
421614,North,Widget,625
421637,North,Doohickey,999
421641,North,Gadget,767
421647,North,Gizmo,530
421649,North,Gizmo,667
421674,North,Gizmo,706
421680,North,Gizmo,555
421682,North,Gadget,932
421702,North,Doohickey,897
421711,North,Gizmo,643
421715,North,Widget,933
421736,North,Gizmo,763
421743,North,Doohickey,781
421744,North,Widget,868
421748,North,Gizmo,788
421751,North,Doohickey,825
421757,North,Widget,513
421761,North,Gadget,728
421763,North,Gizmo,892
421783,North,Gizmo,894
421799,North,Doohickey,663
421809,North,Widget,723
421813,North,Widget,689
421820,North,Gadget,932
421826,North,Gizmo,704
421831,North,Gadget,996
421835,North,Doohickey,744
421850,North,Doohickey,706
421855,North,Widget,533
421865,North,Widget,974
421873,North,Gizmo,700
421874,North,Gadget,507
421890,North,Widget,734
421894,North,Gadget,675
421897,North,Gizmo,662
421904,North,Doohickey,860
421914,North,Gizmo,604
421929,North,Gizmo,737
421933,North,Gizmo,983
421937,North,Doohickey,1000
421945,North,Doohickey,869
421946,North,Gizmo,797
421958,North,Doohickey,501
421960,North,Gadget,969
421984,North,Gizmo,974
421996,North,Doohickey,572
422008,North,Gadget,611
422010,North,Widget,746
422028,North,Gizmo,565
422029,North,Gizmo,994
422030,North,Doohickey,976
422033,North,Gizmo,754
422039,North,Gizmo,840
422059,North,Gadget,752
422065,North,Doohickey,914
422071,North,Gizmo,936
422101,North,Gadget,660
422111,North,Doohickey,793
422139,North,Gadget,909
422147,North,Doohickey,682
422158,North,Gizmo,671
422174,North,Widget,833
422196,North,Widget,555
422208,North,Gizmo,598
422210,North,Gizmo,576
422213,North,Gizmo,627
422229,North,Gizmo,795
422233,North,Gadget,886
422251,North,Doohickey,844
422253,North,Widget,615
422256,North,Doohickey,981
422266,North,Widget,633
422268,North,Doohickey,953
422269,North,Doohickey,882
422278,North,Widget,890
422286,North,Gizmo,939
422303,North,Gadget,886
422308,North,Gizmo,688
422311,North,Doohickey,852
422313,North,Doohickey,927
422320,North,Gadget,687
422322,North,Widget,516
422324,North,Widget,877
422332,North,Widget,601
422342,North,Gadget,531
422346,North,Gizmo,801
422355,North,Gizmo,520
422360,North,Doohickey,994
422385,North,Gizmo,944
422387,North,Widget,629
422388,North,Gadget,549
422393,North,Doohickey,616
422394,North,Gadget,584
422400,North,Gizmo,896
422412,North,Widget,960
422418,North,Doohickey,611
422424,North,Gadget,709
422433,North,Widget,908
422480,North,Doohickey,682
422486,North,Widget,687
422488,North,Widget,733
422490,North,Doohickey,886
422491,North,Gadget,856
422493,North,Widget,971
422497,North,Doohickey,580
422498,North,Widget,943
422508,North,Gizmo,518
422514,North,Doohickey,662
422526,North,Doohickey,581
422529,North,Gadget,885
422537,North,Gizmo,663
422538,North,Doohickey,936
422543,North,Gadget,942
422559,North,Doohickey,850
422564,North,Doohickey,511
422569,North,Doohickey,740
422571,North,Widget,790
422574,North,Doohickey,597
422593,North,Gadget,891
422597,North,Gizmo,751
422613,North,Gadget,898
422630,North,Doohickey,953
422632,North,Gizmo,689
422643,North,Widget,734
422655,North,Gizmo,703
422668,North,Doohickey,941
422669,North,Doohickey,770
422674,North,Doohickey,795
422681,North,Doohickey,630
422704,North,Gadget,965
422723,North,Gizmo,741
422728,North,Doohickey,791
422732,North,Widget,925
422734,North,Doohickey,595
422738,North,Widget,672
422744,North,Widget,635
422747,North,Doohickey,608
422751,North,Widget,949
422754,North,Widget,517
422759,North,Gadget,858
422762,North,Doohickey,864
422769,North,Widget,763
422774,North,Gadget,600
422785,North,Gadget,629
422789,North,Widget,865
422814,North,Widget,729
422822,North,Gizmo,595
422831,North,Doohickey,781
422851,North,Gadget,827
422861,North,Doohickey,939
422877,North,Widget,939
422883,North,Doohickey,963
422894,North,Doohickey,683
422900,North,Gadget,570
422915,North,Widget,746
422931,North,Doohickey,878
422955,North,Widget,691
422965,North,Gadget,940
422976,North,Widget,977
423002,North,Gadget,977
423079,North,Doohickey,746
423080,North,Gadget,634
423090,North,Gizmo,569
423104,North,Widget,930
423140,North,Widget,743
423168,North,Widget,633
423181,North,Widget,810
423185,North,Gizmo,607
423191,North,Gizmo,842
423219,North,Gadget,770
423223,North,Gadget,838
423225,North,Gadget,530
423226,North,Doohickey,606
423239,North,Doohickey,592
423243,North,Doohickey,709
423257,North,Widget,713
423280,North,Widget,893
423281,North,Widget,819
423290,North,Doohickey,718
423291,North,Widget,859
423296,North,Gizmo,819
423317,North,Gadget,819
423347,North,Doohickey,752
423350,North,Gizmo,755
423377,North,Gadget,700
423393,North,Gizmo,993
423394,North,Gizmo,989
423420,North,Gadget,902
423423,North,Gizmo,630
423433,North,Gadget,841
423437,North,Gadget,814
423444,North,Doohickey,595
423459,North,Gizmo,774
423463,North,Widget,767
423468,North,Gadget,700
423483,North,Gizmo,853
423489,North,Doohickey,695
423495,North,Widget,765
423502,North,Gizmo,964
423506,North,Gadget,815
423511,North,Gadget,583
423513,North,Doohickey,838
423518,North,Gadget,529
423526,North,Gizmo,626
423528,North,Widget,580
423546,North,Widget,710
423555,North,Gadget,731
423565,North,Gizmo,662
423566,North,Widget,573
423583,North,Doohickey,669
423592,North,Gizmo,936
423598,North,Gizmo,811
423607,North,Doohickey,835
423609,North,Doohickey,521
423613,North,Gizmo,557
423622,North,Doohickey,949
423626,North,Widget,778
423633,North,Gizmo,555
423636,North,Widget,539
423639,North,Gadget,916
423642,North,Gizmo,677
423643,North,Doohickey,527
423646,North,Gadget,712
423649,North,Doohickey,690
423659,North,Doohickey,988
423662,North,Gizmo,715
423671,North,Gadget,569
423674,North,Doohickey,558
423687,North,Widget,660
423698,North,Widget,625
423700,North,Gadget,873
423708,North,Widget,885
423709,North,Doohickey,875
423710,North,Widget,915
423717,North,Widget,683
423753,North,Gadget,677
423760,North,Widget,869
423767,North,Gizmo,777
423772,North,Doohickey,736
423794,North,Gizmo,554
423802,North,Doohickey,899
423822,North,Doohickey,972
423837,North,Gizmo,580
423848,North,Doohickey,587
423856,North,Widget,710
423859,North,Doohickey,927
423862,North,Gadget,858
423887,North,Gizmo,960
423894,North,Gadget,557
423903,North,Gadget,880
423904,North,Doohickey,617
423908,North,Doohickey,871
423911,North,Widget,989
423915,North,Gizmo,754
423924,North,Gizmo,548
423925,North,Gadget,693
423928,North,Gizmo,848
423929,North,Gizmo,729
423943,North,Gadget,721
423944,North,Widget,562
423956,North,Gizmo,544
423965,North,Widget,973
423966,North,Gizmo,700
423974,North,Gadget,882
423975,North,Gadget,569
423976,North,Gadget,662
423987,North,Gadget,802
424003,North,Widget,747
424007,North,Gizmo,698
424013,North,Gadget,691
424017,North,Widget,614
424025,North,Widget,940
424026,North,Gadget,747
424030,North,Gadget,521
424032,North,Doohickey,789
424059,North,Gadget,749
424074,North,Doohickey,861
424090,North,Gizmo,916
424099,North,Widget,992
424101,North,Doohickey,834
424108,North,Widget,876
424129,North,Widget,972
424139,North,Gadget,736
424143,North,Gadget,524
424153,North,Gadget,802
424157,North,Widget,844
424161,North,Doohickey,766
424179,North,Doohickey,721
424194,North,Gizmo,961
424203,North,Gadget,949
424222,North,Gizmo,535
424223,North,Widget,769
424227,North,Gizmo,814
424233,North,Doohickey,992
424238,North,Gadget,756
424239,North,Doohickey,825
424241,North,Gizmo,877
424251,North,Gizmo,993
424255,North,Gizmo,968
424263,North,Doohickey,782
424269,North,Gadget,782
424279,North,Widget,653
424283,North,Widget,946
424286,North,Gizmo,909
424302,North,Doohickey,869
424306,North,Gizmo,960
424329,North,Doohickey,694
424331,North,Doohickey,718
424346,North,Gadget,757
424355,North,Gadget,838
424366,North,Widget,582
424370,North,Widget,896
424373,North,Gizmo,729
424385,North,Doohickey,969
424392,North,Gizmo,524
424408,North,Doohickey,697
424423,North,Doohickey,955
424424,North,Doohickey,517
424425,North,Doohickey,903
424435,North,Doohickey,948
424441,North,Doohickey,512
424467,North,Widget,709
424470,North,Doohickey,693
424479,North,Doohickey,728
424481,North,Widget,925
424502,North,Doohickey,591
424505,North,Widget,857
424508,North,Gizmo,677
424510,North,Doohickey,891
424512,North,Gizmo,894
424519,North,Gizmo,577
424523,North,Doohickey,941
424531,North,Doohickey,889
424535,North,Doohickey,691
424540,North,Gadget,925
424552,North,Widget,952
424553,North,Doohickey,910
424590,North,Doohickey,519
424600,North,Gadget,813
424629,North,Widget,516
424639,North,Gadget,819
424640,North,Gizmo,989
424650,North,Widget,683
424655,North,Widget,880
424667,North,Gadget,718
424673,North,Widget,839
424679,North,Doohickey,681
424689,North,Gadget,733
424692,North,Gadget,785
424716,North,Widget,505
424723,North,Gizmo,835
424737,North,Doohickey,767
424740,North,Gizmo,566
424756,North,Gizmo,810
424757,North,Doohickey,848
424760,North,Doohickey,551
424761,North,Widget,843
424778,North,Gizmo,504
424793,North,Gadget,986
424794,North,Doohickey,618
424795,North,Gizmo,699
424805,North,Doohickey,789
424816,North,Doohickey,615
424827,North,Doohickey,559
424837,North,Doohickey,878
424840,North,Widget,536
424845,North,Doohickey,817
424877,North,Gadget,814
424881,North,Gizmo,513
424887,North,Doohickey,777
424917,North,Gadget,705
424928,North,Gizmo,813
424929,North,Gadget,969
424938,North,Gizmo,810
424955,North,Widget,683
424956,North,Gizmo,533
424960,North,Gizmo,677
424961,North,Doohickey,851
424963,North,Widget,927
424968,North,Gizmo,714
424990,North,Widget,865
424996,North,Widget,684
425006,North,Doohickey,796
425012,North,Widget,604
425015,North,Gizmo,554
425026,North,Widget,657
425053,North,Widget,794
425070,North,Widget,749
425078,North,Gizmo,519
425086,North,Gadget,558
425096,North,Doohickey,907
425098,North,Doohickey,665
425100,North,Widget,890
425104,North,Gizmo,627
425106,North,Gadget,649
425111,North,Gadget,574
425112,North,Doohickey,583
425118,North,Doohickey,560
425141,North,Gadget,886
425144,North,Gadget,799
425150,North,Gizmo,818
425153,North,Widget,786
425170,North,Gizmo,706
425173,North,Doohickey,682
425180,North,Gadget,501
425181,North,Doohickey,623
425187,North,Widget,832
425195,North,Widget,576
425197,North,Doohickey,675
425199,North,Widget,531
425201,North,Gizmo,873
425210,North,Gizmo,793
425223,North,Doohickey,716
425225,North,Gizmo,881
425228,North,Doohickey,583
425234,North,Doohickey,747
425236,North,Gadget,501
425242,North,Doohickey,707
425249,North,Gizmo,789
425252,North,Widget,944
425265,North,Doohickey,941
425270,North,Widget,733
425278,North,Doohickey,860
425285,North,Doohickey,611
425290,North,Doohickey,773
425292,North,Gadget,809
425300,North,Gizmo,790
425305,North,Gadget,986
425313,North,Gadget,592
425314,North,Gizmo,790
425331,North,Widget,701
425342,North,Doohickey,737
425349,North,Doohickey,985
425352,North,Gizmo,541
425362,North,Gizmo,603
425376,North,Gizmo,902
425390,North,Gizmo,746
425395,North,Gizmo,868
425407,North,Widget,896
425408,North,Gizmo,924
425437,North,Widget,832
425456,North,Widget,811
425484,North,Widget,982
425498,North,Gadget,551
425515,North,Gadget,772
425538,North,Doohickey,616
425544,North,Gadget,553
425546,North,Widget,501
425576,North,Gizmo,707
425581,North,Doohickey,727
425598,North,Doohickey,766
425611,North,Gadget,867
425615,North,Gizmo,882
425622,North,Gizmo,886
425631,North,Gizmo,834
425636,North,Gizmo,716
425653,North,Doohickey,868
425656,North,Gizmo,977
425658,North,Doohickey,733
425660,North,Widget,859
425670,North,Gadget,797
425671,North,Gizmo,892
425683,North,Doohickey,841
425684,North,Doohickey,702
425695,North,Doohickey,529
425696,North,Widget,942
425705,North,Gizmo,967
425709,North,Gizmo,746
425723,North,Widget,925
425724,North,Widget,894
425740,North,Gadget,792
425754,North,Widget,554
425760,North,Widget,759
425763,North,Gizmo,621
425803,North,Doohickey,632
425806,North,Widget,521
425816,North,Gizmo,847
425825,North,Gadget,515
425840,North,Widget,938
425849,North,Widget,627
425851,North,Widget,973
425854,North,Gadget,914
425855,North,Doohickey,747
425857,North,Gadget,781
425859,North,Gadget,753
425863,North,Gadget,787
425896,North,Gizmo,599
425901,North,Widget,581
425903,North,Widget,576
425906,North,Doohickey,717
425915,North,Doohickey,931
425932,North,Doohickey,634
425935,North,Widget,894
425939,North,Doohickey,910
425941,North,Widget,509
425947,North,Doohickey,834
425965,North,Widget,799
425972,North,Doohickey,777
425979,North,Gizmo,644
425987,North,Gizmo,847
426002,North,Gizmo,558
426028,North,Gizmo,547
426043,North,Widget,657
426050,North,Gizmo,642
426073,North,Doohickey,795
426080,North,Gizmo,638
426084,North,Widget,614
426091,North,Doohickey,858
426092,North,Gizmo,811
426094,North,Doohickey,596
426096,North,Widget,592
426099,North,Widget,534
426112,North,Gizmo,687
426122,North,Widget,798
426159,North,Doohickey,560
426168,North,Gizmo,741
426183,North,Doohickey,557
426185,North,Widget,566
426186,North,Widget,577
426187,North,Gadget,518
426190,North,Widget,640
426197,North,Gizmo,672
426200,North,Gadget,732
426204,North,Gizmo,950
426215,North,Doohickey,669
426216,North,Gadget,919
426218,North,Gizmo,659
426219,North,Gadget,994
426233,North,Doohickey,876
426250,North,Gizmo,667
426260,North,Gizmo,564
426261,North,Gizmo,603
426270,North,Widget,802
426278,North,Gadget,628
426282,North,Gadget,859
426286,North,Gizmo,971
426290,North,Gadget,667
426292,North,Gadget,801
426294,North,Gadget,570
426299,North,Doohickey,944
426306,North,Gizmo,679
426318,North,Gizmo,888
426326,North,Doohickey,592
426327,North,Doohickey,639
426329,North,Gizmo,501
426332,North,Widget,523
426345,North,Gadget,596
426355,North,Gizmo,617
426363,North,Widget,988
426366,North,Doohickey,903
426375,North,Gizmo,787
426388,North,Widget,651
426397,North,Gadget,639
426407,North,Gizmo,646
426410,North,Gadget,813
426433,North,Gadget,548
426435,North,Gadget,503
426443,North,Widget,868
426451,North,Widget,517
426463,North,Gadget,993
426464,North,Doohickey,906
426469,North,Gizmo,552
426498,North,Widget,874
426524,North,Doohickey,530
426527,North,Doohickey,693
426533,North,Gadget,877
426542,North,Widget,834
426545,North,Gadget,685
426547,North,Widget,735
426555,North,Gadget,511
426561,North,Widget,980
426571,North,Widget,917
426581,North,Gadget,751
426585,North,Doohickey,830
426597,North,Gizmo,597
426611,North,Gizmo,716
426620,North,Gadget,501
426623,North,Doohickey,742
426624,North,Widget,813
426627,North,Gizmo,832
426628,North,Gadget,885
426631,North,Widget,767
426640,North,Gadget,573
426654,North,Widget,646
426664,North,Gadget,716
426667,North,Widget,909
426686,North,Gizmo,978
426701,North,Gizmo,572
426707,North,Widget,778
426713,North,Widget,599
426717,North,Widget,542
426723,North,Widget,540
426728,North,Widget,641
426732,North,Doohickey,566
426735,North,Doohickey,836
426736,North,Doohickey,756
426752,North,Gadget,665
426773,North,Gadget,758
426778,North,Gizmo,867
426785,North,Gizmo,593
426794,North,Gizmo,968
426796,North,Gizmo,759
426801,North,Gizmo,750
426806,North,Widget,504
426810,North,Gizmo,756
426815,North,Widget,943
426822,North,Gizmo,849
426823,North,Doohickey,746
426841,North,Widget,900
426842,North,Gizmo,565
426873,North,Gizmo,740
426877,North,Doohickey,777
426887,North,Widget,784
426895,North,Gizmo,673
426910,North,Widget,667
426918,North,Doohickey,936
426923,North,Gadget,869
426928,North,Doohickey,550
426937,North,Widget,675
426939,North,Gizmo,978
426947,North,Gizmo,822
426950,North,Widget,631
426953,North,Gadget,606
426955,North,Gizmo,921
426963,North,Widget,910
426971,North,Widget,764
426973,North,Gizmo,731
426974,North,Doohickey,505
426986,North,Widget,986
427014,North,Gadget,872
427020,North,Doohickey,942
427052,North,Gizmo,932
427069,North,Widget,876
427078,North,Widget,953
427082,North,Doohickey,699
427095,North,Gadget,787
427106,North,Gadget,724
427114,North,Widget,898
427120,North,Gadget,666
427121,North,Doohickey,943
427150,North,Doohickey,919
427152,North,Doohickey,828
427154,North,Gizmo,645
427176,North,Gizmo,975
427177,North,Gizmo,908
427180,North,Widget,809
427206,North,Gadget,730
427210,North,Widget,758
427215,North,Widget,808
427225,North,Gadget,860
427229,North,Gizmo,874
427240,North,Gizmo,880
427241,North,Doohickey,932
427247,North,Gadget,514
427251,North,Widget,839
427252,North,Widget,544
427253,North,Widget,548
427275,North,Doohickey,641
427279,North,Doohickey,600
427280,North,Gizmo,843
427284,North,Gizmo,719
427288,North,Gizmo,749
427298,North,Gizmo,998
427302,North,Gadget,868
427303,North,Gizmo,624
427321,North,Gadget,639
427324,North,Gizmo,505
427326,North,Gizmo,999
427330,North,Gadget,617
427331,North,Doohickey,508
427333,North,Gadget,535
427334,North,Gadget,882
427337,North,Widget,876
427341,North,Widget,825
427357,North,Gizmo,936
427358,North,Gadget,793
427368,North,Gizmo,603
427371,North,Gadget,963
427383,North,Doohickey,588
427386,North,Gizmo,875
427395,North,Gizmo,883
427405,North,Widget,956
427411,North,Gizmo,576
427425,North,Widget,807
427446,North,Widget,695
427449,North,Widget,528
427450,North,Widget,986
427459,North,Doohickey,830
427477,North,Gizmo,702
427488,North,Gadget,981
427494,North,Widget,687
427497,North,Widget,873
427526,North,Widget,834
427532,North,Gadget,514
427538,North,Doohickey,661
427542,North,Widget,638
427611,North,Gizmo,550
427612,North,Gizmo,699
427647,North,Gadget,963
427648,North,Doohickey,701
427649,North,Widget,673
427654,North,Doohickey,705
427665,North,Gizmo,986
427669,North,Widget,869
427683,North,Doohickey,876
427711,North,Doohickey,513
427712,North,Widget,935
427716,North,Gadget,528
427723,North,Gadget,697
427726,North,Gadget,806
427730,North,Gadget,897
427734,North,Doohickey,856
427741,North,Gadget,508
427742,North,Gizmo,610
427748,North,Gizmo,892
427751,North,Gadget,948
427752,North,Gadget,885
427765,North,Gadget,541
427768,North,Widget,875
427771,North,Widget,788
427777,North,Gadget,882
427790,North,Doohickey,670
427798,North,Doohickey,690
427807,North,Gizmo,667
427816,North,Gadget,946
427821,North,Gizmo,986
427834,North,Widget,643
427842,North,Doohickey,509
427847,North,Gizmo,853
427852,North,Gadget,637
427853,North,Gizmo,565
427856,North,Gadget,601
427859,North,Widget,988
427861,North,Widget,844
427865,North,Doohickey,690
427873,North,Gadget,603
427881,North,Widget,695
427899,North,Gadget,750
427906,North,Doohickey,704
427909,North,Gadget,918
427931,North,Gizmo,557
427936,North,Gadget,976
427939,North,Gadget,551
427955,North,Gadget,514
427966,North,Doohickey,570
427968,North,Doohickey,999
427984,North,Gizmo,770
427988,North,Widget,698
427991,North,Widget,727
427997,North,Widget,867
427998,North,Widget,902
428000,North,Doohickey,575
428004,North,Gizmo,776
428026,North,Doohickey,659
428027,North,Gizmo,636
428034,North,Doohickey,682
428037,North,Doohickey,507
428039,North,Widget,557
428057,North,Widget,779
428080,North,Gadget,671
428088,North,Widget,867
428102,North,Widget,511
428110,North,Doohickey,740
428112,North,Widget,517
428113,North,Gadget,597
428115,North,Gizmo,676
428151,North,Doohickey,765
428156,North,Doohickey,990
428162,North,Gadget,743
428164,North,Widget,762
428187,North,Gizmo,840
428191,North,Widget,602
428194,North,Gadget,635
428196,North,Gizmo,758
428209,North,Doohickey,952
428222,North,Widget,590
428232,North,Gadget,547
428251,North,Widget,664
428263,North,Gizmo,789
428264,North,Gizmo,902
428271,North,Gizmo,919
428284,North,Widget,891
428292,North,Gizmo,595
428305,North,Widget,773
428307,North,Widget,748
428314,North,Widget,686
428315,North,Widget,886
428321,North,Gizmo,593
428322,North,Doohickey,794
428325,North,Widget,869
428329,North,Gadget,720
428331,North,Gadget,986
428334,North,Gizmo,774
428341,North,Gizmo,855
428342,North,Gizmo,639
428357,North,Gizmo,533
428359,North,Widget,568
428371,North,Gadget,505
428377,North,Widget,966
428388,North,Doohickey,711
428399,North,Widget,644
428402,North,Doohickey,759
428406,North,Gadget,589
428407,North,Gadget,507
428411,North,Widget,935
428433,North,Gadget,718
428451,North,Doohickey,670
428478,North,Gizmo,673
428484,North,Gadget,593
428488,North,Doohickey,700
428490,North,Doohickey,827
428491,North,Doohickey,907
428499,North,Gadget,765
428508,North,Widget,769
428519,North,Gizmo,691
428530,North,Gizmo,892
428557,North,Doohickey,630
428564,North,Doohickey,675
428568,North,Doohickey,711
428573,North,Gizmo,866
428588,North,Gadget,720
428595,North,Gizmo,715
428598,North,Widget,787
428599,North,Gizmo,968
428608,North,Doohickey,535
428614,North,Gadget,923
428625,North,Gizmo,535
428632,North,Doohickey,973
428635,North,Doohickey,839
428655,North,Gizmo,565
428663,North,Widget,606
428674,North,Gadget,952
428697,North,Gadget,714
428706,North,Doohickey,786
428728,North,Doohickey,797
428730,North,Gadget,739
428737,North,Doohickey,876
428738,North,Gadget,818
428748,North,Gizmo,836
428754,North,Gizmo,671
428755,North,Gadget,628
428790,North,Doohickey,693
428802,North,Gadget,918
428805,North,Widget,894
428811,North,Doohickey,748
428819,North,Gadget,540
428830,North,Doohickey,543
428831,North,Doohickey,881
428847,North,Doohickey,583
428868,North,Widget,800
428884,North,Gizmo,826
428885,North,Doohickey,504
428893,North,Widget,627
428894,North,Gizmo,523
428903,North,Gizmo,855
428904,North,Gizmo,744
428913,North,Gizmo,647
428916,North,Gadget,855
428932,North,Widget,896
428935,North,Doohickey,770
428937,North,Widget,517
428938,North,Gizmo,647
428945,North,Gizmo,533
428958,North,Gizmo,819
428965,North,Widget,695
428970,North,Doohickey,913
428973,North,Widget,735
428980,North,Gadget,978
428986,North,Gadget,952
428991,North,Doohickey,735
428999,North,Gizmo,850
429013,North,Doohickey,934
429019,North,Widget,611
429029,North,Gizmo,959
429039,North,Widget,963
429046,North,Doohickey,867
429056,North,Widget,518
429080,North,Doohickey,872
429086,North,Gizmo,522
429087,North,Widget,706
429091,North,Gizmo,614
429107,North,Doohickey,924
429108,North,Gadget,613
429110,North,Doohickey,675
429114,North,Gadget,961
429119,North,Gizmo,719
429125,North,Gizmo,703
429132,North,Doohickey,773
429137,North,Widget,948
429139,North,Widget,720
429142,North,Widget,647
429147,North,Gadget,651
429162,North,Widget,509
429165,North,Doohickey,723
429176,North,Gizmo,749
429207,North,Doohickey,641
429209,North,Gizmo,799
429210,North,Gadget,659
429225,North,Gadget,556
429228,North,Doohickey,824
429230,North,Doohickey,712
429243,North,Doohickey,794
429250,North,Widget,984
429251,North,Doohickey,604
429252,North,Gizmo,651
429253,North,Gadget,752
429261,North,Doohickey,549
429264,North,Gadget,565
429272,North,Gadget,546
429286,North,Widget,926
429291,North,Widget,842
429310,North,Doohickey,911
429312,North,Gizmo,802
429315,North,Doohickey,865
429320,North,Gizmo,689
429321,North,Gizmo,774
429336,North,Gizmo,759
429356,North,Doohickey,990
429357,North,Doohickey,914
429364,North,Doohickey,553
429371,North,Gizmo,875
429383,North,Doohickey,823
429390,North,Gizmo,572
429401,North,Gadget,986
429416,North,Widget,846
429442,North,Doohickey,594
429444,North,Gizmo,977
429447,North,Widget,772
429458,North,Widget,763
429463,North,Doohickey,952
429468,North,Doohickey,501
429470,North,Gizmo,701
429478,North,Gizmo,865
429486,North,Widget,805
429496,North,Gizmo,621
429498,North,Widget,983
429520,North,Gizmo,505
429527,North,Gizmo,537
429530,North,Doohickey,572
429536,North,Gadget,791
429547,North,Gizmo,520
429549,North,Widget,585
429551,North,Widget,501
429569,North,Gadget,626
429581,North,Gadget,509
429584,North,Gadget,563
429594,North,Gizmo,501
429604,North,Gadget,599
429607,North,Doohickey,849
429611,North,Gadget,742
429618,North,Gadget,899
429621,North,Doohickey,520
429622,North,Gadget,941
429632,North,Widget,816
429633,North,Gizmo,892
429635,North,Widget,994
429639,North,Gadget,768
429640,North,Gadget,643
429650,North,Gizmo,559
429653,North,Gadget,863
429659,North,Gadget,518
429663,North,Gadget,840
429664,North,Widget,674
429667,North,Gadget,529
429670,North,Gizmo,858
429698,North,Gizmo,844
429706,North,Gizmo,897
429710,North,Doohickey,861
429711,North,Doohickey,707
429722,North,Gadget,852
429724,North,Gizmo,671
429747,North,Gadget,910
429774,North,Gadget,501
429776,North,Doohickey,815
429781,North,Gadget,749
429786,North,Doohickey,758
429792,North,Widget,559
429802,North,Gizmo,560
429804,North,Widget,676
429816,North,Widget,938
429824,North,Doohickey,657
429841,North,Gadget,989
429846,North,Gadget,596
429849,North,Gizmo,613
429851,North,Gizmo,953
429854,North,Gizmo,996
429860,North,Gizmo,579
429867,North,Gizmo,671
429870,North,Doohickey,716
429876,North,Gadget,618
429877,North,Gizmo,816
429881,North,Gadget,729
429886,North,Gizmo,549
429888,North,Widget,890
429894,North,Gizmo,720
429895,North,Gizmo,966
429913,North,Gadget,614
429916,North,Gizmo,939
429920,North,Widget,722
429922,North,Doohickey,564
429923,North,Gizmo,609
429929,North,Gadget,977
429935,North,Widget,669
429938,North,Gadget,700
429950,North,Widget,795
429956,North,Widget,910
429960,North,Gadget,989
429971,North,Doohickey,590
429973,North,Gizmo,885
429976,North,Gadget,801
429989,North,Gizmo,900
429993,North,Gizmo,634
429995,North,Gadget,890
429997,North,Widget,686
430002,North,Gizmo,593
430008,North,Gadget,660
430026,North,Gizmo,655
430036,North,Gadget,538
430043,North,Gizmo,849
430056,North,Widget,585
430062,North,Doohickey,547
430064,North,Doohickey,861
430104,North,Gizmo,824
430108,North,Gizmo,872
430115,North,Gadget,935
430116,North,Gizmo,775
430129,North,Gizmo,955
430153,North,Gadget,734
430157,North,Gizmo,701
430161,North,Doohickey,711
430164,North,Doohickey,972
430166,North,Doohickey,761
430168,North,Widget,722
430170,North,Widget,578
430182,North,Widget,869
430196,North,Gadget,988
430206,North,Gizmo,706
430218,North,Gizmo,583
430220,North,Gadget,620
430226,North,Doohickey,897
430247,North,Widget,958
430251,North,Gizmo,515
430252,North,Widget,917
430254,North,Widget,787
430261,North,Gadget,697
430265,North,Gadget,559
430291,North,Gizmo,687
430295,North,Widget,501
430305,North,Gadget,622
430318,North,Gadget,688
430322,North,Gizmo,747
430324,North,Doohickey,711
430327,North,Gizmo,569
430329,North,Gadget,833
430336,North,Gadget,666
430344,North,Doohickey,794
430350,North,Gadget,602
430359,North,Gadget,681
430374,North,Gadget,752
430378,North,Gizmo,507
430380,North,Gizmo,621
430381,North,Gadget,869
430382,North,Gadget,944
430392,North,Gadget,665
430400,North,Doohickey,960
430409,North,Gizmo,798
430423,North,Gizmo,994
430432,North,Gizmo,726
430435,North,Doohickey,571
430443,North,Gizmo,565
430458,North,Gizmo,535
430472,North,Gizmo,853
430481,North,Widget,823
430493,North,Widget,968
430502,North,Gadget,763
430503,North,Doohickey,960
430517,North,Widget,591
430518,North,Gizmo,865
430522,North,Gadget,927
430535,North,Widget,992
430553,North,Gizmo,885
430572,North,Widget,690
430606,North,Doohickey,643
430629,North,Doohickey,909
430632,North,Widget,587
430636,North,Gadget,832
430649,North,Widget,950
430659,North,Gizmo,803
430664,North,Gadget,649
430671,North,Doohickey,913
430698,North,Widget,726
430701,North,Gadget,787
430714,North,Gizmo,787
430743,North,Widget,932
430752,North,Gadget,902
430764,North,Widget,707
430794,North,Gadget,808
430820,North,Gadget,522
430827,North,Gadget,807
430832,North,Doohickey,505
430842,North,Gizmo,508
430843,North,Doohickey,547
430856,North,Widget,501
430867,North,Widget,740
430870,North,Doohickey,670
430878,North,Gadget,501
430881,North,Doohickey,910
430904,North,Widget,635
430905,North,Gadget,621
430915,North,Gadget,857
430919,North,Gizmo,789
430921,North,Gadget,746
430929,North,Gadget,661
430933,North,Doohickey,881
430936,North,Gizmo,526
430940,North,Gadget,928
430950,North,Widget,978
430952,North,Doohickey,767
430959,North,Gizmo,707
430965,North,Gadget,917
430977,North,Gizmo,633
430978,North,Gizmo,503
430983,North,Widget,811
430988,North,Gadget,540
431001,North,Doohickey,883
431025,North,Doohickey,795
431028,North,Gizmo,501
431032,North,Widget,582
431033,North,Widget,919
431035,North,Widget,617
431052,North,Doohickey,515
431054,North,Gadget,514
431063,North,Gadget,843
431067,North,Gizmo,509
431074,North,Gadget,569
431092,North,Gadget,662
431102,North,Doohickey,547
431125,North,Gadget,865
431160,North,Widget,806
431169,North,Widget,504
431182,North,Gizmo,781
431201,North,Doohickey,928
431210,North,Gizmo,865
431224,North,Gizmo,657
431225,North,Gadget,508
431235,North,Doohickey,732
431236,North,Gizmo,682
431243,North,Doohickey,704
431244,North,Gizmo,898
431257,North,Widget,517
431260,North,Doohickey,596
431271,North,Widget,597
431281,North,Gizmo,791
431282,North,Gadget,852
431297,North,Doohickey,928
431303,North,Widget,575
431307,North,Gadget,900
431311,North,Doohickey,668
431313,North,Gadget,961
431316,North,Doohickey,604
431321,North,Doohickey,603
431334,North,Gizmo,989
431335,North,Gadget,784
431343,North,Doohickey,713
431344,North,Widget,781
431349,North,Gizmo,516
431361,North,Widget,890
431365,North,Gizmo,777
431383,North,Doohickey,906
431397,North,Widget,632
431404,North,Doohickey,550
431406,North,Widget,538
431408,North,Widget,877
431417,North,Doohickey,504
431418,North,Gadget,757
431421,North,Doohickey,902
431426,North,Gadget,950
431442,North,Gizmo,936
431444,North,Gadget,652
431445,North,Doohickey,757
431457,North,Gizmo,558
431458,North,Gadget,763
431465,North,Gadget,646
431478,North,Gadget,523
431487,North,Gizmo,969
431491,North,Gizmo,630
431498,North,Gadget,734
431511,North,Gadget,723
431513,North,Doohickey,579
431514,North,Widget,544
431519,North,Gadget,580
431524,North,Doohickey,702
431534,North,Gadget,843
431542,North,Gadget,817
431561,North,Widget,888
431567,North,Gadget,547
431571,North,Gadget,553
431578,North,Widget,749
431595,North,Widget,869
431617,North,Doohickey,667
431619,North,Gizmo,596
431627,North,Widget,580
431638,North,Gadget,894
431653,North,Doohickey,676
431665,North,Gizmo,811
431670,North,Gadget,911
431675,North,Gizmo,646
431693,North,Doohickey,838
431695,North,Gadget,788
431709,North,Gadget,755
431724,North,Doohickey,615
431725,North,Gadget,529
431735,North,Doohickey,684
431737,North,Gizmo,843
431751,North,Doohickey,590
431756,North,Doohickey,709
431758,North,Gadget,972
431759,North,Doohickey,534
431765,North,Widget,673
431773,North,Gadget,847
431795,North,Widget,789
431818,North,Gadget,524
431820,North,Gizmo,903
431839,North,Gadget,973
431842,North,Gizmo,691
431878,North,Widget,944
431910,North,Gadget,969
431919,North,Gizmo,828
431922,North,Gizmo,555
431928,North,Widget,620
431929,North,Gizmo,934
431931,North,Gadget,852
431948,North,Doohickey,888
431952,North,Gizmo,585
431961,North,Doohickey,894
431963,North,Gadget,619
431971,North,Doohickey,559
431974,North,Gadget,747
431979,North,Gizmo,852
431980,North,Doohickey,576
431984,North,Gizmo,742
431997,North,Widget,961
431998,North,Gizmo,736
432027,North,Doohickey,848
432031,North,Doohickey,891
432032,North,Gadget,942
432033,North,Doohickey,797
432046,North,Gadget,856
432052,North,Widget,698
432063,North,Doohickey,738
432067,North,Gizmo,878
432069,North,Doohickey,524
432077,North,Gadget,785
432089,North,Doohickey,933
432106,North,Gadget,761
432116,North,Doohickey,674
432126,North,Gizmo,610
432129,North,Gadget,898
432147,North,Gizmo,943
432158,North,Gadget,746
432171,North,Widget,965
432174,North,Widget,709
432178,North,Doohickey,552
432181,North,Gizmo,950
432183,North,Widget,992
432184,North,Doohickey,772
432187,North,Gizmo,784
432190,North,Gadget,781
432214,North,Gadget,969
432216,North,Widget,753
432225,North,Gadget,851
432231,North,Gizmo,784
432236,North,Widget,609
432266,North,Doohickey,993
432278,North,Gadget,719
432281,North,Widget,890
432290,North,Widget,819
432292,North,Doohickey,722
432298,North,Widget,561
432310,North,Doohickey,736
432312,North,Doohickey,588
432321,North,Doohickey,824
432351,North,Gadget,826
432354,North,Gadget,822
432362,North,Gizmo,743
432368,North,Widget,601
432375,North,Widget,961
432379,North,Doohickey,949
432384,North,Gizmo,931
432414,North,Gadget,809
432417,North,Widget,684
432419,North,Gizmo,663
432420,North,Gadget,625
432422,North,Doohickey,955
432423,North,Widget,721
432434,North,Doohickey,936
432439,North,Doohickey,776
432443,North,Gadget,652
432447,North,Doohickey,747
432452,North,Gadget,927
432453,North,Gizmo,754
432461,North,Gizmo,771
432466,North,Doohickey,815
432469,North,Gizmo,523
432473,North,Doohickey,617
432479,North,Gadget,632
432480,North,Widget,742
432481,North,Widget,917
432485,North,Gizmo,632
432490,North,Widget,922
432509,North,Gizmo,747
432513,North,Gizmo,834
432514,North,Widget,823
432517,North,Gizmo,756
432538,North,Widget,799
432547,North,Widget,756
432578,North,Widget,767
432585,North,Gizmo,721
432600,North,Doohickey,872
432604,North,Doohickey,906
432616,North,Gizmo,844
432617,North,Widget,501
432621,North,Doohickey,715
432631,North,Doohickey,799
432642,North,Gadget,880
432644,North,Gizmo,850
432648,North,Gizmo,850
432657,North,Widget,928
432659,North,Widget,548
432697,North,Gadget,899
432698,North,Gadget,643
432710,North,Widget,935
432717,North,Gadget,878
432741,North,Gadget,703
432745,North,Doohickey,520
432751,North,Widget,695
432752,North,Widget,656
432754,North,Doohickey,625
432764,North,Gizmo,808
432771,North,Doohickey,993
432785,North,Gadget,556
432798,North,Gizmo,544
432803,North,Doohickey,998
432808,North,Gizmo,616
432818,North,Gadget,527
432819,North,Widget,969
432821,North,Doohickey,712
432823,North,Gizmo,923
432830,North,Doohickey,609
432832,North,Widget,792
432841,North,Widget,719
432844,North,Doohickey,624
432866,North,Gadget,716
432877,North,Doohickey,787
432880,North,Doohickey,765
432883,North,Gizmo,985
432888,North,Widget,578
432897,North,Gadget,538
432898,North,Widget,573
432923,North,Doohickey,823
432927,North,Doohickey,958
432928,North,Gizmo,791
432929,North,Gadget,965
432940,North,Gizmo,990
432941,North,Doohickey,836
432961,North,Gizmo,852
432966,North,Gizmo,688
432968,North,Doohickey,852
432971,North,Widget,931
432973,North,Gadget,792
432975,North,Gizmo,701
432979,North,Widget,640
433000,North,Doohickey,641
433003,North,Widget,662
433005,North,Gizmo,623
433022,North,Doohickey,549
433025,North,Widget,919
433032,North,Gadget,872
433036,North,Widget,547
433037,North,Gadget,692
433060,North,Gadget,610
433063,North,Doohickey,578
433067,North,Widget,869
433088,North,Gadget,853
433100,North,Widget,554
433126,North,Gizmo,693
433129,North,Gadget,700
433133,North,Gizmo,740
433157,North,Widget,800
433158,North,Widget,511
433163,North,Doohickey,553
433173,North,Gadget,609
433183,North,Widget,504
433186,North,Doohickey,908
433191,North,Gizmo,880
433199,North,Doohickey,821
433201,North,Gizmo,744
433204,North,Gadget,756
433211,North,Gadget,762
433218,North,Doohickey,773
433226,North,Gadget,961
433233,North,Doohickey,826
433243,North,Doohickey,563
433252,North,Gizmo,867
433259,North,Gadget,526
433263,North,Gizmo,672
433265,North,Widget,549
433277,North,Gizmo,645
433283,North,Widget,675
433301,North,Gadget,808
433305,North,Widget,652
433307,North,Gizmo,599
433315,North,Gizmo,828
433323,North,Gadget,836
433327,North,Widget,668
433334,North,Gadget,792
433350,North,Doohickey,935
433352,North,Gadget,831
433356,North,Widget,865
433364,North,Widget,988
433372,North,Gadget,846
433375,North,Gizmo,815
433376,North,Doohickey,558
433379,North,Widget,807
433385,North,Gizmo,832
433394,North,Widget,969
433415,North,Widget,982
433429,North,Gizmo,593
433466,North,Gadget,558
433480,North,Gadget,598
433493,North,Gadget,710
433503,North,Doohickey,737
433516,North,Widget,811
433519,North,Widget,678
433534,North,Gadget,630
433536,North,Gadget,624
433545,North,Widget,578
433551,North,Widget,799
433570,North,Widget,964
433583,North,Gadget,736
433587,North,Doohickey,973
433597,North,Doohickey,531
433600,North,Widget,869
433617,North,Gadget,965
433619,North,Widget,890
433624,North,Gadget,833
433639,North,Widget,613
433640,North,Gadget,803
433658,North,Widget,919
433665,North,Widget,792
433677,North,Gadget,593
433685,North,Doohickey,835
433708,North,Gadget,963
433712,North,Widget,986
433713,North,Gadget,898
433734,North,Gadget,853
433759,North,Gizmo,896
433774,North,Doohickey,604
433822,North,Gizmo,788
433824,North,Gizmo,889
433839,North,Gadget,633
433851,North,Doohickey,922
433855,North,Widget,836
433882,North,Gizmo,748
433888,North,Widget,852
433894,North,Widget,698
433897,North,Gizmo,701
433899,North,Doohickey,961
433903,North,Widget,594
433917,North,Doohickey,627
433918,North,Gizmo,810
433935,North,Gadget,562
433943,North,Gizmo,551
433946,North,Doohickey,839
433949,North,Gadget,752
433953,North,Gadget,590
433955,North,Doohickey,612
433961,North,Gadget,623
433965,North,Gizmo,915
433967,North,Gadget,511
433971,North,Gadget,740
433972,North,Gadget,935
433975,North,Gadget,658
433977,North,Gizmo,960
433993,North,Widget,542
433995,North,Widget,815
433996,North,Gadget,772
433997,North,Widget,613
434008,North,Widget,926
434018,North,Gadget,961
434042,North,Gadget,718
434050,North,Widget,944
434054,North,Gadget,807
434058,North,Doohickey,823
434063,North,Gadget,517
434065,North,Doohickey,786
434072,North,Widget,936
434074,North,Gadget,515
434100,North,Gizmo,569
434103,North,Doohickey,960
434107,North,Gadget,849
434112,North,Widget,775
434135,North,Doohickey,981
434140,North,Gadget,822
434145,North,Doohickey,952
434150,North,Doohickey,580
434170,North,Gadget,627
434173,North,Gizmo,921
434183,North,Widget,665
434184,North,Doohickey,520
434191,North,Widget,789
434195,North,Widget,966
434204,North,Gizmo,657
434206,North,Gadget,911
434210,North,Gadget,853
434223,North,Gadget,692
434231,North,Gizmo,874
434232,North,Widget,520
434237,North,Widget,861
434242,North,Doohickey,998
434246,North,Doohickey,509
434257,North,Widget,590
434258,North,Doohickey,705
434264,North,Gizmo,905
434267,North,Widget,793
434268,North,Doohickey,688
434270,North,Gizmo,684
434283,North,Gizmo,936
434304,North,Widget,825
434309,North,Gadget,934
434317,North,Gadget,541
434320,North,Widget,988
434322,North,Gizmo,817
434326,North,Widget,846
434330,North,Gizmo,930
434334,North,Gadget,898
434335,North,Gizmo,501
434346,North,Gadget,806
434358,North,Doohickey,857
434370,North,Widget,867
434371,North,Doohickey,810
434381,North,Gizmo,814
434385,North,Gizmo,994
434391,North,Gizmo,863
434418,North,Gadget,806
434425,North,Doohickey,699
434427,North,Gizmo,581
434444,North,Doohickey,776
434445,North,Gizmo,792
434451,North,Widget,881
434464,North,Gizmo,797
434470,North,Widget,961
434478,North,Doohickey,518
434480,North,Widget,690
434495,North,Doohickey,996
434503,North,Doohickey,949
434504,North,Doohickey,610
434516,North,Gizmo,523
434517,North,Gizmo,604
434529,North,Gadget,978
434530,North,Gadget,927
434541,North,Widget,851
434563,North,Doohickey,586
434573,North,Gizmo,877
434585,North,Gizmo,601
434594,North,Widget,969
434612,North,Gadget,831
434641,North,Doohickey,813
434650,North,Widget,880
434654,North,Gadget,525
434670,North,Doohickey,827
434671,North,Doohickey,702
434685,North,Gadget,752
434691,North,Widget,708
434707,North,Doohickey,623
434711,North,Doohickey,913
434714,North,Widget,684
434720,North,Gadget,503
434723,North,Gizmo,790
434749,North,Widget,894
434753,North,Gadget,936
434767,North,Doohickey,691
434773,North,Gizmo,605
434777,North,Gizmo,792
434782,North,Doohickey,530
434783,North,Widget,646
434806,North,Doohickey,698
434808,North,Gizmo,919
434815,North,Gizmo,792
434817,North,Widget,718
434818,North,Gizmo,711
434821,North,Gizmo,973
434838,North,Gizmo,730
434846,North,Widget,558
434849,North,Gizmo,642
434854,North,Doohickey,802
434862,North,Gadget,601
434863,North,Gizmo,535
434876,North,Doohickey,805
434895,North,Widget,994
434900,North,Doohickey,658
434901,North,Gizmo,744
434903,North,Widget,902
434925,North,Gizmo,850
434932,North,Gizmo,681
434933,North,Gadget,650
434982,North,Widget,883
434989,North,Gadget,794
435003,North,Gizmo,576
435005,North,Gizmo,680
435008,North,Gizmo,785
435013,North,Doohickey,994
435029,North,Gadget,843
435045,North,Gizmo,942
435051,North,Gadget,537
435053,North,Doohickey,980
435056,North,Gizmo,685
435058,North,Doohickey,968
435065,North,Gizmo,620
435066,North,Gadget,740
435078,North,Doohickey,661
435080,North,Widget,509
435083,North,Widget,616
435095,North,Gadget,682
435096,North,Gizmo,584
435111,North,Widget,927
435116,North,Gadget,990
435118,North,Widget,801
435125,North,Widget,687
435132,North,Gizmo,753
435135,North,Gizmo,926
435146,North,Doohickey,863
435149,North,Gadget,896
435151,North,Gizmo,661
435154,North,Doohickey,549
435178,North,Doohickey,649
435195,North,Doohickey,650
435203,North,Gadget,805
435225,North,Gizmo,718
435253,North,Gizmo,712
435264,North,Gizmo,641
435265,North,Gadget,520
435272,North,Gizmo,841
435293,North,Doohickey,971
435294,North,Gadget,948
435298,North,Doohickey,941
435312,North,Widget,927
435332,North,Gizmo,886
435342,North,Gizmo,919
435368,North,Gizmo,947
435371,North,Widget,767
435390,North,Gizmo,595
435406,North,Gadget,827
435408,North,Gadget,505
435411,North,Doohickey,612
435423,North,Widget,617
435424,North,Gizmo,874
435426,North,Gadget,884
435429,North,Gadget,552
435435,North,Doohickey,607
435437,North,Widget,784
435451,North,Gadget,816
435453,North,Doohickey,718
435464,North,Widget,864
435484,North,Gadget,721
435493,North,Widget,888
435494,North,Gadget,634
435496,North,Gizmo,911
435502,North,Gizmo,737
435504,North,Doohickey,623
435523,North,Gizmo,855
435542,North,Gizmo,928
435546,North,Gizmo,785
435548,North,Gadget,716
435559,North,Gadget,857
435581,North,Doohickey,858
435585,North,Doohickey,952
435587,North,Gizmo,738
435591,North,Gizmo,731
435595,North,Gizmo,947
435601,North,Gizmo,695
435608,North,Gizmo,993
435625,North,Doohickey,813
435630,North,Widget,843
435631,North,Gizmo,794
435633,North,Gadget,794
435634,North,Doohickey,756
435635,North,Widget,816
435654,North,Widget,678
435666,North,Doohickey,842
435671,North,Doohickey,832
435680,North,Gizmo,525
435686,North,Gadget,836
435693,North,Doohickey,907
435697,North,Doohickey,839
435709,North,Gadget,676
435712,North,Widget,776
435716,North,Gadget,866
435723,North,Doohickey,607
435740,North,Gadget,712
435743,North,Gizmo,798
435751,North,Gadget,997
435755,North,Gadget,503
435761,North,Gizmo,512
435768,North,Gizmo,626
435772,North,Doohickey,577
435790,North,Gadget,597
435793,North,Gadget,538
435803,North,Gadget,759
435828,North,Doohickey,593
435829,North,Widget,612
435839,North,Gadget,873
435841,North,Doohickey,966
435862,North,Doohickey,913
435874,North,Gadget,992
435877,North,Doohickey,956
435879,North,Gizmo,509
435886,North,Gizmo,571
435899,North,Doohickey,975
435909,North,Widget,522
435913,North,Gadget,794
435916,North,Widget,992
435928,North,Gadget,714
435929,North,Gizmo,911
435931,North,Widget,735
435956,North,Gizmo,598
435962,North,Widget,753
435970,North,Doohickey,760
435971,North,Gizmo,975
435985,North,Widget,705
436000,North,Doohickey,797
436003,North,Doohickey,549
436011,North,Gizmo,731
436019,North,Gizmo,986
436029,North,Gizmo,782
436038,North,Gadget,640
436044,North,Gizmo,871
436046,North,Gizmo,688
436086,North,Gizmo,902
436092,North,Doohickey,772
436093,North,Gadget,526
436095,North,Widget,627
436101,North,Doohickey,900
436113,North,Widget,799
436126,North,Gizmo,767
436127,North,Gizmo,614
436146,North,Doohickey,594
436151,North,Doohickey,930
436153,North,Widget,766
436161,North,Widget,986
436166,North,Gizmo,901
436167,North,Doohickey,644
436184,North,Widget,787
436189,North,Widget,551
436196,North,Gadget,714
436197,North,Doohickey,977
436209,North,Gizmo,814
436213,North,Gizmo,789
436214,North,Widget,783
436215,North,Gizmo,799
436220,North,Widget,968
436226,North,Widget,813
436227,North,Doohickey,924
436230,North,Gizmo,853
436231,North,Widget,919
436236,North,Doohickey,831
436253,North,Gizmo,675
436257,North,Widget,706
436276,North,Widget,897
436277,North,Gadget,521
436291,North,Doohickey,922
436301,North,Widget,570
436314,North,Widget,853
436325,North,Doohickey,734
436340,North,Widget,706
436346,North,Gadget,766
436357,North,Doohickey,914
436368,North,Doohickey,903
436374,North,Gadget,923
436375,North,Doohickey,941
436389,North,Doohickey,563
436404,North,Doohickey,753
436408,North,Widget,572
436420,North,Gadget,944
436434,North,Gizmo,860
436458,North,Gizmo,657
436461,North,Widget,542
436465,North,Widget,757
436468,North,Doohickey,952
436470,North,Gizmo,630
436502,North,Gizmo,976
436505,North,Widget,842
436511,North,Doohickey,722
436514,North,Gadget,877
436521,North,Widget,607
436529,North,Doohickey,936
436537,North,Gizmo,577
436551,North,Gadget,988
436552,North,Gizmo,615
436553,North,Gizmo,511
436563,North,Gadget,897
436564,North,Doohickey,701
436565,North,Doohickey,654
436567,North,Gizmo,699
436571,North,Doohickey,918
436578,North,Gizmo,542
436588,North,Doohickey,779
436625,North,Widget,769
436628,North,Gizmo,717
436637,North,Gizmo,571
436649,North,Doohickey,652
436650,North,Gizmo,551
436666,North,Gizmo,998
436668,North,Widget,857
436683,North,Gizmo,713
436692,North,Doohickey,795
436693,North,Gizmo,754
436694,North,Gizmo,719
436709,North,Doohickey,825
436710,North,Doohickey,736
436713,North,Widget,549
436715,North,Doohickey,634
436729,North,Gizmo,523
436740,North,Widget,663
436747,North,Gizmo,922
436756,North,Gadget,526
436760,North,Gadget,677
436769,North,Widget,925
436777,North,Gadget,644
436813,North,Gizmo,650
436825,North,Doohickey,893
436826,North,Gadget,697
436827,North,Widget,655
436836,North,Widget,883
436850,North,Doohickey,902
436851,North,Gadget,521
436854,North,Gizmo,968
436867,North,Gadget,504
436874,North,Gadget,554
436876,North,Gizmo,610
436887,North,Widget,583
436896,North,Doohickey,569
436899,North,Doohickey,897
436927,North,Doohickey,617
436936,North,Doohickey,582
436948,North,Gizmo,700
436955,North,Doohickey,984
436957,North,Widget,892
436965,North,Widget,644
436968,North,Gizmo,963
436985,North,Gadget,966
436996,North,Gadget,597
436997,North,Gadget,649
437007,North,Doohickey,561
437010,North,Doohickey,994
437019,North,Widget,688
437021,North,Gadget,690
437023,North,Gizmo,873
437027,North,Doohickey,951
437030,North,Widget,679
437038,North,Doohickey,660
437039,North,Gizmo,514
437052,North,Gadget,597
437094,North,Doohickey,673
437109,North,Gizmo,738
437111,North,Gizmo,586
437113,North,Gizmo,956
437119,North,Widget,604
437120,North,Doohickey,600
437130,North,Gadget,760
437131,North,Doohickey,999
437132,North,Gadget,978
437135,North,Gizmo,727
437137,North,Doohickey,985
437158,North,Gadget,831
437160,North,Gadget,522
437173,North,Gadget,766
437177,North,Doohickey,859
437185,North,Gizmo,785
437194,North,Doohickey,530
437195,North,Doohickey,599
437197,North,Doohickey,613
437198,North,Widget,650
437230,North,Widget,546
437235,North,Gadget,894
437236,North,Doohickey,653
437237,North,Doohickey,852
437242,North,Gizmo,922
437247,North,Widget,835
437250,North,Gizmo,971
437251,North,Widget,743
437252,North,Gadget,616
437259,North,Widget,529
437270,North,Gizmo,651
437273,North,Doohickey,579
437275,North,Gadget,748
437284,North,Widget,653
437306,North,Widget,505
437308,North,Gizmo,915
437310,North,Gadget,703
437319,North,Doohickey,728
437321,North,Gizmo,787
437326,North,Gizmo,563
437335,North,Gizmo,631
437340,North,Gizmo,960
437342,North,Doohickey,711
437356,North,Doohickey,541
437361,North,Widget,567
437362,North,Widget,923
437379,North,Gadget,727
437398,North,Widget,563
437405,North,Gizmo,856
437416,North,Doohickey,932
437425,North,Doohickey,851
437435,North,Gizmo,942
437444,North,Doohickey,927
437446,North,Gadget,815
437463,North,Doohickey,763
437472,North,Gizmo,759
437479,North,Widget,710
437495,North,Gadget,788
437498,North,Doohickey,676
437501,North,Widget,902
437510,North,Doohickey,819
437516,North,Gizmo,626
437522,North,Doohickey,792
437533,North,Doohickey,527
437534,North,Doohickey,915
437557,North,Doohickey,819
437561,North,Widget,642
437562,North,Doohickey,946
437566,North,Widget,528
437569,North,Widget,678
437573,North,Gadget,930
437584,North,Gadget,998
437587,North,Widget,986
437591,North,Gizmo,892
437594,North,Widget,876
437599,North,Widget,527
437608,North,Doohickey,769
437619,North,Widget,977
437628,North,Gizmo,521
437634,North,Widget,975
437653,North,Gizmo,547
437675,North,Doohickey,625
437701,North,Gadget,671
437706,North,Gizmo,687
437713,North,Gadget,855
437722,North,Gadget,593
437726,North,Gizmo,505
437727,North,Doohickey,894
437734,North,Gizmo,573
437744,North,Widget,824
437751,North,Gadget,852
437757,North,Doohickey,808
437760,North,Doohickey,957
437763,North,Gizmo,966
437771,North,Gizmo,880
437778,North,Doohickey,667
437788,North,Gadget,780
437797,North,Widget,622
437811,North,Gadget,725
437826,North,Gizmo,795
437827,North,Gadget,685
437829,North,Doohickey,832
437831,North,Gizmo,989
437836,North,Gadget,744
437839,North,Doohickey,620
437840,North,Doohickey,534
437852,North,Doohickey,601
437862,North,Gadget,648
437863,North,Gizmo,578
437867,North,Doohickey,771
437869,North,Doohickey,844
437887,North,Gizmo,678
437890,North,Gizmo,867
437891,North,Doohickey,858
437910,North,Doohickey,903
437913,North,Doohickey,814
437915,North,Gizmo,678
437928,North,Gadget,556
437936,North,Widget,892
437940,North,Gizmo,570
437942,North,Widget,655
437944,North,Doohickey,714
437954,North,Widget,909
437958,North,Gadget,592
437973,North,Gadget,748
437987,North,Gadget,998
437988,North,Gadget,722
437997,North,Widget,875
437998,North,Gadget,761
438006,North,Gadget,623
438023,North,Gizmo,690
438034,North,Gadget,831
438041,North,Doohickey,760
438050,North,Widget,802
438051,North,Doohickey,524
438060,North,Gadget,993
438067,North,Widget,562
438077,North,Gadget,569
438088,North,Doohickey,745
438102,North,Doohickey,985
438108,North,Gizmo,946
438112,North,Widget,762
438114,North,Gizmo,779
438123,North,Widget,893
438129,North,Gadget,661
438142,North,Widget,938
438146,North,Gizmo,536
438156,North,Gizmo,806
438165,North,Gadget,816
438168,North,Gadget,763
438169,North,Gadget,777
438170,North,Gadget,876
438172,North,Gizmo,771
438177,North,Gizmo,609
438191,North,Doohickey,878
438201,North,Widget,774
438210,North,Widget,707
438228,North,Gizmo,988
438230,North,Gizmo,522
438233,North,Gizmo,599
438247,North,Doohickey,882
438248,North,Gizmo,811
438253,North,Doohickey,644
438271,North,Widget,501
438277,North,Doohickey,950
438278,North,Gizmo,705
438281,North,Gizmo,993
438285,North,Gadget,637
438297,North,Gadget,927
438309,North,Gizmo,969
438311,North,Doohickey,694
438320,North,Doohickey,834
438331,North,Gizmo,651
438342,North,Gadget,917
438349,North,Gizmo,807
438360,North,Widget,698
438385,North,Gizmo,844
438405,North,Widget,755
438406,North,Gizmo,836
438416,North,Gadget,599
438427,North,Doohickey,977
438433,North,Doohickey,863
438449,North,Doohickey,542
438451,North,Doohickey,573
438463,North,Gizmo,599
438478,North,Gadget,563
438479,North,Widget,522
438495,North,Doohickey,534
438498,North,Gadget,578
438506,North,Gizmo,516
438511,North,Gadget,738
438520,North,Widget,702
438537,North,Widget,649
438562,North,Gadget,900
438583,North,Doohickey,591
438600,North,Widget,746
438613,North,Gadget,953
438614,North,Gizmo,757
438622,North,Gadget,513
438630,North,Doohickey,898
438643,North,Widget,565
438649,North,Doohickey,867
438663,North,Gizmo,852
438674,North,Widget,918
438679,North,Gizmo,967
438689,North,Widget,780
438700,North,Gizmo,524
438705,North,Doohickey,811
438721,North,Doohickey,672
438722,North,Doohickey,897
438735,North,Gadget,886
438739,North,Widget,753
438747,North,Widget,525
438748,North,Widget,827
438766,North,Gadget,991
438781,North,Doohickey,589
438797,North,Gadget,848
438799,North,Gizmo,865
438802,North,Gadget,712
438814,North,Gadget,568
438830,North,Gadget,880
438835,North,Widget,515
438840,North,Widget,996
438844,North,Gadget,855
438849,North,Gizmo,876
438854,North,Gizmo,828
438869,North,Widget,927
438893,North,Gadget,537
438918,North,Doohickey,577
438920,North,Widget,640
438926,North,Doohickey,556
438940,North,Gadget,537
438942,North,Gadget,849
438951,North,Widget,739
438960,North,Gadget,730
438997,North,Doohickey,861
439002,North,Widget,647
439004,North,Gadget,718
439007,North,Gizmo,626
439016,North,Gizmo,725
439019,North,Gadget,546
439025,North,Widget,956
439032,North,Widget,515
439049,North,Gizmo,501
439061,North,Gadget,956
439065,North,Gadget,521
439069,North,Widget,810
439078,North,Widget,535
439082,North,Gizmo,545
439091,North,Gadget,749
439093,North,Gadget,823
439095,North,Doohickey,671
439097,North,Doohickey,843
439098,North,Widget,961
439107,North,Gizmo,653
439108,North,Gizmo,739
439124,North,Widget,507
439125,North,Gizmo,960
439131,North,Gadget,547
439141,North,Gizmo,661
439146,North,Gadget,965
439172,North,Gadget,941
439173,North,Doohickey,555
439177,North,Gizmo,741
439180,North,Doohickey,967
439218,North,Widget,918
439229,North,Doohickey,957
439231,North,Gadget,716
439238,North,Gadget,708
439243,North,Widget,797
439252,North,Doohickey,566
439253,North,Gizmo,834
439254,North,Widget,635
439264,North,Doohickey,572
439277,North,Doohickey,726
439280,North,Widget,905
439286,North,Doohickey,977
439287,North,Doohickey,972
439290,North,Gizmo,986
439291,North,Gadget,514
439307,North,Widget,718
439308,North,Gizmo,594
439328,North,Widget,736
439338,North,Widget,860
439339,North,Doohickey,612
439350,North,Widget,831
439357,North,Gizmo,855
439361,North,Gadget,875
439391,North,Doohickey,589
439400,North,Gadget,722
439403,North,Doohickey,552
439414,North,Gizmo,907
439430,North,Gadget,539
439432,North,Gadget,627
439443,North,Widget,541
439447,North,Gizmo,943
439465,North,Gadget,744
439466,North,Widget,975
439490,North,Widget,853
439492,North,Doohickey,972
439501,North,Gizmo,617
439520,North,Gadget,992
439523,North,Gizmo,968
439533,North,Gizmo,997
439536,North,Gizmo,946
439541,North,Widget,975
439563,North,Gizmo,982
439565,North,Widget,994
439571,North,Doohickey,525
439600,North,Gadget,606
439603,North,Gadget,699
439621,North,Widget,932
439629,North,Widget,809
439635,North,Doohickey,871
439636,North,Gadget,816
439639,North,Doohickey,749
439655,North,Doohickey,737
439665,North,Widget,504
439670,North,Gadget,864
439689,North,Doohickey,537
439702,North,Widget,687
439710,North,Gadget,538
439712,North,Doohickey,861
439714,North,Doohickey,951
439715,North,Gizmo,629
439726,North,Doohickey,949
439733,North,Gadget,505
439741,North,Gizmo,687
439743,North,Gizmo,998
439758,North,Gizmo,792
439774,North,Widget,816
439776,North,Widget,913
439805,North,Gizmo,558
439811,North,Gadget,909
439812,North,Doohickey,544
439814,North,Doohickey,778
439816,North,Gizmo,864
439841,North,Gizmo,738
439860,North,Gizmo,683
439868,North,Gizmo,632
439879,North,Gizmo,863
439882,North,Doohickey,758
439885,North,Gizmo,650
439888,North,Gizmo,1000
439893,North,Widget,680
439896,North,Widget,850
439901,North,Widget,797
439910,North,Gadget,806
439919,North,Doohickey,531
439920,North,Gadget,855
439932,North,Gadget,721
439958,North,Widget,713
439980,North,Gadget,801
439981,North,Doohickey,911
439987,North,Doohickey,986
439991,North,Widget,689
440011,North,Widget,676
440014,North,Gadget,836
440019,North,Gadget,656
440040,North,Gizmo,740
440056,North,Doohickey,790
440058,North,Widget,779
440066,North,Gadget,948
440089,North,Doohickey,591
440098,North,Widget,851
440099,North,Gadget,818
440101,North,Widget,505
440115,North,Gadget,748
440120,North,Gizmo,574
440122,North,Doohickey,852
440131,North,Doohickey,877
440136,North,Gadget,578
440142,North,Doohickey,952
440155,North,Widget,883
440160,North,Widget,645
440162,North,Doohickey,549
440195,North,Widget,516
440197,North,Gizmo,725
440206,North,Gizmo,880
440209,North,Widget,680
440215,North,Gizmo,821
440233,North,Doohickey,936
440250,North,Gadget,978
440255,North,Doohickey,839
440256,North,Widget,858
440259,North,Widget,706
440274,North,Widget,915
440275,North,Gizmo,505
440282,North,Gizmo,776
440287,North,Widget,833
440290,North,Doohickey,709
440305,North,Gadget,999
440306,North,Widget,901
440329,North,Doohickey,955
440338,North,Gadget,998
440344,North,Gadget,539
440373,North,Doohickey,807
440380,North,Gizmo,773
440391,North,Gadget,546
440396,North,Gadget,509
440401,North,Doohickey,757
440409,North,Widget,775
440417,North,Gadget,561
440431,North,Gadget,938
440434,North,Gadget,664
440437,North,Widget,713
440464,North,Widget,853
440469,North,Gizmo,917
440479,North,Widget,840
440489,North,Gadget,911
440502,North,Gadget,935
440511,North,Widget,825
440542,North,Widget,809
440546,North,Doohickey,583
440551,North,Doohickey,791
440557,North,Widget,827
440569,North,Gadget,873
440571,North,Gizmo,586
440582,North,Gadget,525
440585,North,Doohickey,718
440587,North,Widget,676
440590,North,Doohickey,827
440595,North,Gizmo,651
440599,North,Gizmo,846
440607,North,Gadget,653
440615,North,Widget,955
440622,North,Gizmo,671
440628,North,Gizmo,827
440634,North,Gizmo,875
440640,North,Gizmo,838
440656,North,Widget,578
440658,North,Gadget,734
440672,North,Doohickey,939
440688,North,Doohickey,505
440727,North,Gadget,729
440735,North,Gizmo,522
440739,North,Gadget,690
440748,North,Widget,541
440752,North,Widget,791
440756,North,Gizmo,961
440758,North,Doohickey,813
440774,North,Gizmo,807
440775,North,Doohickey,909
440778,North,Widget,539
440794,North,Gizmo,524
440796,North,Widget,850
440798,North,Gizmo,710
440808,North,Gadget,927
440824,North,Doohickey,620
440829,North,Doohickey,501
440835,North,Doohickey,693
440837,North,Widget,611
440841,North,Gadget,548
440859,North,Gadget,888
440872,North,Widget,977
440877,North,Widget,885
440880,North,Doohickey,975
440883,North,Gadget,823
440892,North,Gadget,622
440900,North,Gizmo,893
440903,North,Gizmo,816
440905,North,Gizmo,538
440909,North,Gizmo,680
440913,North,Widget,777
440915,North,Widget,609
440921,North,Doohickey,797
440926,North,Doohickey,994
440928,North,Gizmo,717
440946,North,Gadget,919
440948,North,Gadget,637
440950,North,Gizmo,877
440955,North,Doohickey,843
440956,North,Widget,800
440964,North,Doohickey,580
440965,North,Gizmo,993
440972,North,Widget,782
440974,North,Gizmo,965
440978,North,Doohickey,573
440981,North,Gadget,896
440982,North,Gadget,669
440986,North,Widget,852
440989,North,Gadget,562
440990,North,Widget,687
440991,North,Widget,728
441001,North,Doohickey,535
441010,North,Widget,916
441012,North,Gadget,521
441026,North,Gadget,872
441033,North,Widget,857
441034,North,Gizmo,615
441037,North,Gadget,800
441053,North,Gadget,902
441054,North,Gadget,546
441058,North,Widget,858
441063,North,Gadget,504
441067,North,Widget,797
441083,North,Widget,972
441091,North,Doohickey,996
441100,North,Widget,787
441112,North,Doohickey,674
441113,North,Gadget,505
441124,North,Doohickey,667
441132,North,Gizmo,836
441147,North,Doohickey,917
441155,North,Doohickey,662
441158,North,Gizmo,910
441162,North,Widget,834
441167,North,Doohickey,620
441168,North,Widget,977
441174,North,Gadget,503
441175,North,Doohickey,606
441176,North,Gizmo,553
441178,North,Doohickey,893
441182,North,Widget,669
441187,North,Widget,900
441191,North,Widget,688
441195,North,Widget,742
441196,North,Widget,986
441203,North,Doohickey,983
441213,North,Widget,692
441219,North,Widget,579
441221,North,Gizmo,681
441227,North,Gadget,738
441242,North,Gadget,645
441248,North,Gadget,941
441251,North,Gadget,992
441256,North,Widget,765
441260,North,Gadget,602
441265,North,Widget,855
441268,North,Gadget,544
441270,North,Gadget,799
441277,North,Widget,627
441281,North,Doohickey,948
441289,North,Gadget,901
441302,North,Doohickey,659
441307,North,Doohickey,624
441309,North,Doohickey,583
441331,North,Doohickey,528
441340,North,Doohickey,744
441348,North,Gadget,983
441350,North,Widget,868
441370,North,Widget,794
441373,North,Gadget,530
441374,North,Widget,594
441379,North,Gizmo,554
441384,North,Widget,525
441388,North,Gadget,504
441394,North,Gizmo,732
441399,North,Gadget,515
441407,North,Gizmo,776
441408,North,Doohickey,851
441409,North,Gizmo,632
441410,North,Doohickey,686
441412,North,Gadget,582
441423,North,Widget,936
441432,North,Widget,734
441436,North,Doohickey,819
441438,North,Widget,919
441440,North,Gadget,650
441464,North,Widget,981
441466,North,Gadget,544
441473,North,Doohickey,803
441474,North,Widget,797
441475,North,Gizmo,875
441479,North,Widget,886
441483,North,Doohickey,558
441498,North,Doohickey,916
441513,North,Gizmo,940
441517,North,Gadget,571
441525,North,Gadget,774
441528,North,Widget,573
441529,North,Gizmo,677
441539,North,Gizmo,825
441543,North,Doohickey,564
441544,North,Widget,555
441546,North,Gadget,755
441547,North,Widget,911
441559,North,Gadget,525
441563,North,Gadget,669
441565,North,Gizmo,530
441582,North,Widget,731
441587,North,Gizmo,652
441590,North,Doohickey,886
441603,North,Widget,690
441608,North,Widget,728
441612,North,Doohickey,846
441627,North,Gizmo,782
441630,North,Gadget,811
441639,North,Gadget,777
441653,North,Widget,572
441655,North,Gadget,878
441671,North,Widget,765
441672,North,Gadget,578
441679,North,Gadget,520
441681,North,Doohickey,637
441687,North,Doohickey,967
441691,North,Widget,844
441696,North,Gizmo,602
441698,North,Gizmo,706
441721,North,Widget,978
441733,North,Widget,667
441738,North,Gizmo,857
441744,North,Gizmo,852
441746,North,Doohickey,513
441762,North,Widget,877
441765,North,Doohickey,588
441773,North,Gizmo,869
441781,North,Doohickey,939
441785,North,Doohickey,876
441797,North,Gadget,682
441810,North,Doohickey,508
441826,North,Gadget,990
441827,North,Doohickey,786
441857,North,Doohickey,755
441859,North,Gadget,898
441872,North,Gizmo,665
441882,North,Gizmo,935
441883,North,Gizmo,508
441897,North,Doohickey,806
441915,North,Widget,638
441929,North,Doohickey,514
441939,North,Widget,838
441956,North,Gizmo,973
441958,North,Gadget,811
441967,North,Gizmo,558
441970,North,Gadget,648
441975,North,Doohickey,620
441980,North,Gizmo,891
441989,North,Gadget,911
441992,North,Widget,603
441994,North,Gadget,516
441996,North,Widget,882
442005,North,Gadget,780
442016,North,Widget,681
442035,North,Doohickey,612
442040,North,Widget,701
442041,North,Doohickey,869
442045,North,Gizmo,993
442051,North,Gadget,869
442052,North,Gizmo,808
442055,North,Gadget,509
442064,North,Gizmo,728
442094,North,Widget,844
442102,North,Gizmo,654
442131,North,Widget,528
442147,North,Doohickey,713
442162,North,Gizmo,689
442163,North,Gizmo,827
442170,North,Widget,888
442172,North,Doohickey,724
442180,North,Widget,797
442187,North,Doohickey,635
442189,North,Doohickey,983
442197,North,Gadget,941
442198,North,Doohickey,859
442222,North,Gizmo,729
442235,North,Gadget,513
442248,North,Gizmo,607
442251,North,Doohickey,976
442258,North,Doohickey,755
442264,North,Doohickey,532
442275,North,Doohickey,738
442281,North,Gadget,971
442285,North,Gizmo,843
442290,North,Gizmo,972
442294,North,Widget,560
442296,North,Gizmo,544
442298,North,Gadget,631
442299,North,Doohickey,524
442300,North,Doohickey,612
442302,North,Doohickey,619
442303,North,Widget,568
442319,North,Widget,999
442321,North,Widget,564
442322,North,Widget,509
442330,North,Doohickey,957
442338,North,Gadget,817
442343,North,Gizmo,642
442372,North,Gizmo,731
442380,North,Doohickey,609
442390,North,Widget,843
442399,North,Gizmo,538
442410,North,Widget,513
442415,North,Doohickey,686
442417,North,Widget,584
442420,North,Gizmo,749
442441,North,Widget,974
442445,North,Widget,889
442453,North,Gizmo,670
442466,North,Widget,959
442471,North,Doohickey,763
442476,North,Gizmo,859
442483,North,Gizmo,654
442489,North,Doohickey,730
442490,North,Doohickey,612
442495,North,Gadget,973
442500,North,Gizmo,935
442509,North,Gizmo,681
442511,North,Gizmo,996
442518,North,Widget,675
442526,North,Widget,993
442529,North,Gizmo,898
442532,North,Widget,910
442538,North,Doohickey,822
442565,North,Gizmo,622
442566,North,Gadget,611
442567,North,Gadget,897
442578,North,Widget,718
442579,North,Widget,981
442591,North,Gadget,648
442592,North,Doohickey,767
442596,North,Doohickey,964
442603,North,Gadget,801
442632,North,Gizmo,899
442635,North,Gadget,582
442642,North,Gadget,676
442655,North,Gizmo,749
442679,North,Gadget,765
442687,North,Widget,645
442695,North,Doohickey,776
442710,North,Widget,673
442732,North,Gizmo,731
442742,North,Doohickey,705
442746,North,Gadget,627
442747,North,Widget,863
442750,North,Widget,699
442768,North,Gadget,769
442774,North,Doohickey,969
442775,North,Gizmo,844
442788,North,Widget,923
442791,North,Gadget,536
442801,North,Doohickey,994
442804,North,Doohickey,791
442812,North,Widget,742
442813,North,Gizmo,877
442821,North,Doohickey,798
442825,North,Doohickey,992
442827,North,Widget,877
442828,North,Widget,707
442832,North,Gadget,809
442833,North,Gizmo,696
442857,North,Doohickey,633
442865,North,Doohickey,703
442871,North,Doohickey,512
442890,North,Gadget,849
442892,North,Gadget,961
442914,North,Gadget,797
442929,North,Widget,504
442937,North,Gadget,677
442939,North,Doohickey,848
442943,North,Gizmo,967
442951,North,Gizmo,806
442962,North,Widget,955
442965,North,Gizmo,514
442972,North,Gizmo,567
442973,North,Gizmo,638
442976,North,Widget,628
443006,North,Doohickey,860
443008,North,Widget,531
443018,North,Widget,941
443021,North,Widget,740
443034,North,Gadget,809
443039,North,Gadget,528
443048,North,Widget,901
443056,North,Gadget,785
443085,North,Gizmo,519
443103,North,Gadget,714
443128,North,Widget,554
443136,North,Doohickey,914
443147,North,Doohickey,814
443155,North,Gizmo,513
443159,North,Widget,529
443171,North,Doohickey,536
443174,North,Gadget,555
443186,North,Widget,860
443190,North,Widget,550
443195,North,Gizmo,808
443196,North,Doohickey,852
443204,North,Widget,523
443207,North,Gizmo,546
443211,North,Gizmo,858
443224,North,Gadget,726
443227,North,Gadget,935
443233,North,Gizmo,608
443236,North,Widget,526
443243,North,Gizmo,607
443245,North,Doohickey,640
443246,North,Gadget,770
443250,North,Gizmo,699
443253,North,Gadget,760
443263,North,Doohickey,601
443272,North,Gizmo,716
443274,North,Doohickey,659
443285,North,Doohickey,921
443296,North,Gizmo,656
443314,North,Widget,719
443320,North,Widget,905
443324,North,Widget,993
443332,North,Gadget,567
443340,North,Gizmo,894
443356,North,Gadget,874
443373,North,Doohickey,901
443387,North,Doohickey,540
443390,North,Widget,601
443391,North,Gadget,756
443401,North,Doohickey,972
443414,North,Widget,630
443418,North,Widget,548
443420,North,Gadget,589
443425,North,Gadget,696
443436,North,Gadget,695
443440,North,Doohickey,827
443442,North,Widget,851
443448,North,Gizmo,941
443468,North,Gadget,795
443469,North,Gizmo,534
443481,North,Doohickey,532
443486,North,Doohickey,925
443488,North,Widget,960
443489,North,Widget,926
443490,North,Doohickey,650
443505,North,Gizmo,637
443518,North,Gizmo,858
443536,North,Doohickey,560
443537,North,Doohickey,770
443539,North,Gizmo,659
443544,North,Gizmo,595
443546,North,Widget,630
443551,North,Gadget,984
443568,North,Gizmo,821
443569,North,Gadget,748
443579,North,Doohickey,615
443584,North,Gadget,934
443585,North,Doohickey,884
443612,North,Doohickey,701
443618,North,Gadget,857
443627,North,Gizmo,526
443633,North,Widget,683
443640,North,Gadget,575
443649,North,Gizmo,558
443651,North,Gizmo,769
443654,North,Gizmo,768
443661,North,Doohickey,718
443673,North,Doohickey,691
443689,North,Doohickey,606
443694,North,Gizmo,617
443697,North,Widget,611
443700,North,Gadget,950
443709,North,Widget,579
443716,North,Gizmo,550
443717,North,Widget,711
443735,North,Gizmo,828
443741,North,Doohickey,783
443748,North,Gizmo,603
443749,North,Widget,806
443760,North,Gizmo,852
443767,North,Widget,963
443768,North,Widget,852
443799,North,Widget,562
443806,North,Gadget,695
443810,North,Gadget,738
443814,North,Doohickey,735
443816,North,Gizmo,799
443827,North,Widget,891
443832,North,Doohickey,627
443840,North,Gadget,911
443850,North,Doohickey,568
443854,North,Doohickey,779
443861,North,Doohickey,974
443862,North,Doohickey,678
443863,North,Gadget,599
443874,North,Gizmo,796
443878,North,Widget,754
443884,North,Gadget,538
443890,North,Gadget,556
443891,North,Gizmo,858
443893,North,Gadget,841
443927,North,Doohickey,582
443933,North,Widget,581
443936,North,Widget,817
443950,North,Widget,785
443957,North,Doohickey,913
443965,North,Widget,702
443970,North,Widget,896
443981,North,Gadget,852
443983,North,Gizmo,852
443999,North,Gadget,764
444004,North,Widget,990
444007,North,Widget,529
444009,North,Widget,785
444023,North,Gadget,696
444029,North,Gizmo,911
444036,North,Gadget,755
444044,North,Doohickey,808
444050,North,Gizmo,592
444057,North,Doohickey,607
444063,North,Gizmo,720
444064,North,Doohickey,647
444070,North,Doohickey,983
444076,North,Doohickey,507
444081,North,Widget,696
444082,North,Widget,890
444088,North,Gizmo,662
444095,North,Doohickey,969
444098,North,Doohickey,696
444103,North,Gizmo,726
444107,North,Widget,596
444119,North,Doohickey,989
444126,North,Widget,530
444128,North,Doohickey,565
444129,North,Doohickey,986
444130,North,Widget,830
444133,North,Gadget,818
444150,North,Gizmo,640
444161,North,Gadget,677
444173,North,Widget,891
444176,North,Gizmo,847
444179,North,Widget,571
444182,North,Gizmo,969
444184,North,Gadget,534
444185,North,Doohickey,673
444188,North,Gadget,713
444213,North,Doohickey,739
444235,North,Gizmo,642
444245,North,Gadget,940
444247,North,Gadget,529
444258,North,Gadget,715
444265,North,Doohickey,784
444268,North,Widget,815
444281,North,Gizmo,697
444300,North,Gadget,560
444316,North,Gizmo,733
444326,North,Doohickey,791
444331,North,Doohickey,599
444334,North,Widget,532
444343,North,Widget,858
444352,North,Doohickey,723
444362,North,Gizmo,844
444367,North,Doohickey,559
444379,North,Gizmo,974
444385,North,Doohickey,730
444390,North,Gizmo,848
444397,North,Gizmo,831
444403,North,Widget,563
444411,North,Gizmo,960
444419,North,Doohickey,557
444420,North,Widget,675
444437,North,Gizmo,701
444444,North,Gizmo,880
444448,North,Gizmo,924
444449,North,Widget,922
444453,North,Widget,516
444458,North,Gadget,825
444483,North,Gadget,823
444489,North,Doohickey,699
444490,North,Doohickey,816
444495,North,Doohickey,976
444500,North,Gadget,543
444514,North,Gadget,522
444515,North,Doohickey,580
444543,North,Gizmo,830
444544,North,Doohickey,727
444567,North,Widget,934
444568,North,Doohickey,846
444585,North,Doohickey,525
444587,North,Gizmo,532
444600,North,Doohickey,872
444612,North,Gizmo,581
444613,North,Gizmo,927
444615,North,Widget,896
444617,North,Doohickey,536
444638,North,Doohickey,694
444657,North,Widget,960
444660,North,Doohickey,921
444679,North,Doohickey,934
444681,North,Gadget,919
444682,North,Doohickey,911
444703,North,Gizmo,640
444705,North,Widget,603
444707,North,Widget,941
444714,North,Widget,611
444722,North,Doohickey,715
444731,North,Gizmo,705
444752,North,Doohickey,577
444761,North,Widget,588
444770,North,Widget,627
444784,North,Widget,531
444791,North,Doohickey,565
444797,North,Gadget,961
444800,North,Gizmo,576
444811,North,Doohickey,825
444812,North,Gizmo,505
444817,North,Gadget,665
444834,North,Doohickey,638
444838,North,Doohickey,579
444841,North,Doohickey,989
444843,North,Gadget,796
444851,North,Gizmo,523
444854,North,Doohickey,687
444869,North,Doohickey,861
444888,North,Widget,665
444903,North,Gizmo,711
444912,North,Doohickey,736
444916,North,Gadget,931
444923,North,Doohickey,824
444947,North,Gadget,751
444951,North,Gizmo,803
444952,North,Widget,818
444955,North,Doohickey,719
444969,North,Gizmo,757
444974,North,Gizmo,757
444980,North,Gadget,520
445001,North,Doohickey,685
445002,North,Widget,717
445009,North,Doohickey,657
445015,North,Gadget,894
445023,North,Gadget,616
445025,North,Gizmo,671
445027,North,Gadget,985
445032,North,Gizmo,531
445040,North,Gadget,547
445042,North,Widget,928
445046,North,Gizmo,826
445055,North,Gizmo,831
445058,North,Gadget,513
445062,North,Widget,873
445112,North,Doohickey,913
445124,North,Doohickey,906
445131,North,Gadget,647
445149,North,Widget,815
445151,North,Widget,824
445154,North,Doohickey,547
445162,North,Widget,989
445168,North,Gizmo,915
445187,North,Widget,959
445195,North,Gizmo,742
445208,North,Doohickey,570
445213,North,Gadget,638
445214,North,Widget,885
445220,North,Gizmo,910
445232,North,Gizmo,714
445252,North,Gadget,871
445253,North,Doohickey,959
445257,North,Widget,842
445259,North,Gadget,647
445260,North,Widget,851
445269,North,Doohickey,598
445283,North,Gizmo,745
445284,North,Widget,983
445290,North,Gadget,524
445310,North,Widget,669
445315,North,Gizmo,751
445323,North,Widget,984
445325,North,Gizmo,645
445330,North,Doohickey,613
445344,North,Widget,722
445347,North,Gizmo,561
445355,North,Gizmo,857
445359,North,Widget,594
445360,North,Gizmo,825
445362,North,Doohickey,894
445363,North,Gadget,893
445364,North,Gadget,608
445376,North,Gizmo,790
445377,North,Gadget,755
445387,North,Doohickey,579
445394,North,Widget,680
445397,North,Gizmo,848
445398,North,Gadget,636
445424,North,Gizmo,697
445456,North,Gadget,650
445468,North,Doohickey,693
445476,North,Gadget,936
445480,North,Gadget,518
445487,North,Gizmo,724
445488,North,Gizmo,624
445502,North,Widget,767
445503,North,Doohickey,662
445506,North,Gizmo,692
445510,North,Doohickey,601
445515,North,Doohickey,869
445516,North,Gadget,930
445517,North,Gadget,967
445524,North,Gizmo,858
445525,North,Widget,554
445528,North,Doohickey,633
445566,North,Doohickey,796
445573,North,Widget,919
445578,North,Gizmo,888
445582,North,Doohickey,765
445590,North,Gizmo,989
445594,North,Gizmo,857
445595,North,Doohickey,949
445597,North,Widget,686
445604,North,Gizmo,819
445607,North,Gizmo,593
445619,North,Widget,967
445623,North,Gadget,859
445624,North,Doohickey,658
445628,North,Doohickey,587
445649,North,Doohickey,507
445654,North,Doohickey,989
445656,North,Doohickey,768
445669,North,Widget,860
445673,North,Doohickey,501
445674,North,Gizmo,583
445676,North,Widget,851
445678,North,Gizmo,540
445684,North,Gadget,755
445693,North,Doohickey,768
445702,North,Doohickey,864
445706,North,Gadget,724
445707,North,Widget,636
445711,North,Gizmo,625
445719,North,Doohickey,636
445722,North,Gadget,986
445725,North,Gadget,932
445749,North,Gizmo,993
445750,North,Gizmo,507
445754,North,Doohickey,736
445757,North,Gadget,559
445764,North,Doohickey,609
445777,North,Gadget,593
445781,North,Widget,654
445792,North,Gadget,601
445795,North,Gadget,519
445800,North,Doohickey,917
445813,North,Gadget,982
445819,North,Doohickey,784
445823,North,Gadget,706
445865,North,Gadget,761
445873,North,Widget,984
445874,North,Gizmo,932
445883,North,Doohickey,676
445884,North,Doohickey,636
445886,North,Gizmo,525
445895,North,Gizmo,598
445901,North,Gadget,720
445903,North,Gizmo,769
445924,North,Widget,909
445927,North,Widget,810
445939,North,Gizmo,568
445942,North,Widget,678
445948,North,Doohickey,992
445952,North,Gadget,797
445954,North,Gadget,926
445963,North,Gadget,930
445979,North,Widget,774
445982,North,Widget,946
445985,North,Widget,782
445986,North,Doohickey,982
445996,North,Doohickey,604
445997,North,Widget,969
446003,North,Doohickey,651
446017,North,Widget,739
446035,North,Gadget,811
446041,North,Doohickey,643
446046,North,Doohickey,507
446051,North,Gizmo,537
446094,North,Gadget,516
446099,North,Gizmo,557
446101,North,Doohickey,569
446102,North,Gizmo,863
446106,North,Gadget,585
446118,North,Gizmo,690
446126,North,Gizmo,709
446153,North,Doohickey,902
446159,North,Gizmo,863
446165,North,Gadget,834
446166,North,Widget,824
446167,North,Gadget,673
446170,North,Doohickey,553
446191,North,Widget,868
446193,North,Widget,861
446220,North,Doohickey,672
446222,North,Gizmo,990
446223,North,Doohickey,524
446224,North,Gizmo,514
446232,North,Widget,602
446239,North,Doohickey,711
446281,North,Widget,525
446292,North,Widget,846
446293,North,Widget,743
446311,North,Doohickey,907
446325,North,Widget,968
446330,North,Gizmo,936
446332,North,Gadget,568
446334,North,Widget,589
446347,North,Doohickey,951
446358,North,Gizmo,628
446361,North,Gadget,642
446365,North,Gizmo,575
446370,North,Widget,568
446385,North,Gizmo,547
446386,North,Gizmo,516
446395,North,Widget,521
446402,North,Widget,609
446404,North,Doohickey,716
446411,North,Gizmo,606
446418,North,Doohickey,736
446419,North,Gadget,909
446425,North,Doohickey,634
446444,North,Gizmo,534
446446,North,Gadget,607
446472,North,Gizmo,697
446475,North,Widget,794
446486,North,Gizmo,946
446509,North,Gizmo,971
446510,North,Widget,964
446526,North,Gizmo,834
446537,North,Gadget,846
446546,North,Doohickey,843
446553,North,Widget,911
446561,North,Gizmo,616
446568,North,Doohickey,857
446571,North,Gizmo,528
446598,North,Gadget,725
446603,North,Doohickey,976
446611,North,Gizmo,901
446618,North,Widget,657
446624,North,Gadget,881
446625,North,Doohickey,763
446627,North,Gadget,709
446628,North,Gadget,703
446646,North,Widget,996
446660,North,Doohickey,800
446668,North,Doohickey,714
446696,North,Widget,663
446703,North,Widget,864
446711,North,Widget,721
446712,North,Doohickey,869
446714,North,Gizmo,631
446733,North,Doohickey,566
446734,North,Gizmo,561
446739,North,Widget,651
446742,North,Doohickey,847
446745,North,Gizmo,622
446758,North,Widget,608
446759,North,Gizmo,660
446768,North,Gadget,724
446776,North,Gadget,851
446787,North,Gadget,796
446788,North,Doohickey,824
446789,North,Gadget,953
446791,North,Gadget,674
446824,North,Gizmo,520
446831,North,Doohickey,561
446845,North,Gadget,503
446849,North,Gizmo,709
446855,North,Doohickey,981
446861,North,Gadget,906
446862,North,Gizmo,989
446863,North,Gizmo,941
446868,North,Widget,690
446886,North,Widget,673
446899,North,Gizmo,961
446906,North,Doohickey,971
446907,North,Doohickey,622
446910,North,Gizmo,811
446926,North,Gadget,861
446943,North,Widget,992
446944,North,Doohickey,718
446966,North,Gadget,513
446968,North,Gizmo,672
446974,North,Doohickey,777
446979,North,Widget,852
446980,North,Gadget,707
446985,North,Doohickey,925
446993,North,Gadget,719
446996,North,Gadget,646
446998,North,Doohickey,813
447009,North,Gadget,587
447032,North,Widget,863
447044,North,Gadget,996
447062,North,Doohickey,574
447096,North,Gizmo,843
447098,North,Widget,517
447113,North,Widget,511
447126,North,Doohickey,518
447132,North,Gizmo,674
447146,North,Doohickey,881
447153,North,Doohickey,568
447158,North,Gadget,982
447163,North,Widget,647
447173,North,Gizmo,971
447174,North,Gadget,861
447180,North,Widget,583
447184,North,Gadget,777
447187,North,Gizmo,601
447194,North,Widget,951
447197,North,Widget,811
447209,North,Gadget,919
447210,North,Gadget,557
447215,North,Widget,994
447222,North,Doohickey,527
447223,North,Widget,948
447246,North,Gizmo,694
447247,North,Widget,700
447257,North,Widget,712
447267,North,Gadget,737
447269,North,Doohickey,630
447276,North,Gadget,717
447277,North,Gizmo,638
447286,North,Doohickey,698
447291,North,Widget,947
447294,North,Widget,713
447310,North,Gadget,952
447322,North,Gadget,948
447326,North,Doohickey,637
447352,North,Doohickey,951
447358,North,Gizmo,719
447375,North,Widget,877
447393,North,Widget,518
447410,North,Gizmo,626
447419,North,Gizmo,688
447420,North,Gadget,639
447428,North,Widget,518
447435,North,Gizmo,505
447439,North,Widget,568
447440,North,Widget,779
447442,North,Gadget,952
447443,North,Gizmo,909
447461,North,Gizmo,913
447462,North,Gadget,666
447465,North,Gadget,509
447480,North,Doohickey,524
447487,North,Widget,878
447491,North,Gadget,719
447508,North,Gadget,950
447525,North,Doohickey,861
447526,North,Doohickey,939
447527,North,Doohickey,818
447531,North,Gizmo,765
447548,North,Gadget,692
447550,North,Widget,990
447553,North,Gadget,601
447555,North,Doohickey,625
447560,North,Doohickey,857
447570,North,Doohickey,857
447581,North,Doohickey,834
447595,North,Widget,740
447598,North,Doohickey,991
447601,North,Widget,661
447602,North,Gadget,700
447606,North,Widget,752
447611,North,Doohickey,999
447613,North,Gadget,569
447615,North,Gizmo,999
447616,North,Doohickey,852
447619,North,Gizmo,949
447629,North,Doohickey,595
447632,North,Gizmo,754
447635,North,Doohickey,913
447637,North,Widget,916
447640,North,Gadget,819
447643,North,Gizmo,947
447661,North,Widget,770
447662,North,Gizmo,578
447669,North,Gizmo,527
447673,North,Gadget,615
447679,North,Doohickey,947
447686,North,Gadget,852
447699,North,Doohickey,524
447714,North,Widget,822
447720,North,Doohickey,660
447729,North,Widget,852
447741,North,Widget,922
447755,North,Gadget,838
447757,North,Doohickey,714
447759,North,Gadget,704
447774,North,Widget,652
447775,North,Gadget,647
447777,North,Doohickey,775
447789,North,Gizmo,960
447806,North,Widget,732
447807,North,Doohickey,733
447810,North,Gizmo,930
447823,North,Widget,961
447830,North,Doohickey,803
447834,North,Doohickey,843
447860,North,Widget,661
447864,North,Doohickey,966
447866,North,Widget,576
447874,North,Gizmo,865
447878,North,Gizmo,966
447887,North,Widget,638
447905,North,Gadget,596
447910,North,Doohickey,620
447939,North,Doohickey,571
447953,North,Widget,727
447960,North,Doohickey,966
447978,North,Widget,633
447983,North,Doohickey,816
447986,North,Widget,591
447990,North,Doohickey,517
447994,North,Widget,638
448003,North,Gizmo,951
448007,North,Doohickey,924
448008,North,Widget,936
448019,North,Gadget,575
448026,North,Doohickey,712
448056,North,Doohickey,739
448058,North,Widget,597
448072,North,Gadget,605
448076,North,Gizmo,543
448083,North,Widget,675
448120,North,Doohickey,717
448122,North,Gadget,726
448144,North,Doohickey,601
448145,North,Gadget,861
448150,North,Gizmo,758
448153,North,Gizmo,543
448158,North,Gadget,587
448172,North,Gizmo,638
448176,North,Gizmo,881
448178,North,Gizmo,637
448180,North,Gadget,786
448186,North,Widget,921
448194,North,Widget,690
448199,North,Gadget,515
448203,North,Gadget,730
448208,North,Gizmo,883
448220,North,Gizmo,830
448225,North,Gadget,771
448228,North,Doohickey,719
448237,North,Gadget,531
448241,North,Gadget,806
448242,North,Doohickey,651
448247,North,Widget,800
448251,North,Doohickey,668
448263,North,Doohickey,576
448264,North,Gizmo,662
448268,North,Doohickey,673
448270,North,Widget,816
448277,North,Doohickey,831
448291,North,Doohickey,815
448292,North,Gadget,638
448304,North,Widget,949
448337,North,Gizmo,571
448343,North,Doohickey,614
448356,North,Gadget,792
448366,North,Doohickey,872
448398,North,Widget,617
448408,North,Gadget,623
448409,North,Gizmo,883
448416,North,Doohickey,504
448419,North,Widget,623
448428,North,Widget,627
448435,North,Gizmo,513
448438,North,Doohickey,770
448443,North,Gadget,543
448449,North,Doohickey,793
448451,North,Gizmo,746
448452,North,Gadget,733
448454,North,Doohickey,694
448460,North,Gizmo,724
448461,North,Doohickey,561
448468,North,Gizmo,601
448469,North,Doohickey,864
448470,North,Doohickey,635
448472,North,Doohickey,772
448484,North,Gizmo,688
448487,North,Gizmo,830
448489,North,Gadget,628
448497,North,Gizmo,817
448515,North,Gadget,818
448516,North,Gadget,583
448521,North,Widget,872
448525,North,Doohickey,767
448526,North,Doohickey,1000
448528,North,Gadget,667
448537,North,Widget,924
448546,North,Gadget,866
448549,North,Widget,519
448557,North,Gadget,505
448565,North,Widget,524
448568,North,Widget,876
448594,North,Widget,955
448598,North,Doohickey,752
448599,North,Doohickey,606
448613,North,Gizmo,688
448619,North,Gizmo,557
448636,North,Doohickey,973
448653,North,Gizmo,916
448665,North,Doohickey,727
448690,North,Gizmo,545
448698,North,Gadget,885
448699,North,Gadget,996
448707,North,Gizmo,890
448723,North,Widget,557
448724,North,Gizmo,658
448735,North,Gizmo,907
448737,North,Doohickey,609
448749,North,Doohickey,719
448750,North,Gadget,662
448772,North,Gizmo,516
448795,North,Gadget,709
448812,North,Gizmo,779
448814,North,Gizmo,969
448850,North,Gizmo,860
448856,North,Widget,762
448875,North,Gadget,621
448879,North,Doohickey,968
448881,North,Gadget,527
448882,North,Widget,514
448883,North,Gadget,771
448898,North,Gizmo,928
448905,North,Gadget,515
448906,North,Gadget,532
448907,North,Gadget,672
448915,North,Doohickey,952
448923,North,Doohickey,899
448938,North,Widget,571
448945,North,Gizmo,543
448946,North,Gizmo,760
448955,North,Doohickey,747
448960,North,Gizmo,762
448963,North,Doohickey,950
448970,North,Gizmo,615
448975,North,Widget,778
448982,North,Gadget,927
448983,North,Gadget,736
448987,North,Widget,859
448994,North,Gadget,524
448996,North,Gizmo,527
449006,North,Gadget,689
449029,North,Gadget,627
449030,North,Widget,817
449054,North,Doohickey,698
449056,North,Widget,727
449063,North,Widget,626
449064,North,Widget,831
449067,North,Gizmo,702
449071,North,Doohickey,951
449073,North,Gadget,919
449087,North,Gizmo,562
449091,North,Gadget,757
449092,North,Widget,796
449094,North,Gizmo,740
449106,North,Gadget,848
449107,North,Doohickey,886
449111,North,Widget,834
449117,North,Widget,914
449121,North,Gadget,847
449123,North,Gizmo,570
449136,North,Gadget,835
449139,North,Gadget,778
449141,North,Doohickey,988
449145,North,Gizmo,896
449147,North,Gadget,677
449149,North,Gadget,943
449151,North,Gadget,825
449159,North,Doohickey,615
449160,North,Gizmo,893
449173,North,Gadget,856
449176,North,Gizmo,572
449178,North,Doohickey,714
449179,North,Gadget,576
449194,North,Gadget,689
449195,North,Gizmo,692
449201,North,Gadget,766
449212,North,Widget,631
449221,North,Widget,614
449227,North,Doohickey,936
449229,North,Doohickey,611
449233,North,Gadget,787
449243,North,Gizmo,844
449249,North,Gadget,654
449256,North,Doohickey,988
449262,North,Doohickey,965
449279,North,Gadget,859
449288,North,Gizmo,682
449289,North,Gadget,787
449295,North,Doohickey,748
449303,North,Doohickey,509
449309,North,Widget,891
449315,North,Widget,824
449325,North,Gadget,919
449331,North,Gizmo,748
449333,North,Gadget,646
449339,North,Gizmo,756
449340,North,Widget,833
449345,North,Doohickey,841
449363,North,Widget,640
449370,North,Gadget,665
449387,North,Doohickey,528
449391,North,Widget,581
449404,North,Doohickey,834
449418,North,Gadget,836
449419,North,Doohickey,986
449452,North,Gadget,598
449457,North,Widget,585
449461,North,Gizmo,794
449467,North,Doohickey,746
449470,North,Doohickey,951
449472,North,Widget,640
449475,North,Gizmo,952
449477,North,Doohickey,857
449483,North,Gizmo,569
449485,North,Doohickey,855
449486,North,Gadget,852
449497,North,Gadget,728
449511,North,Gizmo,922
449519,North,Doohickey,861
449535,North,Widget,637
449539,North,Widget,540
449543,North,Gadget,877
449554,North,Gizmo,917
449555,North,Widget,938
449569,North,Widget,835
449570,North,Gadget,827
449576,North,Widget,704
449581,North,Gizmo,865
449584,North,Widget,726
449585,North,Gadget,827
449589,North,Widget,532
449591,North,Doohickey,852
449600,North,Gizmo,734
449643,North,Gadget,641
449654,North,Gadget,756
449663,North,Widget,654
449682,North,Gadget,968
449687,North,Gizmo,846
449689,North,Widget,501
449692,North,Gizmo,568
449696,North,Gizmo,772
449697,North,Widget,777
449717,North,Widget,806
449723,North,Gadget,919
449745,North,Gadget,769
449761,North,Widget,910
449763,North,Widget,791
449781,North,Gizmo,612
449793,North,Gizmo,533
449805,North,Doohickey,516
449825,North,Widget,763
449844,North,Widget,722
449846,North,Widget,894
449847,North,Widget,816
449849,North,Gadget,588
449855,North,Doohickey,844
449857,North,Doohickey,720
449860,North,Doohickey,880
449882,North,Gadget,608
449883,North,Widget,839
449898,North,Doohickey,839
449904,North,Widget,913
449915,North,Doohickey,988
449916,North,Gadget,761
449921,North,Doohickey,551
449936,North,Gizmo,821
449944,North,Gadget,763
449950,North,Widget,841
449961,North,Gizmo,884
449971,North,Gizmo,963
449973,North,Gadget,586
449982,North,Widget,627
449995,North,Gizmo,537
450009,North,Gadget,913
450011,North,Doohickey,548
450017,North,Gizmo,961
450035,North,Gadget,627
450042,North,Widget,902
450053,North,Gizmo,734
450054,North,Widget,699
450074,North,Doohickey,707
450076,North,Gizmo,699
450082,North,Doohickey,552
450099,North,Doohickey,941
450104,North,Gadget,537
450117,North,Gizmo,835
450123,North,Gadget,986
450128,North,Doohickey,627
450139,North,Widget,718
450152,North,Gizmo,753
450156,North,Widget,691
450162,North,Gizmo,919
450170,North,Widget,747
450178,North,Gizmo,863
450183,North,Gizmo,930
450190,North,Gadget,675
450197,North,Gizmo,844
450203,North,Gadget,728
450204,North,Doohickey,525
450226,North,Gadget,817
450227,North,Widget,858
450247,North,Gizmo,649
450253,North,Doohickey,881
450271,North,Doohickey,613
450285,North,Gadget,570
450307,North,Widget,664
450316,North,Doohickey,802
450331,North,Gizmo,825
450338,North,Widget,952
450343,North,Gadget,853
450348,North,Widget,780
450354,North,Gadget,869
450359,North,Widget,568
450361,North,Gizmo,509
450367,North,Gadget,649
450369,North,Doohickey,885
450374,North,Doohickey,907
450376,North,Doohickey,531
450382,North,Doohickey,792
450383,North,Widget,880
450384,North,Gizmo,986
450399,North,Gadget,826
450403,North,Doohickey,563
450409,North,Doohickey,504
450412,North,Widget,579
450425,North,Doohickey,673
450432,North,Doohickey,708
450449,North,Doohickey,652
450460,North,Doohickey,938
450464,North,Gizmo,993
450466,North,Gadget,928
450469,North,Gadget,542
450482,North,Gadget,852
450484,North,Widget,670
450492,North,Gadget,637
450493,North,Gadget,648
450495,North,Doohickey,735
450497,North,Gadget,503
450525,North,Doohickey,909
450528,North,Gizmo,958
450532,North,Gadget,684
450537,North,Gizmo,644
450545,North,Gadget,838
450546,North,Widget,652
450555,North,Gadget,992
450562,North,Widget,622
450570,North,Doohickey,952
450575,North,Gadget,634
450581,North,Gadget,511
450583,North,Widget,990
450584,North,Gadget,831
450594,North,Widget,705
450608,North,Widget,698
450614,North,Gadget,821
450616,North,Gizmo,747
450618,North,Doohickey,512
450640,North,Widget,848
450641,North,Widget,711
450646,North,Gizmo,707
450650,North,Widget,607
450664,North,Doohickey,894
450671,North,Gadget,503
450707,North,Gizmo,984
450713,North,Gadget,764
450720,North,Doohickey,690
450721,North,Gizmo,706
450734,North,Widget,905
450752,North,Gadget,725
450770,North,Widget,735
450776,North,Gadget,850
450777,North,Gizmo,540
450782,North,Gadget,782
450795,North,Gadget,903
450805,North,Doohickey,780
450806,North,Doohickey,886
450814,North,Widget,840
450825,North,Widget,597
450851,North,Widget,809
450854,North,Gizmo,663
450864,North,Gizmo,583
450874,North,Doohickey,818
450889,North,Gizmo,751
450901,North,Doohickey,744
450905,North,Gadget,632
450910,North,Doohickey,775
450920,North,Doohickey,544
450945,North,Gizmo,749
450957,North,Doohickey,640
450964,North,Widget,608
450969,North,Gadget,757
450976,North,Doohickey,965
450977,North,Gadget,565
450979,North,Gadget,990
451002,North,Gadget,556
451003,North,Gizmo,584
451031,North,Widget,726
451034,North,Gizmo,944
451039,North,Widget,679
451040,North,Gizmo,526
451045,North,Gadget,890
451048,North,Widget,581
451049,North,Gadget,784
451051,North,Gizmo,760
451068,North,Doohickey,924
451085,North,Gizmo,949
451088,North,Gizmo,567
451092,North,Gadget,752
451097,North,Gizmo,988
451108,North,Gizmo,950
451115,North,Doohickey,967
451127,North,Widget,840
451130,North,Gizmo,723
451142,North,Doohickey,916
451143,North,Gizmo,694
451159,North,Gizmo,969
451174,North,Gizmo,759
451184,North,Widget,556
451193,North,Widget,816
451197,North,Gizmo,907
451218,North,Gadget,573
451229,North,Widget,555
451232,North,Widget,656
451236,North,Gadget,738
451240,North,Widget,885
451246,North,Gadget,524
451261,North,Doohickey,936
451262,North,Gadget,664
451268,North,Widget,631
451278,North,Widget,711
451284,North,Gizmo,850
451288,North,Gizmo,622
451299,North,Gadget,955
451308,North,Doohickey,784
451332,North,Gadget,919
451334,North,Gizmo,856
451335,North,Doohickey,640
451356,North,Gadget,794
451378,North,Gadget,730
451386,North,Widget,556
451389,North,Doohickey,988
451391,North,Gizmo,662
451397,North,Widget,538
451404,North,Doohickey,861
451408,North,Gadget,771
451416,North,Doohickey,685
451429,North,Gadget,924
451432,North,Widget,660
451440,North,Gadget,684
451441,North,Widget,610
451478,North,Gizmo,731
451489,North,Doohickey,852
451493,North,Widget,758
451507,North,Gizmo,726
451511,North,Gizmo,939
451515,North,Widget,835
451520,North,Widget,931
451521,North,Gadget,969
451534,North,Gadget,844
451548,North,Doohickey,554
451549,North,Gadget,739
451552,North,Gadget,994
451554,North,Widget,877
451557,North,Gadget,786
451561,North,Widget,612
451563,North,Gadget,795
451564,North,Doohickey,785
451567,North,Gadget,934
451568,North,Widget,611
451581,North,Doohickey,819
451589,North,Gadget,819
451597,North,Gadget,713
451604,North,Widget,761
451606,North,Doohickey,514
451624,North,Gadget,697
451634,North,Doohickey,890
451660,North,Gadget,863
451666,North,Doohickey,732
451670,North,Widget,757
451676,North,Gadget,926
451681,North,Gizmo,957
451682,North,Widget,852
451686,North,Doohickey,668
451688,North,Gadget,936
451699,North,Doohickey,712
451700,North,Widget,983
451701,North,Gizmo,664
451704,North,Doohickey,890
451705,North,Gadget,636
451713,North,Gadget,830
451730,North,Gizmo,615
451736,North,Widget,939
451750,North,Gizmo,521
451751,North,Gadget,742
451760,North,Gizmo,998
451768,North,Gizmo,656
451785,North,Gadget,547
451789,North,Gizmo,791
451799,North,Gizmo,763
451816,North,Gadget,524
451820,North,Widget,983
451825,North,Widget,833
451834,North,Doohickey,968
451839,North,Gadget,699
451841,North,Widget,976
451849,North,Widget,547
451855,North,Doohickey,750
451859,North,Widget,701
451863,North,Doohickey,831
451864,North,Gizmo,546
451866,North,Doohickey,666
451867,North,Gizmo,774
451873,North,Gizmo,709
451874,North,Widget,696
451898,North,Gizmo,575
451906,North,Widget,836
451915,North,Doohickey,780
451918,North,Widget,976
451922,North,Widget,939
451929,North,Gizmo,852
451931,North,Widget,521
451937,North,Gizmo,994
451940,North,Gizmo,776
451941,North,Gizmo,747
451951,North,Gizmo,902
451955,North,Widget,891
451968,North,Gizmo,902
451969,North,Doohickey,633
451971,North,Doohickey,787
451975,North,Gizmo,585
451977,North,Gadget,515
451979,North,Gadget,692
451982,North,Gadget,844
451987,North,Widget,703
451995,North,Gizmo,667
451999,North,Widget,601
452006,North,Widget,849
452013,North,Gadget,576
452016,North,Doohickey,550
452035,North,Doohickey,884
452040,North,Gadget,524
452053,North,Gizmo,647
452071,North,Gizmo,953
452075,North,Widget,746
452078,North,Widget,996
452083,North,Doohickey,538
452085,North,Widget,766
452093,North,Doohickey,749
452096,North,Gizmo,627
452101,North,Gadget,571
452108,North,Gizmo,529
452112,North,Widget,645
452119,North,Doohickey,682
452123,North,Gizmo,655
452128,North,Doohickey,952
452136,North,Doohickey,554
452147,North,Gizmo,653
452151,North,Doohickey,680
452172,North,Doohickey,617
452181,North,Gadget,923
452182,North,Doohickey,919
452199,North,Doohickey,877
452203,North,Gadget,596
452209,North,Doohickey,529
452213,North,Widget,733
452215,North,Doohickey,666
452219,North,Gizmo,968
452232,North,Doohickey,827
452233,North,Gizmo,986
452237,North,Gadget,529
452258,North,Gadget,877
452266,North,Doohickey,555
452267,North,Gadget,619
452270,North,Gizmo,709
452278,North,Doohickey,819
452280,North,Gadget,849
452285,North,Gadget,733
452305,North,Gizmo,873
452309,North,Doohickey,815
452311,North,Widget,773
452313,North,Widget,782
452321,North,Gizmo,513
452326,North,Doohickey,695
452331,North,Widget,935
452332,North,Widget,860
452335,North,Gizmo,740
452339,North,Widget,561
452347,North,Gadget,595
452364,North,Widget,839
452380,North,Doohickey,976
452390,North,Gizmo,911
452398,North,Gizmo,578
452409,North,Doohickey,590
452413,North,Gizmo,574
452414,North,Gadget,572
452424,North,Doohickey,547
452439,North,Gadget,926
452445,North,Doohickey,520
452460,North,Doohickey,693
452478,North,Widget,707
452479,North,Widget,839
452485,North,Widget,537
452492,North,Gadget,678
452498,North,Gadget,864
452499,North,Gadget,708
452501,North,Gizmo,875
452507,North,Widget,815
452514,North,Gizmo,600
452516,North,Gizmo,681
452531,North,Gizmo,677
452534,North,Widget,541
452546,North,Gadget,600
452547,North,Widget,846
452554,North,Gadget,750
452558,North,Widget,728
452572,North,Widget,752
452573,North,Widget,672
452586,North,Gizmo,675
452588,North,Widget,609
452594,North,Doohickey,757
452600,North,Doohickey,805
452605,North,Gadget,777
452608,North,Widget,761
452614,North,Doohickey,815
452616,North,Gadget,896
452627,North,Doohickey,894
452629,North,Gadget,964
452636,North,Gizmo,660
452682,North,Gadget,910
452695,North,Gizmo,992
452701,North,Gizmo,975
452705,North,Gadget,770
452706,North,Widget,677
452711,North,Gadget,688
452733,North,Widget,789
452745,North,Gizmo,610
452758,North,Doohickey,532
452760,North,Doohickey,528
452761,North,Gizmo,889
452778,North,Doohickey,766
452780,North,Gadget,538
452787,North,Gizmo,594
452793,North,Gadget,851
452804,North,Doohickey,504
452805,North,Doohickey,541
452820,North,Gadget,723
452826,North,Gizmo,794
452832,North,Gadget,653
452835,North,Widget,616
452843,North,Widget,914
452844,North,Doohickey,693
452845,North,Gadget,827
452861,North,Gadget,711
452866,North,Widget,926
452871,North,Doohickey,964
452880,North,Doohickey,700
452891,North,Gizmo,859
452893,North,Gadget,603
452896,North,Gadget,893
452898,North,Doohickey,788
452903,North,Doohickey,756
452904,North,Gadget,986
452917,North,Gadget,792
452928,North,Doohickey,919
452933,North,Doohickey,641
452936,North,Doohickey,846
452941,North,Widget,825
452946,North,Doohickey,751
452947,North,Gizmo,827
452949,North,Gizmo,666
452951,North,Widget,890
452955,North,Doohickey,520
452957,North,Gadget,546
452967,North,Gadget,931
452982,North,Gadget,659
452985,North,Gizmo,909
453020,North,Widget,512
453047,North,Doohickey,863
453077,North,Doohickey,864
453087,North,Widget,911
453088,North,Gizmo,639
453089,North,Doohickey,871
453099,North,Gadget,726
453102,North,Widget,691
453104,North,Gizmo,634
453126,North,Doohickey,641
453137,North,Gizmo,778
453148,North,Widget,918
453157,North,Widget,886
453176,North,Gizmo,935
453185,North,Widget,852
453196,North,Widget,968
453207,North,Widget,924
453213,North,Gadget,918
453225,North,Gizmo,675
453226,North,Doohickey,993
453230,North,Gadget,882
453238,North,Doohickey,828
453246,North,Widget,847
453250,North,Gadget,888
453254,North,Widget,596
453255,North,Widget,665
453274,North,Gizmo,989
453283,North,Gadget,942
453286,North,Gizmo,555
453291,North,Gadget,866
453292,North,Doohickey,611
453306,North,Doohickey,530
453331,North,Gizmo,993
453370,North,Doohickey,559
453372,North,Gizmo,596
453375,North,Gizmo,965
453377,North,Doohickey,827
453389,North,Doohickey,924
453390,North,Doohickey,884
453412,North,Gizmo,705
453415,North,Widget,593
453419,North,Doohickey,574
453436,North,Gizmo,640
453437,North,Doohickey,990
453439,North,Gizmo,990
453460,North,Doohickey,788
453463,North,Widget,647
453482,North,Gizmo,809
453483,North,Gadget,561
453485,North,Gizmo,831
453489,North,Widget,802
453497,North,Widget,986
453508,North,Gizmo,635
453529,North,Gizmo,544
453532,North,Gadget,536
453537,North,Doohickey,660
453546,North,Gizmo,773
453552,North,Doohickey,703
453555,North,Doohickey,667
453558,North,Widget,624
453570,North,Widget,688
453585,North,Widget,687
453591,North,Gadget,977
453594,North,Doohickey,749
453608,North,Doohickey,903
453610,North,Widget,888
453611,North,Gizmo,919
453612,North,Widget,810
453627,North,Gizmo,827
453631,North,Gizmo,951
453640,North,Widget,761
453660,North,Gadget,654
453662,North,Doohickey,568
453663,North,Gizmo,669
453666,North,Widget,809
453675,North,Gizmo,853
453676,North,Gadget,524
453699,North,Doohickey,564
453706,North,Gadget,969
453735,North,Widget,584
453764,North,Doohickey,866
453785,North,Gizmo,823
453788,North,Gizmo,573
453793,North,Gadget,757
453796,North,Doohickey,884
453803,North,Gadget,913
453808,North,Gadget,646
453810,North,Gizmo,893
453826,North,Widget,803
453841,North,Doohickey,949
453846,North,Doohickey,840
453860,North,Gadget,628
453869,North,Gizmo,648
453880,North,Gadget,858
453882,North,Doohickey,886
453906,North,Gizmo,919
453909,North,Widget,953
453916,North,Gizmo,874
453924,North,Gizmo,511
453933,North,Gizmo,713
453951,North,Gadget,527
453955,North,Gadget,532
453978,North,Gizmo,960
454000,North,Doohickey,964
454007,North,Widget,759
454017,North,Widget,594
454022,North,Gadget,905
454024,North,Gadget,908
454029,North,Widget,860
454033,North,Doohickey,953
454044,North,Gizmo,652
454047,North,Gadget,501
454049,North,Gizmo,799
454053,North,Gadget,731
454067,North,Widget,664
454073,North,Gadget,610
454085,North,Gadget,825
454087,North,Widget,599
454091,North,Gadget,873
454094,North,Widget,643
454095,North,Gadget,888
454099,North,Doohickey,959
454106,North,Gizmo,623
454109,North,Gadget,673
454132,North,Gadget,869
454134,North,Doohickey,576
454145,North,Gizmo,526
454147,North,Gadget,538
454181,North,Doohickey,758
454183,North,Gizmo,782
454190,North,Gizmo,592
454200,North,Gizmo,545
454201,North,Widget,683
454209,North,Gizmo,633
454217,North,Doohickey,640
454222,North,Doohickey,806
454225,North,Widget,817
454226,North,Gizmo,585
454234,North,Widget,590
454240,North,Gadget,974
454249,North,Gadget,587
454262,North,Gizmo,557
454268,North,Widget,989
454269,North,Widget,573
454280,North,Widget,604
454282,North,Widget,668
454284,North,Widget,869
454286,North,Doohickey,532
454299,North,Gizmo,516
454300,North,Gizmo,606
454303,North,Gizmo,965
454316,North,Widget,806
454323,North,Widget,665
454324,North,Doohickey,720
454329,North,Doohickey,507
454337,North,Widget,935
454342,North,Gizmo,955
454343,North,Gizmo,801
454348,North,Doohickey,893
454351,North,Gadget,960
454356,North,Doohickey,947
454370,North,Widget,877
454403,North,Gizmo,721
454408,North,Gadget,738
454411,North,Widget,859
454412,North,Gadget,567
454414,North,Doohickey,822
454449,North,Gizmo,634
454467,North,Gadget,827
454483,North,Doohickey,733
454491,North,Gadget,509
454499,North,Gizmo,916
454506,North,Widget,595
454519,North,Doohickey,600
454522,North,Widget,834
454524,North,Gadget,563
454526,North,Gadget,747
454528,North,Gadget,761
454535,North,Gadget,581
454542,North,Widget,965
454565,North,Widget,942
454589,North,Gadget,943
454600,North,Gizmo,630
454603,North,Widget,727
454628,North,Gadget,708
454638,North,Doohickey,798
454649,North,Gizmo,679
454665,North,Doohickey,755
454666,North,Gizmo,861
454667,North,Doohickey,839
454680,North,Gizmo,544
454693,North,Gadget,606
454694,North,Widget,640
454695,North,Gadget,770
454707,North,Gadget,908
454711,North,Widget,692
454712,North,Gizmo,737
454715,North,Doohickey,778
454722,North,Gadget,721
454724,North,Gadget,997
454736,North,Widget,992
454738,North,Gizmo,784
454741,North,Widget,609
454764,North,Doohickey,542
454774,North,Widget,759
454778,North,Gizmo,624
454779,North,Gizmo,906
454812,North,Doohickey,711
454813,North,Gadget,581
454839,North,Widget,545
454840,North,Gadget,822
454850,North,Widget,517
454858,North,Widget,883
454868,North,Gadget,632
454876,North,Gizmo,676
454888,North,Doohickey,524
454891,North,Doohickey,881
454908,North,Gizmo,513
454916,North,Gizmo,968
454923,North,Doohickey,769
454924,North,Gizmo,721
454944,North,Gadget,592
454947,North,Doohickey,556
454965,North,Doohickey,974
454971,North,Doohickey,936
455004,North,Widget,836
455033,North,Gizmo,733
455052,North,Gizmo,893
455059,North,Widget,921
455060,North,Widget,946
455083,North,Doohickey,963
455098,North,Gadget,570
455099,North,Gadget,515
455102,North,Doohickey,696
455108,North,Gizmo,685
455111,North,Gizmo,941
455124,North,Doohickey,546
455125,North,Gizmo,689
455134,North,Gizmo,848
455139,North,Widget,505
455171,North,Gadget,797
455173,North,Gizmo,662
455202,North,Widget,574
455208,North,Widget,599
455214,North,Gizmo,624
455221,North,Doohickey,860
455226,North,Doohickey,601
455228,North,Widget,553
455245,North,Gadget,815
455255,North,Gadget,978
455257,North,Gadget,860
455258,North,Gadget,897
455266,North,Widget,549
455268,North,Gadget,581
455300,North,Doohickey,994
455305,North,Doohickey,822
455321,North,Gizmo,881
455322,North,Doohickey,572
455332,North,Gizmo,808
455334,North,Doohickey,601
455336,North,Gadget,850
455338,North,Widget,553
455339,North,Doohickey,730
455352,North,Gizmo,519
455353,North,Widget,546
455357,North,Gadget,897
455370,North,Gadget,560
455377,North,Widget,705
455384,North,Gizmo,823
455404,North,Doohickey,911
455421,North,Doohickey,801
455429,North,Doohickey,881
455436,North,Gadget,620
455437,North,Widget,598
455440,North,Gizmo,943
455444,North,Gizmo,700
455447,North,Gizmo,846
455483,North,Widget,518
455504,North,Gadget,755
455509,North,Widget,976
455510,North,Doohickey,903
455513,North,Widget,919
455522,North,Gizmo,643
455523,North,Gizmo,798
455525,North,Doohickey,547
455528,North,Doohickey,788
455532,North,Widget,917
455537,North,Gadget,988
455540,North,Gizmo,894
455541,North,Widget,777
455549,North,Gizmo,692
455565,North,Doohickey,907
455583,North,Gadget,988
455584,North,Gadget,677
455595,North,Gizmo,637
455602,North,Widget,752
455606,North,Widget,893
455617,North,Gadget,730
455641,North,Gadget,994
455671,North,Gizmo,698
455672,North,Doohickey,874
455683,North,Widget,915
455699,North,Gadget,596
455702,North,Doohickey,838
455724,North,Gizmo,732
455732,North,Widget,716
455739,North,Doohickey,617
455745,North,Gizmo,684
455751,North,Gizmo,713
455756,North,Doohickey,738
455786,North,Gizmo,607
455794,North,Doohickey,998
455808,North,Gizmo,621
455814,North,Doohickey,933
455817,North,Doohickey,703
455837,North,Widget,850
455851,North,Gizmo,505
455860,North,Widget,627
455869,North,Gadget,943
455875,North,Gizmo,939
455881,North,Doohickey,700
455917,North,Widget,638
455919,North,Doohickey,572
455930,North,Widget,512
455932,North,Widget,977
455949,North,Widget,519
455954,North,Widget,939
455961,North,Widget,683
455963,North,Gadget,546
455965,North,Widget,646
455975,North,Widget,886
455982,North,Gadget,896
455996,North,Doohickey,973
456007,North,Widget,775
456013,North,Gadget,579
456022,North,Gizmo,935
456031,North,Gadget,523
456041,North,Gizmo,918
456048,North,Doohickey,537
456051,North,Doohickey,803
456053,North,Widget,721
456060,North,Widget,701
456063,North,Widget,723
456065,North,Gadget,715
456073,North,Doohickey,775
456078,North,Gadget,628
456079,North,Gadget,577
456081,North,Gizmo,824
456090,North,Gizmo,969
456105,North,Gadget,541
456123,North,Doohickey,944
456125,North,Gizmo,923
456127,North,Widget,853
456134,North,Gadget,683
456146,North,Gadget,669
456147,North,Gadget,622
456150,North,Gadget,944
456156,North,Gadget,633
456157,North,Doohickey,533
456177,North,Gizmo,861
456179,North,Doohickey,528
456191,North,Gizmo,869
456196,North,Gadget,980
456211,North,Gizmo,888
456215,North,Gadget,748
456221,North,Gizmo,844
456233,North,Widget,866
456238,North,Doohickey,873
456239,North,Doohickey,742
456244,North,Doohickey,582
456250,North,Gadget,931
456259,North,Widget,961
456267,North,Widget,985
456278,North,Doohickey,549
456281,North,Widget,588
456297,North,Doohickey,721
456307,North,Doohickey,539
456310,North,Widget,988
456325,North,Widget,813
456330,North,Widget,553
456336,North,Widget,766
456340,North,Widget,684
456350,North,Gadget,852
456354,North,Doohickey,605
456358,North,Gadget,638
456361,North,Doohickey,844
456368,North,Doohickey,686
456375,North,Widget,786
456378,North,Gadget,523
456382,North,Widget,661
456389,North,Widget,965
456400,North,Doohickey,691
456410,North,Gizmo,742
456411,North,Widget,821
456414,North,Gizmo,614
456415,North,Doohickey,907
456416,North,Gadget,865
456422,North,Doohickey,903
456435,North,Gadget,924
456440,North,Gadget,736
456462,North,Gizmo,604
456479,North,Doohickey,982
456482,North,Gizmo,632
456484,North,Doohickey,853
456486,North,Gadget,540
456488,North,Widget,774
456491,North,Widget,569
456493,North,Gizmo,857
456499,North,Widget,974
456501,North,Gadget,530
456504,North,Widget,779
456506,North,Gizmo,556
456510,North,Doohickey,852
456511,North,Doohickey,886
456514,North,Gizmo,679
456520,North,Gadget,655
456525,North,Gadget,507
456533,North,Gizmo,666
456535,North,Doohickey,717
456536,North,Gizmo,994
456549,North,Doohickey,857
456574,North,Gizmo,756
456598,North,Doohickey,984
456606,North,Widget,997
456618,North,Doohickey,728
456634,North,Widget,985
456651,North,Gizmo,853
456661,North,Doohickey,587
456686,North,Gizmo,618
456695,North,Doohickey,914
456696,North,Gizmo,617
456705,North,Gizmo,785
456706,North,Gizmo,701
456709,North,Gizmo,793
456741,North,Doohickey,582
456748,North,Doohickey,689
456750,North,Doohickey,938
456756,North,Widget,926
456759,North,Gadget,961
456777,North,Gadget,749
456784,North,Widget,961
456799,North,Doohickey,717
456800,North,Widget,760
456825,North,Gizmo,568
456834,North,Widget,765
456838,North,Widget,760
456845,North,Gizmo,838
456849,North,Doohickey,861
456877,North,Doohickey,751
456888,North,Doohickey,902
456892,North,Gizmo,936
456893,North,Doohickey,774
456894,North,Widget,889
456897,North,Gizmo,704
456900,North,Widget,823
456905,North,Doohickey,548
456914,North,Gizmo,746
456927,North,Widget,826
456954,North,Doohickey,834
456957,North,Doohickey,864
456958,North,Gizmo,761
456959,North,Doohickey,680
456961,North,Gizmo,591
457008,North,Doohickey,588
457020,North,Gizmo,784
457028,North,Widget,993
457038,North,Doohickey,914
457041,North,Gadget,765
457050,North,Widget,894
457062,North,Gadget,745
457068,North,Gadget,557
457073,North,Widget,885
457079,North,Widget,859
457085,North,Doohickey,674
457090,North,Gizmo,733
457124,North,Widget,588
457127,North,Gadget,745
457133,North,Widget,594
457137,North,Doohickey,596
457148,North,Gizmo,897
457150,North,Gizmo,717
457160,North,Gizmo,609
457173,North,Gizmo,938
457185,North,Doohickey,923
457195,North,Gizmo,788
457197,North,Gadget,710
457200,North,Doohickey,784
457212,North,Gizmo,780
457229,North,Gadget,508
457252,North,Widget,571
457259,North,Gizmo,886
457263,North,Gadget,990
457274,North,Gadget,602
457287,North,Gadget,813
457296,North,Gizmo,552
457304,North,Doohickey,959
457313,North,Doohickey,800
457315,North,Gadget,943
457317,North,Gadget,857
457323,North,Gadget,629
457326,North,Widget,697
457327,North,Gizmo,635
457335,North,Gizmo,902
457341,North,Gadget,946
457346,North,Gizmo,974
457357,North,Widget,679
457371,North,Doohickey,775
457381,North,Widget,586
457382,North,Gizmo,815
457390,North,Gizmo,865
457403,North,Gizmo,861
457404,North,Gizmo,897
457410,North,Gizmo,533
457412,North,Gadget,806
457415,North,Gizmo,735
457420,North,Gizmo,934
457421,North,Widget,742
457433,North,Gizmo,761
457456,North,Doohickey,532
457461,North,Doohickey,640
457468,North,Gizmo,515
457469,North,Doohickey,525
457472,North,Widget,921
457473,North,Gizmo,949
457487,North,Doohickey,716
457494,North,Gizmo,770
457499,North,Gizmo,906
457513,North,Gizmo,775
457524,North,Gizmo,893
457533,North,Doohickey,648
457553,North,Doohickey,998
457565,North,Gadget,908
457569,North,Gizmo,815
457586,North,Gadget,687
457597,North,Widget,753
457602,North,Gadget,889
457622,North,Doohickey,616
457631,North,Widget,811
457648,North,Doohickey,805
457650,North,Widget,990
457653,North,Doohickey,684
457667,North,Doohickey,869
457675,North,Doohickey,800
457712,North,Gizmo,738
457715,North,Gadget,672
457717,North,Widget,784
457718,North,Gizmo,710
457722,North,Widget,604
457729,North,Gizmo,565
457733,North,Doohickey,946
457761,North,Widget,936
457766,North,Gizmo,653
457775,North,Gizmo,607
457776,North,Doohickey,842
457778,North,Widget,535
457782,North,Gadget,700
457788,North,Gadget,780
457790,North,Gadget,918
457801,North,Widget,884
457802,North,Widget,761
457809,North,Gadget,650
457818,North,Gadget,615
457838,North,Widget,691
457863,North,Widget,659
457864,North,Doohickey,751
457865,North,Gizmo,585
457868,North,Doohickey,788
457873,North,Gadget,982
457874,North,Gizmo,978
457883,North,Gadget,985
457891,North,Doohickey,798
457898,North,Gizmo,512
457907,North,Gizmo,877
457910,North,Gizmo,826
457911,North,Gizmo,516
457916,North,Doohickey,708
457917,North,Gadget,745
457932,North,Gizmo,543
457940,North,Gadget,975
457942,North,Gizmo,650
457943,North,Gizmo,586
457963,North,Gadget,551
457970,North,Gadget,716
457976,North,Doohickey,803
457977,North,Doohickey,548
457978,North,Doohickey,624
457987,North,Widget,617
457993,North,Widget,966
457994,North,Gadget,944
457996,North,Doohickey,763
457998,North,Gizmo,852
458009,North,Doohickey,1000
458011,North,Gizmo,967
458028,North,Widget,926
458031,North,Gizmo,557
458032,North,Gadget,655
458037,North,Doohickey,764
458044,North,Doohickey,788
458048,North,Gadget,760
458055,North,Widget,674
458066,North,Widget,592
458067,North,Doohickey,952
458078,North,Widget,620
458092,North,Gizmo,605
458107,North,Doohickey,889
458112,North,Widget,740
458115,North,Gizmo,969
458116,North,Gizmo,505
458120,North,Doohickey,559
458121,North,Doohickey,721
458125,North,Doohickey,684
458131,North,Gadget,931
458137,North,Gadget,897
458143,North,Widget,974
458146,North,Doohickey,543
458149,North,Gadget,696
458156,North,Widget,658
458174,North,Doohickey,660
458180,North,Widget,508
458183,North,Widget,597
458188,North,Doohickey,549
458191,North,Doohickey,694
458198,North,Doohickey,680
458201,North,Widget,738
458204,North,Widget,792
458205,North,Gizmo,942
458206,North,Doohickey,949
458208,North,Gadget,735
458212,North,Doohickey,518
458215,North,Doohickey,585
458218,North,Doohickey,786
458220,North,Doohickey,731
458223,North,Widget,826
458231,North,Doohickey,811
458247,North,Doohickey,986
458251,North,Gadget,817
458254,North,Gizmo,913
458268,North,Doohickey,517
458288,North,Widget,833
458295,North,Widget,651
458296,North,Gadget,646
458301,North,Widget,671
458306,North,Gadget,705
458316,North,Gadget,852
458320,North,Doohickey,965
458321,North,Widget,702
458324,North,Widget,899
458327,North,Doohickey,925
458333,North,Widget,800
458343,North,Doohickey,794
458344,North,Widget,676
458356,North,Widget,558
458364,North,Gizmo,706
458375,North,Doohickey,795
458383,North,Gadget,855
458393,North,Gizmo,708
458394,North,Doohickey,576
458403,North,Doohickey,890
458411,North,Widget,850
458414,North,Widget,576
458420,North,Gizmo,782
458426,North,Widget,741
458437,North,Doohickey,932
458444,North,Doohickey,778
458445,North,Widget,568
458450,North,Gizmo,888
458451,North,Gadget,669
458452,North,Doohickey,581
458457,North,Gadget,656
458462,North,Gizmo,687
458464,North,Gadget,831
458465,North,Gizmo,844
458467,North,Gizmo,813
458468,North,Doohickey,538
458478,North,Doohickey,873
458493,North,Doohickey,647
458494,North,Widget,893
458509,North,Widget,544
458510,North,Widget,578
458515,North,Doohickey,783
458521,North,Gizmo,918
458524,North,Widget,782
458526,North,Gizmo,705
458528,North,Doohickey,918
458532,North,Doohickey,626
458536,North,Gadget,933
458572,North,Widget,538
458593,North,Doohickey,775
458602,North,Gizmo,744
458609,North,Gizmo,744
458622,North,Doohickey,516
458628,North,Doohickey,842
458638,North,Doohickey,818
458642,North,Widget,985
458644,North,Widget,508
458651,North,Gizmo,743
458666,North,Gizmo,684
458672,North,Gizmo,708
458686,North,Doohickey,704
458688,North,Gizmo,890
458700,North,Widget,858
458703,North,Widget,557
458709,North,Gizmo,900
458724,North,Gadget,650
458728,North,Doohickey,701
458734,North,Doohickey,810
458756,North,Gadget,605
458765,North,Widget,543
458769,North,Doohickey,780
458788,North,Gadget,821
458795,North,Gadget,514
458806,North,Widget,751
458832,North,Widget,905
458841,North,Gizmo,633
458844,North,Gadget,729
458849,North,Doohickey,617
458855,North,Gadget,882
458862,North,Gadget,587
458866,North,Gadget,749
458871,North,Gizmo,727
458881,North,Gizmo,604
458884,North,Widget,653
458886,North,Gadget,936
458899,North,Widget,619
458901,North,Gizmo,520
458904,North,Gadget,663
458942,North,Gadget,818
458945,North,Widget,518
458948,North,Gadget,681
458950,North,Gizmo,946
458962,North,Gadget,678
458973,North,Gizmo,699
458978,North,Doohickey,916
458982,North,Gadget,570
458991,North,Gizmo,857
459001,North,Widget,977
459023,North,Gizmo,813
459025,North,Gadget,754
459035,North,Gadget,746
459043,North,Widget,861
459047,North,Doohickey,836
459073,North,Widget,586
459081,North,Widget,602
459087,North,Gizmo,980
459093,North,Widget,554
459100,North,Widget,586
459109,North,Gizmo,646
459114,North,Gizmo,690
459135,North,Gadget,838
459178,North,Gizmo,783
459180,North,Widget,976
459181,North,Gadget,763
459221,North,Doohickey,892
459225,North,Gadget,588
459240,North,Doohickey,678
459245,North,Gadget,566
459264,North,Doohickey,915
459268,North,Doohickey,672
459278,North,Widget,561
459297,North,Doohickey,969
459305,North,Gadget,840
459307,North,Gizmo,838
459318,North,Gizmo,759
459319,North,Doohickey,630
459320,North,Gadget,949
459323,North,Gadget,838
459325,North,Widget,998
459328,North,Gizmo,591
459341,North,Gadget,857
459348,North,Gizmo,527
459374,North,Gizmo,575
459375,North,Gadget,956
459379,North,Gizmo,985
459384,North,Doohickey,915
459385,North,Doohickey,735
459386,North,Widget,649
459392,North,Gizmo,734
459416,North,Gadget,701
459458,North,Widget,509
459476,North,Widget,646
459489,North,Gizmo,759
459494,North,Gadget,898
459509,North,Widget,712
459511,North,Widget,931
459521,North,Widget,822
459522,North,Doohickey,931
459527,North,Gizmo,944
459541,North,Doohickey,675
459545,North,Gadget,555
459549,North,Gizmo,888
459550,North,Gizmo,856
459560,North,Gadget,740
459577,North,Widget,712
459578,North,Gadget,944
459580,North,Gizmo,704
459581,North,Doohickey,866
459589,North,Gadget,560
459607,North,Gadget,758
459612,North,Gizmo,645
459637,North,Gizmo,877
459683,North,Doohickey,661
459685,North,Widget,808
459708,North,Widget,684
459719,North,Gadget,694
459726,North,Widget,618
459727,North,Widget,792
459749,North,Gizmo,798
459762,North,Widget,789
459768,North,Gadget,620
459774,North,Gadget,893
459786,North,Widget,975
459809,North,Widget,632
459812,North,Widget,943
459813,North,Gadget,713
459821,North,Doohickey,626
459824,North,Gadget,744
459830,North,Doohickey,898
459839,North,Doohickey,537
459845,North,Gadget,546
459846,North,Widget,959
459847,North,Doohickey,596
459862,North,Gadget,774
459875,North,Widget,689
459877,North,Doohickey,639
459885,North,Doohickey,975
459898,North,Widget,599
459902,North,Doohickey,553
459905,North,Gizmo,547
459910,North,Doohickey,980
459911,North,Gadget,868
459918,North,Doohickey,926
459936,North,Gizmo,580
459948,North,Gadget,625
459959,North,Gizmo,588
459977,North,Widget,798
460011,North,Gadget,513
460019,North,Gizmo,577
460027,North,Gizmo,670
460053,North,Widget,784
460066,North,Doohickey,925
460070,North,Gizmo,507
460076,North,Gizmo,768
460082,North,Gadget,668
460084,North,Widget,795
460091,North,Widget,716
460101,North,Widget,720
460115,North,Doohickey,910
460125,North,Widget,674
460127,North,Widget,693
460131,North,Gadget,554
460142,North,Gizmo,635
460144,North,Gizmo,683
460153,North,Widget,840
460156,North,Gadget,621
460164,North,Gizmo,969
460177,North,Gadget,646
460178,North,Gizmo,859
460180,North,Gizmo,919
460186,North,Doohickey,757
460188,North,Gadget,933
460192,North,Gadget,651
460193,North,Gadget,857
460200,North,Gizmo,622
460224,North,Gizmo,526
460225,North,Doohickey,824
460233,North,Widget,648
460235,North,Doohickey,827
460307,North,Gadget,689
460316,North,Gadget,784
460339,North,Doohickey,505
460342,North,Widget,772
460345,North,Gizmo,981
460358,North,Gizmo,925
460380,North,Doohickey,626
460398,North,Widget,848
460401,North,Gizmo,625
460409,North,Doohickey,944
460418,North,Widget,997
460426,North,Widget,803
460429,North,Gadget,509
460434,North,Gadget,890
460440,North,Widget,769
460446,North,Gadget,538
460472,North,Gizmo,688
460481,North,Gadget,662
460487,North,Gadget,961
460488,North,Doohickey,525
460491,North,Gadget,914
460497,North,Doohickey,991
460511,North,Doohickey,633
460540,North,Gadget,690
460550,North,Widget,763
460557,North,Doohickey,958
460565,North,Doohickey,528
460576,North,Gadget,699
460581,North,Doohickey,546
460604,North,Gizmo,789
460610,North,Widget,545
460634,North,Doohickey,597
460635,North,Widget,713
460658,North,Gizmo,868
460667,North,Widget,661
460670,North,Gizmo,808
460678,North,Gadget,509
460684,North,Doohickey,616
460692,North,Widget,618
460707,North,Gizmo,741
460719,North,Doohickey,871
460726,North,Gizmo,719
460728,North,Gizmo,864
460732,North,Gadget,869
460745,North,Gizmo,764
460755,North,Doohickey,976
460756,North,Doohickey,981
460760,North,Widget,614
460762,North,Gizmo,802
460785,North,Doohickey,913
460790,North,Gizmo,702
460797,North,Gadget,791
460804,North,Widget,731
460809,North,Widget,886
460845,North,Widget,693
460851,North,Gizmo,716
460852,North,Gadget,694
460853,North,Gizmo,714
460860,North,Widget,664
460861,North,Widget,693
460869,North,Doohickey,977
460878,North,Gizmo,776
460883,North,Gizmo,607
460886,North,Doohickey,944
460891,North,Widget,686
460893,North,Gizmo,678
460899,North,Gadget,529
460901,North,Gadget,629
460903,North,Gizmo,973
460907,North,Doohickey,916
460916,North,Widget,863
460922,North,Gizmo,977
460926,North,Gizmo,958
460927,North,Doohickey,594
460929,North,Gizmo,983
460936,North,Widget,714
460937,North,Widget,841
460942,North,Doohickey,710
460943,North,Doohickey,730
460953,North,Gadget,907
460963,North,Doohickey,672
460979,North,Gadget,736
460992,North,Gadget,975
460998,North,Widget,670
461003,North,Gadget,714
461006,North,Doohickey,761
461014,North,Widget,801
461015,North,Widget,969
461019,North,Gizmo,632
461020,North,Doohickey,708
461027,North,Doohickey,645
461028,North,Gizmo,808
461043,North,Gizmo,931
461046,North,Widget,833
461048,North,Gizmo,673
461068,North,Gadget,629
461070,North,Gizmo,741
461078,North,Gizmo,562
461082,North,Doohickey,807
461094,North,Gadget,569
461104,North,Gizmo,850
461105,North,Gadget,575
461107,North,Gadget,512
461108,North,Widget,832
461120,North,Widget,600
461153,North,Gizmo,789
461166,North,Doohickey,640
461167,North,Widget,994
461180,North,Doohickey,637
461189,North,Gizmo,505
461193,North,Gadget,825
461194,North,Gizmo,828
461195,North,Doohickey,567
461198,North,Gadget,739
461212,North,Gizmo,631
461220,North,Gadget,822
461222,North,Gizmo,558
461239,North,Gadget,783
461255,North,Widget,815
461267,North,Doohickey,960
461284,North,Gadget,934
461287,North,Gadget,644
461293,North,Gizmo,662
461316,North,Gizmo,922
461318,North,Gizmo,825
461319,North,Gadget,634
461322,North,Widget,883
461332,North,Widget,852
461336,North,Doohickey,622
461337,North,Gadget,610
461355,North,Doohickey,916
461380,North,Gizmo,832
461393,North,Gadget,844
461396,North,Gizmo,960
461406,North,Gizmo,864
461414,North,Gizmo,705
461417,North,Gizmo,838
461418,North,Gizmo,864
461425,North,Doohickey,827
461426,North,Widget,880
461428,North,Widget,642
461433,North,Gadget,680
461452,North,Gadget,542
461454,North,Gizmo,699
461504,North,Gadget,761
461505,North,Widget,994
461512,North,Doohickey,509
461514,North,Doohickey,778
461515,North,Doohickey,959
461518,North,Widget,988
461524,North,Widget,726
461532,North,Gadget,748
461536,North,Gadget,535
461541,North,Widget,958
461554,North,Gizmo,535
461558,North,Doohickey,950
461569,North,Gadget,610
461571,North,Doohickey,664
461581,North,Widget,855
461589,North,Gadget,565
461590,North,Gadget,852
461592,North,Gizmo,996
461599,North,Widget,957
461630,North,Doohickey,700
461633,North,Gadget,978
461634,North,Widget,728
461635,North,Gadget,900
461636,North,Gizmo,713
461642,North,Widget,891
461645,North,Gadget,901
461659,North,Gizmo,591
461671,North,Gadget,772
461672,North,Widget,621
461676,North,Gizmo,602
461678,North,Widget,976
461685,North,Doohickey,961
461702,North,Gadget,859
461714,North,Gadget,604
461737,North,Gadget,950
461741,North,Doohickey,911
461746,North,Doohickey,981
461756,North,Widget,931
461763,North,Gadget,503
461764,North,Doohickey,981
461768,North,Gadget,930
461769,North,Gadget,763
461770,North,Gizmo,802
461774,North,Gizmo,921
461778,North,Widget,686
461779,North,Gizmo,593
461797,North,Gadget,828
461801,North,Gizmo,699
461804,North,Widget,726
461805,North,Widget,866
461832,North,Gizmo,598
461843,North,Doohickey,527
461849,North,Gizmo,827
461851,North,Gizmo,612
461864,North,Gadget,919
461887,North,Widget,542
461898,North,Doohickey,734
461904,North,Gadget,542
461905,North,Widget,713
461911,North,Doohickey,565
461918,North,Doohickey,674
461927,North,Widget,683
461929,North,Widget,994
461941,North,Gadget,570
461966,North,Widget,811
461973,North,Gadget,821
461974,North,Gadget,741
461982,North,Widget,617
461993,North,Widget,959
461995,North,Gadget,684
462013,North,Widget,721
462017,North,Gizmo,896
462023,North,Widget,894
462025,North,Widget,903
462035,North,Gadget,525
462036,North,Gizmo,679
462039,North,Gizmo,605
462041,North,Doohickey,684
462043,North,Doohickey,712
462069,North,Doohickey,705
462081,North,Doohickey,733
462089,North,Doohickey,700
462098,North,Gizmo,585
462103,North,Gadget,841
462110,North,Doohickey,650
462113,North,Widget,674
462116,North,Gizmo,635
462119,North,Doohickey,682
462127,North,Gizmo,536
462132,North,Gadget,709
462156,North,Gadget,685
462177,North,Widget,732
462182,North,Widget,844
462185,North,Gizmo,530
462186,North,Doohickey,892
462201,North,Gadget,939
462211,North,Widget,771
462212,North,Doohickey,790
462216,North,Gizmo,503
462218,North,Doohickey,796
462220,North,Doohickey,629
462232,North,Gadget,682
462243,North,Gadget,922
462245,North,Gizmo,704
462249,North,Doohickey,911
462258,North,Gadget,579
462265,North,Gizmo,942
462269,North,Gizmo,600
462273,North,Gadget,516
462276,North,Gizmo,1000
462278,North,Gizmo,719
462301,North,Widget,535
462308,North,Gizmo,827
462318,North,Gadget,591
462327,North,Doohickey,796
462329,North,Gadget,773
462350,North,Doohickey,918
462362,North,Widget,590
462363,North,Doohickey,822
462366,North,Doohickey,634
462367,North,Gizmo,919
462370,North,Widget,853
462372,North,Gizmo,819
462381,North,Gizmo,810
462384,North,Gadget,939
462386,North,Widget,921
462388,North,Gizmo,535
462390,North,Gizmo,747
462398,North,Widget,539
462406,North,Gizmo,602
462410,North,Gadget,672
462412,North,Gadget,874
462421,North,Gadget,761
462422,North,Widget,727
462426,North,Gizmo,632
462427,North,Gizmo,739
462432,North,Doohickey,926
462443,North,Gadget,593
462453,North,Gadget,886
462456,North,Doohickey,918
462458,North,Widget,809
462472,North,Widget,853
462474,North,Widget,733
462497,North,Doohickey,961
462499,North,Gizmo,921
462501,North,Gadget,521
462510,North,Gadget,943
462515,North,Doohickey,894
462517,North,Doohickey,605
462520,North,Gadget,952
462521,North,Widget,810
462529,North,Gadget,625
462538,North,Doohickey,597
462542,North,Gadget,935
462561,North,Widget,825
462574,North,Widget,555
462575,North,Widget,866
462579,North,Gadget,810
462589,North,Doohickey,523
462594,North,Widget,627
462601,North,Gizmo,556
462604,North,Gizmo,999
462611,North,Gizmo,753
462617,North,Doohickey,685
462618,North,Gadget,687
462629,North,Gadget,567
462641,North,Gadget,645
462652,North,Gizmo,597
462663,North,Widget,765
462669,North,Gizmo,508
462680,North,Doohickey,986
462686,North,Doohickey,738
462689,North,Widget,623
462697,North,Widget,688
462698,North,Gizmo,794
462700,North,Gadget,863
462703,North,Widget,743
462706,North,Gizmo,785
462708,North,Widget,969
462713,North,Widget,617
462715,North,Widget,967
462728,North,Doohickey,781
462745,North,Gadget,955
462750,North,Doohickey,976
462774,North,Doohickey,911
462778,North,Gizmo,598
462783,North,Doohickey,680
462787,North,Doohickey,748
462814,North,Gizmo,720
462816,North,Gizmo,569
462819,North,Gizmo,787
462826,North,Widget,817
462831,North,Doohickey,707
462832,North,Widget,886
462833,North,Gizmo,689
462844,North,Widget,952
462845,North,Gadget,792
462852,North,Gizmo,520
462861,North,Gizmo,828
462865,North,Doohickey,992
462866,North,Gizmo,702
462867,North,Gizmo,526
462871,North,Gadget,728
462872,North,Gizmo,882
462880,North,Widget,826
462883,North,Gadget,830
462887,North,Doohickey,674
462889,North,Doohickey,949
462909,North,Widget,777
462914,North,Gadget,993
462916,North,Widget,530
462917,North,Doohickey,1000
462919,North,Gadget,851
462921,North,Gizmo,952
462925,North,Gizmo,604
462931,North,Doohickey,544
462948,North,Gadget,761
462958,North,Widget,961
462964,North,Widget,941
462970,North,Gizmo,505
462999,North,Gizmo,512
463003,North,Widget,815
463011,North,Gadget,886
463043,North,Gizmo,905
463051,North,Gadget,692
463078,North,Widget,961
463081,North,Widget,505
463084,North,Gadget,849
463086,North,Gizmo,850
463087,North,Widget,603
463094,North,Gadget,598
463104,North,Gizmo,994
463115,North,Gadget,710
463125,North,Doohickey,649
463140,North,Gizmo,663
463166,North,Widget,677
463170,North,Gizmo,718
463195,North,Gadget,985
463196,North,Gizmo,655
463202,North,Doohickey,825
463203,North,Gadget,728
463212,North,Doohickey,664
463215,North,Gizmo,554
463225,North,Gadget,541
463228,North,Widget,871
463233,North,Gizmo,584
463236,North,Widget,640
463245,North,Doohickey,517
463252,North,Doohickey,884
463263,North,Gadget,541
463265,North,Gizmo,579
463268,North,Gadget,805
463269,North,Widget,977
463288,North,Doohickey,599
463294,North,Gadget,603
463295,North,Gizmo,798
463306,North,Widget,726
463308,North,Gadget,578
463318,North,Gizmo,830
463321,North,Doohickey,673
463324,North,Widget,525
463328,North,Gadget,543
463331,North,Doohickey,616
463336,North,Gizmo,573
463349,North,Gizmo,746
463351,North,Widget,586
463354,North,Gadget,906
463358,North,Gadget,735
463375,North,Widget,517
463381,North,Doohickey,513
463383,North,Gadget,846
463388,North,Gizmo,780
463391,North,Gadget,501
463404,North,Widget,577
463417,North,Widget,913
463424,North,Gadget,878
463426,North,Gadget,753
463434,North,Gizmo,976
463443,North,Gizmo,746
463446,North,Gadget,919
463465,North,Gadget,636
463475,North,Doohickey,754
463480,North,Widget,693
463481,North,Widget,873
463485,North,Doohickey,613
463488,North,Gadget,860
463492,North,Gizmo,966
463502,North,Widget,825
463503,North,Gadget,930
463507,North,Widget,807
463508,North,Widget,755
463510,North,Doohickey,765
463514,North,Doohickey,770
463522,North,Gadget,516
463531,North,Widget,926
463535,North,Gadget,993
463539,North,Widget,948
463546,North,Gizmo,760
463547,North,Doohickey,700
463551,North,Gadget,826
463555,North,Gadget,858
463559,North,Doohickey,555
463565,North,Widget,690
463587,North,Gadget,591
463593,North,Widget,886
463597,North,Widget,885
463606,North,Gizmo,600
463626,North,Gadget,726
463641,North,Gizmo,585
463649,North,Gizmo,961
463654,North,Widget,919
463657,North,Gadget,902
463658,North,Doohickey,580
463660,North,Widget,835
463662,North,Widget,701
463663,North,Gizmo,658
463668,North,Doohickey,934
463678,North,Gadget,772
463680,North,Widget,645
463685,North,Gadget,883
463687,North,Widget,902
463692,North,Widget,559
463701,North,Doohickey,911
463705,North,Doohickey,896
463720,North,Gadget,994
463721,North,Gadget,825
463737,North,Doohickey,902
463740,North,Gizmo,863
463744,North,Gizmo,961
463748,North,Doohickey,679
463754,North,Gadget,596
463779,North,Doohickey,859
463784,North,Doohickey,758
463785,North,Widget,913
463798,North,Widget,655
463818,North,Widget,546
463820,North,Gizmo,827
463824,North,Doohickey,961
463825,North,Widget,715
463827,North,Gizmo,507
463829,North,Doohickey,992
463832,North,Gizmo,640
463836,North,Gadget,542
463838,North,Gizmo,851
463852,North,Gizmo,565
463855,North,Gizmo,636
463861,North,Gadget,675
463865,North,Widget,978
463871,North,Widget,855
463874,North,Doohickey,555
463880,North,Doohickey,671
463886,North,Widget,794
463889,North,Widget,852
463901,North,Doohickey,624
463910,North,Gadget,682
463914,North,Doohickey,543
463917,North,Doohickey,503
463921,North,Gizmo,623
463949,North,Gadget,823
463958,North,Gadget,687
463961,North,Widget,851
463980,North,Doohickey,517
463984,North,Gadget,745
463993,North,Gizmo,525
464000,North,Gadget,637
464007,North,Widget,621
464020,North,Gizmo,767
464023,North,Doohickey,819
464026,North,Gizmo,894
464029,North,Widget,819
464039,North,Gadget,755
464041,North,Widget,955
464048,North,Gadget,571
464052,North,Doohickey,696
464053,North,Widget,696
464068,North,Doohickey,609
464077,North,Doohickey,841
464097,North,Gizmo,693
464106,North,Widget,527
464109,North,Doohickey,730
464114,North,Gizmo,986
464115,North,Gadget,986
464122,North,Widget,698
464130,North,Doohickey,813
464146,North,Gizmo,933
464166,North,Widget,757
464173,North,Widget,663
464174,North,Doohickey,638
464178,North,Doohickey,714
464180,North,Doohickey,878
464184,North,Gadget,687
464210,North,Gadget,815
464211,North,Gizmo,567
464223,North,Widget,518
464238,North,Widget,730
464247,North,Gadget,598
464254,North,Widget,932
464266,North,Gadget,938
464269,North,Gizmo,842
464287,North,Widget,586
464327,North,Widget,668
464336,North,Widget,896
464342,North,Gadget,981
464352,North,Gizmo,630
464355,North,Doohickey,538
464379,North,Gizmo,998
464385,North,Widget,971
464389,North,Doohickey,811
464410,North,Doohickey,514
464412,North,Widget,762
464420,North,Gadget,893
464422,North,Widget,581
464428,North,Gizmo,701
464439,North,Gizmo,639
464443,North,Widget,943
464453,North,Doohickey,528
464473,North,Gadget,672
464481,North,Gadget,919
464492,North,Gizmo,675
464494,North,Gizmo,948
464496,North,Gadget,971
464504,North,Gizmo,976
464508,North,Widget,657
464513,North,Doohickey,763
464516,North,Widget,969
464525,North,Widget,849
464529,North,Widget,968
464540,North,Doohickey,691
464549,North,Gizmo,851
464563,North,Widget,513
464564,North,Widget,658
464568,North,Widget,601
464575,North,Widget,519
464620,North,Gizmo,558
464642,North,Widget,702
464649,North,Gadget,575
464652,North,Gizmo,894
464653,North,Widget,731
464674,North,Doohickey,708
464691,North,Gadget,992
464692,North,Gadget,826
464695,North,Gizmo,885
464699,North,Widget,612
464724,North,Gizmo,698
464730,North,Widget,826
464733,North,Gizmo,598
464747,North,Gizmo,618
464776,North,Gizmo,877
464795,North,Widget,605
464797,North,Widget,844
464808,North,Doohickey,559
464816,North,Gadget,985
464863,North,Gizmo,938
464865,North,Widget,856
464867,North,Gizmo,670
464870,North,Gadget,596
464875,North,Widget,579
464876,North,Gadget,613
464886,North,Widget,899
464888,North,Gizmo,568
464899,North,Gadget,994
464914,North,Doohickey,878
464926,North,Doohickey,774
464928,North,Gizmo,670
464932,North,Gadget,618
464952,North,Widget,957
464953,North,Gadget,708
464972,North,Gizmo,964
464978,North,Gadget,679
464983,North,Widget,861
464984,North,Gadget,985
464998,North,Doohickey,773
465006,North,Gizmo,591
465009,North,Widget,842
465010,North,Widget,827
465012,North,Gizmo,624
465018,North,Gizmo,704
465024,North,Doohickey,888
465038,North,Gadget,511
465041,North,Gizmo,724
465060,North,Doohickey,999
465064,North,Widget,770
465066,North,Doohickey,662
465072,North,Gadget,642
465098,North,Gadget,514
465100,North,Widget,563
465114,North,Doohickey,965
465118,North,Gizmo,580
465120,North,Gadget,884
465133,North,Gadget,800
465139,North,Gadget,537
465140,North,Gizmo,643
465143,North,Doohickey,896
465145,North,Gizmo,518
465156,North,Gizmo,650
465165,North,Doohickey,767
465174,North,Widget,969
465190,North,Doohickey,645
465192,North,Gizmo,712
465193,North,Widget,983
465194,North,Doohickey,819
465196,North,Gadget,992
465214,North,Gizmo,724
465220,North,Gizmo,817
465223,North,Gizmo,579
465231,North,Doohickey,974
465234,North,Gizmo,735
465250,North,Gizmo,675
465254,North,Doohickey,901
465261,North,Gizmo,618
465267,North,Gadget,543
465276,North,Gizmo,525
465277,North,Doohickey,646
465291,North,Widget,816
465292,North,Doohickey,975
465303,North,Gizmo,983
465314,North,Widget,581
465323,North,Gizmo,944
465327,North,Gizmo,950
465329,North,Doohickey,563
465332,North,Gizmo,690
465348,North,Gadget,707
465349,North,Widget,766
465355,North,Gizmo,680
465362,North,Gizmo,940
465369,North,Doohickey,618
465388,North,Gadget,892
465392,North,Widget,733
465398,North,Gadget,940
465412,North,Gadget,528
465420,North,Gizmo,701
465441,North,Doohickey,874
465444,North,Doohickey,957
465445,North,Widget,828
465446,North,Doohickey,815
465449,North,Gadget,927
465461,North,Gadget,725
465467,North,Gizmo,986
465473,North,Widget,530
465475,North,Gizmo,663
465478,North,Widget,958
465486,North,Widget,617
465492,North,Gizmo,768
465499,North,Gizmo,633
465508,North,Doohickey,742
465516,North,Widget,807
465529,North,Doohickey,597
465540,North,Widget,884
465541,North,Doohickey,515
465552,North,Gadget,868
465585,North,Doohickey,548
465592,North,Widget,876
465597,North,Doohickey,524
465601,North,Gadget,649
465603,North,Doohickey,810
465640,North,Gizmo,969
465642,North,Doohickey,753
465653,North,Gadget,894
465660,North,Doohickey,527
465674,North,Doohickey,994
465676,North,Gadget,873
465680,North,Widget,646
465681,North,Gizmo,824
465682,North,Gizmo,894
465686,North,Gizmo,841
465690,North,Gizmo,700
465695,North,Widget,737
465697,North,Gizmo,989
465702,North,Gadget,659
465706,North,Gizmo,839
465717,North,Widget,921
465721,North,Gadget,643
465722,North,Gizmo,855
465724,North,Doohickey,745
465727,North,Gizmo,651
465739,North,Widget,768
465743,North,Doohickey,871
465752,North,Gadget,903
465788,North,Widget,650
465794,North,Doohickey,823
465798,North,Gizmo,743
465803,North,Doohickey,562
465817,North,Widget,579
465821,North,Gizmo,850
465826,North,Widget,622
465830,North,Gadget,991
465838,North,Widget,750
465843,North,Gadget,956
465858,North,Widget,694
465860,North,Gizmo,934
465861,North,Doohickey,957
465863,North,Gizmo,668
465864,North,Doohickey,801
465870,North,Gizmo,525
465884,North,Gadget,512
465885,North,Gizmo,533
465889,North,Widget,827
465893,North,Doohickey,896
465900,North,Doohickey,711
465902,North,Gadget,807
465907,North,Gadget,907
465919,North,Gizmo,534
465939,North,Widget,604
465942,North,Doohickey,601
465943,North,Gadget,728
465973,North,Gizmo,796
465979,North,Gadget,635
465997,North,Widget,514
466010,North,Gadget,762
466012,North,Doohickey,906
466021,North,Gizmo,947
466026,North,Gadget,903
466032,North,Gizmo,639
466036,North,Gadget,999
466048,North,Gizmo,632
466055,North,Gadget,728
466057,North,Doohickey,763
466065,North,Widget,522
466081,North,Doohickey,796
466083,North,Widget,863
466106,North,Gadget,825
466116,North,Gadget,869
466123,North,Gizmo,568
466139,North,Gizmo,663
466156,North,Gadget,877
466157,North,Widget,693
466159,North,Doohickey,793
466163,North,Gadget,786
466176,North,Gizmo,836
466192,North,Doohickey,853
466193,North,Gizmo,918
466204,North,Gizmo,931
466211,North,Gadget,914
466218,North,Widget,683
466220,North,Gadget,553
466235,North,Widget,769
466239,North,Gadget,522
466250,North,Gadget,828
466259,North,Gadget,830
466261,North,Gizmo,780
466273,North,Widget,748
466276,North,Doohickey,977
466278,North,Gizmo,505
466293,North,Gizmo,889
466298,North,Gadget,735
466299,North,Gadget,781
466316,North,Gizmo,593
466319,North,Gadget,959
466322,North,Gizmo,741
466324,North,Widget,632
466331,North,Gadget,894
466353,North,Gizmo,855
466358,North,Doohickey,615
466360,North,Widget,718
466371,North,Gizmo,574
466373,North,Gadget,881
466381,North,Widget,997
466385,North,Gizmo,728
466398,North,Widget,844
466422,North,Gadget,949
466435,North,Widget,689
466441,North,Gadget,815
466476,North,Widget,777
466482,North,Gizmo,602
466484,North,Gadget,761
466495,North,Doohickey,584
466496,North,Widget,697
466501,North,Widget,579
466513,North,Gizmo,611
466522,North,Gadget,819
466540,North,Doohickey,876
466548,North,Gadget,761
466554,North,Widget,983
466556,North,Gizmo,665
466560,North,Doohickey,524
466565,North,Gizmo,947
466579,North,Gizmo,700
466584,North,Widget,963
466589,North,Gizmo,840
466593,North,Gizmo,714
466622,North,Doohickey,607
466628,North,Gizmo,742
466631,North,Gadget,590
466636,North,Gizmo,534
466649,North,Gadget,519
466657,North,Gizmo,639
466658,North,Doohickey,944
466662,North,Gizmo,959
466667,North,Gadget,914
466668,North,Gadget,528
466673,North,Gizmo,844
466678,North,Widget,774
466680,North,Doohickey,911
466704,North,Gadget,802
466711,North,Widget,969
466715,North,Gizmo,520
466719,North,Gadget,850
466750,North,Doohickey,714
466752,North,Widget,589
466756,North,Gadget,803
466783,North,Widget,716
466798,North,Widget,589
466807,North,Gizmo,849
466809,North,Doohickey,994
466814,North,Doohickey,686
466827,North,Widget,608
466832,North,Gadget,539
466840,North,Widget,926
466846,North,Doohickey,931
466868,North,Gadget,775
466872,North,Gizmo,877
466883,North,Doohickey,876
466885,North,Gizmo,824
466890,North,Gadget,698
466891,North,Widget,628
466893,North,Gadget,877
466898,North,Gizmo,732
466900,North,Gizmo,955
466904,North,Gizmo,716
466907,North,Gadget,600
466911,North,Gadget,753
466914,North,Gizmo,803
466926,North,Gizmo,913
466929,North,Gizmo,855
466936,North,Gadget,807
466945,North,Widget,833
466955,North,Gizmo,577
466973,North,Gadget,516
466974,North,Doohickey,673
466977,North,Gizmo,886
466978,North,Doohickey,966
466980,North,Gizmo,808
466981,North,Widget,721
466984,North,Gizmo,504
467000,North,Gizmo,950
467004,North,Widget,940
467010,North,Gizmo,897
467022,North,Doohickey,627
467028,North,Widget,721
467030,North,Widget,581
467041,North,Gizmo,839
467043,North,Gizmo,521
467055,North,Gizmo,930
467056,North,Gadget,665
467068,North,Widget,897
467069,North,Doohickey,780
467073,North,Doohickey,897
467080,North,Widget,801
467088,North,Gadget,654
467089,North,Widget,563
467091,North,Gadget,548
467102,North,Doohickey,871
467124,North,Gadget,637
467127,North,Doohickey,695
467130,North,Gizmo,924
467141,North,Gadget,986
467144,North,Widget,997
467160,North,Gizmo,701
467162,North,Gizmo,903
467173,North,Doohickey,890
467182,North,Widget,749
467185,North,Doohickey,824
467197,North,Widget,973
467199,North,Gadget,545
467202,North,Gadget,823
467211,North,Gizmo,975
467237,North,Gizmo,531
467249,North,Doohickey,517
467257,North,Widget,760
467263,North,Doohickey,876
467264,North,Widget,736
467278,North,Gizmo,765
467299,North,Widget,983
467303,North,Gizmo,697
467310,North,Gadget,731
467319,North,Doohickey,792
467342,North,Gadget,791
467347,North,Doohickey,958
467348,North,Doohickey,983
467365,North,Gizmo,701
467368,North,Gadget,570
467378,North,Gadget,956
467383,North,Gizmo,784
467385,North,Gadget,627
467386,North,Gadget,687
467387,North,Widget,633
467417,North,Doohickey,540
467419,North,Widget,751
467430,North,Gizmo,980
467458,North,Gizmo,782
467492,North,Gizmo,755
467509,North,Gizmo,933
467513,North,Doohickey,914
467523,North,Widget,653
467525,North,Doohickey,751
467538,North,Gadget,752
467541,North,Widget,581
467576,North,Gadget,600
467582,North,Widget,803
467584,North,Doohickey,517
467596,North,Gadget,909
467597,North,Gadget,508
467600,North,Widget,525
467603,North,Widget,507
467606,North,Gizmo,541
467608,North,Doohickey,705
467621,North,Gadget,571
467624,North,Doohickey,638
467626,North,Gadget,591
467634,North,Gizmo,564
467639,North,Gizmo,952
467651,North,Widget,943
467658,North,Doohickey,897
467677,North,Widget,988
467688,North,Doohickey,667
467690,North,Gizmo,774
467715,North,Widget,813
467723,North,Gizmo,523
467733,North,Widget,600
467735,North,Doohickey,961
467736,North,Gadget,900
467738,North,Widget,789
467753,North,Doohickey,852
467764,North,Gizmo,618
467767,North,Widget,947
467775,North,Gizmo,835
467776,North,Gizmo,562
467777,North,Doohickey,529
467778,North,Doohickey,961
467779,North,Widget,801
467785,North,Doohickey,958
467787,North,Doohickey,791
467793,North,Widget,746
467796,North,Widget,965
467800,North,Widget,984
467809,North,Doohickey,592
467818,North,Gadget,739
467829,North,Widget,720
467831,North,Doohickey,811
467857,North,Gadget,859
467864,North,Doohickey,520
467867,North,Gizmo,821
467884,North,Doohickey,767
467887,North,Gizmo,608
467889,North,Widget,763
467893,North,Gadget,665
467902,North,Gizmo,923
467917,North,Gizmo,986
467935,North,Doohickey,749
467955,North,Gizmo,707
467959,North,Doohickey,873
467967,North,Doohickey,969
467968,North,Doohickey,738
467971,North,Gizmo,589
468001,North,Widget,529
468004,North,Widget,891
468018,North,Doohickey,569
468026,North,Doohickey,914
468038,North,Widget,781
468044,North,Widget,724
468081,North,Widget,888
468089,North,Gadget,957
468092,North,Gadget,656
468093,North,Doohickey,828
468094,North,Doohickey,881
468110,North,Widget,597
468123,North,Gizmo,880
468132,North,Gadget,982
468157,North,Gizmo,839
468165,North,Widget,731
468170,North,Widget,654
468198,North,Gizmo,645
468204,North,Widget,998
468208,North,Widget,584
468210,North,Gizmo,712
468212,North,Gizmo,641
468223,North,Doohickey,635
468226,North,Doohickey,651
468248,North,Gizmo,552
468257,North,Gadget,565
468286,North,Gadget,791
468290,North,Gadget,618
468299,North,Gadget,594
468311,North,Gadget,691
468314,North,Gizmo,849
468328,North,Widget,750
468329,North,Gizmo,748
468352,North,Widget,686
468355,North,Doohickey,621
468359,North,Widget,509
468378,North,Gadget,911
468384,North,Doohickey,737
468385,North,Gizmo,943
468391,North,Widget,513
468403,North,Widget,679
468404,North,Gizmo,711
468407,North,Widget,655
468409,North,Widget,955
468410,North,Gadget,836
468413,North,Gizmo,683
468425,North,Doohickey,993
468431,North,Gadget,554
468436,North,Gadget,869
468438,North,Gizmo,906
468440,North,Doohickey,853
468442,North,Widget,778
468458,North,Gizmo,658
468463,North,Gizmo,661
468466,North,Widget,772
468479,North,Doohickey,925
468484,North,Gadget,716
468508,North,Gizmo,539
468512,North,Gadget,827
468525,North,Gizmo,538
468529,North,Gadget,627
468536,North,Gizmo,942
468537,North,Gizmo,832
468552,North,Gadget,792
468557,North,Gizmo,951
468560,North,Gadget,712
468571,North,Gizmo,931
468588,North,Gizmo,721
468596,North,Gadget,913
468604,North,Gadget,988
468624,North,Doohickey,533
468625,North,Gadget,718
468626,North,Doohickey,906
468635,North,Gadget,789
468640,North,Gizmo,724
468642,North,Widget,798
468647,North,Gadget,802
468650,North,Gadget,716
468651,North,Widget,613
468661,North,Gadget,595
468662,North,Doohickey,708
468667,North,Gadget,977
468670,North,Gizmo,710
468675,North,Gizmo,852
468678,North,Widget,730
468690,North,Gizmo,557
468702,North,Widget,893
468719,North,Widget,919
468724,North,Gizmo,852
468746,North,Doohickey,762
468748,North,Gizmo,599
468750,North,Gadget,675
468756,North,Gizmo,800
468758,North,Doohickey,686
468767,North,Gadget,748
468776,North,Gadget,905
468777,North,Gizmo,521
468780,North,Widget,593
468785,North,Gadget,674
468801,North,Gadget,918
468824,North,Gizmo,784
468830,North,Gadget,771
468837,North,Doohickey,836
468847,North,Doohickey,560
468850,North,Gizmo,952
468864,North,Gadget,535
468870,North,Gadget,800
468872,North,Doohickey,690
468881,North,Gizmo,877
468889,North,Gadget,696
468892,North,Doohickey,944
468913,North,Gizmo,691
468920,North,Doohickey,679
468923,North,Gizmo,680
468943,North,Gadget,839
468944,North,Gadget,911
468947,North,Gadget,741
468954,North,Gizmo,917
468956,North,Gadget,986
468963,North,Gizmo,505
468967,North,Doohickey,618
468970,North,Gadget,891
468973,North,Doohickey,531
468981,North,Gadget,968
468985,North,Doohickey,569
468996,North,Gadget,681
469006,North,Gadget,543
469008,North,Gizmo,565
469012,North,Doohickey,989
469023,North,Gadget,521
469024,North,Doohickey,515
469032,North,Gadget,981
469037,North,Gizmo,997
469073,North,Widget,615
469084,North,Gizmo,533
469089,North,Gadget,749
469094,North,Gizmo,909
469098,North,Doohickey,985
469105,North,Gadget,855
469119,North,Doohickey,664
469135,North,Gadget,600
469136,North,Gizmo,789
469157,North,Widget,767
469160,North,Doohickey,535
469169,North,Gadget,674
469170,North,Gadget,766
469173,North,Widget,659
469183,North,Gadget,604
469190,North,Doohickey,604
469196,North,Gizmo,860
469200,North,Gadget,861
469223,North,Gizmo,621
469234,North,Widget,648
469241,North,Gadget,952
469244,North,Doohickey,645
469253,North,Doohickey,951
469268,North,Widget,756
469315,North,Gizmo,531
469318,North,Doohickey,712
469319,North,Gizmo,934
469331,North,Gadget,621
469332,North,Widget,761
469350,North,Widget,942
469355,North,Widget,575
469358,North,Widget,984
469360,North,Gadget,642
469363,North,Widget,884
469366,North,Gizmo,958
469371,North,Widget,545
469375,North,Gadget,818
469390,North,Gizmo,702
469398,North,Gizmo,740
469400,North,Widget,807
469407,North,Widget,528
469410,North,Gizmo,791
469416,North,Widget,805
469423,North,Gizmo,721
469433,North,Widget,927
469447,North,Gizmo,691
469454,North,Gizmo,846
469469,North,Gadget,711
469481,North,Gadget,890
469484,North,Gizmo,905
469487,North,Widget,666
469489,North,Widget,723
469503,North,Gadget,922
469510,North,Gizmo,722
469511,North,Doohickey,786
469516,North,Doohickey,775
469518,North,Gizmo,622
469521,North,Doohickey,822
469524,North,Gadget,551
469531,North,Doohickey,754
469532,North,Widget,559
469533,North,Doohickey,573
469539,North,Gizmo,939
469543,North,Doohickey,669
469546,North,Widget,789
469548,North,Doohickey,802
469551,North,Doohickey,671
469552,North,Gadget,663
469561,North,Gadget,587
469562,North,Doohickey,702
469570,North,Gadget,849
469573,North,Widget,816
469584,North,Gizmo,847
469586,North,Gizmo,985
469595,North,Gadget,756
469609,North,Gizmo,946
469616,North,Widget,958
469620,North,Gadget,816
469625,North,Gizmo,759
469626,North,Gadget,501
469629,North,Widget,501
469653,North,Doohickey,681
469654,North,Widget,757
469657,North,Gadget,894
469660,North,Doohickey,642
469662,North,Gadget,761
469669,North,Doohickey,527
469678,North,Widget,981
469683,North,Widget,617
469692,North,Widget,561
469694,North,Doohickey,934
469696,North,Widget,618
469699,North,Doohickey,538
469701,North,Gadget,950
469707,North,Widget,772
469711,North,Doohickey,768
469729,North,Gizmo,525
469732,North,Widget,891
469735,North,Gadget,806
469768,North,Doohickey,718
469770,North,Gadget,706
469777,North,Doohickey,678
469782,North,Gizmo,985
469798,North,Gizmo,911
469800,North,Gadget,968
469802,North,Gizmo,694
469807,North,Doohickey,852
469810,North,Widget,846
469820,North,Gadget,508
469831,North,Widget,934
469838,North,Doohickey,993
469851,North,Widget,569
469869,North,Gadget,969
469884,North,Doohickey,946
469896,North,Gizmo,819
469901,North,Doohickey,809
469910,North,Widget,851
469915,North,Gizmo,840
469925,North,Doohickey,713
469929,North,Gizmo,733
469936,North,Doohickey,764
469939,North,Widget,620
469943,North,Doohickey,793
469944,North,Gizmo,981
469950,North,Widget,591
469954,North,Gadget,538
469967,North,Doohickey,744
469989,North,Widget,509
469990,North,Doohickey,660
469991,North,Gadget,625
470020,North,Gizmo,599
470022,North,Gadget,714
470052,North,Doohickey,645
470055,North,Doohickey,965
470062,North,Widget,644
470066,North,Doohickey,600
470074,North,Doohickey,919
470083,North,Gadget,985
470088,North,Gadget,889
470093,North,Gadget,896
470097,North,Gadget,883
470101,North,Widget,997
470102,North,Gizmo,513
470103,North,Doohickey,993
470104,North,Doohickey,526
470132,North,Doohickey,916
470140,North,Gadget,634
470173,North,Widget,715
470175,North,Widget,549
470178,North,Widget,728
470179,North,Gizmo,909
470204,North,Gadget,629
470210,North,Doohickey,579
470211,North,Doohickey,721
470214,North,Widget,936
470238,North,Gadget,620
470264,North,Widget,515
470272,North,Gadget,750
470281,North,Gadget,982
470305,North,Doohickey,801
470308,North,Gizmo,632
470309,North,Widget,715
470314,North,Gadget,570
470325,North,Gizmo,550
470326,North,Widget,740
470332,North,Gizmo,909
470334,North,Widget,886
470337,North,Gizmo,882
470343,North,Gizmo,846
470347,North,Gizmo,964
470355,North,Gizmo,631
470359,North,Doohickey,504
470369,North,Gizmo,635
470370,North,Gizmo,780
470371,North,Widget,797
470376,North,Widget,712
470386,North,Gadget,612
470390,North,Gadget,818
470406,North,Widget,614
470415,North,Widget,994
470422,North,Widget,698
470444,North,Doohickey,974
470451,North,Gizmo,788
470473,North,Widget,773
470474,North,Widget,723
470477,North,Doohickey,857
470478,North,Widget,818
470483,North,Gizmo,825
470493,North,Gadget,690
470499,North,Gizmo,868
470503,North,Gizmo,686
470513,North,Gadget,880
470515,North,Widget,800
470516,North,Gizmo,535
470517,North,Widget,695
470522,North,Gadget,708
470523,North,Gizmo,818
470530,North,Gadget,519
470553,North,Gadget,874
470566,North,Gizmo,753
470573,North,Widget,807
470578,North,Gadget,739
470582,North,Gadget,963
470607,North,Gadget,864
470616,North,Gadget,574
470626,North,Gadget,534
470640,North,Widget,858
470657,North,Gadget,758
470681,North,Widget,743
470688,North,Gadget,635
470706,North,Doohickey,734
470711,North,Widget,919
470726,North,Doohickey,857
470730,North,Gadget,761
470734,North,Gadget,752
470735,North,Widget,806
470738,North,Gadget,897
470779,North,Gizmo,569
470786,North,Gadget,648
470797,North,Gizmo,974
470811,North,Doohickey,665
470830,North,Widget,554
470834,North,Gadget,517
470840,North,Widget,827
470847,North,Doohickey,582
470851,North,Widget,545
470854,North,Gizmo,568
470856,North,Gizmo,863
470863,North,Gadget,932
470879,North,Widget,840
470880,North,Gadget,807
470915,North,Gadget,899
470917,North,Widget,528
470918,North,Gadget,764
470941,North,Gadget,850
470947,North,Widget,991
470951,North,Doohickey,928
470959,North,Gadget,578
470984,North,Gadget,663
470988,North,Gizmo,935
471003,North,Widget,558
471009,North,Widget,629
471024,North,Gizmo,749
471036,North,Gizmo,728
471042,North,Doohickey,542
471047,North,Gadget,787
471051,North,Gizmo,602
471064,North,Widget,769
471077,North,Gadget,547
471105,North,Widget,871
471112,North,Gadget,942
471126,North,Doohickey,565
471128,North,Gizmo,999
471130,North,Gadget,943
471145,North,Gadget,989
471147,North,Gizmo,960
471151,North,Doohickey,547
471153,North,Gadget,927
471178,North,Gizmo,658
471185,North,Gizmo,853
471191,North,Gadget,693
471223,North,Gadget,961
471224,North,Widget,814
471225,North,Gadget,831
471227,North,Gadget,670
471233,North,Gizmo,816
471234,North,Doohickey,967
471235,North,Doohickey,621
471274,North,Gadget,562
471276,North,Doohickey,782
471282,North,Widget,709
471299,North,Gizmo,562
471306,North,Gizmo,665
471307,North,Gadget,771
471308,North,Widget,762
471315,North,Gadget,823
471317,North,Doohickey,630
471324,North,Doohickey,881
471331,North,Gizmo,630
471349,North,Gadget,885
471356,North,Gizmo,679
471360,North,Gadget,797
471365,North,Doohickey,656
471371,North,Gadget,901
471375,North,Gizmo,850
471376,North,Gizmo,849
471382,North,Gizmo,802
471387,North,Gizmo,756
471388,North,Gadget,751
471392,North,Widget,765
471410,North,Gadget,807
471418,North,Doohickey,951
471421,North,Widget,608
471434,North,Widget,864
471440,North,Widget,969
471460,North,Doohickey,739
471466,North,Gadget,767
471467,North,Gadget,951
471476,North,Doohickey,894
471478,North,Widget,792
471479,North,Gizmo,961
471481,North,Widget,950
471483,North,Gizmo,947
471484,North,Widget,772
471494,North,Gadget,891
471502,North,Gadget,597
471531,North,Doohickey,906
471537,North,Doohickey,994
471545,North,Gadget,908
471552,North,Gizmo,618
471564,North,Doohickey,833
471568,North,Gadget,716
471571,North,Doohickey,974
471575,North,Doohickey,894
471579,North,Widget,818
471585,North,Doohickey,713
471599,North,Widget,584
471600,North,Gadget,793
471609,North,Widget,750
471612,North,Doohickey,825
471618,North,Widget,549
471620,North,Widget,700
471629,North,Doohickey,793
471634,North,Widget,953
471639,North,Gadget,763
471649,North,Gizmo,568
471651,North,Widget,963
471662,North,Widget,640
471672,North,Gadget,884
471673,North,Widget,760
471674,North,Widget,782
471694,North,Widget,667
471696,North,Doohickey,949
471705,North,Widget,551
471721,North,Doohickey,729
471725,North,Gadget,616
471734,North,Gizmo,878
471738,North,Gizmo,621
471740,North,Gizmo,969
471744,North,Gizmo,741
471759,North,Widget,898
471760,North,Doohickey,612
471767,North,Doohickey,554
471773,North,Gadget,602
471775,North,Widget,802
471780,North,Widget,933
471785,North,Widget,958
471787,North,Gadget,747
471792,North,Widget,542
471794,North,Gizmo,533
471797,North,Doohickey,932
471800,North,Gadget,866
471818,North,Gadget,712
471826,North,Widget,528
471843,North,Doohickey,831
471844,North,Gizmo,524
471849,North,Widget,520
471868,North,Gizmo,853
471885,North,Doohickey,552
471912,North,Gadget,801
471919,North,Doohickey,666
471922,North,Widget,853
471926,North,Gadget,860
471928,North,Widget,925
471929,North,Gizmo,719
471939,North,Gizmo,578
471940,North,Widget,759
471949,North,Doohickey,587
471953,North,Doohickey,610
471956,North,Gadget,721
471960,North,Gizmo,782
471966,North,Gadget,952
471979,North,Doohickey,660
471987,North,Widget,886
471989,North,Gizmo,658
472006,North,Gadget,999
472025,North,Gadget,860
472033,North,Doohickey,625
472036,North,Gizmo,613
472042,North,Gadget,875
472044,North,Gadget,800
472045,North,Doohickey,788
472048,North,Gadget,583
472060,North,Gadget,911
472065,North,Gizmo,554
472071,North,Gizmo,867
472092,North,Doohickey,991
472101,North,Gizmo,672
472111,North,Gizmo,991
472144,North,Widget,538
472147,North,Doohickey,840
472168,North,Widget,772
472192,North,Widget,898
472200,North,Gadget,975
472206,North,Doohickey,869
472215,North,Widget,842
472217,North,Gizmo,543
472218,North,Doohickey,968
472221,North,Doohickey,877
472226,North,Gizmo,764
472228,North,Gizmo,722
472230,North,Doohickey,664
472232,North,Gizmo,599
472235,North,Gadget,536
472278,North,Doohickey,639
472283,North,Gizmo,600
472294,North,Widget,863
472314,North,Doohickey,679
472325,North,Doohickey,677
472327,North,Gadget,783
472331,North,Doohickey,629
472339,North,Widget,787
472344,North,Doohickey,903
472345,North,Gizmo,517
472351,North,Doohickey,814
472353,North,Doohickey,809
472357,North,Widget,558
472359,North,Doohickey,704
472362,North,Doohickey,538
472368,North,Widget,974
472381,North,Gadget,807
472389,North,Doohickey,869
472394,North,Gadget,715
472398,North,Gizmo,592
472403,North,Doohickey,731
472409,North,Gadget,531
472411,North,Gadget,705
472413,North,Widget,684
472420,North,Doohickey,985
472439,North,Gadget,966
472442,North,Widget,625
472447,North,Widget,747
472450,North,Widget,765
472452,North,Widget,586
472457,North,Widget,819
472471,North,Widget,927
472481,North,Widget,910
472494,North,Doohickey,628
472498,North,Widget,807
472504,North,Gadget,543
472514,North,Gadget,772
472531,North,Gizmo,738
472532,North,Gizmo,977
472533,North,Gizmo,815
472541,North,Widget,821
472544,North,Gadget,825
472549,North,Gizmo,529
472552,North,Gadget,889
472574,North,Widget,609
472592,North,Doohickey,836
472598,North,Doohickey,856
472605,North,Doohickey,796
472607,North,Widget,547
472612,North,Gizmo,707
472616,North,Gizmo,505
472619,North,Widget,712
472620,North,Gadget,664
472635,North,Widget,800
472655,North,Gadget,819
472663,North,Gadget,659
472666,North,Gizmo,761
472672,North,Widget,966
472689,North,Gizmo,680
472692,North,Doohickey,507
472702,North,Doohickey,842
472715,North,Doohickey,679
472727,North,Gadget,686
472734,North,Gadget,805
472740,North,Doohickey,623
472745,North,Gadget,523
472747,North,Widget,695
472753,North,Widget,671
472754,North,Gadget,924
472755,North,Gizmo,667
472756,North,Widget,501
472777,North,Widget,874
472783,North,Doohickey,957
472785,North,Doohickey,974
472788,North,Doohickey,710
472795,North,Widget,557
472798,North,Gadget,752
472811,North,Widget,779
472824,North,Gizmo,848
472860,North,Doohickey,963
472874,North,Doohickey,706
472875,North,Gizmo,509
472878,North,Gadget,976
472880,North,Widget,614
472888,North,Widget,711
472905,North,Gadget,602
472921,North,Gizmo,731
472923,North,Gizmo,898
472931,North,Gizmo,911
472937,North,Doohickey,657
472941,North,Widget,831
472955,North,Gizmo,794
472969,North,Gadget,643
472978,North,Doohickey,896
472980,North,Gizmo,504
472983,North,Doohickey,736
472984,North,Gizmo,682
472986,North,Gizmo,976
472987,North,Gadget,885
472988,North,Gizmo,538
472991,North,Gadget,675
472995,North,Gadget,615
472996,North,Gizmo,615
473010,North,Doohickey,784
473012,North,Gadget,519
473024,North,Gizmo,551
473026,North,Widget,738
473028,North,Gadget,899
473030,North,Gizmo,859
473031,North,Gizmo,663
473041,North,Widget,756
473052,North,Gizmo,942
473059,North,Gizmo,972
473075,North,Doohickey,580
473078,North,Gizmo,722
473079,North,Widget,667
473106,North,Doohickey,682
473125,North,Gadget,936
473137,North,Gadget,946
473190,North,Widget,964
473222,North,Widget,940
473225,North,Gizmo,978
473229,North,Widget,844
473233,North,Widget,869
473239,North,Doohickey,943
473243,North,Doohickey,698
473248,North,Gizmo,926
473251,North,Gizmo,609
473253,North,Gadget,569
473265,North,Gadget,555
473268,North,Widget,628
473272,North,Gizmo,656
473274,North,Widget,986
473288,North,Widget,976
473289,North,Doohickey,834
473304,North,Doohickey,826
473324,North,Gadget,971
473325,North,Widget,988
473349,North,Gizmo,501
473377,North,Widget,940
473379,North,Doohickey,939
473385,North,Widget,703
473386,North,Gadget,869
473396,North,Gizmo,569
473412,North,Widget,709
473424,North,Gadget,555
473434,North,Gadget,947
473440,North,Gizmo,860
473441,North,Gizmo,915
473458,North,Doohickey,695
473459,North,Gadget,984
473472,North,Widget,802
473473,North,Gadget,570
473475,North,Doohickey,527
473485,North,Widget,808
473497,North,Gadget,839
473503,North,Gizmo,751
473506,North,Gizmo,926
473520,North,Widget,825
473529,North,Gadget,976
473537,North,Gadget,735
473543,North,Doohickey,782
473545,North,Gizmo,919
473546,North,Widget,735
473557,North,Widget,922
473565,North,Doohickey,544
473568,North,Widget,627
473574,North,Gizmo,939
473578,North,Widget,507
473580,North,Doohickey,738
473583,North,Gizmo,687
473598,North,Widget,628
473602,North,Gadget,783
473608,North,Gadget,575
473615,North,Gizmo,816
473623,North,Gadget,901
473628,North,Widget,625
473631,North,Widget,882
473636,North,Gadget,528
473639,North,Doohickey,579
473641,North,Gadget,602
473651,North,Gizmo,649
473654,North,Doohickey,906
473657,North,Gadget,684
473669,North,Doohickey,808
473670,North,Widget,721
473671,North,Doohickey,567
473699,North,Gadget,504
473714,North,Widget,754
473725,North,Gizmo,635
473728,North,Widget,669
473738,North,Gizmo,734
473749,North,Gizmo,919
473754,North,Gadget,808
473770,North,Gizmo,951
473796,North,Widget,778
473801,North,Widget,959
473807,North,Doohickey,891
473816,North,Gizmo,720
473817,North,Widget,598
473827,North,Doohickey,572
473841,North,Gadget,678
473847,North,Widget,947
473848,North,Widget,964
473853,North,Gizmo,590
473865,North,Widget,718
473874,North,Doohickey,628
473890,North,Widget,711
473916,North,Gizmo,885
473921,North,Doohickey,526
473923,North,Doohickey,584
473929,North,Doohickey,508
473934,North,Gizmo,629
473937,North,Doohickey,642
473946,North,Gizmo,522
473947,North,Gadget,512
473949,North,Gadget,657
473958,North,Doohickey,880
473961,North,Doohickey,628
473967,North,Gadget,977
473983,North,Gizmo,911
473988,North,Doohickey,573
473991,North,Widget,670
473995,North,Gadget,890
474005,North,Gizmo,882
474007,North,Gizmo,913
474008,North,Gadget,961
474012,North,Gizmo,885
474022,North,Doohickey,621
474024,North,Gadget,618
474027,North,Doohickey,698
474031,North,Gadget,807
474045,North,Widget,670
474056,North,Doohickey,746
474060,North,Doohickey,733
474062,North,Gadget,605
474068,North,Gizmo,850
474069,North,Widget,548
474077,North,Gadget,851
474081,North,Gizmo,534
474083,North,Doohickey,639
474086,North,Widget,585
474088,North,Gizmo,541
474104,North,Doohickey,988
474107,North,Doohickey,752
474109,North,Gizmo,757
474110,North,Widget,900
474113,North,Gizmo,714
474118,North,Widget,673
474126,North,Gadget,961
474140,North,Gizmo,815
474152,North,Gizmo,871
474159,North,Widget,752
474189,North,Doohickey,819
474195,North,Gadget,669
474197,North,Gizmo,584
474206,North,Gadget,701
474218,North,Doohickey,985
474224,North,Widget,762
474229,North,Widget,669
474231,North,Gizmo,746
474234,North,Gadget,747
474236,North,Doohickey,667
474245,North,Gizmo,760
474246,North,Doohickey,865
474258,North,Doohickey,859
474267,North,Widget,654
474272,North,Widget,514
474280,North,Widget,988
474309,North,Widget,716
474310,North,Doohickey,588
474316,North,Widget,941
474318,North,Widget,658
474319,North,Gadget,846
474327,North,Gizmo,670
474329,North,Gadget,1000
474330,North,Doohickey,894
474335,North,Doohickey,856
474341,North,Doohickey,767
474381,North,Widget,690
474382,North,Gadget,811
474388,North,Gadget,574
474401,North,Doohickey,869
474414,North,Gizmo,830
474417,North,Widget,789
474419,North,Doohickey,936
474435,North,Doohickey,798
474436,North,Doohickey,925
474443,North,Gadget,644
474449,North,Widget,958
474451,North,Gadget,673
474452,North,Gizmo,571
474459,North,Widget,847
474475,North,Gizmo,894
474491,North,Gadget,664
474494,North,Widget,832
474520,North,Doohickey,547
474523,North,Widget,980
474526,North,Gizmo,802
474531,North,Gadget,974
474540,North,Gizmo,733
474545,North,Gadget,742
474555,North,Doohickey,985
474578,North,Doohickey,916
474591,North,Gadget,850
474596,North,Widget,569
474601,North,Widget,790
474624,North,Doohickey,572
474629,North,Doohickey,972
474651,North,Gizmo,788
474668,North,Widget,784
474670,North,Widget,986
474674,North,Widget,582
474681,North,Gizmo,653
474698,North,Gizmo,871
474702,North,Gizmo,706
474709,North,Doohickey,924
474726,North,Gizmo,551
474731,North,Gadget,582
474733,North,Widget,793
474737,North,Gadget,922
474741,North,Gizmo,702
474743,North,Gizmo,600
474749,North,Doohickey,974
474752,North,Gizmo,803
474755,North,Gadget,614
474763,North,Doohickey,614
474771,North,Doohickey,752
474774,North,Gadget,690
474781,North,Widget,555
474786,North,Doohickey,636
474787,North,Widget,757
474788,North,Gadget,851
474793,North,Gizmo,796
474799,North,Widget,535
474805,North,Widget,844
474822,North,Doohickey,791
474834,North,Widget,634
474839,North,Doohickey,883
474840,North,Gizmo,665
474845,North,Widget,605
474849,North,Gizmo,767
474852,North,Doohickey,672
474854,North,Gadget,599
474855,North,Gizmo,800
474870,North,Doohickey,503
474875,North,Doohickey,926
474892,North,Gadget,658
474896,North,Gizmo,861
474897,North,Gadget,774
474898,North,Doohickey,659
474900,North,Doohickey,969
474903,North,Doohickey,754
474925,North,Widget,827
474929,North,Doohickey,802
474934,North,Gizmo,868
474951,North,Gizmo,760
474956,North,Doohickey,526
474999,North,Gizmo,722
475051,North,Widget,793
475052,North,Gizmo,830
475065,North,Doohickey,542
475072,North,Gadget,923
475077,North,Widget,514
475084,North,Gizmo,732
475087,North,Gadget,568
475091,North,Gadget,715
475093,North,Doohickey,994
475094,North,Widget,610
475107,North,Doohickey,647
475108,North,Gadget,588
475115,North,Gizmo,618
475129,North,Doohickey,934
475130,North,Gizmo,527
475132,North,Widget,758
475149,North,Widget,596
475162,North,Widget,662
475174,North,Doohickey,669
475178,North,Gadget,577
475201,North,Gizmo,668
475204,North,Doohickey,713
475236,North,Widget,671
475271,North,Doohickey,996
475277,North,Doohickey,783
475287,North,Doohickey,639
475303,North,Gadget,958
475316,North,Gizmo,966
475317,North,Gizmo,627
475339,North,Doohickey,907
475370,North,Widget,884
475375,North,Gizmo,585
475377,North,Gizmo,688
475387,North,Gadget,751
475394,North,Widget,682
475395,North,Gadget,539
475397,North,Doohickey,736
475405,North,Gadget,932
475427,North,Doohickey,670
475433,North,Gizmo,936
475434,North,Gizmo,716
475446,North,Gadget,805
475447,North,Gadget,609
475448,North,Gadget,975
475450,North,Widget,889
475451,North,Gadget,936
475465,North,Doohickey,737
475470,North,Doohickey,809
475473,North,Widget,509
475474,North,Doohickey,720
475480,North,Gadget,637
475482,North,Gizmo,866
475499,North,Widget,723
475501,North,Doohickey,518
475520,North,Widget,532
475523,North,Doohickey,604
475524,North,Gizmo,585
475540,North,Widget,693
475541,North,Widget,727
475564,North,Gadget,742
475573,North,Gizmo,860
475574,North,Widget,586
475576,North,Gadget,773
475591,North,Widget,976
475607,North,Gadget,911
475611,North,Widget,913
475616,North,Gizmo,699
475626,North,Gadget,717
475633,North,Doohickey,734
475643,North,Gadget,830
475644,North,Widget,859
475649,North,Gadget,796
475655,North,Widget,604
475672,North,Gadget,850
475690,North,Widget,931
475699,North,Gadget,537
475704,North,Gadget,899
475714,North,Gizmo,636
475729,North,Widget,865
475733,North,Gizmo,715
475734,North,Gizmo,926
475735,North,Widget,896
475765,North,Widget,793
475774,North,Gizmo,842
475786,North,Doohickey,880
475787,North,Doohickey,604
475799,North,Doohickey,860
475803,North,Widget,615
475808,North,Doohickey,861
475811,North,Doohickey,833
475821,North,Widget,606
475823,North,Doohickey,973
475825,North,Widget,802
475843,North,Gizmo,911
475845,North,Doohickey,717
475860,North,Gadget,642
475868,North,Widget,883
475876,North,Gizmo,989
475883,North,Gadget,688
475916,North,Gizmo,825
475917,North,Gizmo,919
475931,North,Widget,705
475932,North,Gadget,785
475946,North,Gizmo,537
475959,North,Gadget,813
475960,North,Widget,799
475962,North,Doohickey,908
475963,North,Gizmo,996
475979,North,Gadget,874
475982,North,Gizmo,936
475983,North,Widget,975
476011,North,Gadget,943
476014,North,Gadget,628
476021,North,Widget,751
476025,North,Gadget,643
476034,North,Doohickey,853
476036,North,Doohickey,767
476045,North,Widget,908
476047,North,Gadget,952
476075,North,Widget,819
476095,North,Doohickey,796
476101,North,Widget,597
476109,North,Gizmo,966
476112,North,Widget,535
476124,North,Gadget,691
476125,North,Widget,754
476133,North,Gizmo,876
476157,North,Doohickey,687
476175,North,Gadget,984
476178,North,Widget,730
476180,North,Doohickey,955
476184,North,Doohickey,515
476193,North,Widget,711
476203,North,Widget,931
476206,North,Doohickey,576
476207,North,Gadget,783
476213,North,Widget,795
476220,North,Widget,800
476236,North,Doohickey,516
476241,North,Widget,907
476255,North,Gadget,782
476265,North,Widget,548
476276,North,Widget,536
476278,North,Doohickey,908
476299,North,Doohickey,769
476301,North,Gadget,998
476328,North,Gizmo,599
476338,North,Doohickey,822
476340,North,Doohickey,701
476346,North,Widget,642
476368,North,Gizmo,919
476376,North,Doohickey,792
476389,North,Gizmo,791
476395,North,Gizmo,700
476414,North,Gizmo,725
476420,North,Gizmo,662
476427,North,Gadget,501
476433,North,Gizmo,803
476436,North,Widget,642
476451,North,Doohickey,719
476460,North,Gadget,936
476461,North,Widget,661
476467,North,Gadget,919
476484,North,Widget,875
476485,North,Widget,564
476489,North,Gadget,1000
476503,North,Widget,552
476504,North,Gadget,666
476513,North,Gizmo,774
476518,North,Gadget,549
476519,North,Doohickey,749
476520,North,Gadget,555
476528,North,Gizmo,859
476534,North,Widget,902
476544,North,Doohickey,791
476545,North,Widget,597
476558,North,Widget,789
476576,North,Gizmo,577
476584,North,Gadget,906
476590,North,Gizmo,941
476598,North,Doohickey,606
476615,North,Gizmo,919
476623,North,Widget,704
476625,North,Widget,534
476630,North,Gadget,822
476651,North,Doohickey,951
476652,North,Gadget,724
476672,North,Doohickey,827
476674,North,Widget,712
476702,North,Doohickey,788
476706,North,Gadget,706
476711,North,Gadget,657
476713,North,Widget,931
476714,North,Doohickey,588
476717,North,Doohickey,636
476736,North,Widget,867
476737,North,Doohickey,605
476738,North,Widget,538
476740,North,Gizmo,521
476755,North,Gizmo,553
476758,North,Gadget,946
476761,North,Gizmo,533
476762,North,Doohickey,944
476767,North,Gadget,978
476805,North,Doohickey,834
476807,North,Doohickey,503
476825,North,Doohickey,685
476826,North,Gadget,754
476869,North,Gizmo,923
476873,North,Gizmo,902
476882,North,Gadget,593
476884,North,Widget,931
476887,North,Doohickey,908
476891,North,Gizmo,750
476894,North,Gizmo,743
476898,North,Gadget,926
476906,North,Gizmo,740
476915,North,Doohickey,851
476924,North,Gizmo,735
476928,North,Gizmo,928
476935,North,Gadget,880
476946,North,Widget,672
476948,North,Gizmo,997
476951,North,Gizmo,523
476969,North,Gizmo,944
476970,North,Gadget,896
476975,North,Gadget,749
476977,North,Gizmo,512
476994,North,Gizmo,974
477001,North,Gadget,815
477008,North,Gadget,676
477012,North,Gadget,928
477025,North,Gadget,971
477034,North,Gadget,924
477037,North,Gizmo,668
477040,North,Widget,923
477063,North,Widget,925
477064,North,Gizmo,659
477068,North,Gizmo,950
477074,North,Gadget,757
477077,North,Widget,836
477080,North,Gizmo,801
477085,North,Gadget,637
477086,North,Widget,620
477090,North,Gadget,878
477092,North,Gadget,960
477108,North,Widget,890
477112,North,Widget,707
477124,North,Gadget,686
477136,North,Widget,931
477143,North,Doohickey,928
477153,North,Widget,717
477164,North,Gizmo,718
477169,North,Gadget,629
477183,North,Gizmo,761
477186,North,Widget,821
477191,North,Doohickey,595
477195,North,Doohickey,604
477196,North,Widget,544
477200,North,Widget,778
477202,North,Gadget,679
477207,North,Gadget,857
477213,North,Gizmo,541
477231,North,Gizmo,801
477232,North,Gizmo,800
477241,North,Gadget,894
477265,North,Gadget,642
477270,North,Doohickey,507
477271,North,Gadget,549
477278,North,Widget,902
477290,North,Doohickey,801
477295,North,Doohickey,743
477297,North,Gizmo,789
477299,North,Gizmo,544
477301,North,Doohickey,901
477309,North,Gadget,509
477311,North,Gizmo,858
477336,North,Gizmo,556
477344,North,Widget,984
477349,North,Doohickey,710
477356,North,Gadget,994
477360,North,Gizmo,983
477378,North,Doohickey,975
477396,North,Doohickey,791
477410,North,Widget,747
477432,North,Widget,714
477444,North,Gadget,964
477450,North,Gizmo,747
477453,North,Gizmo,522
477468,North,Doohickey,779
477471,North,Gadget,581
477477,North,Gadget,815
477481,North,Doohickey,653
477484,North,Doohickey,750
477489,North,Gizmo,501
477493,North,Doohickey,538
477497,North,Doohickey,621
477498,North,Doohickey,718
477499,North,Doohickey,952
477506,North,Gadget,536
477514,North,Doohickey,919
477520,North,Doohickey,835
477521,North,Gizmo,905
477529,North,Widget,988
477531,North,Doohickey,580
477536,North,Doohickey,603
477540,North,Gadget,581
477552,North,Gadget,518
477562,North,Gadget,522
477563,North,Doohickey,691
477568,North,Gizmo,609
477579,North,Widget,914
477597,North,Doohickey,706
477601,North,Gadget,653
477604,North,Doohickey,767
477607,North,Widget,956
477608,North,Widget,973
477616,North,Doohickey,679
477620,North,Widget,793
477621,North,Gadget,569
477624,North,Widget,543
477626,North,Gadget,743
477643,North,Doohickey,876
477644,North,Gadget,757
477656,North,Widget,900
477657,North,Gizmo,643
477668,North,Gizmo,674
477669,North,Gadget,668
477676,North,Doohickey,642
477677,North,Widget,791
477678,North,Gizmo,802
477683,North,Gizmo,542
477685,North,Widget,982
477686,North,Widget,700
477703,North,Gizmo,986
477711,North,Widget,796
477712,North,Gizmo,620
477713,North,Doohickey,532
477717,North,Gadget,505
477719,North,Widget,874
477725,North,Widget,864
477741,North,Gadget,896
477747,North,Gadget,580
477758,North,Gadget,803
477761,North,Gizmo,602
477764,North,Doohickey,918
477782,North,Gizmo,578
477788,North,Gadget,509
477791,North,Gadget,983
477793,North,Gadget,689
477802,North,Gadget,982
477828,North,Widget,919
477830,North,Gizmo,728
477838,North,Doohickey,529
477845,North,Gizmo,831
477860,North,Doohickey,761
477866,North,Gadget,529
477876,North,Gadget,544
477880,North,Doohickey,955
477886,North,Doohickey,798
477893,North,Widget,625
477895,North,Doohickey,790
477897,North,Widget,896
477921,North,Widget,918
477928,North,Gizmo,668
477958,North,Gadget,903
477959,North,Gadget,863
477963,North,Doohickey,673
477982,North,Gadget,627
477985,North,Gizmo,918
477993,North,Gadget,660
477994,North,Doohickey,626
477997,North,Widget,863
477998,North,Gizmo,878
478007,North,Gadget,833
478008,North,Doohickey,714
478024,North,Gizmo,535
478049,North,Gizmo,593
478089,North,Gizmo,585
478090,North,Doohickey,571
478099,North,Gizmo,639
478120,North,Gizmo,839
478147,North,Gizmo,688
478159,North,Doohickey,864
478182,North,Doohickey,545
478187,North,Widget,918
478195,North,Gizmo,715
478212,North,Doohickey,756
478216,North,Gadget,752
478232,North,Gadget,935
478235,North,Gizmo,527
478236,North,Widget,977
478254,North,Widget,939
478257,North,Gadget,559
478292,North,Widget,567
478293,North,Widget,841
478296,North,Gadget,536
478310,North,Gadget,626
478311,North,Doohickey,785
478313,North,Gizmo,841
478332,North,Gizmo,678
478338,North,Gadget,969
478344,North,Doohickey,592
478346,North,Doohickey,702
478355,North,Doohickey,761
478362,North,Gizmo,770
478364,North,Doohickey,965
478367,North,Gadget,624
478368,North,Gizmo,951
478369,North,Gizmo,736
478382,North,Gizmo,565
478383,North,Widget,667
478392,North,Gadget,565
478412,North,Gizmo,743
478422,North,Gizmo,536
478438,North,Gadget,957
478444,North,Gadget,599
478450,North,Gizmo,664
478453,North,Doohickey,527
478464,North,Widget,722
478478,North,Gizmo,706
478481,North,Gadget,940
478484,North,Doohickey,720
478494,North,Gizmo,956
478500,North,Doohickey,501
478504,North,Doohickey,807
478509,North,Widget,914
478511,North,Gizmo,668
478514,North,Gizmo,672
478526,North,Gizmo,957
478530,North,Gadget,619
478537,North,Widget,797
478538,North,Widget,855
478556,North,Gadget,696
478558,North,Gadget,531
478563,North,Doohickey,808
478570,North,Gadget,972
478577,North,Gadget,952
478580,North,Widget,590
478596,North,Gadget,946
478616,North,Gizmo,991
478622,North,Gadget,656
478655,North,Widget,776
478656,North,Gizmo,890
478667,North,Doohickey,797
478669,North,Doohickey,584
478678,North,Widget,663
478690,North,Widget,573
478705,North,Widget,569
478718,North,Doohickey,561
478721,North,Doohickey,989
478739,North,Gizmo,981
478743,North,Widget,793
478752,North,Widget,884
478757,North,Gizmo,842
478761,North,Gadget,874
478763,North,Doohickey,563
478767,North,Gadget,639
478773,North,Doohickey,606
478790,North,Gadget,687
478796,North,Widget,626
478805,North,Gizmo,547
478813,North,Gizmo,985
478816,North,Gadget,609
478831,North,Doohickey,969
478843,North,Widget,640
478848,North,Gadget,896
478853,North,Doohickey,636
478876,North,Widget,858
478885,North,Gizmo,817
478886,North,Widget,989
478891,North,Widget,897
478895,North,Gadget,705
478899,North,Widget,823
478903,North,Gadget,915
478908,North,Gizmo,921
478913,North,Gizmo,792
478924,North,Widget,882
478927,North,Widget,555
478938,North,Gadget,848
478957,North,Gizmo,750
478960,North,Gadget,961
478962,North,Doohickey,706
478974,North,Gadget,706
478976,North,Gadget,860
478978,North,Doohickey,763
478987,North,Gizmo,627
478995,North,Gizmo,758
478997,North,Widget,536
479010,North,Widget,756
479022,North,Gadget,530
479023,North,Gadget,666
479025,North,Widget,691
479035,North,Widget,931
479040,North,Gizmo,934
479042,North,Gadget,539
479056,North,Gadget,894
479057,North,Widget,911
479075,North,Gizmo,983
479081,North,Gizmo,581
479083,North,Widget,763
479085,North,Doohickey,658
479088,North,Doohickey,581
479096,North,Doohickey,618
479098,North,Widget,739
479111,North,Gadget,867
479114,North,Gizmo,878
479118,North,Doohickey,919
479129,North,Gadget,716
479136,North,Gadget,863
479138,North,Doohickey,952
479158,North,Doohickey,865
479171,North,Widget,830
479197,North,Doohickey,680
479198,North,Gizmo,955
479204,North,Widget,866
479207,North,Gadget,770
479213,North,Gizmo,710
479216,North,Widget,853
479219,North,Doohickey,575
479222,North,Doohickey,575
479245,North,Gizmo,654
479254,North,Doohickey,684
479263,North,Gizmo,978
479268,North,Gizmo,839
479272,North,Gizmo,733
479288,North,Gadget,776
479291,North,Gadget,753
479292,North,Gizmo,852
479298,North,Widget,681
479310,North,Widget,814
479311,North,Widget,595
479315,North,Gadget,631
479324,North,Gadget,922
479331,North,Gadget,940
479335,North,Doohickey,756
479342,North,Gizmo,513
479349,North,Widget,737
479366,North,Doohickey,966
479377,North,Gizmo,774
479380,North,Gadget,950
479381,North,Gizmo,814
479385,North,Gizmo,591
479399,North,Widget,610
479421,North,Gizmo,792
479431,North,Gadget,592
479433,North,Gadget,801
479452,North,Widget,664
479453,North,Gizmo,575
479476,North,Gadget,919
479479,North,Gadget,939
479483,North,Gadget,938
479487,North,Gizmo,994
479489,North,Widget,561
479491,North,Gadget,744
479499,North,Doohickey,952
479500,North,Gizmo,778
479502,North,Doohickey,867
479518,North,Gadget,583
479522,North,Widget,744
479525,North,Doohickey,566
479535,North,Doohickey,699
479539,North,Gizmo,984
479551,North,Gadget,961
479554,North,Widget,645
479559,North,Doohickey,505
479582,North,Gizmo,921
479587,North,Doohickey,563
479606,North,Gizmo,971
479608,North,Doohickey,507
479609,North,Widget,906
479614,North,Doohickey,739
479616,North,Doohickey,814
479618,North,Widget,761
479625,North,Gadget,774
479636,North,Gizmo,802
479646,North,Widget,714
479657,North,Gadget,541
479660,North,Widget,740
479663,North,Gadget,638
479679,North,Doohickey,634
479682,North,Gadget,827
479685,North,Gizmo,924
479689,North,Gizmo,504
479695,North,Widget,872
479706,North,Gizmo,844
479716,North,Widget,646
479725,North,Doohickey,696
479726,North,Gadget,656
479730,North,Widget,671
479751,North,Widget,560
479753,North,Gizmo,731
479763,North,Gadget,542
479768,North,Gizmo,906
479773,North,Doohickey,606
479793,North,Doohickey,898
479797,North,Gizmo,849
479800,North,Gizmo,523
479802,North,Gadget,986
479812,North,Widget,528
479813,North,Widget,673
479817,North,Gizmo,515
479821,North,Gizmo,589
479836,North,Gadget,627
479843,North,Gizmo,980
479846,North,Doohickey,579
479856,North,Gadget,836
479859,North,Gadget,579
479866,North,Widget,650
479867,North,Doohickey,553
479869,North,Doohickey,768
479881,North,Widget,841
479882,North,Widget,921
479886,North,Gadget,551
479891,North,Widget,736
479916,North,Gizmo,873
479925,North,Gadget,882
479931,North,Gadget,530
479940,North,Gizmo,739
479941,North,Doohickey,662
479945,North,Gadget,613
479952,North,Gadget,860
479954,North,Gizmo,843
479956,North,Gadget,850
479970,North,Gadget,913
479972,North,Gadget,885
479996,North,Widget,738
480004,North,Doohickey,528
480008,North,Doohickey,869
480016,North,Doohickey,840
480018,North,Doohickey,531
480025,North,Gadget,781
480026,North,Gizmo,737
480035,North,Gadget,584
480043,North,Doohickey,900
480056,North,Doohickey,859
480058,North,Widget,811
480063,North,Widget,977
480069,North,Doohickey,761
480091,North,Doohickey,699
480095,North,Widget,690
480096,North,Widget,624
480136,North,Gizmo,511
480144,North,Gizmo,781
480154,North,Widget,917
480160,North,Gizmo,718
480163,North,Widget,753
480167,North,Gadget,633
480182,North,Widget,977
480186,North,Gadget,964
480187,North,Doohickey,911
480204,North,Gizmo,746
480205,North,Doohickey,849
480217,North,Gadget,672
480218,North,Gizmo,805
480224,North,Gadget,610
480229,North,Gizmo,698
480230,North,Widget,741
480234,North,Gizmo,784
480236,North,Widget,941
480247,North,Gizmo,516
480252,North,Widget,503
480254,North,Gadget,538
480261,North,Gadget,589
480268,North,Gadget,636
480281,North,Gadget,743
480299,North,Widget,655
480306,North,Widget,852
480307,North,Widget,644
480324,North,Gadget,731
480330,North,Gadget,547
480332,North,Widget,503
480338,North,Doohickey,626
480342,North,Doohickey,526
480355,North,Widget,955
480368,North,Doohickey,503
480374,North,Gizmo,844
480386,North,Gadget,573
480387,North,Widget,989
480403,North,Gizmo,840
480421,North,Widget,861
480425,North,Doohickey,644
480428,North,Gadget,952
480433,North,Gizmo,998
480442,North,Doohickey,977
480447,North,Gizmo,560
480448,North,Doohickey,598
480461,North,Gizmo,715
480483,North,Doohickey,869
480490,North,Doohickey,860
480505,North,Doohickey,752
480512,North,Gadget,969
480513,North,Doohickey,564
480520,North,Gizmo,839
480547,North,Doohickey,872
480550,North,Doohickey,745
480577,North,Doohickey,927
480582,North,Gizmo,543
480587,North,Gizmo,732
480590,North,Widget,833
480608,North,Gizmo,907
480609,North,Widget,686
480612,North,Gadget,827
480616,North,Widget,728
480622,North,Doohickey,698
480645,North,Gizmo,936
480646,North,Doohickey,817
480647,North,Widget,563
480682,North,Widget,687
480684,North,Doohickey,843
480692,North,Gadget,533
480693,North,Gadget,654
480707,North,Gizmo,687
480722,North,Gizmo,559
480731,North,Gizmo,810
480734,North,Widget,526
480739,North,Gizmo,553
480757,North,Gizmo,815
480763,North,Gizmo,858
480766,North,Widget,816
480767,North,Gizmo,847
480778,North,Doohickey,864
480794,North,Gizmo,531
480806,North,Widget,530
480810,North,Doohickey,654
480811,North,Gadget,732
480812,North,Doohickey,549
480817,North,Doohickey,822
480822,North,Gadget,537
480834,North,Gadget,594
480842,North,Doohickey,669
480844,North,Widget,698
480852,North,Gizmo,571
480853,North,Widget,669
480862,North,Gadget,824
480868,North,Gadget,948
480875,North,Gadget,674
480930,North,Gadget,760
480937,North,Doohickey,614
480942,North,Gadget,961
480966,North,Widget,615
480981,North,Gizmo,566
480987,North,Widget,946
480989,North,Widget,655
480995,North,Gadget,698
480997,North,Gizmo,568
481005,North,Widget,702
481006,North,Widget,543
481013,North,Doohickey,576
481021,North,Widget,888
481031,North,Gadget,856
481040,North,Gadget,770
481062,North,Gizmo,596
481073,North,Gadget,622
481087,North,Widget,960
481096,North,Gadget,555
481100,North,Widget,511
481106,North,Gadget,702
481124,North,Doohickey,795
481133,North,Gizmo,736
481135,North,Gizmo,669
481137,North,Gadget,844
481162,North,Doohickey,537
481163,North,Widget,599
481165,North,Doohickey,768
481167,North,Gizmo,531
481168,North,Widget,756
481175,North,Doohickey,847
481206,North,Widget,878
481208,North,Widget,551
481216,North,Widget,786
481223,North,Gizmo,724
481234,North,Gadget,630
481237,North,Doohickey,654
481241,North,Doohickey,547
481256,North,Gizmo,667
481270,North,Gizmo,786
481277,North,Gizmo,834
481288,North,Doohickey,791
481293,North,Doohickey,850
481313,North,Gadget,523
481316,North,Widget,617
481347,North,Gizmo,977
481361,North,Widget,584
481363,North,Gadget,935
481388,North,Doohickey,835
481407,North,Gadget,877
481412,North,Gizmo,601
481413,North,Gadget,558
481460,North,Doohickey,942
481480,North,Gadget,770
481484,North,Gadget,658
481498,North,Gizmo,836
481509,North,Gizmo,590
481511,North,Gizmo,868
481520,North,Doohickey,803
481524,North,Gadget,716
481529,North,Gadget,958
481530,North,Gadget,997
481531,North,Doohickey,669
481532,North,Gizmo,695
481535,North,Doohickey,909
481537,North,Widget,518
481541,North,Widget,653
481542,North,Gadget,706
481561,North,Gizmo,843
481564,North,Doohickey,770
481580,North,Widget,640
481585,North,Gizmo,504
481589,North,Widget,783
481595,North,Widget,721
481602,North,Gadget,917
481611,North,Widget,527
481615,North,Gizmo,674
481622,North,Gadget,576
481628,North,Widget,744
481631,North,Gizmo,802
481639,North,Widget,709
481659,North,Doohickey,541
481660,North,Widget,631
481675,North,Gadget,564
481690,North,Doohickey,521
481701,North,Gadget,705
481735,North,Widget,521
481741,North,Doohickey,572
481747,North,Widget,934
481752,North,Gizmo,873
481754,North,Gadget,767
481757,North,Gizmo,742
481768,North,Gadget,689
481771,North,Doohickey,938
481783,North,Gizmo,569
481816,North,Gizmo,982
481838,North,Widget,885
481840,North,Widget,872
481847,North,Gadget,696
481848,North,Widget,503
481857,North,Widget,991
481886,North,Gadget,983
481888,North,Widget,667
481901,North,Doohickey,649
481905,North,Doohickey,543
481906,North,Gadget,876
481923,North,Gadget,893
481941,North,Widget,667
481949,North,Gadget,949
481952,North,Doohickey,709
481959,North,Doohickey,566
481966,North,Gizmo,632
481980,North,Doohickey,744
481987,North,Gizmo,571
482009,North,Gizmo,801
482017,North,Doohickey,894
482023,North,Gizmo,902
482034,North,Gizmo,666
482039,North,Gizmo,768
482064,North,Gizmo,515
482072,North,Widget,673
482073,North,Widget,618
482076,North,Widget,611
482129,North,Doohickey,707
482131,North,Widget,728
482135,North,Doohickey,830
482151,North,Doohickey,808
482152,North,Gadget,856
482161,North,Widget,792
482166,North,Doohickey,626
482167,North,Gizmo,687
482175,North,Widget,852
482178,North,Doohickey,568
482183,North,Widget,644
482191,North,Gizmo,989
482225,North,Widget,901
482234,North,Doohickey,505
482239,North,Widget,660
482245,North,Widget,517
482247,North,Doohickey,609
482257,North,Gizmo,916
482258,North,Widget,959
482263,North,Doohickey,575
482265,North,Gizmo,961
482270,North,Gizmo,757
482282,North,Gadget,876
482284,North,Gizmo,665
482303,North,Gadget,807
482312,North,Doohickey,932
482318,North,Gadget,656
482325,North,Gizmo,740
482327,North,Widget,580
482328,North,Widget,927
482341,North,Gizmo,562
482342,North,Gadget,628
482345,North,Widget,881
482356,North,Widget,849
482368,North,Gizmo,822
482375,North,Widget,905
482385,North,Gadget,994
482392,North,Widget,612
482393,North,Gizmo,525
482401,North,Doohickey,793
482408,North,Gizmo,648
482416,North,Doohickey,659
482421,North,Doohickey,716
482425,North,Doohickey,860
482436,North,Widget,996
482461,North,Gizmo,843
482464,North,Gizmo,811
482482,North,Widget,585
482491,North,Doohickey,625
482496,North,Gizmo,690
482501,North,Widget,582
482505,North,Widget,773
482510,North,Gizmo,649
482512,North,Gizmo,897
482516,North,Doohickey,793
482518,North,Widget,631
482521,North,Gizmo,938
482531,North,Gadget,896
482536,North,Gadget,880
482555,North,Gadget,504
482559,North,Gizmo,639
482562,North,Gadget,553
482573,North,Gadget,586
482582,North,Gadget,919
482597,North,Gadget,946
482602,North,Doohickey,864
482608,North,Gadget,583
482610,North,Doohickey,669
482611,North,Doohickey,800
482637,North,Gadget,836
482639,North,Gizmo,956
482648,North,Gizmo,932
482650,North,Gadget,593
482659,North,Widget,674
482661,North,Widget,594
482670,North,Gadget,938
482672,North,Gizmo,678
482683,North,Doohickey,539
482693,North,Gizmo,855
482698,North,Gizmo,702
482713,North,Widget,795
482719,North,Doohickey,794
482721,North,Gizmo,983
482724,North,Gadget,727
482745,North,Doohickey,802
482746,North,Gadget,669
482752,North,Widget,736
482767,North,Doohickey,715
482768,North,Gizmo,643
482776,North,Doohickey,642
482778,North,Gizmo,681
482780,North,Gizmo,574
482788,North,Widget,910
482801,North,Gadget,528
482806,North,Gadget,934
482813,North,Gizmo,781
482825,North,Doohickey,890
482836,North,Widget,699
482852,North,Gizmo,991
482880,North,Widget,630
482883,North,Doohickey,629
482884,North,Gizmo,819
482887,North,Widget,624
482895,North,Widget,942
482896,North,Gizmo,697
482898,North,Doohickey,722
482905,North,Widget,597
482916,North,Gadget,851
482918,North,Gadget,858
482932,North,Widget,810
482936,North,Gadget,761
482942,North,Doohickey,866
482943,North,Gadget,711
482948,North,Gizmo,983
482951,North,Gadget,869
482952,North,Gizmo,934
482954,North,Gizmo,681
482975,North,Doohickey,770
482980,North,Doohickey,963
482998,North,Gizmo,629
483000,North,Gadget,644
483020,North,Doohickey,989
483022,North,Gadget,821
483023,North,Gadget,886
483028,North,Doohickey,522
483056,North,Widget,965
483060,North,Gizmo,869
483064,North,Doohickey,501
483083,North,Doohickey,792
483088,North,Widget,547
483100,North,Gizmo,536
483107,North,Widget,875
483113,North,Gadget,822
483117,North,Gizmo,652
483124,North,Gizmo,521
483164,North,Gizmo,695
483166,North,Widget,781
483167,North,Widget,575
483171,North,Doohickey,651
483177,North,Widget,777
483184,North,Widget,514
483185,North,Gadget,972
483202,North,Widget,984
483209,North,Doohickey,909
483210,North,Widget,902
483216,North,Gadget,799
483229,North,Gizmo,797
483237,North,Doohickey,797
483241,North,Doohickey,751
483243,North,Doohickey,533
483251,North,Widget,629
483252,North,Gadget,885
483257,North,Gizmo,664
483276,North,Gizmo,984
483285,North,Gadget,517
483286,North,Gizmo,808
483294,North,Gadget,634
483308,North,Widget,667
483311,North,Gizmo,850
483314,North,Widget,778
483327,North,Widget,530
483332,North,Gizmo,776
483336,North,Doohickey,757
483342,North,Doohickey,561
483347,North,Widget,878
483348,North,Gadget,684
483355,North,Widget,890
483358,North,Gadget,959
483371,North,Gizmo,689
483386,North,Gizmo,793
483390,North,Widget,655
483391,North,Gadget,998
483399,North,Gadget,936
483414,North,Doohickey,758
483428,North,Widget,590
483453,North,Gadget,975
483461,North,Gadget,512
483467,North,Widget,783
483469,North,Gizmo,695
483474,North,Gadget,800
483480,North,Doohickey,997
483505,North,Gadget,721
483507,North,Gadget,701
483511,North,Gadget,919
483521,North,Gadget,986
483539,North,Widget,565
483549,North,Gizmo,735
483551,North,Gizmo,969
483560,North,Doohickey,624
483564,North,Gizmo,714
483566,North,Gizmo,856
483573,North,Doohickey,688
483577,North,Gadget,973
483579,North,Widget,865
483582,North,Gadget,536
483591,North,Gadget,549
483592,North,Gizmo,630
483603,North,Widget,725
483614,North,Gadget,716
483621,North,Widget,814
483626,North,Doohickey,877
483632,North,Widget,714
483646,North,Widget,924
483656,North,Gadget,988
483661,North,Gizmo,626
483663,North,Gizmo,624
483671,North,Widget,571
483681,North,Gizmo,925
483687,North,Doohickey,947
483689,North,Gadget,773
483692,North,Gizmo,592
483695,North,Widget,919
483703,North,Gadget,620
483707,North,Widget,771
483736,North,Gadget,986
483737,North,Widget,911
483748,North,Widget,585
483753,North,Gizmo,733
483756,North,Gadget,960
483773,North,Doohickey,877
483778,North,Widget,858
483791,North,Widget,948
483796,North,Gizmo,969
483797,North,Doohickey,674
483814,North,Gadget,560
483815,North,Gadget,935
483816,North,Gizmo,508
483829,North,Widget,965
483852,North,Widget,696
483854,North,Widget,932
483870,North,Gizmo,585
483885,North,Gadget,638
483897,North,Doohickey,764
483899,North,Widget,546
483922,North,Gizmo,968
483938,North,Gadget,785
483943,North,Widget,702
483951,North,Doohickey,522
483970,North,Gizmo,811
483973,North,Gadget,994
483974,North,Gizmo,909
483978,North,Gadget,833
483983,North,Gizmo,801
483990,North,Gizmo,994
483994,North,Gadget,760
484004,North,Widget,561
484007,North,Widget,518
484012,North,Widget,580
484013,North,Doohickey,772
484052,North,Gizmo,841
484082,North,Widget,982
484083,North,Doohickey,925
484085,North,Gizmo,944
484086,North,Gizmo,720
484089,North,Gizmo,722
484091,North,Gizmo,763
484101,North,Widget,968
484114,North,Gadget,949
484122,North,Gadget,819
484126,North,Widget,744
484130,North,Gizmo,507
484131,North,Gadget,844
484139,North,Gizmo,603
484146,North,Widget,584
484150,North,Doohickey,982
484151,North,Widget,521
484155,North,Doohickey,857
484165,North,Widget,627
484170,North,Widget,555
484181,North,Doohickey,957
484184,North,Doohickey,793
484186,North,Gizmo,529
484187,North,Widget,952
484193,North,Widget,567
484194,North,Widget,965
484202,North,Doohickey,736
484213,North,Widget,971
484220,North,Gadget,587
484221,North,Gizmo,825
484230,North,Gadget,973
484235,North,Doohickey,759
484239,North,Doohickey,529
484240,North,Gadget,813
484241,North,Gadget,565
484253,North,Gizmo,658
484267,North,Doohickey,775
484270,North,Gadget,773
484271,North,Gadget,527
484288,North,Widget,721
484295,North,Gadget,892
484297,North,Gadget,968
484320,North,Gizmo,504
484324,North,Gizmo,752
484331,North,Gizmo,697
484338,North,Gizmo,729
484341,North,Gadget,833
484353,North,Doohickey,932
484354,North,Widget,777
484366,North,Gizmo,640
484367,North,Doohickey,909
484371,North,Widget,547
484372,North,Gizmo,527
484393,North,Widget,588
484417,North,Gizmo,652
484422,North,Gizmo,609
484423,North,Widget,545
484437,North,Gadget,903
484444,North,Widget,541
484450,North,Gizmo,594
484452,North,Gizmo,993
484461,North,Doohickey,757
484479,North,Gizmo,797
484486,North,Gizmo,890
484491,North,Doohickey,842
484506,North,Gadget,721
484510,North,Widget,656
484518,North,Gizmo,793
484519,North,Gizmo,654
484533,North,Widget,926
484536,North,Gadget,890
484557,North,Doohickey,649
484562,North,Doohickey,604
484565,North,Doohickey,626
484572,North,Doohickey,955
484575,North,Gadget,803
484579,North,Doohickey,571
484584,North,Widget,926
484598,North,Gizmo,784
484605,North,Doohickey,838
484613,North,Gadget,909
484615,North,Widget,715
484618,North,Doohickey,624
484642,North,Gizmo,600
484649,North,Doohickey,784
484654,North,Widget,685
484663,North,Doohickey,645
484677,North,Widget,924
484681,North,Gadget,901
484691,North,Gizmo,851
484693,North,Gizmo,798
484714,North,Gizmo,919
484728,North,Doohickey,960
484733,North,Widget,535
484737,North,Gadget,703
484747,North,Gadget,999
484763,North,Widget,946
484764,North,Widget,840
484769,North,Doohickey,503
484787,North,Widget,672
484789,North,Gadget,719
484792,North,Gizmo,873
484794,North,Doohickey,548
484798,North,Doohickey,905
484807,North,Gadget,952
484833,North,Widget,997
484838,North,Gadget,850
484844,North,Doohickey,847
484850,North,Doohickey,922
484851,North,Widget,933
484856,North,Widget,668
484865,North,Gizmo,802
484866,North,Doohickey,935
484876,North,Gadget,544
484884,North,Gizmo,568
484886,North,Gadget,669
484888,North,Gadget,789
484908,North,Widget,712
484914,North,Gadget,671
484941,North,Widget,960
484947,North,Widget,939
484949,North,Gizmo,939
484952,North,Widget,943
484959,North,Gadget,731
484969,North,Widget,560
484970,North,Widget,852
484974,North,Doohickey,938
484975,North,Gizmo,730
484980,North,Gadget,861
484985,North,Gizmo,924
484994,North,Gadget,965
484995,North,Gizmo,776
485006,North,Gizmo,827
485012,North,Gadget,821
485028,North,Gadget,697
485030,North,Widget,718
485032,North,Gizmo,557
485055,North,Gizmo,822
485064,North,Doohickey,593
485077,North,Doohickey,547
485080,North,Gadget,538
485082,North,Widget,944
485084,North,Doohickey,861
485089,North,Gizmo,941
485092,North,Gizmo,861
485094,North,Gizmo,675
485103,North,Doohickey,583
485106,North,Doohickey,637
485117,North,Widget,692
485132,North,Doohickey,512
485150,North,Doohickey,580
485168,North,Widget,685
485169,North,Doohickey,858
485199,North,Gizmo,716
485207,North,Gizmo,635
485213,North,Gadget,910
485230,North,Gizmo,709
485234,North,Gizmo,955
485253,North,Doohickey,501
485259,North,Doohickey,948
485275,North,Gadget,936
485281,North,Gizmo,991
485291,North,Gadget,889
485292,North,Gadget,540
485296,North,Doohickey,733
485306,North,Widget,509
485309,North,Doohickey,581
485310,North,Doohickey,521
485314,North,Doohickey,919
485315,North,Widget,548
485327,North,Gizmo,758
485329,North,Widget,537
485336,North,Widget,868
485337,North,Gizmo,789
485348,North,Widget,894
485351,North,Gadget,714
485385,North,Doohickey,770
485391,North,Gizmo,867
485398,North,Gizmo,958
485406,North,Doohickey,600
485407,North,Doohickey,776
485408,North,Doohickey,544
485414,North,Gadget,909
485435,North,Widget,910
485439,North,Doohickey,574
485443,North,Gizmo,722
485453,North,Doohickey,641
485467,North,Gizmo,621
485472,North,Widget,967
485475,North,Gadget,554
485484,North,Widget,752
485493,North,Gadget,808
485499,North,Gadget,546
485502,North,Gizmo,819
485519,North,Doohickey,944
485534,North,Gadget,596
485535,North,Widget,578
485536,North,Widget,931
485561,North,Gizmo,770
485578,North,Gizmo,805
485580,North,Gadget,727
485581,North,Gizmo,855
485588,North,Gadget,831
485594,North,Widget,836
485599,North,Gadget,784
485607,North,Gadget,617
485612,North,Doohickey,892
485633,North,Doohickey,530
485638,North,Doohickey,731
485639,North,Gizmo,948
485650,North,Widget,599
485665,North,Widget,844
485672,North,Gizmo,677
485682,North,Gizmo,681
485689,North,Doohickey,658
485696,North,Gizmo,652
485704,North,Widget,662
485705,North,Widget,641
485710,North,Gadget,600
485733,North,Gadget,668
485751,North,Gadget,715
485754,North,Doohickey,943
485772,North,Gizmo,848
485773,North,Doohickey,823
485776,North,Gadget,778
485777,North,Gizmo,808
485778,North,Widget,565
485780,North,Gadget,740
485782,North,Widget,861
485814,North,Gizmo,577
485830,North,Gizmo,627
485838,North,Widget,880
485863,North,Gizmo,757
485868,North,Doohickey,659
485876,North,Gizmo,861
485882,North,Gadget,607
485884,North,Widget,828
485890,North,Gadget,853
485907,North,Gizmo,542
485916,North,Widget,994
485937,North,Gizmo,631
485967,North,Gizmo,582
485970,North,Gizmo,961
485972,North,Widget,752
485985,North,Widget,697
485996,North,Doohickey,639
485997,North,Gizmo,569
486009,North,Gadget,855
486030,North,Gadget,758
486031,North,Gizmo,522
486050,North,Gadget,716
486054,North,Doohickey,953
486068,North,Gadget,679
486071,North,Gizmo,800
486075,North,Gizmo,721
486083,North,Gizmo,698
486101,North,Doohickey,570
486106,North,Gadget,965
486110,North,Doohickey,863
486117,North,Gizmo,875
486132,North,Gadget,927
486136,North,Doohickey,813
486140,North,Gizmo,908
486145,North,Gadget,876
486146,North,Gadget,552
486163,North,Doohickey,672
486167,North,Gadget,648
486179,North,Gizmo,556
486199,North,Gizmo,564
486201,North,Gadget,801
486202,North,Doohickey,930
486207,North,Gadget,944
486227,North,Doohickey,811
486238,North,Gadget,942
486268,North,Gizmo,998
486279,North,Gadget,715
486282,North,Gadget,981
486293,North,Gizmo,944
486302,North,Widget,564
486325,North,Gadget,580
486330,North,Doohickey,687
486350,North,Gizmo,654
486353,North,Gizmo,630
486359,North,Gadget,818
486361,North,Widget,711
486368,North,Doohickey,827
486375,North,Widget,778
486379,North,Doohickey,559
486401,North,Widget,827
486411,North,Widget,743
486414,North,Doohickey,711
486416,North,Widget,533
486423,North,Gizmo,969
486424,North,Widget,993
486439,North,Gizmo,965
486446,North,Gadget,816
486447,North,Doohickey,836
486449,North,Gadget,955
486461,North,Gizmo,886
486482,North,Widget,833
486483,North,Doohickey,704
486488,North,Doohickey,736
486489,North,Gizmo,834
486500,North,Widget,522
486514,North,Gizmo,518
486515,North,Gadget,706
486521,North,Gizmo,940
486522,North,Doohickey,819
486527,North,Doohickey,779
486546,North,Widget,645
486549,North,Doohickey,881
486574,North,Doohickey,644
486581,North,Gadget,927
486586,North,Widget,591
486594,North,Widget,668
486597,North,Gizmo,956
486611,North,Widget,753
486619,North,Widget,878
486628,North,Doohickey,972
486648,North,Gadget,836
486654,North,Widget,911
486655,North,Gadget,952
486668,North,Gizmo,596
486674,North,Widget,982
486675,North,Gadget,632
486682,North,Gadget,754
486695,North,Doohickey,560
486696,North,Doohickey,882
486701,North,Widget,959
486703,North,Gizmo,565
486713,North,Doohickey,523
486725,North,Doohickey,523
486736,North,Widget,836
486738,North,Gizmo,949
486747,North,Gadget,866
486753,North,Gizmo,908
486772,North,Doohickey,607
486785,North,Gizmo,973
486833,North,Gadget,755
486843,North,Gadget,736
486866,North,Gizmo,805
486867,North,Gizmo,680
486868,North,Gadget,771
486872,North,Doohickey,992
486875,North,Widget,976
486886,North,Gadget,612
486888,North,Gizmo,549
486909,North,Doohickey,801
486913,North,Gadget,824
486914,North,Gadget,574
486923,North,Doohickey,670
486926,North,Widget,505
486928,North,Gadget,667
486931,North,Widget,810
486933,North,Widget,579
486945,North,Doohickey,981
486955,North,Gizmo,835
486974,North,Gizmo,633
486988,North,Gizmo,802
486991,North,Widget,603
486993,North,Widget,514
486999,North,Widget,714
487013,North,Doohickey,576
487018,North,Gizmo,712
487027,North,Gadget,636
487036,North,Gadget,963
487041,North,Gadget,618
487049,North,Widget,941
487054,North,Doohickey,526
487059,North,Gadget,648
487063,North,Doohickey,983
487083,North,Gadget,925
487100,North,Gadget,650
487103,North,Doohickey,532
487114,North,Gizmo,973
487137,North,Widget,957
487141,North,Gadget,994
487149,North,Gizmo,546
487154,North,Doohickey,926
487159,North,Widget,964
487161,North,Doohickey,951
487181,North,Doohickey,533
487182,North,Doohickey,890
487184,North,Gizmo,999
487192,North,Widget,606
487199,North,Gadget,998
487211,North,Gizmo,616
487215,North,Gizmo,778
487228,North,Widget,921
487230,North,Widget,580
487237,North,Gizmo,952
487254,North,Doohickey,825
487269,North,Widget,861
487273,North,Doohickey,662
487280,North,Gizmo,813
487281,North,Gizmo,724
487284,North,Widget,607
487291,North,Widget,770
487299,North,Gizmo,805
487300,North,Widget,856
487303,North,Widget,914
487314,North,Gizmo,881
487320,North,Doohickey,658
487329,North,Gadget,503
487331,North,Gadget,789
487333,North,Gadget,786
487337,North,Gizmo,637
487341,North,Doohickey,655
487342,North,Gadget,796
487360,North,Gadget,674
487367,North,Widget,753
487372,North,Doohickey,939
487381,North,Widget,897
487382,North,Widget,674
487399,North,Gizmo,958
487415,North,Gizmo,543
487417,North,Doohickey,505
487418,North,Widget,715
487427,North,Gadget,666
487430,North,Gizmo,896
487433,North,Doohickey,575
487439,North,Widget,689
487441,North,Gizmo,642
487445,North,Gadget,806
487454,North,Gadget,896
487455,North,Widget,917
487458,North,Doohickey,961
487475,North,Gadget,966
487498,North,Widget,898
487506,North,Gadget,998
487511,North,Gizmo,547
487532,North,Doohickey,501
487543,North,Widget,755
487544,North,Doohickey,539
487547,North,Doohickey,877
487561,North,Gizmo,841
487565,North,Doohickey,983
487584,North,Widget,565
487587,North,Gizmo,811
487589,North,Widget,938
487591,North,Widget,557
487602,North,Doohickey,822
487612,North,Widget,524
487617,North,Gizmo,736
487618,North,Widget,733
487630,North,Gadget,694
487635,North,Doohickey,884
487642,North,Widget,650
487647,North,Gadget,821
487659,North,Doohickey,891
487662,North,Gizmo,760
487669,North,Gadget,557
487684,North,Widget,723
487693,North,Gizmo,722
487701,North,Gadget,652
487704,North,Gizmo,596
487713,North,Widget,606
487722,North,Gizmo,960
487723,North,Gizmo,769
487727,North,Gizmo,846
487730,North,Gizmo,802
487739,North,Gizmo,936
487749,North,Doohickey,667
487750,North,Gadget,558
487753,North,Widget,842
487760,North,Gizmo,738
487766,North,Gadget,657
487784,North,Gizmo,853
487807,North,Widget,814
487815,North,Widget,636
487819,North,Gadget,977
487825,North,Widget,579
487839,North,Gadget,828
487851,North,Doohickey,826
487855,North,Doohickey,579
487860,North,Gizmo,576
487864,North,Gadget,582
487867,North,Gizmo,905
487868,North,Doohickey,730
487879,North,Gizmo,921
487887,North,Gadget,584
487901,North,Gizmo,840
487910,North,Doohickey,778
487912,North,Doohickey,537
487925,North,Doohickey,968
487928,North,Gadget,559
487938,North,Gizmo,693
487945,North,Doohickey,765
487950,North,Widget,681
487960,North,Widget,773
487968,North,Doohickey,541
487969,North,Gadget,933
487973,North,Doohickey,746
487984,North,Gadget,788
488020,North,Widget,815
488023,North,Widget,946
488025,North,Gizmo,881
488027,North,Doohickey,524
488041,North,Widget,935
488054,North,Doohickey,869
488056,North,Gizmo,794
488065,North,Widget,655
488079,North,Doohickey,846
488101,North,Widget,800
488104,North,Gizmo,923
488113,North,Doohickey,566
488117,North,Gizmo,943
488118,North,Widget,661
488124,North,Widget,515
488133,North,Widget,715
488141,North,Doohickey,659
488146,North,Gizmo,685
488150,North,Gadget,808
488151,North,Gizmo,541
488152,North,Gadget,546
488161,North,Gizmo,666
488167,North,Doohickey,727
488177,North,Widget,763
488178,North,Doohickey,756
488188,North,Widget,618
488205,North,Doohickey,794
488206,North,Gadget,530
488210,North,Doohickey,977
488215,North,Gizmo,927
488220,North,Gizmo,756
488224,North,Gadget,660
488230,North,Gadget,539
488231,North,Doohickey,666
488234,North,Doohickey,788
488236,North,Doohickey,765
488239,North,Widget,884
488240,North,Gadget,511
488257,North,Doohickey,911
488264,North,Gadget,556
488270,North,Widget,841
488279,North,Widget,772
488287,North,Gizmo,907
488288,North,Widget,922
488289,North,Doohickey,975
488297,North,Widget,505
488298,North,Doohickey,770
488307,North,Gadget,869
488310,North,Gizmo,617
488319,North,Gizmo,858
488320,North,Gadget,943
488335,North,Widget,588
488347,North,Doohickey,539
488352,North,Widget,990
488353,North,Gadget,657
488354,North,Doohickey,560
488360,North,Gadget,771
488366,North,Gadget,925
488374,North,Doohickey,537
488375,North,Widget,927
488378,North,Gadget,886
488380,North,Widget,993
488397,North,Doohickey,651
488409,North,Doohickey,735
488410,North,Doohickey,868
488412,North,Gizmo,752
488416,North,Widget,777
488440,North,Gadget,814
488457,North,Doohickey,783
488469,North,Widget,734
488475,North,Widget,627
488492,North,Gadget,590
488497,North,Doohickey,525
488509,North,Gizmo,786
488514,North,Doohickey,650
488515,North,Doohickey,777
488516,North,Widget,546
488522,North,Gadget,719
488530,North,Widget,556
488532,North,Widget,513
488534,North,Widget,559
488540,North,Doohickey,703
488550,North,Widget,568
488553,North,Widget,994
488560,North,Widget,793
488573,North,Gizmo,832
488579,North,Doohickey,959
488583,North,Doohickey,654
488592,North,Gizmo,711
488603,North,Doohickey,869
488616,North,Gizmo,678
488620,North,Gadget,793
488632,North,Gadget,636
488640,North,Gadget,956
488655,North,Widget,763
488659,North,Gadget,983
488671,North,Gadget,699
488687,North,Widget,831
488705,North,Widget,733
488706,North,Gizmo,849
488709,North,Gadget,562
488712,North,Doohickey,927
488717,North,Gizmo,595
488719,North,Widget,784
488723,North,Gizmo,869
488724,North,Gadget,590
488732,North,Doohickey,741
488733,North,Gadget,574
488734,North,Widget,610
488736,North,Gizmo,708
488755,North,Widget,981
488764,North,Gizmo,871
488779,North,Doohickey,922
488783,North,Doohickey,611
488784,North,Widget,931
488789,North,Gadget,699
488794,North,Doohickey,989
488804,North,Gizmo,935
488807,North,Widget,890
488808,North,Gizmo,869
488818,North,Gadget,785
488822,North,Widget,918
488835,North,Doohickey,799
488837,North,Gadget,584
488856,North,Gizmo,786
488858,North,Doohickey,679
488877,North,Widget,827
488884,North,Gadget,969
488889,North,Gadget,798
488922,North,Gizmo,663
488927,North,Widget,857
488932,North,Widget,883
488933,North,Doohickey,944
488967,North,Doohickey,602
488974,North,Widget,596
488978,North,Doohickey,643
488992,North,Doohickey,808
489005,North,Widget,693
489010,North,Widget,705
489017,North,Gadget,782
489022,North,Widget,538
489024,North,Gadget,569
489032,North,Widget,867
489040,North,Gizmo,549
489044,North,Widget,564
489060,North,Gadget,681
489065,North,Gadget,517
489079,North,Doohickey,509
489082,North,Gadget,874
489105,North,Gizmo,802
489109,North,Gizmo,902
489123,North,Doohickey,564
489137,North,Gadget,977
489144,North,Gizmo,745
489154,North,Gizmo,934
489156,North,Gizmo,999
489161,North,Gadget,846
489163,North,Doohickey,819
489170,North,Widget,839
489183,North,Doohickey,939
489185,North,Widget,556
489199,North,Gizmo,669
489213,North,Doohickey,977
489243,North,Gadget,880
489245,North,Gizmo,767
489260,North,Gizmo,990
489267,North,Gizmo,670
489274,North,Doohickey,696
489282,North,Gizmo,507
489283,North,Gadget,553
489284,North,Gadget,835
489288,North,Doohickey,664
489289,North,Doohickey,732
489293,North,Doohickey,707
489299,North,Widget,848
489302,North,Gizmo,914
489307,North,Gizmo,681
489332,North,Widget,543
489333,North,Gadget,789
489338,North,Widget,793
489341,North,Gadget,554
489348,North,Gadget,940
489362,North,Gadget,551
489365,North,Widget,724
489378,North,Doohickey,821
489388,North,Gizmo,834
489396,North,Gadget,755
489404,North,Widget,838
489412,North,Doohickey,630
489429,North,Widget,976
489442,North,Doohickey,521
489446,North,Widget,956
489457,North,Gadget,859
489460,North,Gadget,525
489465,North,Gadget,860
489472,North,Widget,769
489479,North,Widget,801
489497,North,Gizmo,523
489498,North,Gizmo,931
489502,North,Widget,628
489513,North,Gadget,785
489517,North,Doohickey,634
489528,North,Gizmo,538
489531,North,Widget,631
489538,North,Gizmo,724
489546,North,Gadget,918
489548,North,Widget,841
489553,North,Gadget,573
489557,North,Doohickey,622
489559,North,Doohickey,803
489560,North,Widget,526
489576,North,Doohickey,977
489577,North,Widget,569
489581,North,Gadget,571
489583,North,Doohickey,562
489611,North,Doohickey,939
489633,North,Gizmo,544
489634,North,Widget,913
489636,North,Gizmo,538
489641,North,Gizmo,596
489642,North,Widget,839
489643,North,Gadget,767
489648,North,Gadget,505
489649,North,Doohickey,959
489651,North,Gadget,884
489654,North,Gadget,779
489656,North,Doohickey,513
489657,North,Gadget,754
489665,North,Gadget,631
489671,North,Doohickey,967
489692,North,Doohickey,959
489708,North,Gizmo,724
489724,North,Widget,779
489729,North,Widget,549
489734,North,Gizmo,793
489738,North,Doohickey,839
489739,North,Gadget,739
489748,North,Widget,911
489760,North,Gadget,691
489761,North,Widget,529
489775,North,Doohickey,952
489786,North,Gadget,795
489793,North,Gizmo,626
489803,North,Doohickey,733
489804,North,Gadget,827
489815,North,Gadget,863
489816,North,Widget,974
489820,North,Gizmo,775
489825,North,Gadget,585
489828,North,Widget,809
489831,North,Doohickey,705
489834,North,Gizmo,540
489842,North,Gizmo,831
489857,North,Gadget,828
489858,North,Gizmo,957
489866,North,Doohickey,655
489876,North,Gadget,994
489894,North,Widget,928
489904,North,Gizmo,703
489905,North,Gizmo,951
489911,North,Gizmo,675
489918,North,Gadget,758
489919,North,Gadget,636
489926,North,Doohickey,639
489946,North,Gadget,654
489950,North,Doohickey,738
489959,North,Gizmo,601
489965,North,Gizmo,623
489968,North,Doohickey,786
489976,North,Doohickey,766
489987,North,Doohickey,744
490002,North,Gadget,660
490011,North,Widget,515
490023,North,Widget,894
490033,North,Widget,816
490042,North,Doohickey,863
490045,North,Widget,788
490046,North,Gizmo,841
490049,North,Widget,819
490081,North,Widget,626
490092,North,Gizmo,602
490097,North,Gizmo,967
490101,North,Gizmo,689
