id,region,product,amount_cents
8,North,Widget,594
9,North,Gadget,826
10,North,Widget,587
22,North,Widget,834
32,North,Widget,809
47,North,Gadget,745
48,North,Doohickey,805
50,North,Gizmo,548
53,North,Widget,810
70,North,Widget,800
75,North,Gizmo,535
96,North,Gadget,913
98,North,Doohickey,1000
108,North,Gadget,798
118,North,Gizmo,632
150,North,Gadget,813
155,North,Gizmo,675
161,North,Widget,880
170,North,Doohickey,589
180,North,Widget,748
185,North,Gizmo,803
192,North,Widget,952
194,North,Gizmo,592
197,North,Doohickey,638
210,North,Widget,703
211,North,Gadget,665
235,North,Widget,971
237,North,Doohickey,564
242,North,Widget,805
243,North,Gadget,579
245,North,Gizmo,526
289,North,Doohickey,785
290,North,Gadget,798
293,North,Doohickey,830
315,North,Gizmo,728
316,North,Gadget,663
350,North,Gizmo,711
372,North,Gizmo,925
379,North,Gadget,927
383,North,Gizmo,629
384,North,Doohickey,955
406,North,Widget,736
415,North,Gadget,623
417,North,Doohickey,773
419,North,Gadget,959
428,North,Widget,731
429,North,Widget,838
431,North,Doohickey,535
452,North,Gizmo,658
459,North,Widget,605
465,North,Doohickey,856
477,North,Doohickey,725
484,North,Gadget,698
488,North,Doohickey,636
495,North,Gadget,932
502,North,Doohickey,663
505,North,Widget,731
506,North,Doohickey,944
544,North,Gadget,897
581,North,Gadget,572
597,North,Gadget,764
604,North,Gadget,749
610,North,Gizmo,830
612,North,Widget,565
627,North,Doohickey,853
629,North,Gizmo,883
631,North,Gadget,779
635,North,Widget,660
654,North,Gadget,811
674,North,Gadget,541
697,North,Gizmo,928
746,North,Doohickey,542
755,North,Gizmo,531
769,North,Doohickey,994
770,North,Doohickey,707
772,North,Gadget,784
782,North,Doohickey,645
787,North,Doohickey,734
792,North,Gadget,801
801,North,Gizmo,658
825,North,Widget,574
828,North,Gizmo,782
831,North,Gizmo,606
835,North,Gizmo,730
840,North,Gizmo,850
852,North,Doohickey,606
855,North,Doohickey,630
876,North,Gadget,713
884,North,Gizmo,532
892,North,Widget,881
907,North,Widget,686
908,North,Widget,558
921,North,Gadget,903
923,North,Doohickey,642
927,North,Widget,636
956,North,Gizmo,521
958,North,Gadget,822
970,North,Gizmo,876
972,North,Gadget,599
975,North,Gizmo,808
976,North,Widget,684
979,North,Widget,641
982,North,Widget,921
1003,North,Doohickey,825
1013,North,Gadget,550
1021,North,Gizmo,542
1023,North,Gadget,719
1054,North,Gizmo,982
1064,North,Gadget,852
1070,North,Widget,996
1074,North,Gizmo,687
1097,North,Gizmo,810
1105,North,Gadget,988
1113,North,Doohickey,602
1117,North,Widget,790
1125,North,Widget,919
1127,North,Gizmo,585
1142,North,Gizmo,727
1143,North,Gizmo,557
1186,North,Doohickey,761
1206,North,Gadget,743
1209,North,Gizmo,919
1211,North,Doohickey,645
1217,North,Gadget,763
1235,North,Widget,789
1244,North,Gizmo,744
1248,North,Gadget,614
1261,North,Doohickey,557
1278,North,Doohickey,871
1304,North,Doohickey,669
1314,North,Widget,918
1317,North,Gizmo,602
1318,North,Doohickey,568
1321,North,Doohickey,738
1325,North,Gadget,704
1339,North,Gadget,827
1341,North,Doohickey,1000
1342,North,Gizmo,850
1373,North,Widget,730
1376,North,Gizmo,614
1395,North,Gizmo,585
1399,North,Gadget,685
1400,North,Doohickey,752
1404,North,Doohickey,965
1409,North,Widget,553
1410,North,Doohickey,507
1413,North,Widget,826
1429,North,Widget,531
1433,North,Widget,591
1450,North,Gizmo,755
1465,North,Gizmo,675
1467,North,Gadget,561
1468,North,Gizmo,656
1471,North,Gadget,857
1479,North,Widget,745
1485,North,Gadget,645
1520,North,Widget,950
1531,North,Doohickey,813
1532,North,Widget,863
1538,North,Widget,524
1552,North,Widget,794
1562,North,Gadget,748
1565,North,Doohickey,872
1577,North,Widget,959
1585,North,Gizmo,891
1586,North,Widget,813
1605,North,Doohickey,943
1610,North,Gizmo,668
1614,North,Doohickey,557
1617,North,Doohickey,643
1633,North,Gadget,601
1634,North,Gadget,584
1644,North,Gizmo,921
1646,North,Gadget,773
1659,North,Doohickey,795
1660,North,Gadget,734
1687,North,Gizmo,687
1696,North,Gizmo,613
1709,North,Gadget,708
1710,North,Widget,994
1715,North,Gadget,630
1716,North,Widget,826
1751,North,Gizmo,537
1752,North,Gizmo,560
1753,North,Gadget,823
1771,North,Gizmo,539
1772,North,Doohickey,609
1794,North,Doohickey,861
1797,North,Gadget,650
1799,North,Widget,663
1807,North,Widget,723
1811,North,Doohickey,972
1821,North,Gizmo,801
1823,North,Doohickey,559
1829,North,Doohickey,610
1845,North,Gadget,859
1849,North,Doohickey,748
1862,North,Doohickey,546
1863,North,Gizmo,607
1878,North,Gadget,604
1886,North,Gizmo,816
1895,North,Gizmo,976
1904,North,Doohickey,621
1913,North,Doohickey,977
1914,North,Widget,693
1928,North,Widget,844
1945,North,Doohickey,772
1975,North,Gizmo,602
1981,North,Gadget,634
1986,North,Doohickey,908
1994,North,Gadget,897
2006,North,Gizmo,762
2010,North,Doohickey,811
2013,North,Widget,602
2022,North,Widget,662
2028,North,Widget,683
2034,North,Gadget,671
2056,North,Widget,625
2062,North,Gadget,897
2084,North,Gadget,775
2094,North,Gadget,582
2100,North,Widget,704
2111,North,Widget,983
2113,North,Gizmo,556
2122,North,Gizmo,831
2138,North,Gizmo,824
2142,North,Doohickey,585
2145,North,Gizmo,923
2148,North,Gizmo,965
2182,North,Gadget,535
2188,North,Gizmo,690
2194,North,Gizmo,698
2196,North,Gadget,900
2203,North,Gizmo,971
2212,North,Gizmo,640
2216,North,Widget,891
2226,North,Gadget,727
2235,North,Gizmo,670
2245,North,Gizmo,800
2259,North,Gadget,807
2262,North,Doohickey,856
2268,North,Gizmo,993
2274,North,Gizmo,747
2275,North,Doohickey,921
2278,North,Widget,960
2285,North,Gadget,699
2298,North,Widget,565
2301,North,Doohickey,648
2302,North,Gizmo,669
2308,North,Gizmo,675
2317,North,Widget,666
2321,North,Gadget,791
2342,North,Gadget,586
2358,North,Gizmo,917
2360,North,Gadget,796
2361,North,Widget,560
2368,North,Doohickey,540
2369,North,Gadget,574
2375,North,Widget,736
2383,North,Widget,902
2388,North,Gadget,898
2389,North,Gadget,619
2391,North,Gizmo,743
2392,North,Widget,833
2394,North,Gadget,598
2396,North,Widget,949
2398,North,Gizmo,660
2400,North,Gadget,758
2411,North,Gadget,927
2413,North,Widget,698
2415,North,Doohickey,919
2423,North,Gizmo,844
2431,North,Doohickey,901
2432,North,Gadget,802
2433,North,Gadget,891
2443,North,Gadget,689
2445,North,Gizmo,663
2448,North,Gadget,541
2458,North,Gadget,626
2461,North,Widget,517
2473,North,Gizmo,767
2474,North,Doohickey,778
2483,North,Gizmo,918
2484,North,Gizmo,557
2493,North,Gizmo,805
2498,North,Gadget,546
2508,North,Gadget,531
2512,North,Doohickey,903
2542,North,Widget,888
2557,North,Gadget,933
2563,North,Widget,928
2564,North,Gadget,869
2585,North,Doohickey,948
2586,North,Gizmo,890
2589,North,Gadget,699
2604,North,Gadget,719
2606,North,Widget,745
2613,North,Doohickey,842
2620,North,Gizmo,951
2623,North,Gadget,592
2629,North,Doohickey,712
2645,North,Gizmo,852
2650,North,Doohickey,825
2653,North,Doohickey,947
2662,North,Widget,643
2664,North,Widget,642
2676,North,Gadget,697
2680,North,Gizmo,669
2681,North,Gadget,741
2684,North,Gizmo,747
2696,North,Gadget,635
2714,North,Widget,575
2721,North,Gadget,957
2725,North,Doohickey,587
2731,North,Gadget,985
2734,North,Gadget,871
2736,North,Gizmo,513
2762,North,Widget,901
2773,North,Widget,865
2774,North,Gizmo,729
2777,North,Widget,514
2782,North,Doohickey,519
2801,North,Widget,726
2806,North,Gizmo,800
2826,North,Doohickey,785
2834,North,Gadget,833
2836,North,Widget,627
2841,North,Gadget,905
2844,North,Doohickey,561
2847,North,Widget,801
2848,North,Widget,918
2850,North,Doohickey,676
2861,North,Widget,672
2866,North,Doohickey,844
2888,North,Gadget,922
2898,North,Gizmo,519
2901,North,Gadget,677
2912,North,Gadget,823
2921,North,Widget,636
2925,North,Doohickey,722
2928,North,Gadget,776
2947,North,Doohickey,540
2961,North,Widget,658
2962,North,Gizmo,641
2972,North,Gadget,589
2973,North,Widget,532
2974,North,Doohickey,599
2981,North,Gizmo,976
2982,North,Widget,856
2989,North,Widget,745
3003,North,Gizmo,805
3004,North,Doohickey,942
3012,North,Doohickey,993
3013,North,Doohickey,872
3015,North,Gizmo,802
3016,North,Doohickey,760
3017,North,Gadget,966
3020,North,Widget,877
3033,North,Doohickey,695
3048,North,Gizmo,903
3049,North,Widget,504
3052,North,Gizmo,955
3061,North,Gadget,669
3062,North,Widget,572
3067,North,Gizmo,953
3071,North,Widget,918
3085,North,Gadget,695
3093,North,Gizmo,784
3099,North,Gizmo,684
3134,North,Gadget,866
3144,North,Doohickey,521
3146,North,Widget,914
3152,North,Gadget,535
3154,North,Widget,905
3158,North,Gadget,988
3183,North,Doohickey,511
3188,North,Gadget,730
3192,North,Widget,529
3203,North,Gizmo,922
3206,North,Gadget,505
3220,North,Doohickey,562
3223,North,Widget,740
3224,North,Doohickey,507
3225,North,Gizmo,998
3226,North,Doohickey,976
3232,North,Gadget,594
3238,North,Doohickey,594
3256,North,Gadget,574
3258,North,Widget,936
3259,North,Gadget,630
3269,North,Gizmo,729
3275,North,Doohickey,919
3287,North,Gadget,612
3291,North,Gizmo,659
3295,North,Gadget,769
3296,North,Doohickey,596
3313,North,Gizmo,709
3314,North,Gadget,590
3320,North,Gadget,567
3342,North,Doohickey,548
3343,North,Widget,943
3348,North,Gizmo,710
3358,North,Gadget,824
3362,North,Gizmo,881
3372,North,Widget,853
3373,North,Doohickey,823
3375,North,Gizmo,891
3397,North,Gizmo,738
3399,North,Widget,852
3404,North,Widget,670
3406,North,Gadget,501
3414,North,Doohickey,619
3428,North,Widget,748
3434,North,Gizmo,952
3441,North,Widget,505
3443,North,Doohickey,878
3453,North,Gadget,653
3465,North,Gizmo,961
3469,North,Doohickey,515
3471,North,Gadget,710
3473,North,Widget,799
3486,North,Gizmo,556
3496,North,Widget,519
3502,North,Gizmo,994
3503,North,Gadget,734
3520,North,Gadget,621
3535,North,Gizmo,935
3542,North,Widget,604
3554,North,Gadget,922
3568,North,Widget,679
3574,North,Gadget,514
3592,North,Gadget,621
3594,North,Widget,565
3600,North,Widget,633
3602,North,Gadget,960
3605,North,Gadget,811
3608,North,Widget,877
3616,North,Gadget,570
3620,North,Widget,842
3638,North,Gadget,662
3650,North,Gizmo,650
3654,North,Doohickey,961
3662,North,Widget,589
3665,North,Gadget,644
3670,North,Doohickey,643
3679,North,Gizmo,801
3680,North,Gadget,710
3685,North,Doohickey,813
3687,North,Gadget,839
3696,North,Widget,632
3700,North,Doohickey,934
3701,North,Gadget,886
3707,North,Doohickey,852
3717,North,Gizmo,529
3719,North,Gadget,614
3723,North,Gadget,698
3724,North,Gadget,695
3727,North,Doohickey,601
3747,North,Gizmo,923
3748,North,Gadget,950
3755,North,Gadget,760
3756,North,Doohickey,640
3770,North,Widget,826
3777,North,Widget,797
3781,North,Gizmo,780
3790,North,Gizmo,841
3794,North,Gizmo,631
3798,North,Doohickey,958
3809,North,Widget,713
3810,North,Widget,858
3817,North,Widget,873
3824,North,Gadget,614
3828,North,Widget,768
3850,North,Widget,828
3858,North,Widget,600
3859,North,Widget,746
3866,North,Gadget,619
3880,North,Gadget,780
3883,North,Gizmo,688
3892,North,Doohickey,996
3895,North,Gadget,803
3898,North,Widget,932
3901,North,Gizmo,969
3920,North,Doohickey,763
3925,North,Doohickey,677
3943,North,Gizmo,819
3966,North,Widget,805
3971,North,Gadget,975
3998,North,Widget,932
4000,North,Widget,501
4004,North,Doohickey,968
4007,North,Gadget,986
4019,North,Gadget,799
4022,North,Gadget,611
4051,North,Gizmo,711
4053,North,Doohickey,664
4058,North,Gizmo,612
4060,North,Gizmo,592
4076,North,Doohickey,859
4082,North,Doohickey,964
4093,North,Gizmo,927
4128,North,Doohickey,758
4129,North,Widget,586
4131,North,Widget,986
4133,North,Gadget,652
4146,North,Gadget,983
4156,North,Gadget,538
4169,North,Doohickey,789
4174,North,Gizmo,594
4191,North,Doohickey,796
4198,North,Doohickey,805
4203,North,Gizmo,831
4210,North,Doohickey,564
4215,North,Widget,877
4217,North,Gizmo,818
4219,North,Gadget,783
4225,North,Gadget,769
4234,North,Doohickey,801
4237,North,Gizmo,891
4240,North,Gizmo,782
4244,North,Gadget,770
4263,North,Gadget,623
4264,North,Gadget,906
4269,North,Doohickey,983
4274,North,Widget,818
4276,North,Gadget,775
4282,North,Widget,792
4296,North,Doohickey,654
4302,North,Gizmo,537
4323,North,Widget,882
4326,North,Gizmo,927
4334,North,Gadget,939
4338,North,Gizmo,915
4341,North,Gizmo,555
4343,North,Gadget,591
4344,North,Widget,754
4355,North,Gadget,735
4365,North,Gizmo,974
4371,North,Widget,806
4398,North,Gadget,632
4412,North,Doohickey,669
4414,North,Doohickey,672
4418,North,Gadget,591
4419,North,Doohickey,615
4423,North,Doohickey,788
4429,North,Doohickey,977
4443,North,Widget,584
4452,North,Gizmo,569
4455,North,Doohickey,952
4457,North,Doohickey,641
4459,North,Widget,638
4465,North,Gizmo,819
4471,North,Gadget,844
4482,North,Gadget,857
4490,North,Widget,815
4501,North,Gadget,860
4505,North,Gadget,536
4507,North,Doohickey,716
4514,North,Gizmo,571
4516,North,Doohickey,603
4530,North,Gadget,951
4533,North,Widget,847
4535,North,Widget,877
4548,North,Widget,613
4570,North,Doohickey,643
4573,North,Widget,810
4577,North,Gizmo,692
4581,North,Doohickey,574
4598,North,Gadget,603
4599,North,Gizmo,874
4601,North,Gadget,599
4603,North,Doohickey,702
4604,North,Gizmo,723
4606,North,Gizmo,613
4609,North,Widget,769
4615,North,Gizmo,833
4626,North,Gadget,881
4637,North,Gizmo,660
4660,North,Doohickey,516
4667,North,Gizmo,519
4670,North,Doohickey,857
4685,North,Gizmo,671
4689,North,Doohickey,584
4690,North,Widget,816
4693,North,Gizmo,849
4705,North,Widget,598
4707,North,Gizmo,853
4712,North,Gizmo,684
4722,North,Doohickey,889
4730,North,Widget,556
4739,North,Widget,598
4740,North,Widget,572
4748,North,Doohickey,908
4751,North,Widget,784
4789,North,Gizmo,839
4798,North,Widget,643
4804,North,Widget,614
4806,North,Gadget,701
4807,North,Doohickey,691
4809,North,Gadget,695
4823,North,Doohickey,858
4831,North,Gizmo,940
4850,North,Gizmo,739
4872,North,Gadget,977
4873,North,Gadget,557
4883,North,Doohickey,603
4887,North,Widget,848
4902,North,Gadget,923
4903,North,Gadget,796
4907,North,Doohickey,646
4913,North,Widget,729
4919,North,Widget,811
4920,North,Widget,661
4940,North,Widget,634
4961,North,Widget,941
4964,North,Gadget,561
4974,North,Gadget,503
4978,North,Gizmo,665
4983,North,Doohickey,974
4994,North,Doohickey,720
4995,North,Widget,756
5001,North,Doohickey,505
5005,North,Widget,597
5015,North,Gadget,747
5032,North,Gadget,807
5034,North,Doohickey,944
5036,North,Doohickey,785
5039,North,Doohickey,754
5040,North,Gizmo,629
5047,North,Widget,884
5096,North,Gizmo,939
5111,North,Gadget,791
5118,North,Gadget,513
5123,North,Gizmo,921
5124,North,Gizmo,883
5125,North,Doohickey,825
5133,North,Doohickey,545
5135,North,Gadget,616
5143,North,Doohickey,581
5160,North,Gadget,823
5184,North,Gizmo,657
5185,North,Widget,757
5200,North,Doohickey,858
5203,North,Gadget,645
5206,North,Gadget,524
5208,North,Widget,712
5215,North,Doohickey,994
5220,North,Gadget,827
5222,North,Doohickey,675
5229,North,Gizmo,716
5230,North,Gadget,810
5234,North,Gizmo,611
5241,North,Doohickey,735
5243,North,Gadget,996
5260,North,Widget,660
5276,North,Doohickey,564
5287,North,Widget,535
5289,North,Gizmo,891
5303,North,Doohickey,868
5306,North,Gadget,509
5308,North,Gadget,674
5314,North,Gizmo,919
5322,North,Gizmo,681
5325,North,Widget,795
5326,North,Widget,748
5346,North,Doohickey,700
5350,North,Gadget,884
5351,North,Gizmo,885
5357,North,Gizmo,869
5370,North,Gizmo,638
5378,North,Doohickey,769
5379,North,Widget,764
5382,North,Gadget,902
5384,North,Gadget,639
5392,North,Widget,676
5394,North,Widget,680
5396,North,Widget,532
5399,North,Gadget,846
5406,North,Doohickey,566
5407,North,Gadget,588
5412,North,Doohickey,833
5421,North,Widget,514
5423,North,Widget,565
5434,North,Doohickey,919
5436,North,Widget,811
5437,North,Gizmo,957
5438,North,Gizmo,959
5440,North,Widget,871
5450,North,Doohickey,936
5459,North,Gizmo,864
5480,North,Doohickey,777
5487,North,Gadget,927
5490,North,Doohickey,612
5493,North,Widget,975
5494,North,Gizmo,714
5509,North,Gadget,988
5515,North,Doohickey,529
5524,North,Gadget,771
5548,North,Widget,915
5551,North,Gizmo,618
5555,North,Gadget,686
5557,North,Widget,852
5575,North,Doohickey,653
5578,North,Widget,731
5589,North,Gadget,894
5591,North,Doohickey,737
5610,North,Widget,950
5622,North,Gizmo,675
5625,North,Gadget,705
5639,North,Widget,956
5645,North,Gadget,652
5655,North,Widget,882
5664,North,Doohickey,562
5667,North,Gadget,921
5672,North,Doohickey,698
5687,North,Widget,896
5693,North,Gizmo,592
5703,North,Gadget,717
5736,North,Doohickey,609
5756,North,Doohickey,968
5770,North,Gizmo,901
5773,North,Gizmo,871
5786,North,Widget,858
5789,North,Widget,674
5792,North,Widget,587
5795,North,Widget,612
5804,North,Gadget,542
5812,North,Widget,611
5817,North,Gadget,956
5818,North,Widget,534
5823,North,Gizmo,692
5825,North,Widget,917
5828,North,Doohickey,756
5832,North,Widget,678
5842,North,Gadget,662
5844,North,Gadget,800
5853,North,Gadget,757
5854,North,Gadget,718
5860,North,Gizmo,789
5863,North,Gizmo,841
5876,North,Widget,567
5888,North,Gizmo,595
5890,North,Gizmo,545
5895,North,Gadget,660
5897,North,Widget,676
5900,North,Gizmo,678
5905,North,Gizmo,988
5912,North,Doohickey,747
5918,North,Doohickey,861
5927,North,Doohickey,780
5949,North,Gizmo,793
5961,North,Gizmo,742
5964,North,Doohickey,702
5969,North,Gadget,811
5970,North,Doohickey,605
5973,North,Gadget,713
5975,North,Gadget,555
5979,North,Widget,661
5981,North,Gizmo,582
5990,North,Gizmo,501
5995,North,Doohickey,932
5996,North,Gadget,906
6002,North,Gizmo,568
6014,North,Widget,898
6024,North,Gadget,942
6043,North,Widget,608
6058,North,Gadget,811
6064,North,Doohickey,910
6076,North,Gizmo,736
6086,North,Doohickey,955
6106,North,Doohickey,524
6127,North,Gadget,816
6129,North,Gadget,755
6139,North,Gadget,660
6142,North,Gadget,761
6149,North,Widget,730
6152,North,Gadget,576
6155,North,Gadget,619
6165,North,Widget,598
6172,North,Gizmo,529
6180,North,Widget,811
6181,North,Gadget,525
6192,North,Gizmo,657
6198,North,Doohickey,835
6201,North,Gadget,658
6204,North,Gadget,773
6216,North,Doohickey,886
6234,North,Widget,646
6254,North,Gadget,728
6268,North,Gadget,699
6286,North,Gizmo,914
6300,North,Gizmo,865
6303,North,Doohickey,972
6307,North,Doohickey,811
6318,North,Gizmo,549
6320,North,Gizmo,959
6328,North,Gadget,991
6329,North,Widget,658
6331,North,Widget,717
6334,North,Gadget,694
6342,North,Doohickey,803
6347,North,Doohickey,818
6362,North,Gadget,544
6386,North,Gizmo,748
6396,North,Gizmo,840
6416,North,Doohickey,546
6417,North,Gizmo,658
6423,North,Gadget,777
6424,North,Gadget,959
6431,North,Gizmo,940
6433,North,Gizmo,693
6446,North,Gadget,576
6450,North,Gadget,938
6453,North,Doohickey,822
6462,North,Gadget,832
6465,North,Widget,657
6467,North,Widget,677
6468,North,Gadget,838
6475,North,Doohickey,722
6483,North,Doohickey,940
6486,North,Gadget,923
6488,North,Gadget,704
6489,North,Widget,501
6495,North,Gadget,893
6498,North,Gizmo,539
6517,North,Widget,654
6524,North,Gadget,976
6535,North,Doohickey,992
6539,North,Gadget,699
6540,North,Gadget,858
6542,North,Gadget,902
6545,North,Widget,759
6552,North,Gizmo,955
6559,North,Gadget,560
6566,North,Gizmo,707
6584,North,Gadget,524
6586,North,Widget,915
6592,North,Doohickey,586
6606,North,Gizmo,765
6620,North,Gizmo,583
6659,North,Doohickey,981
6661,North,Doohickey,851
6662,North,Gadget,928
6663,North,Gizmo,795
6670,North,Doohickey,928
6681,North,Widget,707
6692,North,Gadget,972
6693,North,Gizmo,899
6700,North,Gadget,910
6702,North,Widget,691
6707,North,Gizmo,977
6715,North,Doohickey,534
6724,North,Gadget,777
6736,North,Gizmo,718
6737,North,Widget,520
6746,North,Doohickey,526
6749,North,Gizmo,878
6752,North,Widget,720
6756,North,Doohickey,919
6757,North,Widget,783
6758,North,Widget,742
6763,North,Widget,866
6771,North,Gadget,609
6772,North,Widget,774
6774,North,Widget,584
6778,North,Widget,594
6791,North,Widget,923
6795,North,Gadget,629
6798,North,Doohickey,675
6806,North,Gizmo,727
6809,North,Widget,782
6811,North,Gizmo,505
6818,North,Widget,641
6833,North,Doohickey,986
6837,North,Doohickey,706
6845,North,Doohickey,917
6846,North,Gizmo,869
6852,North,Doohickey,916
6861,North,Doohickey,507
6881,North,Gizmo,639
6896,North,Widget,626
6901,North,Widget,505
6912,North,Doohickey,554
6917,North,Gadget,767
6921,North,Gadget,687
6929,North,Widget,662
6933,North,Gadget,861
6938,North,Widget,822
6939,North,Gizmo,627
6954,North,Doohickey,571
6956,North,Gizmo,991
6978,North,Doohickey,731
6982,North,Gizmo,590
6987,North,Widget,712
6989,North,Gizmo,554
6998,North,Widget,996
7001,North,Gadget,564
7012,North,Doohickey,767
7017,North,Widget,827
7028,North,Gizmo,925
7033,North,Gadget,999
7037,North,Gizmo,507
7057,North,Gizmo,811
7069,North,Widget,742
7071,North,Gizmo,697
7072,North,Doohickey,697
7096,North,Widget,656
7099,North,Widget,985
7100,North,Widget,735
7104,North,Gadget,985
7122,North,Gadget,950
7130,North,Widget,640
7132,North,Doohickey,646
7140,North,Gadget,550
7154,North,Gizmo,736
7171,North,Doohickey,732
7177,North,Doohickey,939
7204,North,Widget,525
7227,North,Gadget,893
7229,North,Gizmo,888
7243,North,Widget,843
7253,North,Widget,819
7266,North,Gadget,709
7267,North,Gadget,684
7306,North,Gizmo,515
7308,North,Widget,961
7310,North,Gizmo,969
7323,North,Doohickey,699
7333,North,Widget,744
7334,North,Gizmo,969
7340,North,Widget,537
7346,North,Gadget,815
7354,North,Doohickey,919
7359,North,Gizmo,926
7368,North,Widget,840
7371,North,Doohickey,580
7377,North,Widget,721
7379,North,Gadget,902
7386,North,Gadget,638
7392,North,Widget,511
7393,North,Gizmo,718
7397,North,Doohickey,612
7399,North,Gizmo,885
7401,North,Gadget,918
7414,North,Gadget,932
7418,North,Widget,873
7419,North,Doohickey,782
7422,North,Doohickey,617
7425,North,Doohickey,689
7431,North,Gizmo,562
7433,North,Doohickey,694
7435,North,Gizmo,531
7442,North,Gizmo,624
7446,North,Widget,917
7453,North,Gadget,842
7466,North,Widget,574
7477,North,Gadget,914
7497,North,Doohickey,885
7498,North,Widget,679
7502,North,Doohickey,702
7506,North,Doohickey,867
7509,North,Doohickey,583
7512,North,Gadget,861
7518,North,Gizmo,590
7527,North,Doohickey,739
7532,North,Gizmo,540
7535,North,Gadget,627
7536,North,Gadget,571
7546,North,Gizmo,686
7550,North,Widget,515
7560,North,Doohickey,986
7566,North,Gadget,816
7569,North,Widget,798
7570,North,Gadget,521
7572,North,Doohickey,565
7591,North,Doohickey,876
7593,North,Gadget,702
7597,North,Widget,637
7600,North,Doohickey,759
7608,North,Widget,852
7622,North,Gizmo,806
7624,North,Gizmo,828
7625,North,Doohickey,811
7643,North,Gizmo,858
7645,North,Doohickey,652
7663,North,Doohickey,576
7667,North,Gadget,874
7676,North,Doohickey,903
7677,North,Widget,827
7678,North,Widget,780
7679,North,Gadget,759
7681,North,Widget,709
7699,North,Gizmo,710
7708,North,Widget,761
7721,North,Doohickey,703
7729,North,Gadget,554
7731,North,Doohickey,516
7733,North,Gadget,787
7734,North,Gadget,986
7749,North,Doohickey,521
7770,North,Widget,980
7773,North,Doohickey,966
7776,North,Doohickey,729
7787,North,Gizmo,767
7791,North,Gadget,807
7794,North,Gadget,778
7797,North,Doohickey,939
7803,North,Widget,602
7804,North,Widget,994
7805,North,Gizmo,768
7807,North,Gizmo,861
7812,North,Gizmo,726
7830,North,Gizmo,652
7836,North,Widget,778
7838,North,Widget,973
7846,North,Doohickey,777
7848,North,Gadget,856
7873,North,Widget,648
7875,North,Gizmo,844
7877,North,Doohickey,977
7889,North,Doohickey,534
7895,North,Gizmo,905
7900,North,Doohickey,839
7908,North,Gizmo,636
7924,North,Gadget,668
7929,North,Gizmo,763
7931,North,Gizmo,556
7948,North,Widget,914
7976,North,Gadget,596
7997,North,Widget,622
8005,North,Doohickey,584
8029,North,Gadget,780
8030,North,Gizmo,738
8050,North,Widget,969
8060,North,Gadget,577
8096,North,Doohickey,938
8113,North,Doohickey,725
8116,North,Doohickey,701
8117,North,Gadget,775
8123,North,Doohickey,681
8124,North,Doohickey,972
8125,North,Widget,884
8127,North,Widget,894
8148,North,Doohickey,910
8173,North,Widget,513
8176,North,Gizmo,533
8185,North,Widget,815
8191,North,Gadget,564
8195,North,Gizmo,951
8198,North,Widget,643
8201,North,Doohickey,629
8211,North,Widget,548
8219,North,Widget,933
8220,North,Gadget,663
8221,North,Widget,980
8235,North,Gizmo,961
8246,North,Widget,581
8248,North,Gadget,778
8250,North,Gizmo,583
8262,North,Doohickey,886
8266,North,Gizmo,623
8269,North,Doohickey,530
8270,North,Gadget,967
8276,North,Gadget,881
8280,North,Gadget,646
8292,North,Widget,868
8335,North,Gizmo,996
8347,North,Widget,923
8348,North,Gizmo,817
8354,North,Gizmo,880
8363,North,Gadget,694
8368,North,Widget,823
8375,North,Widget,775
8381,North,Gizmo,603
8387,North,Widget,683
8400,North,Gizmo,678
8408,North,Gizmo,981
8413,North,Gadget,800
8419,North,Widget,509
8423,North,Gizmo,576
8428,North,Gizmo,560
8440,North,Gizmo,661
8444,North,Gizmo,883
8445,North,Widget,980
8459,North,Gizmo,905
8467,North,Gadget,986
8494,North,Gadget,952
8495,North,Gadget,802
8507,North,Gizmo,994
8541,North,Doohickey,869
8547,North,Gadget,699
8552,North,Doohickey,886
8553,North,Gadget,990
8554,North,Gizmo,988
8566,North,Gadget,968
8573,North,Widget,764
8576,North,Doohickey,745
8579,North,Gadget,516
8580,North,Widget,534
8582,North,Doohickey,950
8584,North,Doohickey,889
8586,North,Gizmo,926
8592,North,Gadget,531
8608,North,Doohickey,982
8611,North,Gizmo,830
8617,North,Gadget,613
8626,North,Gadget,521
8633,North,Doohickey,922
8635,North,Doohickey,605
8636,North,Gizmo,562
8637,North,Widget,711
8640,North,Gadget,703
8641,North,Widget,793
8648,North,Gizmo,801
8666,North,Gizmo,853
8670,North,Doohickey,746
8676,North,Doohickey,684
8683,North,Gizmo,728
8688,North,Widget,550
8693,North,Gizmo,816
8700,North,Gizmo,519
8701,North,Gizmo,782
8720,North,Gadget,674
8722,North,Doohickey,645
8732,North,Doohickey,733
8743,North,Doohickey,539
8746,North,Gadget,852
8749,North,Widget,748
8750,North,Doohickey,941
8771,North,Widget,842
8773,North,Widget,671
8792,North,Doohickey,983
8795,North,Gadget,951
8805,North,Doohickey,840
8811,North,Doohickey,737
8823,North,Doohickey,816
8832,North,Widget,529
8876,North,Gadget,925
8897,North,Doohickey,580
8912,North,Doohickey,532
8920,North,Doohickey,984
8939,North,Gadget,644
8967,North,Gizmo,563
8987,North,Gizmo,716
8995,North,Widget,944
9010,North,Widget,974
9015,North,Gizmo,983
9022,North,Doohickey,546
9035,North,Gadget,835
9038,North,Widget,869
9043,North,Doohickey,808
9046,North,Widget,971
9050,North,Doohickey,780
9054,North,Gizmo,567
9078,North,Gadget,980
9081,North,Gizmo,917
9087,North,Widget,825
9093,North,Doohickey,790
9099,North,Widget,828
9102,North,Widget,720
9106,North,Doohickey,797
9120,North,Doohickey,888
9133,North,Gadget,620
9139,North,Gadget,717
9147,North,Doohickey,857
9152,North,Doohickey,896
9153,North,Gadget,852
9157,North,Gizmo,509
9162,North,Widget,940
9170,North,Widget,666
9173,North,Gizmo,876
9177,North,Gadget,986
9178,North,Gadget,684
9181,North,Doohickey,742
9187,North,Widget,632
9188,North,Widget,997
9198,North,Doohickey,750
9215,North,Widget,800
9221,North,Gadget,570
9229,North,Gadget,811
9236,North,Gizmo,924
9237,North,Gadget,968
9244,North,Widget,623
9254,North,Gizmo,527
9274,North,Gadget,602
9275,North,Doohickey,974
9298,North,Gizmo,688
9302,North,Widget,579
9317,North,Doohickey,733
9319,North,Gizmo,925
9336,North,Widget,950
9349,North,Widget,691
9363,North,Gizmo,700
9377,North,Gizmo,541
9384,North,Widget,702
9387,North,Gizmo,657
9395,North,Widget,811
9399,North,Doohickey,523
9406,North,Widget,508
9412,North,Doohickey,951
9416,North,Doohickey,886
9418,North,Doohickey,873
9423,North,Gadget,868
9428,North,Gadget,505
9432,North,Doohickey,601
9434,North,Widget,960
9439,North,Gizmo,949
9449,North,Gizmo,544
9453,North,Doohickey,809
9454,North,Gadget,831
9460,North,Doohickey,576
9461,North,Doohickey,598
9463,North,Widget,667
9477,North,Gizmo,704
9482,North,Widget,644
9484,North,Doohickey,942
9492,North,Gadget,924
9495,North,Gadget,749
9500,North,Doohickey,923
9506,North,Doohickey,582
9511,North,Gadget,683
9512,North,Widget,587
9517,North,Gizmo,738
9518,North,Widget,796
9519,North,Doohickey,517
9532,North,Gadget,616
9562,North,Gadget,578
9564,North,Gizmo,667
9565,North,Widget,813
9573,North,Widget,698
9578,North,Doohickey,926
9586,North,Gizmo,771
9587,North,Gadget,619
9598,North,Widget,715
9637,North,Gizmo,532
9651,North,Gadget,968
9654,North,Doohickey,839
9655,North,Widget,869
9664,North,Gizmo,622
9672,North,Widget,981
9682,North,Widget,635
9685,North,Doohickey,936
9692,North,Doohickey,683
9694,North,Doohickey,589
9701,North,Gadget,953
9702,North,Widget,554
9705,North,Gadget,556
9713,North,Gizmo,743
9714,North,Doohickey,958
9735,North,Gadget,706
9736,North,Gadget,713
9739,North,Widget,545
9746,North,Gadget,595
9751,North,Widget,877
9762,North,Doohickey,555
9772,North,Gizmo,856
9789,North,Doohickey,687
9801,North,Doohickey,911
9804,North,Gadget,522
9837,North,Widget,677
9855,North,Gizmo,604
9859,North,Doohickey,984
9868,North,Gadget,832
9876,North,Gizmo,692
9888,North,Gizmo,889
9895,North,Doohickey,688
9900,North,Gadget,884
9909,North,Gizmo,650
9910,North,Widget,602
9911,North,Gadget,898
9915,North,Gadget,927
9917,North,Gizmo,581
9931,North,Gadget,630
9940,North,Widget,827
9941,North,Gizmo,839
9945,North,Doohickey,969
9958,North,Widget,509
9961,North,Gadget,762
9985,North,Gadget,811
9995,North,Gizmo,986
9999,North,Gadget,782
10001,North,Gadget,949
10011,North,Widget,861
10012,North,Doohickey,768
10018,North,Gadget,635
10019,North,Doohickey,682
10028,North,Gadget,528
10042,North,Widget,507
10063,North,Gizmo,900
10071,North,Gadget,740
10075,North,Gizmo,687
10082,North,Widget,825
10086,North,Doohickey,582
10093,North,Gizmo,607
10111,North,Widget,902
10127,North,Widget,952
10133,North,Doohickey,865
10138,North,Gizmo,544
10139,North,Doohickey,783
10147,North,Gizmo,878
10154,North,Gadget,863
10160,North,Widget,583
10161,North,Gadget,596
10163,North,Widget,536
10169,North,Gadget,865
10178,North,Gadget,938
10184,North,Widget,641
10198,North,Widget,942
10203,North,Gizmo,791
10205,North,Doohickey,577
10209,North,Gizmo,851
10213,North,Gadget,900
10218,North,Widget,744
10223,North,Gadget,573
10224,North,Gadget,877
10232,North,Gadget,823
10243,North,Widget,814
10254,North,Gizmo,648
10257,North,Widget,753
10259,North,Widget,844
10260,North,Gizmo,958
10262,North,Widget,894
10273,North,Gizmo,615
10275,North,Widget,890
10280,North,Doohickey,935
10294,North,Widget,834
10298,North,Gadget,833
10309,North,Widget,726
10339,North,Doohickey,592
10351,North,Gadget,727
10356,North,Widget,863
10366,North,Gadget,785
10369,North,Gizmo,841
10375,North,Gizmo,835
10377,North,Gizmo,564
10398,North,Widget,597
10407,North,Doohickey,695
10412,North,Gadget,708
10413,North,Gadget,569
10416,North,Gizmo,869
10418,North,Gizmo,990
10424,North,Doohickey,809
10428,North,Widget,911
10431,North,Widget,628
10446,North,Gizmo,516
10450,North,Gadget,625
10452,North,Gadget,939
10457,North,Gizmo,726
10482,North,Doohickey,873
10486,North,Gizmo,693
10504,North,Gadget,959
10521,North,Gadget,994
10523,North,Widget,810
10525,North,Gadget,886
10535,North,Widget,620
10536,North,Gizmo,587
10553,North,Doohickey,595
10554,North,Gizmo,677
10573,North,Widget,952
10580,North,Gizmo,591
10583,North,Gizmo,852
10584,North,Doohickey,951
10590,North,Gadget,919
10606,North,Widget,512
10621,North,Widget,516
10623,North,Widget,983
10624,North,Doohickey,795
10627,North,Doohickey,869
10629,North,Gadget,886
10643,North,Gadget,821
10648,North,Doohickey,764
10650,North,Widget,773
10660,North,Widget,940
10667,North,Widget,988
10671,North,Gadget,884
10673,North,Widget,811
10681,North,Widget,922
10704,North,Gadget,822
10707,North,Widget,682
10714,North,Widget,873
10721,North,Doohickey,980
10725,North,Gadget,881
10726,North,Gizmo,653
10730,North,Widget,654
10731,North,Widget,927
10734,North,Doohickey,552
10739,North,Doohickey,936
10744,North,Gizmo,654
10747,North,Gadget,822
10749,North,Gizmo,745
10761,North,Gadget,631
10773,North,Gizmo,580
10779,North,Doohickey,798
10790,North,Gadget,678
10792,North,Widget,578
10793,North,Widget,642
10797,North,Doohickey,576
10798,North,Doohickey,751
10812,North,Doohickey,694
10813,North,Gadget,736
10824,North,Doohickey,998
10825,North,Gizmo,961
10832,North,Doohickey,881
10842,North,Gadget,776
10844,North,Widget,856
10859,North,Gizmo,524
10873,North,Widget,996
10885,North,Widget,751
10889,North,Gizmo,704
10891,North,Gizmo,563
10898,North,Widget,864
10899,North,Doohickey,648
10915,North,Gizmo,803
10916,North,Doohickey,667
10918,North,Gizmo,501
10926,North,Widget,593
10928,North,Gadget,602
10932,North,Doohickey,819
10946,North,Gizmo,852
10954,North,Gizmo,977
10965,North,Doohickey,948
10974,North,Gadget,808
10984,North,Doohickey,628
11002,North,Gadget,575
11019,North,Widget,931
11020,North,Widget,748
11029,North,Widget,901
11031,North,Gizmo,810
11035,North,Gadget,953
11037,North,Doohickey,871
11057,North,Widget,898
11064,North,Gadget,753
11069,North,Widget,863
11094,North,Doohickey,728
11110,North,Doohickey,503
11153,North,Gizmo,709
11158,North,Doohickey,704
11162,North,Gadget,526
11183,North,Widget,976
11207,North,Gizmo,629
11209,North,Gadget,648
11213,North,Gadget,894
11215,North,Widget,828
11226,North,Gadget,793
11231,North,Widget,620
11242,North,Doohickey,885
11246,North,Widget,522
11251,North,Gadget,788
11256,North,Gizmo,915
11278,North,Widget,597
11293,North,Widget,965
11297,North,Widget,894
11300,North,Widget,869
11301,North,Gizmo,554
11310,North,Gadget,680
11314,North,Widget,661
11317,North,Gizmo,682
11319,North,Doohickey,686
11324,North,Widget,576
11333,North,Gadget,648
11349,North,Gadget,911
11352,North,Gadget,736
11357,North,Doohickey,533
11372,North,Gizmo,985
11377,North,Widget,656
11379,North,Gizmo,738
11382,North,Widget,717
11388,North,Gizmo,651
11391,North,Gizmo,827
11432,North,Gizmo,748
11433,North,Gizmo,721
11443,North,Doohickey,552
11448,North,Widget,877
11453,North,Gizmo,876
11457,North,Widget,927
11464,North,Gadget,684
11471,North,Gadget,919
11475,North,Gadget,599
11477,North,Doohickey,798
11483,North,Gadget,836
11485,North,Widget,550
11488,North,Doohickey,572
11494,North,Gizmo,659
11496,North,Doohickey,662
11513,North,Doohickey,644
11518,North,Doohickey,584
11526,North,Gadget,894
11534,North,Doohickey,634
11541,North,Gizmo,844
11544,North,Widget,566
11545,North,Widget,770
11550,North,Widget,716
11566,North,Widget,533
11572,North,Doohickey,525
11592,North,Widget,541
11599,North,Gadget,518
11606,North,Gizmo,927
11611,North,Gizmo,609
11612,North,Doohickey,800
11616,North,Gadget,936
11627,North,Gadget,867
11640,North,Gizmo,529
11646,North,Doohickey,658
11662,North,Widget,886
11706,North,Gadget,657
11707,North,Gadget,795
11718,North,Widget,707
11726,North,Widget,659
11728,North,Doohickey,641
11740,North,Doohickey,553
11751,North,Gadget,823
11758,North,Widget,583
11760,North,Gizmo,610
11768,North,Widget,978
11778,North,Gadget,941
11782,North,Widget,762
11785,North,Gizmo,996
11786,North,Gizmo,686
11788,North,Gadget,865
11802,North,Doohickey,893
11808,North,Widget,739
11819,North,Gizmo,666
11836,North,Widget,591
11846,North,Gadget,544
11857,North,Widget,657
11873,North,Gizmo,795
11894,North,Gizmo,802
11899,North,Doohickey,740
11915,North,Widget,523
11920,North,Doohickey,615
11923,North,Doohickey,695
11929,North,Gadget,553
11933,North,Doohickey,553
11936,North,Gadget,867
11951,North,Doohickey,624
11960,North,Widget,685
11997,North,Gizmo,627
11998,North,Gizmo,569
12005,North,Gizmo,594
12007,North,Doohickey,623
12023,North,Gadget,560
12028,North,Widget,642
12032,North,Doohickey,991
12037,North,Gizmo,834
12041,North,Doohickey,843
12050,North,Doohickey,986
12053,North,Widget,697
12056,North,Doohickey,550
12057,North,Gizmo,955
12068,North,Gizmo,894
12075,North,Doohickey,759
12077,North,Doohickey,814
12078,North,Doohickey,731
12079,North,Widget,692
12083,North,Gadget,785
12085,North,Widget,796
12086,North,Gadget,710
12092,North,Doohickey,898
12142,North,Doohickey,876
12146,North,Doohickey,889
12150,North,Gadget,512
12158,North,Widget,554
12170,North,Doohickey,856
12174,North,Widget,509
12192,North,Widget,719
12201,North,Gadget,545
12214,North,Gadget,847
12221,North,Gadget,806
12237,North,Gizmo,653
12244,North,Gizmo,706
12252,North,Widget,606
12258,North,Gadget,780
12259,North,Gizmo,711
12264,North,Gadget,899
12287,North,Gadget,704
12291,North,Doohickey,981
12293,North,Gadget,587
12295,North,Gizmo,778
12297,North,Doohickey,696
12300,North,Doohickey,902
12316,North,Doohickey,744
12319,North,Widget,729
12324,North,Widget,942
12326,North,Gizmo,543
12329,North,Gadget,700
12340,North,Widget,767
12343,North,Gadget,695
12344,North,Widget,919
12349,North,Gadget,956
12360,North,Gizmo,749
12373,North,Gadget,726
12390,North,Doohickey,918
12392,North,Doohickey,725
12394,North,Doohickey,668
12411,North,Widget,678
12417,North,Gizmo,625
12420,North,Gizmo,840
12429,North,Widget,685
12431,North,Gadget,673
12450,North,Doohickey,861
12458,North,Widget,509
12462,North,Doohickey,747
12464,North,Gadget,877
12466,North,Gadget,952
12502,North,Gizmo,524
12505,North,Gadget,797
12535,North,Gizmo,667
12544,North,Gadget,564
12547,North,Gadget,759
12551,North,Gizmo,926
12556,North,Widget,583
12563,North,Doohickey,560
12580,North,Widget,993
12596,North,Doohickey,953
12603,North,Gizmo,977
12606,North,Gadget,840
12624,North,Doohickey,775
12627,North,Gizmo,876
12628,North,Doohickey,701
12629,North,Widget,596
12630,North,Widget,732
12631,North,Widget,526
12635,North,Gizmo,784
12653,North,Gadget,728
12654,North,Widget,857
12685,North,Doohickey,810
12707,North,Gadget,583
12716,North,Gizmo,719
12723,North,Doohickey,727
12725,North,Doohickey,682
12735,North,Gizmo,900
12758,North,Gizmo,746
12762,North,Gizmo,543
12779,North,Doohickey,994
12784,North,Doohickey,888
12792,North,Gadget,998
12793,North,Doohickey,734
12798,North,Gizmo,538
12807,North,Doohickey,824
12810,North,Gadget,786
12812,North,Gadget,875
12815,North,Gizmo,748
12820,North,Doohickey,867
12828,North,Doohickey,654
12838,North,Gadget,790
12845,North,Doohickey,746
12846,North,Gizmo,902
12853,North,Gadget,778
12855,North,Gizmo,660
12861,North,Gizmo,561
12862,North,Doohickey,619
12866,North,Gizmo,819
12870,North,Gizmo,640
12871,North,Gizmo,872
12885,North,Widget,560
12886,North,Doohickey,901
12907,North,Gadget,505
12914,North,Widget,794
12924,North,Gadget,959
12927,North,Gadget,642
12936,North,Gizmo,915
12940,North,Widget,691
12941,North,Widget,846
12944,North,Gadget,508
12948,North,Gizmo,898
12957,North,Gadget,786
12958,North,Doohickey,908
12965,North,Gadget,730
12966,North,Gadget,617
12967,North,Doohickey,547
12970,North,Doohickey,768
12973,North,Doohickey,537
12986,North,Widget,654
13003,North,Gadget,901
13004,North,Gadget,787
13012,North,Doohickey,521
13029,North,Gizmo,682
13031,North,Gadget,579
13034,North,Doohickey,799
13036,North,Gadget,591
13050,North,Gadget,521
13060,North,Gadget,569
13067,North,Widget,533
13080,North,Gadget,811
13083,North,Doohickey,625
13084,North,Gadget,677
13089,North,Gizmo,747
13091,North,Widget,844
13105,North,Gizmo,549
13106,North,Doohickey,687
13120,North,Doohickey,533
13123,North,Gizmo,826
13135,North,Gadget,993
13159,North,Gizmo,549
13168,North,Widget,969
13189,North,Gizmo,1000
13218,North,Widget,727
13224,North,Gizmo,852
13225,North,Doohickey,875
13238,North,Doohickey,828
13253,North,Widget,501
13264,North,Doohickey,888
13265,North,Doohickey,528
13270,North,Widget,784
13271,North,Doohickey,957
13282,North,Widget,977
13293,North,Doohickey,986
13294,North,Gizmo,744
13306,North,Doohickey,919
13307,North,Gizmo,646
13309,North,Gizmo,964
13315,North,Gizmo,579
13325,North,Widget,710
13326,North,Gadget,556
13328,North,Doohickey,865
13329,North,Gadget,849
13334,North,Gizmo,786
13337,North,Doohickey,860
13340,North,Doohickey,606
13343,North,Widget,901
13349,North,Gizmo,892
13352,North,Gizmo,969
13358,North,Doohickey,601
13361,North,Doohickey,624
13367,North,Gizmo,832
13375,North,Doohickey,592
13383,North,Widget,588
13391,North,Gizmo,730
13396,North,Doohickey,946
13400,North,Widget,518
13406,North,Doohickey,981
13412,North,Widget,543
13435,North,Gadget,866
13440,North,Gadget,619
13448,North,Gizmo,880
13450,North,Widget,706
13458,North,Doohickey,843
13465,North,Gadget,992
13468,North,Doohickey,980
13479,North,Doohickey,840
13481,North,Widget,649
13485,North,Gizmo,566
13506,North,Doohickey,886
13510,North,Gizmo,946
13517,North,Widget,849
13523,North,Gadget,777
13529,North,Widget,546
13531,North,Gadget,771
13534,North,Doohickey,866
13536,North,Gadget,986
13537,North,Doohickey,589
13540,North,Gadget,693
13545,North,Doohickey,673
13566,North,Doohickey,952
13567,North,Doohickey,641
13569,North,Widget,755
13574,North,Gadget,651
13585,North,Gizmo,749
13600,North,Widget,631
13602,North,Doohickey,539
13611,North,Gadget,720
13620,North,Widget,701
13631,North,Gizmo,844
13635,North,Doohickey,961
13641,North,Doohickey,762
13643,North,Gizmo,727
13648,North,Doohickey,665
13669,North,Doohickey,838
13682,North,Doohickey,718
13690,North,Gizmo,846
13695,North,Doohickey,599
13701,North,Gizmo,886
13704,North,Gadget,882
13715,North,Gizmo,677
13717,North,Gadget,709
13723,North,Widget,811
13739,North,Gizmo,723
13745,North,Widget,863
13758,North,Widget,574
13765,North,Gadget,629
13767,North,Doohickey,838
13769,North,Gadget,556
13770,North,Doohickey,515
13803,North,Gizmo,877
13807,North,Doohickey,795
13808,North,Doohickey,751
13813,North,Gizmo,597
13828,North,Doohickey,503
13829,North,Gadget,817
13833,North,Widget,668
13856,North,Gizmo,802
13860,North,Gadget,790
13864,North,Gizmo,709
13892,North,Doohickey,984
13903,North,Gadget,589
13929,North,Gadget,568
13938,North,Gizmo,907
13941,North,Gizmo,836
13944,North,Doohickey,589
13953,North,Widget,786
13955,North,Gizmo,916
13961,North,Widget,827
13964,North,Gizmo,764
13972,North,Widget,824
13974,North,Gizmo,585
13977,North,Gadget,969
13979,North,Gizmo,607
13984,North,Gizmo,771
13990,North,Gadget,908
13992,North,Gizmo,833
13997,North,Gadget,569
14001,North,Doohickey,858
14021,North,Gizmo,835
14024,North,Gizmo,651
14040,North,Doohickey,875
14046,North,Gadget,814
14062,North,Doohickey,986
14068,North,Widget,595
14070,North,Gizmo,720
14075,North,Widget,552
14078,North,Gadget,722
14094,North,Gizmo,932
14104,North,Doohickey,608
14108,North,Widget,637
14119,North,Widget,896
14131,North,Doohickey,704
14136,North,Gadget,647
14146,North,Gizmo,704
14158,North,Gizmo,626
14169,North,Gadget,649
14170,North,Gadget,903
14175,North,Doohickey,966
14188,North,Gizmo,509
14194,North,Gizmo,969
14201,North,Gadget,950
14215,North,Doohickey,684
14230,North,Widget,921
14249,North,Gadget,769
14284,North,Gizmo,581
14290,North,Widget,764
14299,North,Doohickey,942
14305,North,Widget,660
14307,North,Doohickey,714
14322,North,Widget,765
14338,North,Gizmo,613
14351,North,Gadget,628
14362,North,Doohickey,661
14390,North,Doohickey,991
14394,North,Gadget,839
14414,North,Gizmo,976
14419,North,Widget,923
14421,North,Gadget,698
14423,North,Doohickey,606
14426,North,Gadget,842
14436,North,Gadget,524
14442,North,Widget,626
14448,North,Widget,832
14449,North,Gadget,655
14450,North,Doohickey,537
14471,North,Gizmo,985
14481,North,Gadget,613
14484,North,Widget,791
14491,North,Gadget,874
14498,North,Gizmo,958
14512,North,Gizmo,631
14514,North,Doohickey,834
14523,North,Widget,676
14527,North,Doohickey,782
14530,North,Gadget,566
14536,North,Widget,807
14541,North,Gadget,896
14544,North,Doohickey,555
14545,North,Doohickey,722
14556,North,Widget,781
14574,North,Gadget,573
14591,North,Doohickey,798
14600,North,Widget,680
14604,North,Doohickey,597
14615,North,Doohickey,902
14625,North,Gizmo,843
14627,North,Gizmo,950
14632,North,Gizmo,700
14634,North,Gizmo,542
14640,North,Doohickey,530
14650,North,Gadget,826
14664,North,Doohickey,509
14686,North,Gizmo,964
14689,North,Gadget,932
14690,North,Widget,838
14695,North,Gadget,762
14707,North,Gizmo,991
14717,North,Gizmo,550
14739,North,Gizmo,648
14743,North,Gizmo,505
14756,North,Gadget,677
14767,North,Doohickey,681
14769,North,Gizmo,509
14787,North,Gadget,567
14794,North,Doohickey,925
14807,North,Widget,610
14847,North,Widget,511
14860,North,Doohickey,660
14861,North,Doohickey,981
14863,North,Widget,600
14867,North,Doohickey,866
14881,North,Gizmo,836
14896,North,Gadget,516
14899,North,Widget,972
14901,North,Gizmo,931
14911,North,Gizmo,710
14915,North,Widget,768
14940,North,Gizmo,791
14945,North,Widget,968
14950,North,Gadget,538
14955,North,Gizmo,967
14967,North,Widget,620
14975,North,Doohickey,569
14996,North,Gadget,882
14999,North,Doohickey,944
15007,North,Gizmo,614
15018,North,Gizmo,721
15019,North,Gizmo,739
15028,North,Gizmo,735
15034,North,Widget,664
15036,North,Widget,558
15045,North,Gizmo,770
15056,North,Doohickey,605
15061,North,Gizmo,927
15067,North,Doohickey,963
15068,North,Doohickey,843
15075,North,Doohickey,589
15078,North,Gizmo,689
15080,North,Widget,856
15100,North,Widget,907
15101,North,Gizmo,838
15109,North,Gizmo,838
15151,North,Gizmo,507
15184,North,Doohickey,621
15190,North,Gadget,713
15204,North,Gizmo,550
15209,North,Doohickey,838
15212,North,Gizmo,609
15222,North,Widget,648
15225,North,Doohickey,563
15227,North,Doohickey,852
15231,North,Doohickey,950
15234,North,Gizmo,692
15235,North,Widget,762
15236,North,Gizmo,696
15244,North,Gadget,613
15252,North,Widget,690
15264,North,Doohickey,947
15273,North,Doohickey,763
15275,North,Doohickey,893
15277,North,Widget,638
15280,North,Gadget,853
15282,North,Widget,815
15283,North,Gadget,623
15285,North,Gadget,823
15291,North,Doohickey,975
15293,North,Gizmo,567
15295,North,Doohickey,639
15308,North,Widget,719
15318,North,Doohickey,727
15323,North,Gizmo,578
15324,North,Widget,900
15327,North,Doohickey,798
15338,North,Gizmo,730
15347,North,Gizmo,919
15354,North,Gizmo,843
15355,North,Gizmo,581
15356,North,Widget,899
15357,North,Gadget,957
15368,North,Widget,678
15374,North,Gadget,915
15386,North,Gadget,948
15399,North,Gadget,898
15400,North,Doohickey,689
15401,North,Gizmo,525
15402,North,Gadget,971
15404,North,Gizmo,768
15405,North,Gizmo,540
15412,North,Gadget,931
15428,North,Gizmo,596
15435,North,Gizmo,779
15447,North,Gizmo,811
15461,North,Doohickey,993
15467,North,Widget,557
15473,North,Widget,791
15504,North,Widget,689
15508,North,Widget,687
15525,North,Gizmo,955
15539,North,Gadget,944
15551,North,Doohickey,653
15555,North,Widget,899
15573,North,Widget,900
15581,North,Doohickey,944
15585,North,Gizmo,926
15600,North,Doohickey,947
15605,North,Gizmo,877
15607,North,Widget,819
15610,North,Gizmo,558
15625,North,Gizmo,893
15651,North,Gadget,786
15669,North,Gizmo,985
15670,North,Gizmo,877
15679,North,Gadget,584
15680,North,Doohickey,789
15686,North,Doohickey,831
15689,North,Gizmo,852
15701,North,Gadget,814
15703,North,Gadget,601
15708,North,Gadget,977
15729,North,Widget,950
15735,North,Gadget,526
15746,North,Widget,503
15747,North,Widget,811
15749,North,Doohickey,828
15750,North,Doohickey,503
15754,North,Gadget,798
15762,North,Doohickey,784
15766,North,Doohickey,836
15768,North,Widget,878
15771,North,Doohickey,984
15778,North,Doohickey,848
15793,North,Gadget,530
15801,North,Doohickey,822
15804,North,Gadget,999
15805,North,Gadget,605
15810,North,Gizmo,953
15811,North,Widget,578
15825,North,Gadget,906
15828,North,Widget,917
15832,North,Doohickey,852
15844,North,Widget,997
15846,North,Widget,790
15858,North,Gadget,943
15862,North,Gadget,900
15884,North,Gadget,880
15886,North,Gadget,830
15888,North,Gizmo,840
15890,North,Doohickey,990
15893,North,Widget,634
15904,North,Gizmo,836
15905,North,Doohickey,596
15912,North,Gizmo,758
15913,North,Doohickey,886
15926,North,Doohickey,640
15932,North,Widget,830
15941,North,Gadget,748
15945,North,Gadget,662
15947,North,Doohickey,926
15948,North,Doohickey,541
15958,North,Gadget,708
15972,North,Doohickey,973
15974,North,Gizmo,942
15976,North,Doohickey,540
16002,North,Doohickey,688
16003,North,Gadget,680
16005,North,Doohickey,768
16017,North,Gadget,528
16026,North,Doohickey,662
16029,North,Widget,622
16054,North,Gizmo,572
16056,North,Widget,755
16073,North,Gizmo,974
16088,North,Widget,876
16091,North,Widget,926
16092,North,Doohickey,659
16093,North,Doohickey,922
16101,North,Widget,628
16117,North,Gizmo,818
16122,North,Doohickey,951
16132,North,Gadget,634
16134,North,Gizmo,755
16136,North,Gadget,512
16152,North,Gadget,696
16153,North,Doohickey,901
16155,North,Widget,742
16163,North,Gadget,793
16172,North,Gizmo,863
16173,North,Widget,759
16174,North,Gadget,894
16176,North,Widget,852
16183,North,Gadget,784
16192,North,Gadget,758
16222,North,Gizmo,865
16233,North,Doohickey,616
16234,North,Gizmo,507
16256,North,Doohickey,951
16310,North,Widget,722
16320,North,Doohickey,618
16328,North,Doohickey,834
16336,North,Widget,703
16345,North,Widget,969
16349,North,Widget,800
16350,North,Widget,631
16353,North,Gadget,898
16359,North,Widget,747
16364,North,Gizmo,997
16383,North,Gadget,680
16388,North,Doohickey,782
16389,North,Gadget,858
16392,North,Gizmo,599
16394,North,Widget,708
16398,North,Gizmo,863
16426,North,Gadget,734
16429,North,Widget,790
16430,North,Gizmo,884
16432,North,Doohickey,785
16446,North,Gizmo,816
16453,North,Gizmo,578
16457,North,Gadget,643
16458,North,Gizmo,675
16467,North,Gadget,927
16488,North,Doohickey,834
16498,North,Gizmo,965
16514,North,Doohickey,616
16515,North,Gadget,650
16518,North,Gizmo,516
16537,North,Doohickey,994
16546,North,Doohickey,501
16557,North,Doohickey,631
16560,North,Doohickey,911
16561,North,Gizmo,538
16569,North,Gadget,991
16594,North,Doohickey,599
16598,North,Widget,501
16607,North,Widget,882
16615,North,Widget,839
16636,North,Doohickey,580
16642,North,Gadget,611
16658,North,Widget,632
16673,North,Widget,662
16675,North,Doohickey,886
16683,North,Gadget,896
16684,North,Gadget,649
16687,North,Doohickey,839
16689,North,Gizmo,952
16696,North,Gizmo,634
16705,North,Doohickey,501
16707,North,Widget,727
16710,North,Gadget,985
16714,North,Doohickey,521
16717,North,Widget,944
16720,North,Widget,936
16731,North,Widget,604
16736,North,Doohickey,542
16741,North,Widget,766
16749,North,Widget,509
16753,North,Gizmo,574
16756,North,Gizmo,907
16760,North,Doohickey,505
16778,North,Gadget,594
16780,North,Doohickey,670
16781,North,Gizmo,701
16785,North,Gizmo,685
16804,North,Widget,942
16805,North,Doohickey,852
16814,North,Gadget,557
16842,North,Gizmo,692
16850,North,Widget,809
16852,North,Doohickey,729
16861,North,Gadget,878
16879,North,Doohickey,519
16886,North,Widget,721
16905,North,Widget,555
16911,North,Widget,913
16912,North,Widget,810
16933,North,Gizmo,840
16940,North,Gizmo,776
16952,North,Doohickey,841
16956,North,Doohickey,667
16980,North,Gizmo,871
17005,North,Doohickey,800
17009,North,Gadget,932
17013,North,Widget,659
17027,North,Gizmo,572
17046,North,Doohickey,944
17052,North,Widget,886
17057,North,Gizmo,643
17063,North,Widget,781
17066,North,Doohickey,935
17076,North,Gadget,507
17085,North,Widget,919
17086,North,Gizmo,955
17101,North,Gadget,678
17102,North,Gadget,847
17103,North,Gadget,998
17109,North,Doohickey,637
17131,North,Gizmo,504
17142,North,Widget,605
17144,North,Widget,520
17152,North,Gizmo,823
17161,North,Gizmo,556
17176,North,Widget,933
17180,North,Gadget,604
17193,North,Widget,622
17198,North,Doohickey,967
17204,North,Gizmo,501
17207,North,Gadget,708
17208,North,Widget,790
17210,North,Doohickey,637
17215,North,Gizmo,869
17222,North,Widget,961
17235,North,Widget,687
17237,North,Gadget,606
17241,North,Widget,828
17256,North,Doohickey,765
17263,North,Gadget,932
17280,North,Doohickey,819
17288,North,Gadget,949
17334,North,Doohickey,827
17337,North,Gizmo,555
17340,North,Widget,555
17341,North,Gizmo,886
17342,North,Widget,656
17346,North,Gadget,922
17371,North,Gadget,690
17372,North,Gadget,523
17382,North,Widget,610
17398,North,Doohickey,762
17401,North,Widget,833
17409,North,Widget,713
17415,North,Widget,986
17418,North,Gizmo,501
17427,North,Doohickey,986
17429,North,Doohickey,561
17445,North,Gadget,505
17453,North,Gadget,694
17454,North,Widget,676
17455,North,Gadget,923
17457,North,Gadget,897
17460,North,Gadget,529
17462,North,Gizmo,628
17464,North,Widget,964
17465,North,Doohickey,570
17476,North,Gadget,796
17489,North,Doohickey,841
17493,North,Doohickey,794
17502,North,Widget,554
17503,North,Gizmo,587
17517,North,Widget,872
17523,North,Widget,659
17525,North,Widget,876
17531,North,Gizmo,900
17532,North,Gadget,605
17547,North,Gadget,518
17549,North,Widget,750
17557,North,Gadget,783
17561,North,Gizmo,515
17563,North,Widget,660
17575,North,Widget,658
17583,North,Widget,791
17601,North,Gadget,780
17612,North,Gizmo,681
17615,North,Widget,605
17618,North,Widget,893
17623,North,Gizmo,504
17631,North,Doohickey,836
17647,North,Doohickey,600
17664,North,Gadget,710
17677,North,Doohickey,831
17679,North,Widget,933
17686,North,Gadget,755
17701,North,Gadget,947
17706,North,Widget,613
17722,North,Gizmo,840
17734,North,Gadget,843
17737,North,Doohickey,980
17741,North,Gizmo,951
17748,North,Gizmo,907
17761,North,Widget,902
17762,North,Doohickey,547
17768,North,Widget,822
17773,North,Widget,802
17791,North,Doohickey,628
17793,North,Gizmo,969
17799,North,Gadget,967
17800,North,Gadget,802
17803,North,Doohickey,797
17815,North,Gizmo,810
17824,North,Widget,946
17831,North,Gizmo,926
17839,North,Gizmo,580
17844,North,Gizmo,957
17848,North,Gadget,511
17861,North,Gizmo,968
17875,North,Gizmo,556
17885,North,Doohickey,741
17887,North,Widget,973
17900,North,Doohickey,573
17901,North,Doohickey,617
17911,North,Widget,717
17913,North,Widget,635
17917,North,Doohickey,648
17919,North,Doohickey,893
17928,North,Gizmo,834
17929,North,Widget,759
17937,North,Gizmo,636
17942,North,Gadget,973
17944,North,Gizmo,587
17948,North,Doohickey,823
17967,North,Widget,567
17986,North,Doohickey,893
17997,North,Gadget,811
18001,North,Gadget,553
18012,North,Gizmo,925
18019,North,Gadget,759
18034,North,Gizmo,977
18043,North,Gadget,972
18045,North,Gizmo,996
18063,North,Doohickey,815
18074,North,Doohickey,580
18078,North,Widget,815
18089,North,Gizmo,601
18096,North,Widget,709
18111,North,Doohickey,930
18114,North,Widget,594
18127,North,Gadget,540
18130,North,Widget,900
18138,North,Widget,708
18142,North,Widget,936
18144,North,Gadget,824
18147,North,Gizmo,863
18149,North,Widget,679
18158,North,Widget,553
18159,North,Widget,626
18161,North,Gizmo,927
18165,North,Gadget,754
18168,North,Widget,958
18172,North,Doohickey,782
18178,North,Gadget,990
18189,North,Widget,648
18191,North,Gadget,532
18192,North,Doohickey,522
18204,North,Gizmo,697
18206,North,Doohickey,691
18215,North,Doohickey,772
18218,North,Gizmo,553
18221,North,Gizmo,836
18226,North,Doohickey,893
18245,North,Gizmo,627
18250,North,Doohickey,654
18253,North,Doohickey,977
18254,North,Gadget,926
18260,North,Gadget,550
18261,North,Doohickey,729
18265,North,Widget,518
18268,North,Widget,623
18269,North,Gizmo,897
18278,North,Widget,579
18280,North,Gadget,565
18289,North,Gadget,872
18291,North,Gizmo,896
18312,North,Doohickey,928
18316,North,Gizmo,825
18322,North,Gizmo,961
18326,North,Gizmo,815
18330,North,Gadget,873
18331,North,Widget,836
18341,North,Gadget,795
18368,North,Doohickey,717
18377,North,Widget,795
18379,North,Gadget,772
18413,North,Gadget,818
18428,North,Doohickey,919
18438,North,Gizmo,571
18454,North,Gadget,808
18482,North,Widget,671
18487,North,Doohickey,782
18492,North,Doohickey,660
18500,North,Gadget,580
18502,North,Gadget,810
18505,North,Gadget,886
18514,North,Doohickey,605
18515,North,Doohickey,534
18524,North,Widget,949
18528,North,Doohickey,791
18558,North,Gadget,814
18569,North,Gadget,779
18579,North,Widget,691
18581,North,Widget,523
18584,North,Widget,584
18586,North,Gadget,686
18598,North,Doohickey,926
18600,North,Gizmo,670
18602,North,Gizmo,768
18609,North,Widget,839
18614,North,Gadget,659
18636,North,Widget,994
18638,North,Gizmo,968
18649,North,Gizmo,844
18650,North,Doohickey,948
18667,North,Gadget,947
18668,North,Gadget,649
18674,North,Doohickey,840
18681,North,Widget,921
18701,North,Gadget,599
18704,North,Gadget,756
18707,North,Gizmo,956
18708,North,Doohickey,574
18715,North,Doohickey,560
18717,North,Gadget,675
18723,North,Widget,524
18732,North,Doohickey,938
18741,North,Gadget,859
18746,North,Gizmo,585
18748,North,Gadget,811
18751,North,Doohickey,660
18763,North,Gadget,568
18769,North,Gizmo,986
18771,North,Widget,622
18782,North,Widget,617
18788,North,Widget,934
18804,North,Doohickey,768
18810,North,Gadget,675
18815,North,Doohickey,751
18816,North,Gizmo,846
18819,North,Widget,535
18826,North,Gizmo,952
18833,North,Gizmo,560
18843,North,Gizmo,666
18846,North,Widget,726
18848,North,Widget,580
18867,North,Doohickey,896
18868,North,Widget,910
18872,North,Widget,514
18875,North,Gizmo,901
18876,North,Widget,907
18878,North,Gadget,554
18898,North,Widget,899
18910,North,Doohickey,595
18913,North,Gadget,883
18934,North,Gadget,675
18940,North,Gadget,575
18944,North,Gadget,742
18948,North,Gadget,580
18950,North,Gizmo,712
18951,North,Widget,974
18956,North,Gadget,523
18962,North,Gadget,815
18964,North,Doohickey,902
18973,North,Gadget,587
18992,North,Doohickey,943
19024,North,Gizmo,733
19026,North,Doohickey,550
19027,North,Gadget,711
19036,North,Widget,811
19038,North,Gadget,753
19049,North,Widget,674
19068,North,Widget,650
19070,North,Gadget,766
19071,North,Doohickey,750
19078,North,Widget,894
19081,North,Widget,948
19093,North,Widget,523
19097,North,Doohickey,745
19098,North,Gizmo,818
19105,North,Widget,744
19108,North,Gizmo,934
19117,North,Gizmo,767
19133,North,Doohickey,971
19136,North,Gadget,756
19144,North,Doohickey,867
19155,North,Doohickey,1000
19159,North,Gizmo,694
19183,North,Gadget,520
19185,North,Gadget,782
19198,North,Widget,647
19215,North,Gadget,774
19231,North,Widget,571
19246,North,Gizmo,985
19252,North,Gizmo,535
19254,North,Doohickey,882
19262,North,Gadget,886
19266,North,Gadget,911
19267,North,Gadget,994
19282,North,Gizmo,718
19283,North,Gizmo,913
19287,North,Gadget,519
19290,North,Widget,710
19299,North,Gadget,631
19324,North,Widget,861
19325,North,Doohickey,585
19330,North,Widget,810
19336,North,Gadget,983
19338,North,Widget,689
19345,North,Gadget,729
19357,North,Gizmo,915
19370,North,Widget,563
19383,North,Gadget,525
19384,North,Widget,745
19389,North,Gizmo,649
19436,North,Gizmo,584
19448,North,Doohickey,865
19470,North,Widget,955
19474,North,Gadget,672
19489,North,Gadget,714
19496,North,Gizmo,616
19514,North,Gizmo,605
19516,North,Gizmo,680
19518,North,Widget,900
19519,North,Widget,852
19548,North,Doohickey,662
19553,North,Gizmo,853
19564,North,Doohickey,944
19579,North,Widget,926
19596,North,Gizmo,758
19608,North,Gizmo,514
19611,North,Doohickey,624
19613,North,Gizmo,999
19614,North,Widget,762
19616,North,Gizmo,839
19622,North,Gadget,569
19632,North,Doohickey,713
19637,North,Gizmo,580
19650,North,Gizmo,992
19686,North,Doohickey,788
19698,North,Gadget,838
19706,North,Gizmo,886
19716,North,Doohickey,610
19719,North,Gizmo,656
19738,North,Widget,848
19745,North,Doohickey,868
19751,North,Gadget,574
19770,North,Gadget,695
19773,North,Widget,738
19775,North,Widget,650
19786,North,Widget,852
19799,North,Gadget,783
19804,North,Gizmo,911
19806,North,Gadget,671
19814,North,Doohickey,716
19828,North,Doohickey,636
19836,North,Doohickey,914
19846,North,Doohickey,509
19848,North,Gadget,905
19856,North,Gadget,610
19874,North,Gizmo,687
19875,North,Widget,559
19891,North,Gizmo,654
19895,North,Doohickey,552
19899,North,Widget,855
19904,North,Gadget,666
19918,North,Widget,910
19923,North,Gizmo,618
19925,North,Gizmo,867
19928,North,Doohickey,749
19933,North,Widget,519
19936,North,Gadget,539
19945,North,Doohickey,565
19953,North,Doohickey,959
19977,North,Gizmo,740
19999,North,Gadget,919
20004,North,Gizmo,860
20005,North,Doohickey,774
20018,North,Doohickey,825
20026,North,Gizmo,753
20029,North,Gadget,521
20040,North,Widget,708
20044,North,Gizmo,668
20057,North,Gadget,536
20058,North,Widget,903
20072,North,Gadget,663
20075,North,Doohickey,742
20082,North,Widget,751
20106,North,Gadget,501
20111,North,Widget,519
20114,North,Widget,822
20120,North,Gadget,944
20123,North,Gizmo,572
20130,North,Gadget,811
20135,North,Gadget,627
20139,North,Widget,884
20157,North,Doohickey,581
20159,North,Widget,698
20168,North,Gadget,602
20170,North,Widget,855
20176,North,Widget,869
20178,North,Doohickey,907
20194,North,Gadget,819
20219,North,Gadget,737
20223,North,Gadget,708
20232,North,Widget,611
20252,North,Gizmo,877
20257,North,Gizmo,781
20264,North,Doohickey,730
20270,North,Widget,625
20273,North,Widget,957
20274,North,Gadget,936
20278,North,Gadget,797
20286,North,Doohickey,570
20290,North,Gizmo,745
20293,North,Gizmo,501
20298,North,Widget,825
20309,North,Gadget,990
20316,North,Gadget,909
20326,North,Gizmo,517
20336,North,Gadget,643
20344,North,Gadget,968
20354,North,Gizmo,519
20355,North,Gadget,753
20357,North,Widget,518
20359,North,Widget,808
20361,North,Widget,878
20363,North,Gizmo,715
20365,North,Widget,516
20369,North,Gadget,563
20376,North,Gadget,703
20392,North,Widget,642
20394,North,Widget,768
20401,North,Gizmo,501
20409,North,Gizmo,712
20418,North,Gizmo,943
20426,North,Doohickey,654
20432,North,Widget,686
20440,North,Gizmo,989
20457,North,Gadget,728
20460,North,Gadget,871
20462,North,Doohickey,587
20467,North,Gadget,552
20494,North,Doohickey,560
20497,North,Widget,562
20500,North,Gizmo,751
20513,North,Gadget,667
20532,North,Widget,611
20550,North,Doohickey,915
20552,North,Widget,641
20554,North,Widget,691
20555,North,Widget,523
20557,North,Widget,768
20558,North,Widget,876
20565,North,Widget,900
20567,North,Gizmo,785
20571,North,Doohickey,878
20573,North,Gadget,966
20577,North,Gizmo,790
20581,North,Gadget,791
20591,North,Widget,786
20595,North,Gadget,849
20597,North,Gizmo,785
20598,North,Doohickey,927
20599,North,Widget,747
20615,North,Gizmo,508
20616,North,Doohickey,708
20645,North,Doohickey,619
20648,North,Doohickey,961
20653,North,Gizmo,909
20663,North,Gizmo,817
20667,North,Widget,636
20679,North,Doohickey,687
20680,North,Gadget,684
20687,North,Gadget,864
20689,North,Doohickey,566
20696,North,Gadget,763
20701,North,Doohickey,991
20705,North,Widget,620
20731,North,Doohickey,793
20738,North,Gizmo,977
20747,North,Gadget,791
20775,North,Gizmo,923
20779,North,Doohickey,546
20796,North,Gadget,772
20799,North,Doohickey,973
20805,North,Gadget,944
20810,North,Doohickey,852
20815,North,Gizmo,982
20825,North,Doohickey,628
20836,North,Gadget,508
20838,North,Gadget,664
20841,North,Gadget,861
20843,North,Doohickey,890
20849,North,Widget,961
20850,North,Gadget,758
20853,North,Widget,884
20854,North,Widget,876
20855,North,Doohickey,783
20863,North,Doohickey,911
20865,North,Gizmo,951
20873,North,Gadget,711
20881,North,Doohickey,986
20899,North,Widget,977
20918,North,Widget,877
20929,North,Gadget,513
20935,North,Doohickey,561
20956,North,Gizmo,663
20972,North,Widget,531
20983,North,Gadget,875
20993,North,Gadget,791
21006,North,Widget,852
21023,North,Widget,645
21031,North,Widget,993
21035,North,Gadget,967
21068,North,Gizmo,880
21070,North,Doohickey,952
21073,North,Widget,787
21076,North,Widget,765
21079,North,Gadget,896
21083,North,Gizmo,851
21088,North,Gizmo,662
21107,North,Gadget,638
21114,North,Gizmo,787
21120,North,Gadget,988
21123,North,Gizmo,609
21127,North,Gadget,813
21128,North,Gizmo,582
21135,North,Widget,961
21145,North,Doohickey,787
21155,North,Widget,559
21165,North,Gadget,855
21167,North,Gizmo,969
21176,North,Doohickey,668
21185,North,Doohickey,943
21188,North,Gadget,752
21193,North,Widget,575
21196,North,Doohickey,838
21204,North,Doohickey,896
21214,North,Widget,782
21222,North,Gadget,583
21239,North,Widget,721
21247,North,Gadget,628
21253,North,Gadget,846
21254,North,Widget,697
21267,North,Doohickey,827
21269,North,Doohickey,899
21291,North,Gadget,714
21293,North,Doohickey,624
21302,North,Widget,799
21304,North,Doohickey,757
21314,North,Widget,571
21315,North,Doohickey,908
21318,North,Gizmo,813
21330,North,Gadget,852
21332,North,Widget,618
21333,North,Doohickey,697
21334,North,Doohickey,587
21338,North,Doohickey,637
21362,North,Gizmo,705
21374,North,Doohickey,828
21380,North,Gadget,547
21385,North,Doohickey,661
21389,North,Gizmo,689
21401,North,Widget,936
21409,North,Doohickey,808
21412,North,Gadget,717
21415,North,Gadget,682
21417,North,Gizmo,798
21420,North,Gadget,578
21472,North,Widget,844
21482,North,Doohickey,577
21490,North,Gadget,527
21492,North,Widget,828
21497,North,Widget,532
21509,North,Gadget,688
21519,North,Widget,520
21521,North,Doohickey,949
21537,North,Doohickey,869
21541,North,Widget,574
21545,North,Widget,577
21548,North,Gizmo,973
21549,North,Gadget,553
21553,North,Gadget,626
21557,North,Gizmo,835
21568,North,Doohickey,768
21579,North,Widget,775
21590,North,Gadget,857
21604,North,Doohickey,959
21607,North,Gadget,562
21617,North,Gadget,507
21629,North,Widget,672
21630,North,Widget,521
21640,North,Gadget,956
21641,North,Widget,747
21651,North,Gizmo,875
21652,North,Doohickey,903
21692,North,Gadget,852
21695,North,Gizmo,755
21708,North,Doohickey,755
21718,North,Gizmo,636
21727,North,Widget,907
21746,North,Doohickey,911
21752,North,Widget,534
21758,North,Doohickey,550
21761,North,Doohickey,586
21769,North,Gizmo,771
21776,North,Gizmo,883
21777,North,Gizmo,538
21778,North,Widget,848
21817,North,Gadget,509
21823,North,Doohickey,539
21825,North,Gizmo,578
21826,North,Doohickey,605
21839,North,Doohickey,648
21846,North,Widget,742
21847,North,Gizmo,792
21858,North,Widget,969
21860,North,Gadget,535
21862,North,Gizmo,922
21864,North,Gizmo,700
21865,North,Gadget,826
21875,North,Gadget,769
21882,North,Gadget,708
21887,North,Doohickey,766
21898,North,Gadget,869
21902,North,Doohickey,673
21903,North,Widget,875
21924,North,Widget,843
21939,North,Doohickey,952
21941,North,Doohickey,560
21946,North,Gizmo,832
21948,North,Gadget,504
21953,North,Doohickey,930
21956,North,Gadget,769
21965,North,Widget,894
22004,North,Gizmo,600
22010,North,Gadget,610
22020,North,Doohickey,521
22024,North,Doohickey,814
22029,North,Doohickey,516
22055,North,Gizmo,902
22065,North,Gizmo,869
22072,North,Gadget,661
22083,North,Doohickey,600
22093,North,Gizmo,707
22111,North,Gadget,695
22117,North,Widget,539
22133,North,Gadget,570
22158,North,Gadget,624
22163,North,Doohickey,986
22169,North,Widget,576
22179,North,Widget,986
22192,North,Doohickey,731
22193,North,Gizmo,682
22198,North,Doohickey,798
22217,North,Doohickey,910
22222,North,Widget,848
22227,North,Doohickey,842
22230,North,Widget,531
22231,North,Doohickey,885
22237,North,Widget,563
22242,North,Widget,834
22259,North,Gadget,786
22283,North,Gizmo,677
22284,North,Doohickey,758
22289,North,Gadget,986
22301,North,Doohickey,673
22308,North,Gizmo,716
22312,North,Doohickey,868
22318,North,Doohickey,907
22319,North,Gizmo,950
22326,North,Doohickey,736
22334,North,Gizmo,664
22338,North,Doohickey,986
22339,North,Widget,869
22341,North,Doohickey,786
22346,North,Gadget,897
22358,North,Widget,532
22367,North,Gizmo,955
22368,North,Widget,835
22375,North,Gadget,565
22376,North,Doohickey,811
22383,North,Gizmo,765
22384,North,Gizmo,623
22385,North,Gizmo,866
22392,North,Gizmo,986
22406,North,Doohickey,872
22423,North,Doohickey,878
22433,North,Doohickey,852
22434,North,Doohickey,808
22453,North,Widget,803
22466,North,Gadget,919
22470,North,Widget,589
22473,North,Gadget,633
22482,North,Gizmo,849
22507,North,Widget,944
22511,North,Gadget,992
22519,North,Doohickey,894
22538,North,Gadget,930
22544,North,Doohickey,737
22546,North,Widget,682
22552,North,Gadget,704
22558,North,Gadget,501
22565,North,Doohickey,551
22575,North,Gizmo,869
22588,North,Doohickey,507
22594,North,Doohickey,807
22595,North,Gadget,779
22607,North,Widget,555
22613,North,Gadget,667
22630,North,Gadget,788
22631,North,Gadget,716
22639,North,Widget,676
22649,North,Widget,967
22662,North,Gizmo,680
22672,North,Gadget,894
22674,North,Gadget,851
22677,North,Gadget,610
22681,North,Doohickey,584
22691,North,Doohickey,547
22702,North,Doohickey,511
22710,North,Widget,932
22713,North,Doohickey,712
22726,North,Widget,623
22728,North,Widget,695
22735,North,Widget,728
22737,North,Doohickey,921
22748,North,Doohickey,968
22751,North,Gizmo,538
22757,North,Widget,509
22765,North,Gadget,901
22783,North,Gadget,863
22784,North,Widget,743
22815,North,Doohickey,713
22821,North,Widget,590
22825,North,Widget,583
22828,North,Gadget,786
22834,North,Gizmo,853
22870,North,Widget,814
22871,North,Widget,836
22890,North,Gizmo,780
22891,North,Doohickey,960
22902,North,Widget,947
22904,North,Gadget,835
22927,North,Gizmo,997
22928,North,Widget,942
22935,North,Gizmo,669
22941,North,Gizmo,643
22948,North,Doohickey,702
22949,North,Gizmo,725
22956,North,Gizmo,640
22976,North,Gadget,811
22980,North,Gizmo,882
22986,North,Doohickey,610
22993,North,Gizmo,796
22996,North,Widget,741
23014,North,Gizmo,662
23015,North,Widget,886
23025,North,Widget,663
23027,North,Widget,630
23037,North,Widget,863
23039,North,Widget,910
23041,North,Gadget,585
23066,North,Doohickey,633
23082,North,Doohickey,641
23096,North,Gizmo,931
23102,North,Doohickey,1000
23113,North,Widget,515
23118,North,Doohickey,892
23121,North,Widget,731
23123,North,Doohickey,523
23148,North,Gizmo,573
23149,North,Gizmo,868
23151,North,Widget,501
23153,North,Gadget,727
23159,North,Doohickey,831
23160,North,Gadget,597
23172,North,Doohickey,513
23180,North,Gadget,539
23185,North,Gadget,846
23207,North,Doohickey,639
23211,North,Gadget,972
23227,North,Doohickey,852
23245,North,Gizmo,546
23278,North,Widget,571
23281,North,Doohickey,682
23289,North,Gadget,867
23302,North,Doohickey,585
23305,North,Gizmo,773
23326,North,Widget,876
23332,North,Widget,872
23335,North,Gizmo,803
23345,North,Doohickey,922
23347,North,Doohickey,566
23352,North,Gizmo,867
23358,North,Doohickey,771
23373,North,Gizmo,701
23387,North,Doohickey,680
23392,North,Gizmo,621
23396,North,Doohickey,971
23402,North,Doohickey,894
23403,North,Gadget,900
23429,North,Widget,669
23434,North,Widget,811
23436,North,Gadget,695
23445,North,Gizmo,662
23451,North,Doohickey,975
23455,North,Doohickey,725
23465,North,Gizmo,536
23477,North,Gadget,743
23478,North,Widget,776
23484,North,Gadget,501
23499,North,Widget,710
23511,North,Widget,777
23514,North,Gadget,558
23519,North,Gadget,608
23521,North,Widget,535
23537,North,Widget,504
23552,North,Gizmo,748
23557,North,Widget,915
23558,North,Widget,682
23586,North,Gizmo,927
23597,North,Gadget,819
23600,North,Doohickey,555
23601,North,Doohickey,739
23614,North,Doohickey,927
23625,North,Gizmo,644
23632,North,Gizmo,877
23634,North,Widget,878
23645,North,Widget,655
23651,North,Gizmo,575
23652,North,Doohickey,625
23660,North,Widget,619
23663,North,Gadget,596
23666,North,Doohickey,778
23681,North,Widget,691
23686,North,Widget,959
23699,North,Doohickey,934
23718,North,Doohickey,759
23728,North,Widget,748
23730,North,Doohickey,894
23732,North,Doohickey,801
23735,North,Gadget,802
23747,North,Gadget,890
23756,North,Widget,841
23761,North,Gadget,833
23762,North,Doohickey,836
23770,North,Widget,513
23778,North,Gadget,529
23782,North,Gizmo,742
23783,North,Gadget,566
23791,North,Gizmo,974
23797,North,Widget,739
23806,North,Widget,886
23807,North,Doohickey,874
23810,North,Doohickey,852
23820,North,Widget,606
23830,North,Widget,694
23842,North,Gadget,547
23847,North,Gizmo,592
23858,North,Gizmo,840
23865,North,Doohickey,980
23872,North,Gizmo,631
23875,North,Doohickey,772
23882,North,Widget,886
23886,North,Gadget,602
23900,North,Gizmo,852
23904,North,Doohickey,827
23912,North,Gizmo,566
23925,North,Gizmo,537
23928,North,Gadget,545
23933,North,Doohickey,749
23935,North,Gizmo,579
23948,North,Widget,539
23954,North,Gadget,894
23965,North,Gizmo,986
23973,North,Widget,838
23981,North,Doohickey,697
23989,North,Gizmo,761
23994,North,Widget,698
24001,North,Widget,919
24007,North,Gadget,839
24016,North,Gizmo,724
24019,North,Doohickey,819
24031,North,Widget,969
24032,North,Gadget,910
24045,North,Gizmo,574
24050,North,Doohickey,991
24052,North,Widget,605
24061,North,Widget,612
24074,North,Gizmo,598
24075,North,Gadget,686
24084,North,Widget,836
24086,North,Widget,532
24091,North,Gizmo,816
24094,North,Gizmo,832
24108,North,Doohickey,851
24116,North,Gadget,586
24119,North,Gadget,703
24131,North,Gizmo,534
24135,North,Gadget,662
24138,North,Doohickey,578
24140,North,Widget,511
24159,North,Gizmo,919
24162,North,Gadget,734
24172,North,Gizmo,632
24173,North,Doohickey,726
24187,North,Doohickey,984
24193,North,Gadget,527
24195,North,Gizmo,615
24203,North,Widget,724
24214,North,Gizmo,547
24224,North,Gizmo,524
24229,North,Widget,768
24241,North,Widget,720
24242,North,Gadget,758
24253,North,Gadget,574
24288,North,Doohickey,722
24320,North,Gizmo,665
24322,North,Gizmo,542
24324,North,Gadget,643
24326,North,Widget,814
24327,North,Gizmo,625
24329,North,Widget,816
24344,North,Widget,977
24352,North,Gizmo,953
24353,North,Widget,632
24360,North,Gizmo,504
24367,North,Widget,611
24371,North,Widget,806
24384,North,Gizmo,724
24386,North,Doohickey,976
24387,North,Gadget,608
24389,North,Gadget,765
24393,North,Doohickey,720
24400,North,Gadget,763
24401,North,Widget,662
24407,North,Widget,918
24414,North,Gizmo,803
24428,North,Gizmo,868
24430,North,Gizmo,844
24431,North,Gadget,679
24437,North,Gadget,608
24438,North,Widget,544
24441,North,Doohickey,610
24442,North,Gizmo,915
24467,North,Gadget,790
24478,North,Doohickey,811
24518,North,Widget,958
24522,North,Doohickey,881
24524,North,Gadget,602
24530,North,Doohickey,990
24537,North,Widget,629
24538,North,Gadget,662
24550,North,Gadget,968
24585,North,Gadget,560
24598,North,Gadget,810
24602,North,Doohickey,685
24619,North,Widget,959
24628,North,Gadget,951
24636,North,Doohickey,924
24642,North,Widget,540
24656,North,Gadget,892
24667,North,Widget,814
24680,North,Doohickey,737
24688,North,Doohickey,634
24693,North,Gadget,916
24697,North,Widget,743
24739,North,Doohickey,908
24752,North,Widget,913
24758,North,Gizmo,779
24779,North,Gadget,976
24785,North,Widget,615
24797,North,Doohickey,712
24808,North,Gadget,635
24821,North,Widget,632
24826,North,Doohickey,860
24831,North,Gadget,865
24837,North,Doohickey,576
24840,North,Gizmo,838
24846,North,Gizmo,565
24856,North,Widget,700
24868,North,Doohickey,942
24870,North,Widget,527
24873,North,Doohickey,569
24876,North,Widget,907
24884,North,Widget,578
24895,North,Doohickey,796
24897,North,Widget,566
24902,North,Gadget,756
24928,North,Gadget,789
24937,North,Widget,592
24940,North,Gizmo,724
24942,North,Gizmo,861
24946,North,Gadget,599
24952,North,Widget,751
24958,North,Doohickey,843
24961,North,Gadget,953
24974,North,Gizmo,839
24980,North,Doohickey,860
24983,North,Gizmo,957
24985,North,Gadget,576
24986,North,Doohickey,601
24990,North,Gizmo,627
24992,North,Gizmo,543
25000,North,Gadget,591
25011,North,Doohickey,758
25013,North,Gadget,694
25016,North,Widget,872
25017,North,Gizmo,897
25028,North,Gadget,948
25046,North,Doohickey,876
25048,North,Doohickey,994
25049,North,Widget,528
25066,North,Widget,818
25085,North,Gadget,563
25086,North,Doohickey,702
25094,North,Doohickey,564
25095,North,Gizmo,840
25100,North,Doohickey,767
25116,North,Widget,836
25121,North,Gizmo,811
25122,North,Gizmo,761
25128,North,Gizmo,686
25143,North,Gadget,659
25155,North,Gadget,918
25159,North,Doohickey,730
25163,North,Doohickey,890
25173,North,Gizmo,731
25176,North,Gadget,585
25178,North,Gizmo,953
25186,North,Widget,886
25188,North,Gadget,735
25191,North,Widget,969
25204,North,Doohickey,998
25213,North,Gizmo,873
25222,North,Gadget,830
25227,North,Widget,822
25252,North,Doohickey,659
25261,North,Gadget,732
25277,North,Doohickey,886
25284,North,Gadget,732
25312,North,Widget,994
25313,North,Widget,694
25318,North,Gizmo,901
25328,North,Gadget,551
25330,North,Doohickey,872
25342,North,Widget,590
25345,North,Gizmo,656
25354,North,Gizmo,556
25360,North,Widget,639
25365,North,Widget,764
25367,North,Gadget,778
25378,North,Gizmo,670
25388,North,Doohickey,697
25400,North,Gadget,770
25406,North,Widget,841
25411,North,Doohickey,704
25412,North,Widget,936
25440,North,Gadget,911
25442,North,Doohickey,556
25447,North,Gizmo,537
25464,North,Widget,718
25482,North,Gizmo,629
25483,North,Doohickey,694
25485,North,Doohickey,613
25486,North,Gizmo,817
25499,North,Widget,621
25510,North,Doohickey,583
25523,North,Gizmo,802
25525,North,Widget,931
25554,North,Widget,653
25556,North,Doohickey,951
25567,North,Gizmo,838
25569,North,Widget,678
25574,North,Doohickey,692
25576,North,Doohickey,692
25578,North,Gadget,975
25587,North,Gadget,719
25592,North,Gizmo,669
25602,North,Widget,707
25606,North,Widget,737
25630,North,Widget,888
25632,North,Doohickey,725
25656,North,Gadget,693
25666,North,Widget,780
25669,North,Gizmo,617
25697,North,Widget,589
25707,North,Gizmo,647
25709,North,Gizmo,601
25711,North,Doohickey,939
25724,North,Gizmo,715
25736,North,Doohickey,534
25737,North,Doohickey,707
25751,North,Widget,651
25759,North,Gizmo,619
25764,North,Widget,827
25767,North,Doohickey,877
25771,North,Gizmo,586
25774,North,Gadget,868
25780,North,Doohickey,902
25784,North,Widget,953
25785,North,Doohickey,675
25800,North,Gadget,884
25812,North,Widget,967
25814,North,Gadget,993
25836,North,Widget,711
25845,North,Doohickey,678
25860,North,Widget,503
25861,North,Gizmo,668
25890,North,Gadget,905
25895,North,Widget,826
25904,North,Gadget,678
25910,North,Doohickey,861
25914,North,Widget,520
25917,North,Widget,773
25920,North,Gadget,923
25930,North,Widget,914
25935,North,Doohickey,572
25938,North,Doohickey,532
25940,North,Doohickey,786
25942,North,Gadget,753
25950,North,Doohickey,838
25958,North,Gadget,988
25961,North,Widget,588
25977,North,Gizmo,876
25980,North,Gizmo,802
25985,North,Gadget,766
25987,North,Gadget,713
25997,North,Widget,749
26005,North,Gizmo,626
26025,North,Gadget,739
26042,North,Doohickey,532
26050,North,Widget,790
26055,North,Gadget,787
26056,North,Gadget,839
26061,North,Widget,775
26094,North,Doohickey,501
26099,North,Doohickey,533
26107,North,Gizmo,577
26110,North,Gizmo,586
26114,North,Gadget,722
26127,North,Doohickey,760
26130,North,Gizmo,852
26136,North,Doohickey,593
26137,North,Gadget,915
26143,North,Doohickey,856
26144,North,Widget,916
26158,North,Gadget,652
26177,North,Gadget,575
26183,North,Gadget,831
26184,North,Widget,583
26190,North,Widget,976
26196,North,Gizmo,528
26198,North,Gizmo,827
26205,North,Gadget,624
26206,North,Gizmo,867
26230,North,Doohickey,828
26247,North,Widget,650
26248,North,Doohickey,754
26253,North,Gadget,961
26263,North,Gadget,584
26267,North,Doohickey,842
26274,North,Doohickey,985
26286,North,Widget,583
26288,North,Gizmo,574
26290,North,Doohickey,720
26291,North,Widget,629
26310,North,Gadget,718
26330,North,Doohickey,981
26335,North,Widget,769
26336,North,Gizmo,610
26338,North,Gadget,967
26362,North,Widget,544
26363,North,Gadget,704
26364,North,Doohickey,600
26369,North,Gadget,515
26376,North,Gadget,923
26385,North,Gadget,885
26387,North,Gizmo,869
26399,North,Gadget,657
26402,North,Gadget,986
26406,North,Gadget,953
26420,North,Doohickey,568
26421,North,Doohickey,528
26425,North,Widget,733
26431,North,Gadget,807
26442,North,Gadget,867
26445,North,Gadget,967
26455,North,Widget,761
26461,North,Doohickey,819
26489,North,Gizmo,827
26496,North,Gizmo,653
26500,North,Gizmo,568
26509,North,Doohickey,827
26523,North,Gadget,825
26524,North,Widget,811
26525,North,Doohickey,579
26528,North,Gadget,527
26531,North,Gadget,745
26541,North,Gadget,651
26542,North,Gadget,963
26546,North,Doohickey,889
26557,North,Gizmo,620
26565,North,Gadget,865
26570,North,Gadget,871
26571,North,Gizmo,542
26572,North,Widget,707
26578,North,Gadget,841
26584,North,Gadget,952
26591,North,Gizmo,625
26600,North,Doohickey,914
26607,North,Doohickey,682
26610,North,Gizmo,993
26615,North,Widget,965
26623,North,Doohickey,668
26625,North,Widget,550
26629,North,Gadget,556
26643,North,Doohickey,741
26644,North,Widget,680
26659,North,Widget,648
26663,North,Gizmo,849
26674,North,Gizmo,977
26676,North,Widget,585
26700,North,Gizmo,578
26703,North,Gadget,661
26704,North,Doohickey,989
26706,North,Gizmo,517
26707,North,Gadget,620
26712,North,Gizmo,681
26731,North,Gizmo,682
26744,North,Doohickey,587
26745,North,Gadget,792
26766,North,Gadget,754
26768,North,Gizmo,501
26769,North,Widget,942
26772,North,Doohickey,824
26794,North,Widget,559
26795,North,Gadget,657
26812,North,Doohickey,997
26826,North,Gadget,827
26827,North,Gizmo,664
26828,North,Gadget,791
26834,North,Doohickey,961
26847,North,Doohickey,814
26851,North,Gizmo,660
26855,North,Widget,791
26862,North,Gizmo,503
26867,North,Gizmo,964
26870,North,Gizmo,565
26871,North,Doohickey,968
26876,North,Widget,727
26885,North,Gadget,913
26890,North,Gizmo,515
26892,North,Gadget,927
26895,North,Gadget,732
26901,North,Doohickey,886
26910,North,Doohickey,762
26923,North,Doohickey,807
26926,North,Doohickey,630
26934,North,Gadget,994
26940,North,Widget,965
26943,North,Gadget,867
26951,North,Widget,568
26961,North,Gadget,922
26964,North,Widget,850
26982,North,Gadget,501
27023,North,Widget,913
27027,North,Doohickey,664
27029,North,Gizmo,866
27035,North,Widget,624
27036,North,Widget,805
27040,North,Doohickey,551
27055,North,Widget,950
27078,North,Gadget,732
27079,North,Gadget,521
27084,North,Gadget,861
27085,North,Doohickey,583
27087,North,Gizmo,754
27107,North,Gizmo,888
27111,North,Doohickey,774
27114,North,Gizmo,541
27119,North,Doohickey,864
27125,North,Gadget,877
27140,North,Doohickey,545
27154,North,Doohickey,665
27156,North,Doohickey,644
27164,North,Gizmo,944
27171,North,Gadget,986
27176,North,Doohickey,523
27187,North,Gizmo,759
27188,North,Widget,739
27196,North,Gizmo,864
27197,North,Doohickey,780
27202,North,Doohickey,852
27227,North,Gizmo,505
27238,North,Gizmo,978
27240,North,Gizmo,916
27248,North,Doohickey,817
27260,North,Gizmo,777
27261,North,Gizmo,801
27269,North,Doohickey,966
27284,North,Gizmo,978
27293,North,Gizmo,737
27296,North,Doohickey,860
27301,North,Gadget,809
27308,North,Gizmo,796
27320,North,Widget,793
27321,North,Doohickey,691
27322,North,Doohickey,594
27328,North,Gizmo,967
27335,North,Widget,556
27349,North,Gadget,625
27355,North,Gizmo,877
27361,North,Gadget,868
27363,North,Doohickey,642
27364,North,Doohickey,617
27365,North,Widget,651
27369,North,Widget,808
27370,North,Doohickey,821
27374,North,Doohickey,952
27384,North,Doohickey,956
27398,North,Doohickey,817
27402,North,Gizmo,704
27403,North,Widget,922
27408,North,Widget,639
27420,North,Gizmo,808
27435,North,Doohickey,620
27440,North,Gadget,638
27442,North,Widget,763
27450,North,Gizmo,869
27452,North,Doohickey,730
27453,North,Gizmo,846
27460,North,Doohickey,766
27478,North,Gadget,688
27497,North,Gizmo,680
27506,North,Gadget,734
27512,North,Doohickey,690
27524,North,Doohickey,914
27526,North,Gizmo,899
27537,North,Gizmo,718
27557,North,Gizmo,520
27563,North,Gizmo,609
27586,North,Widget,590
27587,North,Widget,855
27592,North,Widget,533
27605,North,Gizmo,730
27607,North,Doohickey,606
27609,North,Doohickey,964
27612,North,Gadget,562
27613,North,Gizmo,824
27614,North,Gadget,843
27616,North,Widget,730
27621,North,Doohickey,619
27630,North,Doohickey,503
27635,North,Gadget,980
27637,North,Gizmo,648
27642,North,Doohickey,565
27646,North,Gizmo,834
27648,North,Doohickey,693
27650,North,Doohickey,746
27663,North,Gizmo,816
27664,North,Widget,556
27668,North,Widget,717
27670,North,Gadget,803
27683,North,Doohickey,591
27702,North,Gizmo,783
27714,North,Gizmo,997
27717,North,Doohickey,961
27735,North,Gizmo,860
27736,North,Widget,699
27740,North,Widget,574
27742,North,Doohickey,997
27752,North,Gizmo,710
27760,North,Doohickey,625
27763,North,Doohickey,558
27771,North,Gizmo,984
27776,North,Widget,824
27819,North,Widget,676
27845,North,Gizmo,529
27846,North,Widget,664
27848,North,Widget,805
27866,North,Doohickey,919
27875,North,Widget,993
27881,North,Doohickey,876
27887,North,Doohickey,643
27892,North,Gadget,525
27902,North,Widget,955
27905,North,Widget,610
27924,North,Gadget,698
27927,North,Widget,655
27953,North,Gadget,581
27963,North,Gizmo,581
27964,North,Gadget,568
27965,North,Gizmo,568
27969,North,Gadget,569
27974,North,Widget,612
27977,North,Doohickey,983
27978,North,Gadget,991
27980,North,Gizmo,773
27994,North,Gadget,855
27997,North,Gizmo,571
28003,North,Doohickey,780
28017,North,Gizmo,949
28021,North,Gadget,801
28026,North,Gizmo,687
28030,North,Widget,685
28033,North,Widget,709
28059,North,Doohickey,902
28070,North,Doohickey,778
28074,North,Widget,947
28092,North,Widget,806
28113,North,Widget,534
28127,North,Gizmo,894
28129,North,Widget,822
28130,North,Doohickey,765
28134,North,Gizmo,869
28141,North,Gadget,778
28220,North,Widget,764
28246,North,Gadget,851
28251,North,Gizmo,896
28262,North,Gadget,712
28264,North,Gadget,999
28276,North,Doohickey,675
28281,North,Gadget,551
28282,North,Doohickey,930
28304,North,Widget,776
28305,North,Widget,927
28306,North,Doohickey,939
28320,North,Gizmo,651
28322,North,Widget,877
28328,North,Widget,753
28333,North,Widget,613
28335,North,Gadget,852
28339,North,Gadget,921
28344,North,Gizmo,692
28361,North,Gizmo,981
28377,North,Gizmo,849
28392,North,Gadget,738
28398,North,Gizmo,773
28401,North,Gadget,772
28409,North,Doohickey,736
28428,North,Widget,906
28431,North,Doohickey,926
28436,North,Gadget,792
28485,North,Widget,925
28494,North,Gizmo,950
28499,North,Widget,695
28514,North,Widget,538
28515,North,Gizmo,681
28522,North,Widget,915
28533,North,Gadget,713
28534,North,Gadget,867
28538,North,Gadget,889
28539,North,Gadget,591
28545,North,Doohickey,911
28551,North,Gadget,869
28557,North,Doohickey,535
28559,North,Doohickey,656
28574,North,Gadget,590
28579,North,Gadget,557
28593,North,Gadget,965
28604,North,Gizmo,597
28611,North,Gadget,711
28625,North,Gadget,855
28633,North,Doohickey,959
28650,North,Widget,505
28659,North,Widget,565
28662,North,Gadget,615
28667,North,Gadget,505
28675,North,Gadget,986
28683,North,Gadget,924
28685,North,Doohickey,791
28692,North,Doohickey,553
28714,North,Gizmo,889
28715,North,Widget,632
28720,North,Doohickey,869
28754,North,Doohickey,518
28756,North,Widget,649
28770,North,Doohickey,759
28789,North,Doohickey,922
28799,North,Widget,885
28810,North,Gizmo,675
28839,North,Widget,621
28851,North,Gizmo,535
28860,North,Widget,616
28866,North,Gizmo,548
28867,North,Doohickey,661
28914,North,Gadget,720
28922,North,Gizmo,706
28923,North,Gizmo,878
28928,North,Doohickey,858
28944,North,Doohickey,554
28946,North,Doohickey,583
28951,North,Widget,969
28962,North,Gadget,826
28970,North,Widget,946
28977,North,Widget,779
28981,North,Gizmo,676
28990,North,Gadget,901
28991,North,Widget,755
28993,North,Doohickey,849
28997,North,Widget,628
29002,North,Gadget,917
29011,North,Gadget,843
29017,North,Gizmo,855
29019,North,Doohickey,947
29028,North,Gadget,997
29031,North,Gadget,934
29035,North,Gizmo,637
29036,North,Widget,679
29039,North,Doohickey,821
29058,North,Widget,963
29062,North,Widget,547
29070,North,Gadget,943
29073,North,Widget,850
29100,North,Gadget,986
29104,North,Doohickey,847
29109,North,Gizmo,967
29121,North,Doohickey,596
29122,North,Gadget,734
29149,North,Doohickey,919
29164,North,Doohickey,971
29176,North,Gizmo,517
29184,North,Gadget,888
29185,North,Gadget,936
29223,North,Gizmo,508
29235,North,Gadget,876
29250,North,Gadget,596
29257,North,Doohickey,981
29259,North,Doohickey,950
29278,North,Widget,718
29292,North,Doohickey,983
29301,North,Doohickey,760
29310,North,Widget,665
29318,North,Widget,567
29337,North,Gizmo,732
29347,North,Gadget,964
29356,North,Gadget,809
29362,North,Gizmo,897
29364,North,Doohickey,762
29368,North,Gadget,531
29388,North,Gadget,788
29397,North,Gadget,680
29402,North,Widget,530
29403,North,Doohickey,990
29413,North,Gizmo,624
29421,North,Doohickey,501
29426,North,Gizmo,734
29429,North,Widget,723
29433,North,Gadget,918
29445,North,Gadget,568
29446,North,Gizmo,725
29455,North,Doohickey,960
29465,North,Gadget,961
29477,North,Gizmo,686
29487,North,Gadget,739
29494,North,Doohickey,665
29500,North,Widget,541
29503,North,Widget,832
29506,North,Gizmo,606
29507,North,Gizmo,670
29522,North,Doohickey,596
29534,North,Gadget,731
29535,North,Widget,720
29543,North,Gizmo,652
29569,North,Doohickey,959
29576,North,Doohickey,630
29578,North,Gizmo,677
29581,North,Gizmo,597
29589,North,Gizmo,846
29601,North,Gizmo,998
29605,North,Doohickey,985
29607,North,Gizmo,647
29614,North,Gadget,884
29617,North,Doohickey,846
29621,North,Gizmo,525
29633,North,Doohickey,751
29634,North,Widget,902
29636,North,Widget,554
29649,North,Widget,593
29657,North,Doohickey,953
29663,North,Doohickey,599
29665,North,Gadget,834
29666,North,Doohickey,677
29674,North,Gadget,532
29681,North,Doohickey,792
29684,North,Gizmo,969
29686,North,Gadget,789
29687,North,Doohickey,601
29716,North,Widget,909
29747,North,Widget,831
29754,North,Gadget,551
29763,North,Doohickey,538
29764,North,Widget,865
29771,North,Doohickey,933
29777,North,Gadget,819
29790,North,Widget,709
29793,North,Widget,681
29798,North,Gizmo,647
29804,North,Doohickey,952
29812,North,Gadget,839
29818,North,Doohickey,656
29826,North,Gadget,748
29827,North,Gadget,724
29836,North,Widget,888
29840,North,Doohickey,943
29843,North,Gadget,505
29849,North,Widget,597
29854,North,Doohickey,717
29866,North,Widget,903
29888,North,Gizmo,876
29892,North,Gizmo,892
29905,North,Doohickey,802
29925,North,Gadget,832
29938,North,Gadget,874
29944,North,Doohickey,883
29956,North,Gadget,815
29960,North,Widget,899
29972,North,Widget,946
29973,North,Doohickey,927
30008,North,Gizmo,535
30022,North,Gadget,577
30027,North,Doohickey,890
30032,North,Doohickey,716
30036,North,Gizmo,991
30041,North,Widget,855
30052,North,Gizmo,916
30058,North,Doohickey,597
30067,North,Gizmo,519
30085,North,Doohickey,978
30087,North,Gizmo,568
30098,North,Gizmo,581
30120,North,Gadget,946
30132,North,Widget,990
30140,North,Widget,952
30145,North,Gadget,648
30148,North,Gizmo,573
30151,North,Gizmo,683
30156,North,Doohickey,589
30185,North,Widget,750
30189,North,Gizmo,794
30204,North,Gadget,627
30247,North,Doohickey,978
30249,North,Widget,852
30252,North,Doohickey,807
30258,North,Widget,901
30274,North,Widget,626
30279,North,Gadget,784
30280,North,Doohickey,991
30300,North,Widget,796
30308,North,Gadget,835
30313,North,Gadget,641
30326,North,Gizmo,551
30337,North,Doohickey,713
30341,North,Gizmo,711
30353,North,Doohickey,507
30361,North,Gizmo,981
30367,North,Widget,928
30377,North,Gizmo,828
30379,North,Doohickey,952
30383,North,Widget,977
30395,North,Gizmo,986
30404,North,Widget,720
30413,North,Widget,553
30429,North,Gizmo,999
30430,North,Widget,601
30451,North,Doohickey,600
30460,North,Gizmo,627
30461,North,Widget,943
30466,North,Widget,773
30479,North,Doohickey,579
30492,North,Doohickey,519
30496,North,Doohickey,766
30506,North,Doohickey,750
30510,North,Widget,700
30522,North,Gizmo,973
30529,North,Gadget,963
30534,North,Widget,693
30536,North,Doohickey,573
30543,North,Gizmo,740
30548,North,Gadget,768
30559,North,Widget,686
30577,North,Doohickey,591
30578,North,Gizmo,604
30581,North,Doohickey,994
30585,North,Gadget,599
30592,North,Gizmo,824
30595,North,Doohickey,805
30624,North,Gizmo,703
30625,North,Gizmo,559
30636,North,Widget,603
30651,North,Gizmo,707
30663,North,Gizmo,950
30666,North,Gadget,512
30671,North,Doohickey,762
30673,North,Widget,653
30677,North,Widget,800
30682,North,Doohickey,552
30688,North,Widget,656
30694,North,Doohickey,817
30701,North,Doohickey,883
30703,North,Gadget,730
30710,North,Gizmo,713
30724,North,Gizmo,742
30731,North,Widget,944
30745,North,Gizmo,536
30747,North,Gizmo,786
30753,North,Widget,774
30755,North,Widget,944
30769,North,Doohickey,990
30772,North,Gizmo,687
30778,North,Gadget,547
30784,North,Widget,814
30801,North,Gizmo,539
30804,North,Gadget,638
30830,North,Doohickey,627
30840,North,Gizmo,916
30849,North,Widget,625
30852,North,Widget,509
30861,North,Gadget,763
30862,North,Gizmo,736
30863,North,Widget,534
30869,North,Widget,714
30885,North,Gizmo,566
30914,North,Gadget,538
30918,North,Gizmo,672
30923,North,Doohickey,818
30926,North,Gizmo,660
30932,North,Widget,705
30934,North,Gizmo,755
30936,North,Gizmo,769
30938,North,Gadget,766
30947,North,Gadget,949
30968,North,Doohickey,907
30972,North,Gadget,735
30974,North,Widget,802
30979,North,Widget,801
30987,North,Gadget,669
30989,North,Gadget,679
30993,North,Gadget,813
30995,North,Widget,719
30997,North,Gadget,777
31000,North,Widget,698
31004,North,Gizmo,725
31008,North,Widget,655
31014,North,Widget,595
31026,North,Doohickey,830
31037,North,Doohickey,839
31045,North,Gadget,612
31055,North,Gadget,571
31084,North,Gadget,953
31105,North,Gadget,948
31107,North,Widget,713
31120,North,Doohickey,658
31128,North,Widget,780
31136,North,Widget,788
31148,North,Widget,754
31156,North,Widget,568
31166,North,Widget,976
31174,North,Widget,727
31179,North,Widget,522
31181,North,Doohickey,724
31183,North,Gadget,841
31191,North,Gizmo,718
31192,North,Gizmo,656
31195,North,Gadget,669
31198,North,Doohickey,734
31203,North,Widget,909
31210,North,Gizmo,894
31217,North,Widget,947
31255,North,Doohickey,501
31259,North,Doohickey,569
31265,North,Doohickey,767
31289,North,Doohickey,800
31291,North,Doohickey,896
31295,North,Gizmo,833
31307,North,Widget,994
31316,North,Gizmo,651
31317,North,Gadget,568
31324,North,Gizmo,877
31329,North,Gizmo,739
31332,North,Gadget,571
31340,North,Widget,773
31342,North,Gizmo,618
31348,North,Doohickey,803
31362,North,Widget,688
31368,North,Gadget,501
31370,North,Gadget,806
31372,North,Widget,651
31400,North,Widget,706
31407,North,Widget,902
31411,North,Gadget,599
31422,North,Gizmo,939
31433,North,Gizmo,565
31442,North,Widget,599
31447,North,Widget,632
31451,North,Gadget,649
31457,North,Doohickey,826
31462,North,Doohickey,589
31473,North,Doohickey,695
31476,North,Gizmo,773
31481,North,Gizmo,571
31489,North,Widget,880
31492,North,Doohickey,769
31497,North,Gizmo,759
31498,North,Gadget,613
31500,North,Gadget,752
31502,North,Gizmo,985
31504,North,Widget,552
31519,North,Gadget,697
31520,North,Doohickey,709
31527,North,Gizmo,947
31567,North,Doohickey,653
31570,North,Doohickey,740
31571,North,Widget,779
31573,North,Gizmo,555
31580,North,Gizmo,543
31581,North,Gizmo,717
31583,North,Gizmo,633
31586,North,Doohickey,585
31598,North,Gadget,800
31616,North,Doohickey,729
31622,North,Gadget,538
31623,North,Gadget,596
31649,North,Widget,718
31666,North,Doohickey,936
31671,North,Gizmo,830
31672,North,Gizmo,627
31673,North,Doohickey,630
31688,North,Doohickey,856
31696,North,Widget,955
31702,North,Gadget,682
31714,North,Widget,793
31742,North,Gizmo,751
31780,North,Gizmo,756
31788,North,Gizmo,642
31789,North,Doohickey,691
31801,North,Doohickey,647
31802,North,Doohickey,807
31805,North,Gizmo,701
31808,North,Gizmo,764
31809,North,Widget,588
31813,North,Gadget,975
31822,North,Doohickey,897
31830,North,Gadget,986
31831,North,Doohickey,906
31832,North,Gizmo,808
31847,North,Gadget,758
31861,North,Gadget,573
31867,North,Gizmo,923
31870,North,Gizmo,529
31871,North,Gizmo,968
31876,North,Widget,949
31888,North,Widget,534
31889,North,Widget,671
31900,North,Gizmo,682
31905,North,Gizmo,730
31911,North,Widget,909
31917,North,Gadget,952
31920,North,Doohickey,566
31926,North,Widget,803
31930,North,Doohickey,571
31938,North,Gadget,586
31940,North,Doohickey,608
31947,North,Widget,744
31973,North,Gadget,593
31983,North,Doohickey,875
32000,North,Doohickey,542
32008,North,Doohickey,662
32028,North,Widget,946
32037,North,Gadget,913
32038,North,Doohickey,630
32045,North,Widget,540
32068,North,Widget,518
32076,North,Gizmo,806
32086,North,Gadget,679
32091,North,Gadget,545
32102,North,Doohickey,940
32116,North,Gizmo,616
32136,North,Gadget,706
32148,North,Doohickey,756
32149,North,Gizmo,721
32152,North,Doohickey,619
32183,North,Widget,671
32186,North,Gizmo,644
32193,North,Gizmo,749
32215,North,Gadget,827
32220,North,Widget,501
32241,North,Gizmo,680
32244,North,Gadget,544
32245,North,Doohickey,844
32250,North,Widget,621
32255,North,Gadget,616
32256,North,Doohickey,610
32260,North,Doohickey,842
32266,North,Gadget,610
32288,North,Widget,815
32292,North,Gadget,765
32310,North,Gizmo,963
32316,North,Doohickey,648
32329,North,Gizmo,710
32333,North,Gizmo,823
32336,North,Doohickey,609
32341,North,Doohickey,827
32346,North,Doohickey,576
32357,North,Gizmo,788
32359,North,Gadget,732
32364,North,Gadget,855
32374,North,Doohickey,699
32390,North,Gizmo,847
32393,North,Gizmo,513
32403,North,Doohickey,699
32409,North,Gizmo,535
32418,North,Gizmo,601
32433,North,Widget,641
32434,North,Widget,897
32436,North,Widget,827
32448,North,Gadget,880
32450,North,Gizmo,822
32458,North,Widget,993
32469,North,Widget,991
32484,North,Gizmo,890
32510,North,Doohickey,806
32522,North,Gadget,953
32561,North,Doohickey,941
32566,North,Gizmo,992
32582,North,Widget,583
32583,North,Gizmo,969
32599,North,Doohickey,631
32613,North,Gadget,818
32614,North,Gadget,793
32619,North,Gadget,594
32627,North,Gizmo,609
32632,North,Gadget,882
32667,North,Widget,977
32681,North,Widget,527
32684,North,Widget,926
32689,North,Widget,930
32691,North,Widget,855
32693,North,Doohickey,768
32699,North,Gizmo,908
32701,North,Gizmo,840
32709,North,Gizmo,737
32724,North,Gizmo,858
32727,North,Widget,741
32738,North,Gadget,760
32740,North,Gadget,808
32741,North,Widget,867
32746,North,Widget,533
32760,North,Gizmo,934
32769,North,Gadget,525
32777,North,Gizmo,687
32787,North,Gizmo,965
32820,North,Widget,718
32824,North,Gizmo,733
32842,North,Gadget,694
32872,North,Gizmo,551
32880,North,Gadget,840
32888,North,Gadget,554
32901,North,Widget,626
32929,North,Gadget,560
32935,North,Widget,706
32937,North,Doohickey,826
32938,North,Doohickey,831
32948,North,Doohickey,914
32985,North,Widget,601
32987,North,Gizmo,524
32996,North,Gizmo,680
32999,North,Gadget,863
33001,North,Gadget,580
33010,North,Gadget,543
33020,North,Widget,796
33046,North,Doohickey,835
33060,North,Gadget,894
33082,North,Gizmo,894
33094,North,Doohickey,568
33100,North,Gadget,536
33101,North,Gizmo,653
33102,North,Gizmo,661
33110,North,Widget,784
33111,North,Gadget,828
33112,North,Widget,566
33151,North,Gadget,642
33164,North,Gadget,688
33172,North,Gizmo,800
33175,North,Gizmo,531
33178,North,Gizmo,622
33179,North,Widget,867
33180,North,Gadget,574
33181,North,Gizmo,836
33187,North,Doohickey,540
33191,North,Doohickey,759
33194,North,Gadget,788
33195,North,Doohickey,501
33210,North,Widget,965
33211,North,Doohickey,642
33217,North,Gadget,869
33224,North,Gadget,641
33285,North,Gizmo,827
33286,North,Gadget,574
33304,North,Widget,734
33315,North,Gadget,581
33321,North,Widget,725
33332,North,Gadget,681
33338,North,Widget,968
33342,North,Widget,669
33344,North,Doohickey,586
33346,North,Gizmo,523
33358,North,Gizmo,666
33359,North,Gizmo,771
33365,North,Doohickey,833
33388,North,Gizmo,692
33402,North,Gadget,544
33403,North,Doohickey,765
33418,North,Gizmo,752
33423,North,Gizmo,890
33424,North,Widget,821
33425,North,Gizmo,842
33429,North,Gadget,847
33430,North,Gadget,827
33432,North,Gizmo,977
33434,North,Gadget,808
33435,North,Widget,650
33438,North,Doohickey,946
33442,North,Gadget,589
33447,North,Gadget,841
33448,North,Widget,878
33450,North,Doohickey,810
33452,North,Gadget,825
33454,North,Widget,698
33468,North,Gizmo,557
33482,North,Doohickey,553
33491,North,Widget,590
33493,North,Gadget,696
33494,North,Gizmo,896
33498,North,Widget,614
33503,North,Gizmo,527
33510,North,Widget,599
33513,North,Doohickey,725
33516,North,Doohickey,959
33523,North,Doohickey,515
33524,North,Widget,940
33543,North,Doohickey,772
33546,North,Doohickey,936
33550,North,Doohickey,636
33555,North,Doohickey,585
33569,North,Doohickey,844
33577,North,Widget,855
33582,North,Widget,644
33584,North,Gizmo,655
33591,North,Gadget,682
33599,North,Gadget,822
33605,North,Gadget,656
33615,North,Gadget,777
33624,North,Gizmo,973
33627,North,Gizmo,901
33637,North,Gadget,968
33650,North,Doohickey,559
33651,North,Widget,792
33659,North,Gizmo,552
33661,North,Widget,532
33669,North,Gadget,953
33681,North,Gadget,580
33684,North,Widget,532
33695,North,Gadget,574
33699,North,Doohickey,919
33703,North,Doohickey,835
33707,North,Doohickey,588
33708,North,Doohickey,587
33711,North,Doohickey,662
33724,North,Gizmo,540
33736,North,Doohickey,683
33742,North,Gizmo,858
33747,North,Doohickey,711
33757,North,Doohickey,623
33778,North,Gizmo,512
33781,North,Widget,742
33789,North,Widget,524
33801,North,Doohickey,810
33810,North,Doohickey,532
33846,North,Doohickey,586
33850,North,Gizmo,509
33862,North,Doohickey,803
33865,North,Widget,519
33869,North,Gizmo,714
33872,North,Gizmo,695
33877,North,Gizmo,518
33878,North,Doohickey,557
33884,North,Widget,766
33889,North,Doohickey,880
33893,North,Gadget,972
33899,North,Doohickey,772
33901,North,Gizmo,565
33902,North,Widget,761
33911,North,Widget,849
33937,North,Widget,672
33941,North,Widget,628
33948,North,Gadget,760
33951,North,Gadget,910
33954,North,Doohickey,890
33955,North,Gadget,523
33959,North,Gizmo,869
33978,North,Gizmo,967
34002,North,Gadget,507
34016,North,Doohickey,683
34022,North,Doohickey,726
34027,North,Doohickey,616
34038,North,Gadget,888
34065,North,Doohickey,558
34072,North,Doohickey,578
34082,North,Gizmo,564
34085,North,Doohickey,844
34105,North,Gadget,702
34111,North,Doohickey,574
34112,North,Gadget,850
34126,North,Widget,573
34130,North,Gadget,905
34136,North,Doohickey,986
34137,North,Gizmo,816
34142,North,Gizmo,996
34153,North,Gadget,961
34188,North,Gizmo,543
34189,North,Widget,891
34194,North,Gadget,616
34198,North,Widget,965
34209,North,Gadget,711
34240,North,Gadget,876
34244,North,Gadget,700
34254,North,Doohickey,702
34265,North,Doohickey,968
34269,North,Gadget,732
34278,North,Doohickey,901
34280,North,Widget,971
34282,North,Widget,779
34291,North,Doohickey,776
34294,North,Doohickey,964
34297,North,Widget,776
34314,North,Widget,574
34322,North,Doohickey,676
34342,North,Gadget,796
34352,North,Doohickey,664
34361,North,Gadget,566
34365,North,Doohickey,647
34366,North,Gizmo,601
34368,North,Gadget,963
34396,North,Gadget,798
34401,North,Gizmo,704
34423,North,Gizmo,861
34436,North,Gizmo,828
34441,North,Doohickey,609
34444,North,Doohickey,888
34447,North,Widget,544
34451,North,Gadget,786
34466,North,Gadget,994
34471,North,Widget,844
34483,North,Doohickey,607
34488,North,Widget,866
34500,North,Doohickey,688
34510,North,Gizmo,640
34522,North,Doohickey,978
34545,North,Gizmo,830
34552,North,Gizmo,654
34556,North,Widget,734
34560,North,Gadget,811
34566,North,Widget,611
34576,North,Gadget,926
34579,North,Gadget,736
34589,North,Gizmo,684
34598,North,Gizmo,677
34601,North,Gadget,709
34611,North,Widget,861
34616,North,Widget,651
34629,North,Doohickey,891
34635,North,Widget,899
34636,North,Gizmo,886
34640,North,Gizmo,582
34641,North,Widget,702
34658,North,Widget,833
34670,North,Gadget,551
34686,North,Gadget,590
34697,North,Gizmo,565
34699,North,Widget,877
34712,North,Gizmo,814
34751,North,Widget,566
34753,North,Doohickey,609
34767,North,Doohickey,857
34770,North,Doohickey,972
34772,North,Gizmo,593
34803,North,Gizmo,513
34807,North,Doohickey,867
34822,North,Gadget,590
34823,North,Doohickey,551
34827,North,Gadget,967
34840,North,Gadget,752
34850,North,Doohickey,550
34857,North,Gizmo,986
34858,North,Widget,981
34866,North,Gadget,734
34870,North,Gadget,890
34885,North,Gizmo,751
34892,North,Gadget,501
34907,North,Gizmo,684
34916,North,Gizmo,540
34924,North,Widget,975
34931,North,Widget,977
34946,North,Widget,688
34953,North,Widget,877
34958,North,Gizmo,572
34964,North,Gizmo,702
34976,North,Gadget,708
34979,North,Gizmo,541
34983,North,Gadget,813
34993,North,Gadget,665
35004,North,Doohickey,865
35014,North,Gizmo,731
35015,North,Doohickey,819
35026,North,Doohickey,770
35038,North,Gizmo,501
35047,North,Widget,990
35058,North,Doohickey,639
35060,North,Gadget,572
35067,North,Doohickey,963
35071,North,Gadget,847
35081,North,Gadget,724
35084,North,Gadget,770
35089,North,Gizmo,665
35110,North,Gizmo,727
35144,North,Gizmo,886
35145,North,Doohickey,591
35151,North,Gizmo,838
35170,North,Widget,548
35173,North,Gizmo,773
35178,North,Widget,539
35183,North,Gizmo,579
35185,North,Doohickey,846
35189,North,Doohickey,998
35190,North,Doohickey,982
35201,North,Widget,552
35208,North,Widget,883
35222,North,Gizmo,757
35249,North,Gizmo,675
35253,North,Gizmo,863
35268,North,Gizmo,980
35271,North,Widget,762
35274,North,Gadget,542
35275,North,Gadget,589
35289,North,Doohickey,653
35311,North,Gadget,632
35317,North,Gizmo,785
35321,North,Gadget,702
35339,North,Widget,952
35343,North,Widget,894
35344,North,Widget,961
35345,North,Doohickey,779
35347,North,Gadget,694
35359,North,Gizmo,586
35361,North,Gizmo,663
35362,North,Doohickey,614
35395,North,Doohickey,877
35428,North,Widget,663
35435,North,Gizmo,723
35450,North,Widget,766
35460,North,Doohickey,865
35463,North,Gadget,869
35467,North,Gadget,850
35468,North,Widget,772
35473,North,Widget,787
35475,North,Gadget,664
35481,North,Gadget,536
35484,North,Gizmo,553
35487,North,Widget,950
35488,North,Widget,891
35491,North,Gizmo,899
35495,North,Gadget,828
35517,North,Gizmo,831
35518,North,Gadget,817
35524,North,Gadget,755
35525,North,Gizmo,931
35527,North,Doohickey,787
35531,North,Gizmo,700
35537,North,Gadget,875
35547,North,Doohickey,736
35551,North,Widget,876
35564,North,Gadget,623
35565,North,Gadget,572
35578,North,Widget,573
35610,North,Widget,689
35615,North,Gizmo,748
35618,North,Gizmo,836
35624,North,Gadget,618
35627,North,Doohickey,989
35638,North,Widget,649
35640,North,Gadget,517
35650,North,Gizmo,974
35669,North,Doohickey,656
35672,North,Gizmo,876
35673,North,Gadget,530
35678,North,Doohickey,852
35694,North,Widget,968
35698,North,Widget,880
35715,North,Gizmo,907
35722,North,Gadget,507
35724,North,Doohickey,824
35735,North,Gizmo,764
35737,North,Doohickey,930
35738,North,Gizmo,587
35740,North,Widget,830
35755,North,Gadget,770
35758,North,Widget,646
35778,North,Gizmo,655
35787,North,Gadget,654
35791,North,Widget,746
35802,North,Gadget,533
35807,North,Doohickey,712
35820,North,Gizmo,835
35827,North,Doohickey,740
35832,North,Doohickey,825
35851,North,Doohickey,652
35858,North,Gadget,620
35859,North,Gadget,566
35863,North,Gizmo,908
35869,North,Gadget,512
35886,North,Gizmo,567
35900,North,Widget,944
35906,North,Gizmo,678
35930,North,Gizmo,988
35932,North,Gadget,951
35933,North,Gadget,788
35939,North,Doohickey,909
35949,North,Doohickey,608
35953,North,Doohickey,946
35967,North,Doohickey,628
35977,North,Widget,727
35980,North,Doohickey,865
36004,North,Widget,697
36006,North,Gizmo,801
36035,North,Gizmo,547
36041,North,Doohickey,514
36043,North,Gadget,806
36048,North,Doohickey,591
36066,North,Doohickey,832
36067,North,Gizmo,998
36086,North,Doohickey,723
36095,North,Widget,677
36099,North,Doohickey,554
36102,North,Doohickey,805
36103,North,Gadget,526
36119,North,Gadget,963
36132,North,Doohickey,869
36141,North,Gadget,798
36151,North,Gadget,722
36154,North,Gizmo,959
36157,North,Gadget,839
36158,North,Widget,687
36176,North,Gadget,544
36177,North,Doohickey,633
36180,North,Doohickey,582
36184,North,Gizmo,529
36186,North,Widget,876
36187,North,Gadget,686
36209,North,Gizmo,811
36210,North,Gadget,563
36225,North,Widget,892
36229,North,Gadget,913
36230,North,Gadget,989
36239,North,Doohickey,859
36242,North,Widget,651
36244,North,Widget,915
36249,North,Gadget,784
36252,North,Widget,816
36268,North,Doohickey,528
36279,North,Gadget,752
36280,North,Doohickey,994
36286,North,Gadget,534
36288,North,Gadget,509
36289,North,Gizmo,927
36291,North,Widget,618
36295,North,Gizmo,741
36304,North,Gizmo,944
36310,North,Doohickey,764
36321,North,Gadget,844
36327,North,Doohickey,612
36328,North,Gizmo,616
36329,North,Gizmo,771
36330,North,Widget,844
36335,North,Widget,648
36339,North,Gizmo,519
36340,North,Doohickey,802
36342,North,Widget,951
36343,North,Doohickey,978
36348,North,Gizmo,676
36362,North,Doohickey,786
36368,North,Doohickey,833
36369,North,Gadget,762
36385,North,Doohickey,950
36387,North,Gizmo,595
36391,North,Gadget,771
36398,North,Gadget,588
36405,North,Doohickey,501
36410,North,Widget,546
36415,North,Doohickey,697
36425,North,Gadget,549
36446,North,Gadget,531
36451,North,Gadget,526
36458,North,Gizmo,864
36462,North,Widget,868
36472,North,Gizmo,846
36475,North,Doohickey,725
36477,North,Gizmo,754
36479,North,Doohickey,573
36489,North,Gizmo,941
36524,North,Widget,843
36538,North,Widget,644
36553,North,Gadget,742
36563,North,Gizmo,850
36565,North,Doohickey,609
36568,North,Gizmo,556
36576,North,Doohickey,618
36579,North,Doohickey,669
36592,North,Gizmo,652
36604,North,Doohickey,519
36606,North,Widget,821
36615,North,Gadget,785
36627,North,Doohickey,710
36638,North,Gizmo,996
36650,North,Doohickey,591
36659,North,Gadget,561
36662,North,Gadget,675
36681,North,Gadget,750
36694,North,Gizmo,781
36700,North,Doohickey,911
36703,North,Gizmo,925
36707,North,Doohickey,901
36712,North,Doohickey,642
36726,North,Widget,983
36731,North,Gizmo,916
36740,North,Gizmo,761
36742,North,Doohickey,612
36747,North,Gadget,559
36750,North,Doohickey,914
36766,North,Gizmo,548
36769,North,Widget,708
36774,North,Gizmo,583
36779,North,Doohickey,617
36782,North,Gizmo,911
36794,North,Doohickey,898
36813,North,Doohickey,980
36823,North,Gizmo,919
36824,North,Widget,923
36830,North,Gizmo,927
36843,North,Doohickey,608
36856,North,Gizmo,930
36863,North,Gadget,849
36875,North,Gadget,530
36876,North,Doohickey,884
36879,North,Widget,922
36889,North,Gadget,532
36891,North,Gadget,622
36895,North,Gizmo,978
36900,North,Widget,801
36902,North,Doohickey,873
36918,North,Widget,843
36944,North,Gizmo,768
36954,North,Gadget,784
36960,North,Gadget,771
36962,North,Doohickey,773
36968,North,Gadget,550
37007,North,Gadget,923
37008,North,Gadget,956
37024,North,Doohickey,831
37036,North,Gizmo,583
37043,North,Widget,826
37057,North,Gadget,824
37066,North,Gadget,611
37072,North,Doohickey,939
37075,North,Gadget,560
37089,North,Widget,698
37106,North,Doohickey,898
37109,North,Widget,827
37125,North,Doohickey,535
37128,North,Doohickey,501
37135,North,Doohickey,967
37136,North,Gadget,549
37144,North,Gizmo,727
37151,North,Doohickey,774
37152,North,Gadget,838
37158,North,Doohickey,763
37181,North,Gizmo,988
37182,North,Doohickey,795
37204,North,Gizmo,928
37211,North,Gadget,909
37212,North,Doohickey,869
37217,North,Widget,561
37237,North,Gizmo,834
37249,North,Gadget,679
37262,North,Gadget,761
37264,North,Doohickey,886
37276,North,Gizmo,545
37303,North,Gadget,721
37330,North,Gizmo,749
37353,North,Widget,536
37361,North,Doohickey,712
37364,North,Widget,621
37399,North,Gadget,789
37412,North,Gadget,580
37418,North,Doohickey,971
37437,North,Gizmo,759
37451,North,Doohickey,563
37455,North,Gizmo,950
37456,North,Widget,864
37474,North,Gizmo,532
37480,North,Doohickey,911
37488,North,Widget,534
37497,North,Widget,850
37499,North,Widget,807
37511,North,Widget,639
37521,North,Gadget,569
37537,North,Gizmo,806
37547,North,Gizmo,594
37548,North,Gadget,704
37550,North,Gizmo,569
37551,North,Gizmo,874
37556,North,Widget,626
37558,North,Widget,906
37560,North,Doohickey,795
37567,North,Doohickey,855
37580,North,Widget,635
37590,North,Doohickey,965
37592,North,Doohickey,571
37595,North,Gadget,726
37605,North,Widget,779
37607,North,Doohickey,939
37608,North,Gadget,986
37628,North,Gadget,750
37680,North,Widget,724
37681,North,Gizmo,560
37682,North,Doohickey,558
37705,North,Gadget,906
37709,North,Gizmo,755
37736,North,Gizmo,674
37738,North,Gadget,682
37739,North,Gizmo,550
37748,North,Widget,526
37753,North,Doohickey,643
37755,North,Doohickey,963
37766,North,Gadget,507
37767,North,Gizmo,702
37773,North,Doohickey,747
37777,North,Gadget,646
37783,North,Gadget,766
37799,North,Doohickey,826
37812,North,Widget,853
37817,North,Gadget,971
37821,North,Gadget,877
37823,North,Gizmo,894
37838,North,Doohickey,976
37851,North,Gadget,844
37874,North,Widget,911
37882,North,Widget,651
37884,North,Doohickey,523
37910,North,Gadget,806
37913,North,Widget,646
37931,North,Doohickey,869
37936,North,Gadget,681
37938,North,Gizmo,597
37956,North,Doohickey,646
37959,North,Widget,871
37963,North,Widget,539
37981,North,Widget,757
37986,North,Gizmo,719
37988,North,Gadget,891
37989,North,Gadget,816
37990,North,Gizmo,818
37991,North,Widget,551
37993,North,Gizmo,648
37998,North,Gizmo,655
38017,North,Doohickey,880
38018,North,Doohickey,672
38031,North,Doohickey,511
38039,North,Widget,949
38049,North,Gizmo,568
38052,North,Gizmo,863
38061,North,Gizmo,733
38062,North,Doohickey,942
38075,North,Gadget,898
38080,North,Gizmo,699
38084,North,Widget,582
38100,North,Gadget,994
38103,North,Gadget,668
38106,North,Doohickey,999
38117,North,Doohickey,780
38123,North,Gadget,849
38134,North,Gadget,748
38137,North,Gadget,614
38163,North,Gizmo,848
38179,North,Doohickey,940
38181,North,Doohickey,936
38193,North,Gadget,923
38200,North,Widget,709
38203,North,Widget,880
38222,North,Doohickey,817
38225,North,Widget,826
38237,North,Gizmo,628
38246,North,Gizmo,666
38248,North,Gadget,522
38261,North,Widget,712
38272,North,Doohickey,626
38273,North,Gadget,947
38281,North,Widget,711
38285,North,Widget,599
38290,North,Widget,738
38301,North,Widget,969
38323,North,Gadget,927
38336,North,Doohickey,780
38341,North,Gadget,809
38356,North,Gizmo,965
38363,North,Doohickey,933
38380,North,Gizmo,663
38390,North,Widget,977
38400,North,Gadget,559
38411,North,Gizmo,526
38422,North,Gizmo,994
38425,North,Gizmo,637
38431,North,Gadget,545
38450,North,Gizmo,514
38452,North,Gizmo,930
38453,North,Gadget,968
38458,North,Gadget,605
38459,North,Widget,630
38479,North,Gizmo,958
38488,North,Gadget,524
38491,North,Gizmo,533
38496,North,Widget,675
38505,North,Widget,718
38508,North,Gizmo,993
38514,North,Widget,511
38518,North,Gadget,666
38524,North,Gadget,650
38531,North,Gizmo,803
38532,North,Gizmo,568
38539,North,Doohickey,869
38543,North,Gizmo,982
38544,North,Widget,982
38549,North,Widget,866
38569,North,Gizmo,858
38570,North,Doohickey,876
38578,North,Widget,914
38581,North,Gizmo,512
38587,North,Doohickey,825
38603,North,Widget,793
38606,North,Gadget,579
38619,North,Gadget,893
38624,North,Gizmo,802
38627,North,Gadget,836
38630,North,Gadget,612
38636,North,Doohickey,680
38670,North,Gadget,754
38673,North,Widget,738
38676,North,Widget,674
38688,North,Doohickey,872
38689,North,Widget,558
38698,North,Gadget,523
38705,North,Widget,549
38714,North,Gadget,604
38720,North,Gizmo,612
38721,North,Doohickey,660
38724,North,Gadget,973
38731,North,Widget,952
38740,North,Widget,619
38747,North,Doohickey,942
38775,North,Gadget,961
38776,North,Widget,986
38779,North,Gadget,906
38792,North,Widget,882
38800,North,Gizmo,577
38804,North,Gizmo,614
38817,North,Doohickey,519
38821,North,Doohickey,540
38824,North,Widget,735
38828,North,Doohickey,805
38836,North,Gizmo,792
38838,North,Doohickey,576
38860,North,Gizmo,681
38872,North,Gadget,553
38875,North,Widget,875
38881,North,Widget,840
38882,North,Doohickey,944
38885,North,Gadget,531
38889,North,Widget,631
38893,North,Gizmo,597
38902,North,Doohickey,816
38921,North,Widget,743
38945,North,Doohickey,725
38956,North,Widget,876
38971,North,Gizmo,841
38979,North,Gadget,762
38987,North,Gadget,675
38989,North,Gizmo,667
39008,North,Gizmo,799
39032,North,Gadget,737
39033,North,Doohickey,548
39047,North,Widget,708
39048,North,Gadget,723
39080,North,Widget,723
39087,North,Gizmo,842
39095,North,Gizmo,796
39096,North,Doohickey,959
39103,North,Gadget,971
39104,North,Doohickey,529
39114,North,Widget,534
39116,North,Gadget,999
39123,North,Widget,597
39125,North,Doohickey,761
39138,North,Gizmo,713
39144,North,Gadget,693
39162,North,Doohickey,934
39164,North,Gizmo,581
39175,North,Gadget,690
39185,North,Gizmo,657
39188,North,Widget,524
39196,North,Gadget,641
39204,North,Doohickey,672
39208,North,Widget,821
39210,North,Gadget,834
39214,North,Doohickey,546
39216,North,Gizmo,905
39218,North,Gizmo,818
39219,North,Gizmo,550
39228,North,Gadget,565
39259,North,Widget,902
39264,North,Widget,836
39266,North,Doohickey,569
39278,North,Doohickey,614
39299,North,Gizmo,868
39304,North,Doohickey,723
39305,North,Gizmo,878
39308,North,Gadget,700
39322,North,Doohickey,840
39325,North,Gadget,602
39330,North,Widget,802
39335,North,Gizmo,590
39336,North,Gizmo,737
39338,North,Widget,680
39343,North,Gizmo,784
39345,North,Gadget,994
39348,North,Gadget,873
39367,North,Gadget,786
39386,North,Gizmo,948
39393,North,Gadget,788
39395,North,Widget,696
39403,North,Doohickey,661
39413,North,Gadget,931
39414,North,Gizmo,999
39419,North,Doohickey,663
39434,North,Gizmo,651
39435,North,Widget,523
39440,North,Gadget,718
39441,North,Gizmo,543
39448,North,Gadget,689
39455,North,Gadget,981
39458,North,Gadget,869
39460,North,Widget,963
39465,North,Gadget,737
39467,North,Gadget,787
39468,North,Gadget,975
39476,North,Widget,884
39480,North,Gizmo,539
39497,North,Widget,810
39501,North,Gadget,819
39512,North,Gadget,823
39514,North,Gizmo,882
39521,North,Doohickey,827
39535,North,Widget,636
39539,North,Widget,903
39548,North,Gizmo,690
39549,North,Gizmo,701
39552,North,Widget,735
39553,North,Doohickey,591
39554,North,Gadget,619
39557,North,Doohickey,894
39591,North,Gadget,801
39596,North,Doohickey,545
39607,North,Gadget,581
39611,North,Widget,539
39613,North,Gizmo,567
39616,North,Gadget,742
39619,North,Doohickey,824
39621,North,Gizmo,501
39633,North,Gadget,621
39637,North,Gizmo,707
39640,North,Gadget,652
39652,North,Widget,558
39658,North,Widget,715
39659,North,Gizmo,560
39661,North,Gadget,511
39662,North,Doohickey,537
39671,North,Gadget,811
39693,North,Gizmo,584
39709,North,Gizmo,747
39716,North,Doohickey,735
39719,North,Doohickey,521
39720,North,Gadget,550
39721,North,Gizmo,726
39736,North,Gizmo,907
39752,North,Gizmo,710
39753,North,Doohickey,547
39756,North,Doohickey,670
39758,North,Doohickey,647
39762,North,Doohickey,588
39764,North,Doohickey,579
39768,North,Gizmo,894
39776,North,Gadget,733
39778,North,Doohickey,855
39781,North,Widget,759
39789,North,Gadget,574
39798,North,Gadget,869
39806,North,Widget,713
39812,North,Widget,570
39823,North,Gadget,908
39834,North,Gadget,892
39837,North,Widget,670
39845,North,Gadget,817
39862,North,Widget,790
39864,North,Gadget,544
39897,North,Gadget,639
39902,North,Doohickey,617
39938,North,Gadget,733
39945,North,Widget,740
39950,North,Gizmo,727
39959,North,Doohickey,509
40001,North,Doohickey,918
40015,North,Gadget,579
40016,North,Widget,681
40018,North,Widget,686
40020,North,Gizmo,683
40038,North,Doohickey,974
40057,North,Gizmo,789
40059,North,Widget,875
40063,North,Gizmo,881
40069,North,Gizmo,884
40076,North,Widget,911
40080,North,Gadget,535
40096,North,Doohickey,535
40098,North,Gizmo,848
40102,North,Gizmo,805
40117,North,Gadget,536
40120,North,Gadget,641
40125,North,Doohickey,840
40127,North,Gadget,926
40131,North,Doohickey,944
40159,North,Widget,747
40168,North,Doohickey,702
40170,North,Gizmo,999
40185,North,Gizmo,888
40189,North,Gadget,925
40196,North,Gizmo,842
40200,North,Gadget,894
40220,North,Doohickey,861
40225,North,Widget,960
40231,North,Doohickey,559
40238,North,Gizmo,640
40239,North,Widget,969
40248,North,Doohickey,816
40249,North,Gadget,554
40254,North,Gadget,686
40257,North,Doohickey,725
40258,North,Gadget,733
40269,North,Gadget,926
40289,North,Gizmo,625
40299,North,Gadget,791
40301,North,Gadget,519
40304,North,Doohickey,718
40312,North,Gadget,674
40323,North,Widget,872
40324,North,Gadget,561
40332,North,Gadget,867
40338,North,Gizmo,660
40352,North,Widget,519
40358,North,Gizmo,943
40359,North,Doohickey,595
40361,North,Widget,886
40363,North,Gizmo,942
40373,North,Gadget,639
40382,North,Doohickey,805
40395,North,Gizmo,844
40402,North,Doohickey,639
40410,North,Gizmo,731
40423,North,Doohickey,787
40431,North,Gizmo,752
40438,North,Gadget,823
40439,North,Widget,704
40448,North,Widget,740
40451,North,Doohickey,899
40460,North,Widget,849
40464,North,Doohickey,679
40477,North,Gizmo,684
40478,North,Doohickey,527
40484,North,Gizmo,828
40487,North,Doohickey,867
40492,North,Doohickey,800
40499,North,Gadget,783
40500,North,Doohickey,626
40506,North,Widget,649
40519,North,Gadget,537
40535,North,Gizmo,740
40550,North,Widget,843
40554,North,Gadget,911
40557,North,Widget,807
40576,North,Gizmo,676
40586,North,Gadget,944
40594,North,Doohickey,509
40603,North,Gizmo,976
40616,North,Gadget,725
40630,North,Gadget,943
40654,North,Widget,753
40657,North,Doohickey,507
40666,North,Doohickey,688
40683,North,Doohickey,709
40684,North,Widget,691
40687,North,Widget,698
40689,North,Widget,532
40696,North,Gadget,519
40702,North,Gadget,517
40712,North,Widget,784
40725,North,Gizmo,589
40729,North,Gadget,876
40733,North,Gadget,779
40741,North,Gizmo,672
40749,North,Doohickey,906
40750,North,Gadget,540
40767,North,Gadget,711
40771,North,Gizmo,605
40778,North,Doohickey,975
40781,North,Gizmo,716
40785,North,Doohickey,960
40796,North,Widget,758
40812,North,Gadget,758
40818,North,Gizmo,769
40821,North,Doohickey,934
40832,North,Gizmo,662
40865,North,Gizmo,846
40880,North,Gadget,838
40885,North,Widget,592
40890,North,Gadget,679
40909,North,Doohickey,526
40911,North,Gizmo,894
40913,North,Gadget,695
40921,North,Widget,953
40929,North,Doohickey,811
40931,North,Widget,706
40932,North,Gizmo,644
40935,North,Doohickey,574
40937,North,Doohickey,802
40963,North,Gadget,665
40973,North,Doohickey,607
40980,North,Gizmo,886
40990,North,Doohickey,988
40999,North,Widget,844
41002,North,Doohickey,540
41006,North,Doohickey,784
41014,North,Widget,869
41017,North,Widget,811
41019,North,Gizmo,994
41024,North,Widget,524
41025,North,Gadget,557
41026,North,Gadget,632
41054,North,Doohickey,505
41069,North,Doohickey,508
41074,North,Doohickey,564
41093,North,Gadget,794
41097,North,Gizmo,597
41110,North,Doohickey,733
41114,North,Gizmo,815
41117,North,Widget,844
41121,North,Gadget,523
41126,North,Doohickey,856
41129,North,Doohickey,620
41131,North,Gadget,547
41141,North,Gadget,983
41151,North,Gadget,678
41152,North,Widget,788
41153,North,Doohickey,772
41158,North,Gadget,692
41162,North,Widget,535
41171,North,Doohickey,911
41181,North,Doohickey,543
41189,North,Gadget,810
41201,North,Gizmo,865
41204,North,Doohickey,714
41217,North,Widget,835
41222,North,Doohickey,639
41235,North,Widget,604
41254,North,Gizmo,682
41291,North,Gadget,919
41301,North,Gadget,652
41302,North,Doohickey,985
41311,North,Widget,590
41316,North,Gadget,754
41332,North,Gizmo,647
41339,North,Gizmo,705
41342,North,Doohickey,644
41345,North,Doohickey,992
41348,North,Gizmo,610
41355,North,Widget,680
41357,North,Doohickey,661
41358,North,Gadget,976
41360,North,Gizmo,612
41363,North,Widget,869
41375,North,Gadget,513
41381,North,Gizmo,944
41399,North,Doohickey,699
41403,North,Doohickey,751
41416,North,Gadget,543
41434,North,Widget,760
41435,North,Gadget,899
41458,North,Gizmo,782
41464,North,Gadget,693
41467,North,Doohickey,548
41470,North,Gadget,536
41476,North,Widget,684
41503,North,Doohickey,986
41510,North,Gizmo,722
41525,North,Widget,656
41552,North,Widget,565
41557,North,Gadget,990
41559,North,Gizmo,863
41572,North,Gizmo,726
41576,North,Widget,981
41581,North,Doohickey,627
41584,North,Widget,779
41598,North,Gadget,640
41615,North,Doohickey,709
41616,North,Widget,711
41631,North,Doohickey,846
41643,North,Gizmo,784
41645,North,Gizmo,866
41651,North,Widget,978
41653,North,Widget,817
41671,North,Gadget,832
41678,North,Gizmo,733
41680,North,Doohickey,902
41700,North,Doohickey,762
41712,North,Doohickey,811
41714,North,Doohickey,689
41716,North,Widget,908
41724,North,Widget,783
41740,North,Doohickey,539
41748,North,Widget,810
41753,North,Gizmo,516
41755,North,Gizmo,824
41770,North,Gizmo,967
41771,North,Widget,980
41774,North,Widget,761
41783,North,Doohickey,932
41785,North,Gadget,955
41790,North,Widget,604
41793,North,Widget,731
41800,North,Gadget,871
41802,North,Gizmo,860
41804,North,Widget,791
41808,North,Widget,814
41813,North,Gizmo,723
41816,North,Doohickey,571
41817,North,Widget,543
41821,North,Gizmo,928
41831,North,Widget,856
41841,North,Gadget,556
41847,North,Gadget,869
41848,North,Widget,992
41856,North,Gadget,741
41875,North,Gizmo,670
41889,North,Widget,915
41891,North,Widget,611
41894,North,Doohickey,909
41895,North,Doohickey,869
41896,North,Gadget,628
41897,North,Gadget,873
41914,North,Doohickey,888
41924,North,Widget,614
41932,North,Gizmo,583
41939,North,Gizmo,534
41964,North,Doohickey,988
41965,North,Widget,575
41966,North,Gadget,535
41967,North,Gadget,580
41985,North,Widget,597
41999,North,Doohickey,546
42001,North,Widget,608
42004,North,Doohickey,861
42015,North,Gizmo,951
42041,North,Doohickey,687
42046,North,Widget,613
42047,North,Doohickey,631
42058,North,Widget,793
42059,North,Gizmo,509
42076,North,Gizmo,802
42079,North,Widget,891
42097,North,Gadget,746
42098,North,Gizmo,966
42101,North,Gizmo,900
42105,North,Gizmo,843
42106,North,Widget,524
42111,North,Gizmo,683
42121,North,Doohickey,643
42124,North,Gadget,698
42130,North,Doohickey,878
42132,North,Doohickey,801
42136,North,Doohickey,657
42145,North,Widget,710
42149,North,Widget,660
42158,North,Gizmo,898
42165,North,Gadget,939
42173,North,Gadget,616
42174,North,Gizmo,978
42177,North,Widget,585
42180,North,Gadget,565
42187,North,Widget,584
42188,North,Doohickey,712
42222,North,Doohickey,800
42245,North,Gizmo,902
42247,North,Doohickey,689
42267,North,Gadget,999
42284,North,Gizmo,698
42300,North,Gadget,787
42305,North,Gizmo,796
42313,North,Doohickey,610
42319,North,Widget,785
42320,North,Gadget,968
42327,North,Gizmo,550
42331,North,Doohickey,664
42344,North,Widget,806
42351,North,Doohickey,802
42352,North,Doohickey,827
42361,North,Doohickey,684
42368,North,Widget,844
42380,North,Widget,915
42411,North,Doohickey,848
42428,North,Gizmo,993
42434,North,Gadget,939
42441,North,Widget,966
42449,North,Widget,543
42454,North,Doohickey,636
42462,North,Widget,631
42465,North,Gizmo,695
42488,North,Gizmo,973
42494,North,Widget,805
42504,North,Doohickey,907
42508,North,Gizmo,728
42514,North,Doohickey,629
42516,North,Widget,897
42524,North,Widget,524
42530,North,Gizmo,541
42532,North,Gizmo,522
42535,North,Widget,629
42537,North,Gadget,773
42561,North,Widget,921
42582,North,Widget,745
42596,North,Gizmo,519
42609,North,Gadget,961
42619,North,Widget,640
42628,North,Widget,874
42634,North,Doohickey,617
42641,North,Widget,661
42643,North,Widget,988
42648,North,Gizmo,545
42654,North,Gizmo,671
42660,North,Gadget,562
42678,North,Gizmo,560
42684,North,Gizmo,809
42687,North,Gizmo,980
42692,North,Gizmo,996
42700,North,Gadget,931
42703,North,Widget,832
42704,North,Gadget,799
42707,North,Widget,505
42710,North,Gizmo,697
42714,North,Gadget,703
42725,North,Gizmo,802
42732,North,Gadget,957
42735,North,Gizmo,696
42738,North,Gadget,834
42740,North,Gadget,599
42746,North,Doohickey,961
42750,North,Gadget,699
42762,North,Doohickey,730
42763,North,Gadget,639
42777,North,Gadget,824
42785,North,Gadget,660
42797,North,Doohickey,881
42799,North,Widget,960
42807,North,Widget,544
42819,North,Gadget,835
42820,North,Doohickey,808
42834,North,Gadget,963
42840,North,Gadget,731
42848,North,Doohickey,932
42873,North,Gadget,852
42877,North,Doohickey,877
42885,North,Widget,578
42890,North,Gadget,629
42898,North,Doohickey,582
42909,North,Doohickey,898
42913,North,Doohickey,969
42918,North,Gadget,586
42924,North,Gadget,630
42929,North,Widget,988
42932,North,Doohickey,631
42936,North,Doohickey,946
42939,North,Gadget,997
42946,North,Widget,720
42948,North,Gizmo,967
42949,North,Gadget,773
42965,North,Widget,847
42970,North,Doohickey,663
42972,North,Widget,606
42980,North,Widget,567
42982,North,Doohickey,551
42988,North,Widget,871
42989,North,Gadget,905
42993,North,Widget,785
42996,North,Gizmo,843
42998,North,Gizmo,832
43001,North,Widget,922
43016,North,Gizmo,869
43017,North,Gadget,981
43031,North,Gadget,633
43052,North,Widget,823
43060,North,Widget,918
43062,North,Doohickey,503
43097,North,Widget,632
43103,North,Widget,801
43110,North,Doohickey,716
43116,North,Gadget,986
43125,North,Widget,947
43129,North,Doohickey,727
43137,North,Gadget,735
43148,North,Doohickey,811
43153,North,Widget,868
43164,North,Widget,550
43165,North,Widget,772
43168,North,Gadget,805
43169,North,Gizmo,891
43175,North,Gizmo,570
43197,North,Widget,836
43208,North,Gadget,754
43211,North,Widget,749
43225,North,Gadget,592
43232,North,Gizmo,797
43244,North,Gizmo,554
43247,North,Widget,587
43251,North,Gizmo,501
43254,North,Gizmo,648
43257,North,Gadget,917
43267,North,Widget,923
43273,North,Widget,733
43297,North,Widget,893
43305,North,Widget,586
43312,North,Gizmo,930
43316,North,Gizmo,985
43343,North,Gadget,714
43351,North,Doohickey,661
43355,North,Widget,564
43372,North,Widget,974
43374,North,Gizmo,913
43393,North,Gizmo,739
43396,North,Gizmo,999
43411,North,Doohickey,933
43416,North,Widget,769
43419,North,Gizmo,724
43427,North,Gadget,650
43439,North,Widget,688
43441,North,Widget,792
43468,North,Widget,590
43469,North,Doohickey,781
43470,North,Doohickey,637
43471,North,Gizmo,709
43472,North,Gadget,715
43476,North,Gadget,728
43479,North,Doohickey,884
43482,North,Widget,942
43492,North,Gadget,689
43513,North,Doohickey,890
43524,North,Widget,693
43547,North,Gizmo,859
43577,North,Gadget,938
43578,North,Gadget,645
43583,North,Gadget,650
43599,North,Gadget,791
43622,North,Widget,863
43648,North,Doohickey,846
43695,North,Gadget,834
43727,North,Widget,582
43730,North,Doohickey,930
43733,North,Gadget,653
43735,North,Widget,802
43765,North,Widget,577
43768,North,Widget,901
43798,North,Widget,969
43802,North,Gadget,654
43804,North,Gizmo,694
43813,North,Gizmo,577
43838,North,Gadget,943
43844,North,Gadget,958
43862,North,Doohickey,702
43863,North,Gadget,669
43876,North,Gizmo,941
43877,North,Doohickey,955
43915,North,Gadget,731
43931,North,Doohickey,550
43933,North,Doohickey,691
43942,North,Widget,911
43949,North,Gizmo,869
43952,North,Widget,538
43965,North,Widget,770
43976,North,Gadget,728
43978,North,Widget,982
43985,North,Widget,729
43988,North,Gadget,853
43992,North,Gadget,553
43996,North,Gadget,667
44001,North,Doohickey,557
44005,North,Doohickey,547
44007,North,Gadget,999
44024,North,Gizmo,836
44039,North,Gizmo,978
44041,North,Doohickey,930
44057,North,Widget,723
44076,North,Gadget,950
44077,North,Gizmo,861
44081,North,Widget,691
44086,North,Gizmo,817
44101,North,Widget,859
44113,North,Gadget,719
44121,North,Gadget,723
44123,North,Doohickey,707
44124,North,Gadget,791
44135,North,Widget,982
44143,North,Gizmo,961
44152,North,Gizmo,877
44154,North,Widget,885
44159,North,Gizmo,977
44160,North,Doohickey,982
44161,North,Widget,516
44194,North,Doohickey,908
44197,North,Doohickey,723
44206,North,Gadget,878
44209,North,Widget,801
44213,North,Doohickey,522
44223,North,Doohickey,819
44225,North,Gadget,947
44234,North,Widget,517
44239,North,Doohickey,594
44280,North,Doohickey,605
44285,North,Doohickey,538
44286,North,Widget,732
44290,North,Gizmo,843
44297,North,Doohickey,775
44308,North,Doohickey,939
44317,North,Widget,959
44319,North,Gadget,570
44334,North,Doohickey,800
44351,North,Widget,603
44355,North,Doohickey,917
44360,North,Gizmo,550
44367,North,Widget,573
44373,North,Doohickey,793
44375,North,Widget,881
44376,North,Doohickey,733
44388,North,Widget,638
44401,North,Gadget,699
44417,North,Widget,634
44418,North,Gadget,550
44445,North,Gadget,976
44451,North,Doohickey,572
44485,North,Gizmo,706
44487,North,Gadget,831
44490,North,Doohickey,631
44513,North,Doohickey,638
44518,North,Widget,746
44524,North,Widget,855
44535,North,Doohickey,525
44537,North,Gizmo,789
44544,North,Doohickey,589
44548,North,Doohickey,736
44549,North,Doohickey,504
44553,North,Gizmo,868
44554,North,Widget,731
44558,North,Gadget,751
44561,North,Doohickey,727
44562,North,Widget,902
44571,North,Widget,799
44573,North,Widget,613
44577,North,Doohickey,836
44584,North,Gizmo,923
44586,North,Widget,579
44592,North,Gizmo,989
44595,North,Gizmo,925
44605,North,Doohickey,806
44610,North,Gadget,741
44611,North,Gadget,827
44625,North,Gadget,871
44631,North,Doohickey,728
44639,North,Doohickey,786
44662,North,Gadget,825
44666,North,Widget,806
44679,North,Widget,914
44682,North,Gizmo,711
44692,North,Gadget,639
44709,North,Doohickey,698
44720,North,Widget,876
44722,North,Gadget,867
44729,North,Widget,636
44735,North,Doohickey,666
44745,North,Doohickey,907
44751,North,Gadget,851
44760,North,Gizmo,546
44762,North,Doohickey,575
44767,North,Gizmo,914
44775,North,Doohickey,602
44783,North,Gadget,623
44788,North,Doohickey,726
44791,North,Doohickey,998
44802,North,Widget,882
44811,North,Gizmo,958
44813,North,Doohickey,911
44817,North,Widget,861
44820,North,Widget,560
44837,North,Widget,908
44850,North,Gadget,527
44862,North,Gadget,623
44881,North,Doohickey,583
44905,North,Gadget,638
44910,North,Gadget,757
44937,North,Gadget,828
44956,North,Gizmo,618
44958,North,Widget,709
44966,North,Widget,732
44970,North,Gizmo,721
44977,North,Doohickey,760
44989,North,Doohickey,801
45002,North,Gizmo,725
45013,North,Gizmo,674
45026,North,Doohickey,733
45032,North,Gadget,843
45038,North,Doohickey,662
45050,North,Gadget,592
45061,North,Widget,790
45072,North,Gizmo,572
45079,North,Gadget,711
45086,North,Doohickey,852
45100,North,Widget,878
45102,North,Gadget,911
45106,North,Doohickey,890
45108,North,Gizmo,836
45110,North,Doohickey,927
45112,North,Gizmo,504
45143,North,Doohickey,670
45155,North,Gizmo,900
45170,North,Widget,961
45173,North,Doohickey,700
45185,North,Gadget,515
45191,North,Doohickey,630
45205,North,Gadget,755
45210,North,Gadget,701
45215,North,Gizmo,580
45222,North,Widget,685
45230,North,Doohickey,712
45243,North,Widget,711
45249,North,Gadget,567
45258,North,Gadget,897
45263,North,Gizmo,716
45284,North,Doohickey,745
45309,North,Doohickey,623
45325,North,Gadget,555
45347,North,Gadget,686
45351,North,Widget,753
45355,North,Widget,514
45383,North,Gadget,863
45386,North,Doohickey,647
45393,North,Doohickey,707
45395,North,Gadget,673
45396,North,Gizmo,919
45398,North,Widget,981
45400,North,Doohickey,661
45404,North,Gadget,581
45405,North,Doohickey,570
45406,North,Widget,606
45421,North,Gizmo,810
45422,North,Gizmo,793
45423,North,Doohickey,524
45431,North,Gadget,871
45434,North,Gizmo,522
45443,North,Widget,551
45449,North,Doohickey,735
45450,North,Widget,835
45455,North,Doohickey,855
45461,North,Gadget,967
45467,North,Gadget,894
45470,North,Gizmo,660
45474,North,Doohickey,553
45484,North,Doohickey,811
45495,North,Doohickey,927
45502,North,Doohickey,930
45503,North,Widget,695
45505,North,Widget,613
45535,North,Doohickey,909
45541,North,Gizmo,635
45549,North,Widget,701
45564,North,Doohickey,593
45584,North,Gizmo,748
45588,North,Gadget,973
45591,North,Widget,971
45596,North,Doohickey,552
45597,North,Gizmo,797
45609,North,Widget,763
45612,North,Gadget,714
45619,North,Gizmo,717
45624,North,Gadget,813
45639,North,Widget,774
45641,North,Doohickey,712
45647,North,Gizmo,948
45651,North,Widget,685
45655,North,Doohickey,882
45658,North,Doohickey,998
45660,North,Doohickey,521
45672,North,Gadget,811
45676,North,Doohickey,663
45694,North,Gadget,562
45711,North,Doohickey,928
45712,North,Widget,691
45720,North,Gizmo,886
45722,North,Widget,716
45723,North,Gadget,710
45725,North,Gizmo,763
45730,North,Widget,986
45735,North,Widget,969
45742,North,Doohickey,616
45763,North,Doohickey,563
45768,North,Gadget,517
45776,North,Doohickey,557
45777,North,Widget,886
45779,North,Gizmo,549
45791,North,Gadget,785
45796,North,Gadget,955
45801,North,Gadget,751
45805,North,Doohickey,883
45808,North,Gizmo,957
45812,North,Gadget,609
45815,North,Gadget,504
45816,North,Gizmo,819
45819,North,Doohickey,533
45821,North,Doohickey,645
45831,North,Doohickey,752
45833,North,Gadget,930
45841,North,Doohickey,720
45867,North,Doohickey,557
45870,North,Doohickey,639
45872,North,Gizmo,729
45882,North,Gizmo,772
45888,North,Widget,905
45892,North,Doohickey,645
45896,North,Doohickey,848
45922,North,Doohickey,575
45925,North,Widget,996
45932,North,Widget,743
45977,North,Widget,750
45984,North,Gadget,644
45988,North,Doohickey,688
45990,North,Gizmo,898
45994,North,Gadget,924
45999,North,Widget,980
46001,North,Doohickey,994
46007,North,Gadget,546
46010,North,Widget,706
46013,North,Gizmo,893
46017,North,Gizmo,706
46019,North,Gadget,592
46020,North,Doohickey,704
46028,North,Gizmo,914
46030,North,Gizmo,709
46037,North,Gadget,796
46039,North,Gizmo,721
46048,North,Gizmo,580
46061,North,Widget,897
46066,North,Gadget,818
46074,North,Doohickey,694
46076,North,Doohickey,819
46080,North,Gadget,980
46106,North,Gadget,680
46109,North,Gadget,960
46112,North,Gadget,694
46114,North,Doohickey,823
46123,North,Gizmo,753
46124,North,Gizmo,832
46127,North,Gadget,688
46135,North,Gizmo,855
46144,North,Doohickey,603
46148,North,Gizmo,683
46150,North,Widget,503
46159,North,Gizmo,876
46162,North,Widget,959
46168,North,Widget,642
46177,North,Widget,615
46178,North,Gadget,772
46192,North,Doohickey,809
46214,North,Gadget,793
46217,North,Doohickey,901
46231,North,Gadget,977
46242,North,Widget,708
46245,North,Widget,698
46265,North,Doohickey,966
46272,North,Doohickey,660
46284,North,Gadget,570
46286,North,Doohickey,891
46287,North,Widget,722
46290,North,Doohickey,681
46292,North,Gizmo,753
46304,North,Gadget,548
46315,North,Widget,601
46328,North,Doohickey,830
46336,North,Widget,927
46351,North,Doohickey,897
46368,North,Widget,975
46377,North,Gadget,946
46380,North,Doohickey,835
46385,North,Gizmo,515
46402,North,Gadget,847
46405,North,Gizmo,914
46408,North,Widget,809
46415,North,Gizmo,717
46435,North,Doohickey,674
46448,North,Doohickey,610
46457,North,Gadget,740
46472,North,Doohickey,944
46473,North,Doohickey,847
46481,North,Gizmo,917
46490,North,Doohickey,604
46499,North,Doohickey,884
46511,North,Widget,501
46519,North,Gadget,661
46525,North,Gadget,644
46526,North,Gadget,902
46539,North,Widget,833
46542,North,Doohickey,777
46546,North,Gizmo,718
46548,North,Widget,756
46549,North,Widget,596
46554,North,Gizmo,993
46560,North,Widget,674
46562,North,Gadget,558
46573,North,Widget,969
46575,North,Widget,647
46577,North,Gizmo,591
46578,North,Doohickey,596
46579,North,Widget,892
46588,North,Doohickey,991
46596,North,Gadget,513
46606,North,Gadget,811
46608,North,Gadget,524
46613,North,Gadget,694
46627,North,Gadget,990
46628,North,Gadget,990
46632,North,Gadget,719
46646,North,Widget,936
46649,North,Gizmo,918
46662,North,Widget,973
46677,North,Doohickey,631
46678,North,Gizmo,850
46679,North,Gizmo,818
46710,North,Doohickey,678
46711,North,Doohickey,511
46716,North,Doohickey,907
46724,North,Widget,998
46737,North,Gizmo,624
46751,North,Widget,808
46753,North,Gadget,977
46778,North,Gadget,732
46782,North,Gizmo,697
46788,North,Widget,836
46791,North,Doohickey,888
46799,North,Gizmo,592
46806,North,Widget,717
46811,North,Doohickey,505
46816,North,Widget,857
46819,North,Widget,672
46825,North,Doohickey,768
46836,North,Widget,1000
46850,North,Doohickey,564
46862,North,Doohickey,842
46875,North,Doohickey,707
46879,North,Gizmo,562
46892,North,Widget,836
46899,North,Gizmo,968
46902,North,Gadget,518
46906,North,Gizmo,546
46915,North,Gizmo,626
46925,North,Widget,977
46927,North,Widget,505
46938,North,Gadget,843
46941,North,Doohickey,533
46961,North,Gizmo,988
46976,North,Widget,841
46983,North,Doohickey,609
46996,North,Gadget,894
47009,North,Doohickey,734
47022,North,Widget,564
47029,North,Gadget,653
47038,North,Doohickey,802
47047,North,Gizmo,768
47084,North,Gadget,779
47097,North,Gadget,602
47098,North,Doohickey,831
47101,North,Widget,930
47117,North,Widget,949
47118,North,Gadget,903
47127,North,Widget,747
47157,North,Gizmo,742
47162,North,Doohickey,751
47171,North,Doohickey,993
47173,North,Gizmo,818
47183,North,Widget,545
47192,North,Doohickey,774
47195,North,Widget,978
47202,North,Gizmo,802
47209,North,Gizmo,927
47222,North,Doohickey,590
47230,North,Widget,781
47232,North,Gadget,956
47236,North,Gadget,827
47238,North,Gizmo,846
47249,North,Gadget,900
47257,North,Gizmo,577
47258,North,Doohickey,593
47262,North,Doohickey,779
47274,North,Widget,663
47276,North,Widget,749
47295,North,Gadget,899
47299,North,Gizmo,948
47304,North,Gadget,852
47306,North,Widget,819
47310,North,Gadget,913
47318,North,Gizmo,928
47339,North,Doohickey,595
47346,North,Widget,994
47368,North,Widget,700
47384,North,Gizmo,582
47392,North,Gadget,547
47394,North,Gadget,847
47396,North,Doohickey,901
47397,North,Doohickey,668
47399,North,Gadget,645
47403,North,Doohickey,883
47408,North,Doohickey,755
47423,North,Gizmo,841
47427,North,Gadget,584
47440,North,Doohickey,680
47466,North,Gadget,565
47470,North,Doohickey,534
47476,North,Widget,867
47479,North,Gizmo,529
47497,North,Gadget,806
47510,North,Widget,557
47512,North,Widget,961
47550,North,Widget,536
47558,North,Gadget,512
47559,North,Widget,889
47560,North,Gizmo,969
47569,North,Doohickey,743
47601,North,Widget,680
47614,North,Doohickey,541
47617,North,Gizmo,550
47620,North,Widget,692
47633,North,Widget,914
47646,North,Widget,811
47654,North,Gizmo,813
47657,North,Gadget,642
47660,North,Doohickey,669
47694,North,Widget,961
47698,North,Doohickey,501
47714,North,Gizmo,552
47718,North,Widget,708
47719,North,Doohickey,614
47726,North,Gizmo,865
47730,North,Gadget,974
47745,North,Gadget,577
47746,North,Gadget,613
47781,North,Doohickey,557
47788,North,Gadget,818
47810,North,Widget,664
47820,North,Gizmo,753
47837,North,Widget,554
47838,North,Gadget,521
47844,North,Doohickey,507
47848,North,Gizmo,547
47854,North,Gadget,963
47856,North,Widget,601
47857,North,Gizmo,575
47872,North,Widget,717
47880,North,Gizmo,947
47882,North,Gadget,669
47901,North,Doohickey,782
47913,North,Gizmo,603
47929,North,Gadget,739
47931,North,Doohickey,927
47949,North,Gadget,930
47959,North,Doohickey,877
47962,North,Doohickey,594
47966,North,Doohickey,515
47967,North,Gizmo,788
47985,North,Widget,808
47988,North,Gizmo,811
47990,North,Widget,694
47996,North,Widget,826
48000,North,Doohickey,511
48008,North,Widget,905
48009,North,Doohickey,520
48011,North,Widget,836
48015,North,Gadget,564
48019,North,Widget,907
48023,North,Widget,936
48030,North,Widget,761
48034,North,Gizmo,732
48036,North,Gadget,546
48037,North,Gizmo,570
48040,North,Gizmo,662
48041,North,Widget,734
48043,North,Gadget,537
48047,North,Doohickey,844
48055,North,Gadget,750
48057,North,Gadget,934
48069,North,Widget,541
48078,North,Doohickey,969
48087,North,Widget,661
48092,North,Widget,746
48105,North,Gadget,803
48107,North,Gizmo,974
48115,North,Gadget,959
48118,North,Gadget,521
48123,North,Doohickey,541
48125,North,Doohickey,852
48129,North,Gadget,793
48139,North,Widget,682
48165,North,Gadget,541
48172,North,Gadget,701
48182,North,Gizmo,501
48186,North,Widget,511
48191,North,Widget,537
48192,North,Doohickey,811
48196,North,Gadget,716
48212,North,Gadget,993
48215,North,Widget,899
48225,North,Gadget,523
48266,North,Doohickey,582
48282,North,Widget,743
48284,North,Widget,550
48292,North,Gizmo,623
48303,North,Gadget,966
48306,North,Gadget,621
48334,North,Widget,574
48359,North,Gizmo,959
48369,North,Doohickey,572
48397,North,Widget,888
48423,North,Gizmo,877
48444,North,Gadget,698
48479,North,Doohickey,546
48480,North,Gizmo,816
48503,North,Gizmo,860
48535,North,Widget,720
48536,North,Widget,928
48564,North,Doohickey,986
48590,North,Gadget,676
48599,North,Gadget,819
48608,North,Widget,645
48631,North,Doohickey,694
48640,North,Gizmo,961
48648,North,Gizmo,544
48655,North,Widget,604
48658,North,Widget,663
48667,North,Gizmo,941
48684,North,Gadget,906
48691,North,Gadget,869
48740,North,Gadget,729
48741,North,Gizmo,884
48763,North,Widget,711
48768,North,Gadget,646
48785,North,Gizmo,542
48800,North,Widget,851
48811,North,Widget,806
48818,North,Widget,993
48832,North,Widget,758
48840,North,Doohickey,833
48843,North,Widget,546
48844,North,Widget,830
48859,North,Gadget,552
48860,North,Widget,639
48870,North,Gizmo,702
48887,North,Gizmo,747
48888,North,Gadget,648
48899,North,Doohickey,767
48900,North,Doohickey,980
48904,North,Doohickey,902
48913,North,Gadget,581
48923,North,Gadget,832
48926,North,Doohickey,666
48929,North,Widget,972
48940,North,Widget,911
48941,North,Gadget,849
48952,North,Widget,744
48966,North,Gadget,644
48969,North,Widget,823
48980,North,Widget,869
48989,North,Gizmo,839
49011,North,Widget,841
49018,North,Gadget,767
49023,North,Widget,871
49036,North,Doohickey,688
49038,North,Doohickey,565
49039,North,Gizmo,582
49047,North,Widget,503
49056,North,Doohickey,514
49057,North,Gadget,936
49066,North,Gadget,542
49071,North,Gadget,690
49075,North,Widget,957
49084,North,Widget,770
49097,North,Doohickey,752
49098,North,Gadget,986
49120,North,Doohickey,956
49123,North,Gizmo,527
49127,North,Gizmo,723
49135,North,Gadget,961
49136,North,Gadget,739
49142,North,Doohickey,891
49145,North,Gizmo,699
49147,North,Widget,936
49152,North,Gizmo,863
49191,North,Gizmo,669
49195,North,Gizmo,541
49202,North,Gadget,936
49214,North,Gadget,957
49217,North,Widget,615
49219,North,Widget,612
49233,North,Widget,513
49236,North,Gadget,840
49242,North,Gizmo,898
49252,North,Gadget,590
49256,North,Doohickey,917
49265,North,Gadget,914
49276,North,Doohickey,555
49284,North,Gadget,619
49288,North,Doohickey,799
49289,North,Doohickey,960
49291,North,Widget,762
49309,North,Gizmo,555
49315,North,Doohickey,944
49316,North,Doohickey,790
49322,North,Doohickey,796
49339,North,Gizmo,628
49349,North,Gizmo,777
49357,North,Gadget,881
49360,North,Doohickey,846
49368,North,Doohickey,605
49383,North,Widget,550
49388,North,Doohickey,649
49396,North,Gizmo,948
49397,North,Doohickey,783
49403,North,Gizmo,667
49407,North,Widget,740
49412,North,Widget,947
49415,North,Widget,915
49425,North,Gadget,894
49430,North,Widget,817
49434,North,Doohickey,617
49437,North,Widget,927
49439,North,Doohickey,950
49441,North,Widget,594
49448,North,Gizmo,839
49477,North,Widget,685
49481,North,Gizmo,597
49495,North,Gizmo,988
49515,North,Widget,610
49516,North,Widget,952
49517,North,Widget,685
49519,North,Gadget,936
49520,North,Gadget,703
49521,North,Doohickey,599
49530,North,Widget,538
49540,North,Gizmo,525
49542,North,Widget,591
49546,North,Gizmo,508
49561,North,Doohickey,766
49563,North,Gadget,685
49570,North,Doohickey,896
49579,North,Doohickey,655
49582,North,Gizmo,922
49592,North,Widget,582
49595,North,Gadget,743
49605,North,Doohickey,890
49607,North,Gizmo,525
49612,North,Gizmo,866
49625,North,Widget,501
49626,North,Gizmo,519
49634,North,Gadget,659
49652,North,Widget,803
49658,North,Gadget,530
49678,North,Doohickey,509
49681,North,Gadget,823
49698,North,Doohickey,985
49700,North,Widget,926
49710,North,Gizmo,565
49711,North,Gadget,813
49712,North,Doohickey,951
49717,North,Doohickey,714
49729,North,Doohickey,703
49734,North,Gizmo,555
49735,North,Gizmo,975
49742,North,Gadget,899
49756,North,Gadget,894
49759,North,Gizmo,641
49765,North,Doohickey,966
49768,North,Gizmo,650
49783,North,Doohickey,805
49789,North,Widget,700
49805,North,Widget,824
49807,North,Gizmo,688
49808,North,Gizmo,695
49832,North,Doohickey,977
49833,North,Widget,957
49855,North,Doohickey,684
49864,North,Widget,577
49867,North,Doohickey,603
49871,North,Gizmo,860
49872,North,Doohickey,708
49880,North,Gizmo,977
49893,North,Doohickey,741
49897,North,Gadget,956
49912,North,Widget,868
49916,North,Gadget,899
49931,North,Gizmo,511
49935,North,Widget,994
49940,North,Gadget,831
49945,North,Widget,673
49950,North,Gadget,650
49971,North,Doohickey,826
49974,North,Widget,661
49980,North,Widget,969
49984,North,Gizmo,844
49990,North,Widget,939
50000,North,Doohickey,928
50011,North,Widget,977
50018,North,Widget,876
50024,North,Widget,819
50027,North,Doohickey,739
50051,North,Gadget,684
50053,North,Doohickey,600
50055,North,Doohickey,608
50056,North,Doohickey,825
50063,North,Gadget,841
50068,North,Widget,609
50070,North,Gizmo,791
50075,North,Gizmo,778
50079,North,Doohickey,841
50091,North,Doohickey,902
50096,North,Gizmo,898
50111,North,Widget,888
50133,North,Gizmo,994
50155,North,Widget,786
50159,North,Widget,989
50183,North,Widget,815
50195,North,Gadget,687
50203,North,Gizmo,651
50204,North,Gizmo,781
50214,North,Gadget,560
50215,North,Widget,545
50224,North,Gizmo,532
50229,North,Doohickey,596
50244,North,Gizmo,922
50265,North,Widget,852
50279,North,Gizmo,646
50282,North,Gizmo,626
50290,North,Widget,780
50291,North,Gadget,614
50292,North,Gadget,997
50299,North,Gizmo,526
50313,North,Gadget,569
50328,North,Widget,565
50336,North,Gadget,989
50338,North,Gizmo,756
50341,North,Gadget,513
50352,North,Widget,569
50370,North,Gizmo,840
50381,North,Widget,657
50384,North,Gadget,986
50391,North,Gizmo,684
50392,North,Gizmo,691
50397,North,Gadget,661
50419,North,Gizmo,984
50444,North,Gadget,626
50445,North,Gadget,618
50446,North,Gizmo,782
50452,North,Widget,652
50456,North,Widget,702
50462,North,Gizmo,836
50466,North,Doohickey,876
50472,North,Doohickey,691
50477,North,Gadget,743
50488,North,Gadget,796
50516,North,Gizmo,664
50524,North,Gadget,523
50534,North,Gizmo,811
50547,North,Doohickey,582
50557,North,Gadget,969
50560,North,Gadget,889
50566,North,Gadget,676
50600,North,Widget,652
50611,North,Gadget,653
50612,North,Widget,927
50632,North,Gadget,833
50633,North,Gadget,852
50643,North,Gizmo,899
50653,North,Gizmo,894
50664,North,Gizmo,893
50669,North,Gizmo,811
50674,North,Widget,723
50684,North,Doohickey,678
50694,North,Gadget,986
50695,North,Widget,944
50696,North,Gizmo,834
50697,North,Gadget,828
50705,North,Gizmo,619
50710,North,Widget,637
50715,North,Gadget,582
50717,North,Widget,693
50719,North,Gadget,948
50726,North,Widget,658
50758,North,Gizmo,866
50767,North,Gizmo,615
50774,North,Doohickey,505
50775,North,Widget,594
50781,North,Gizmo,768
50785,North,Doohickey,562
50788,North,Gadget,840
50798,North,Gizmo,595
50799,North,Gizmo,663
50811,North,Widget,971
50827,North,Gizmo,956
50836,North,Gadget,566
50843,North,Gadget,836
50849,North,Gadget,580
50864,North,Doohickey,906
50869,North,Widget,767
50871,North,Gizmo,696
50872,North,Gadget,826
50873,North,Widget,671
50882,North,Gadget,568
50892,North,Gizmo,877
50905,North,Widget,808
50916,North,Doohickey,663
50919,North,Widget,717
50922,North,Doohickey,918
50923,North,Widget,811
50937,North,Doohickey,968
50940,North,Widget,947
50950,North,Doohickey,744
50961,North,Gadget,575
50964,North,Gadget,943
50966,North,Doohickey,839
50976,North,Doohickey,714
50992,North,Widget,584
50998,North,Widget,916
50999,North,Gizmo,757
51012,North,Widget,684
51015,North,Gadget,825
51028,North,Gizmo,957
51034,North,Doohickey,780
51041,North,Gizmo,536
51043,North,Doohickey,639
51044,North,Gizmo,668
51046,North,Gadget,675
51049,North,Gizmo,672
51052,North,Doohickey,856
51074,North,Doohickey,801
51093,North,Doohickey,672
51113,North,Doohickey,702
51116,North,Widget,977
51117,North,Widget,877
51123,North,Gizmo,531
51136,North,Widget,568
51138,North,Doohickey,581
51145,North,Widget,767
51172,North,Widget,552
51173,North,Gadget,844
51178,North,Gadget,836
51197,North,Widget,677
51203,North,Gizmo,842
51214,North,Gadget,950
51229,North,Gizmo,757
51231,North,Doohickey,519
51244,North,Gadget,752
51255,North,Gadget,878
51256,North,Widget,666
51257,North,Gadget,796
51274,North,Doohickey,718
51277,North,Doohickey,886
51294,North,Widget,705
51309,North,Gizmo,824
51317,North,Widget,775
51318,North,Gizmo,680
51321,North,Gadget,975
51330,North,Gadget,864
51355,North,Doohickey,819
51369,North,Doohickey,523
51372,North,Gizmo,872
51387,North,Gadget,756
51390,North,Gizmo,861
51404,North,Gizmo,821
51410,North,Gizmo,666
51418,North,Gizmo,715
51420,North,Widget,584
51421,North,Widget,662
51422,North,Gadget,580
51433,North,Widget,876
51442,North,Doohickey,925
51444,North,Gadget,936
51448,North,Widget,801
51453,North,Doohickey,714
51455,North,Gadget,915
51473,North,Widget,978
51495,North,Doohickey,642
51500,North,Gadget,981
51504,North,Gizmo,628
51513,North,Widget,906
51518,North,Gizmo,612
51521,North,Widget,846
51526,North,Gadget,871
51553,North,Widget,859
51557,North,Gizmo,965
51559,North,Gadget,729
51574,North,Gizmo,738
51583,North,Doohickey,703
51591,North,Doohickey,654
51601,North,Gizmo,981
51605,North,Gadget,548
51609,North,Gadget,740
51617,North,Widget,894
51629,North,Widget,811
51657,North,Widget,814
51674,North,Doohickey,992
51681,North,Gadget,692
51682,North,Gadget,885
51690,North,Widget,949
51696,North,Gizmo,735
51700,North,Doohickey,843
51703,North,Gizmo,746
51704,North,Widget,567
51709,North,Gizmo,999
51716,North,Doohickey,876
51731,North,Widget,927
51735,North,Doohickey,798
51746,North,Gizmo,853
51747,North,Widget,808
51749,North,Doohickey,903
51755,North,Widget,780
51757,North,Gizmo,974
51769,North,Gizmo,745
51779,North,Widget,846
51786,North,Gadget,518
51805,North,Gizmo,971
51817,North,Gadget,892
51819,North,Gizmo,574
51820,North,Widget,669
51832,North,Gizmo,702
51843,North,Doohickey,796
51844,North,Gizmo,824
51858,North,Gadget,574
51868,North,Widget,801
51878,North,Gizmo,882
51885,North,Widget,535
51886,North,Gizmo,776
51892,North,Widget,593
51909,North,Gizmo,795
51919,North,Gadget,761
51942,North,Widget,601
51947,North,Doohickey,806
51956,North,Doohickey,885
51965,North,Widget,871
51966,North,Widget,690
51983,North,Gadget,597
51994,North,Doohickey,984
52003,North,Doohickey,630
52009,North,Gadget,554
52011,North,Gizmo,922
52018,North,Doohickey,918
52044,North,Gadget,596
52059,North,Gizmo,767
52061,North,Gadget,994
52067,North,Widget,698
52085,North,Widget,807
52090,North,Doohickey,785
52099,North,Gadget,518
52105,North,Widget,700
52113,North,Widget,501
52115,North,Gadget,893
52121,North,Widget,876
52170,North,Widget,669
52189,North,Gadget,648
52193,North,Doohickey,795
52195,North,Gizmo,751
52200,North,Gizmo,816
52215,North,Doohickey,771
52235,North,Widget,678
52258,North,Widget,838
52260,North,Gadget,827
52272,North,Widget,731
52277,North,Gadget,769
52282,North,Doohickey,764
52291,North,Widget,853
52294,North,Gizmo,795
52295,North,Gadget,567
52300,North,Widget,735
52312,North,Doohickey,565
52319,North,Widget,794
52321,North,Gadget,545
52325,North,Gizmo,719
52347,North,Gizmo,730
52365,North,Gizmo,555
52379,North,Doohickey,664
52383,North,Widget,747
52400,North,Widget,642
52408,North,Gadget,779
52415,North,Widget,866
52416,North,Widget,893
52430,North,Doohickey,544
52456,North,Gadget,989
52458,North,Doohickey,585
52477,North,Gadget,988
52494,North,Widget,798
52506,North,Gadget,955
52510,North,Gadget,630
52522,North,Gadget,748
52529,North,Widget,757
52536,North,Gadget,550
52538,North,Gizmo,968
52541,North,Gizmo,703
52547,North,Gadget,661
52557,North,Doohickey,667
52560,North,Widget,620
52567,North,Doohickey,822
52577,North,Gadget,780
52583,North,Doohickey,654
52593,North,Doohickey,609
52600,North,Doohickey,602
52631,North,Doohickey,779
52636,North,Gizmo,610
52639,North,Widget,907
52641,North,Gadget,555
52642,North,Widget,914
52645,North,Widget,600
52647,North,Widget,571
52648,North,Widget,750
52663,North,Gadget,943
52670,North,Gadget,779
52678,North,Gizmo,840
52682,North,Gizmo,911
52693,North,Gizmo,802
52695,North,Widget,672
52697,North,Widget,721
52704,North,Gizmo,519
52711,North,Gadget,530
52719,North,Widget,779
52725,North,Gadget,715
52744,North,Doohickey,965
52750,North,Widget,683
52774,North,Doohickey,576
52776,North,Gadget,630
52799,North,Doohickey,551
52802,North,Gizmo,727
52803,North,Doohickey,713
52804,North,Doohickey,541
52806,North,Gadget,752
52810,North,Doohickey,674
52814,North,Widget,775
52819,North,Gizmo,707
52830,North,Doohickey,781
52850,North,Doohickey,718
52854,North,Doohickey,572
52881,North,Gizmo,658
52882,North,Gizmo,755
52893,North,Doohickey,786
52896,North,Gizmo,952
52899,North,Doohickey,877
52901,North,Doohickey,651
52906,North,Doohickey,897
52909,North,Doohickey,516
52910,North,Gadget,772
52924,North,Widget,774
52928,North,Gadget,579
52930,North,Gizmo,784
52932,North,Gadget,780
52934,North,Gizmo,969
52938,North,Widget,695
52942,North,Doohickey,882
52944,North,Doohickey,718
52953,North,Widget,714
52958,North,Widget,917
52968,North,Widget,754
52973,North,Gadget,511
52974,North,Gizmo,766
52987,North,Gizmo,739
52988,North,Gadget,516
52992,North,Gadget,615
52997,North,Gizmo,925
53004,North,Gizmo,836
53010,North,Widget,797
53018,North,Gizmo,729
53023,North,Gadget,966
53040,North,Widget,806
53051,North,Widget,585
53065,North,Widget,690
53082,North,Gizmo,655
53091,North,Gadget,593
53093,North,Widget,773
53097,North,Gizmo,632
53100,North,Widget,969
53113,North,Doohickey,693
53116,North,Gadget,790
53128,North,Gizmo,840
53130,North,Doohickey,948
53134,North,Widget,627
53151,North,Doohickey,927
53154,North,Widget,641
53156,North,Gizmo,897
53165,North,Gadget,719
53170,North,Widget,618
53175,North,Widget,555
53186,North,Doohickey,807
53188,North,Gizmo,782
53194,North,Gadget,796
53201,North,Gizmo,595
53209,North,Widget,704
53215,North,Doohickey,602
53243,North,Gadget,770
53252,North,Gizmo,721
53269,North,Gizmo,744
53273,North,Widget,537
53295,North,Gadget,771
53330,North,Widget,547
53334,North,Doohickey,994
53351,North,Gizmo,875
53364,North,Gadget,605
53370,North,Doohickey,892
53372,North,Widget,641
53373,North,Gizmo,900
53386,North,Doohickey,809
53390,North,Gadget,984
53401,North,Doohickey,953
53418,North,Doohickey,885
53428,North,Gadget,598
53444,North,Doohickey,858
53453,North,Gadget,931
53464,North,Doohickey,946
53466,North,Gadget,699
53473,North,Doohickey,607
53482,North,Doohickey,919
53498,North,Gizmo,649
53507,North,Gadget,608
53513,North,Gadget,561
53521,North,Doohickey,599
53530,North,Gadget,692
53547,North,Gizmo,717
53552,North,Gizmo,911
53568,North,Widget,899
53570,North,Doohickey,693
53581,North,Gadget,528
53586,North,Gadget,608
53596,North,Widget,569
53597,North,Gizmo,916
53602,North,Gizmo,760
53606,North,Widget,666
53608,North,Gizmo,952
53629,North,Gizmo,654
53632,North,Widget,827
53639,North,Doohickey,672
53663,North,Gadget,793
53666,North,Gadget,538
53667,North,Gizmo,725
53705,North,Doohickey,690
53713,North,Widget,599
53714,North,Doohickey,902
53719,North,Gizmo,928
53722,North,Widget,741
53735,North,Gadget,923
53745,North,Widget,653
53748,North,Doohickey,540
53751,North,Widget,540
53759,North,Gizmo,800
53768,North,Widget,777
53770,North,Doohickey,844
53794,North,Gadget,628
53800,North,Gadget,780
53802,North,Gizmo,780
53804,North,Gizmo,599
53806,North,Doohickey,668
53818,North,Doohickey,758
53836,North,Widget,688
53842,North,Gizmo,583
53847,North,Widget,743
53850,North,Gizmo,530
53863,North,Widget,742
53873,North,Gizmo,542
53878,North,Gadget,941
53882,North,Gadget,919
53891,North,Doohickey,738
53895,North,Widget,786
53900,North,Doohickey,714
53905,North,Gadget,742
53909,North,Widget,736
53913,North,Doohickey,865
53915,North,Widget,988
53918,North,Widget,800
53932,North,Widget,852
53946,North,Gadget,749
53957,North,Doohickey,902
53958,North,Gizmo,567
53972,North,Gadget,737
53981,North,Gizmo,684
53985,North,Widget,791
53987,North,Gizmo,897
54008,North,Doohickey,739
54014,North,Doohickey,743
54019,North,Gadget,585
54043,North,Doohickey,787
54048,North,Gizmo,742
54056,North,Widget,925
54081,North,Doohickey,875
54085,North,Widget,501
54087,North,Gadget,757
54097,North,Widget,658
54101,North,Widget,994
54103,North,Widget,563
54111,North,Gizmo,636
54120,North,Doohickey,501
54124,North,Gizmo,562
54129,North,Widget,816
54150,North,Widget,914
54153,North,Gadget,891
54161,North,Widget,580
54164,North,Doohickey,757
54166,North,Doohickey,935
54168,North,Gadget,767
54171,North,Widget,822
54192,North,Doohickey,961
54193,North,Doohickey,877
54194,North,Gizmo,965
54198,North,Doohickey,800
54200,North,Gizmo,590
54202,North,Gizmo,975
54213,North,Gizmo,994
54217,North,Doohickey,665
54218,North,Gadget,535
54237,North,Gadget,988
54248,North,Widget,548
54253,North,Gizmo,756
54258,North,Gadget,534
54266,North,Gadget,971
54271,North,Doohickey,983
54275,North,Gizmo,908
54288,North,Doohickey,977
54289,North,Gadget,855
54293,North,Gizmo,857
54294,North,Widget,913
54301,North,Gizmo,789
54309,North,Doohickey,560
54335,North,Gizmo,669
54344,North,Doohickey,578
54345,North,Widget,763
54353,North,Gizmo,542
54360,North,Gadget,897
54381,North,Doohickey,996
54400,North,Widget,644
54405,North,Gadget,621
54419,North,Gadget,658
54420,North,Widget,644
54451,North,Gadget,795
54453,North,Widget,992
54467,North,Gizmo,652
54475,North,Gadget,652
54484,North,Doohickey,770
54500,North,Gizmo,806
54503,North,Gizmo,923
54514,North,Doohickey,992
54525,North,Widget,538
54535,North,Doohickey,509
54546,North,Gadget,991
54568,North,Gizmo,548
54569,North,Gizmo,999
54575,North,Doohickey,865
54583,North,Gadget,792
54601,North,Gizmo,880
54602,North,Gadget,916
54608,North,Gizmo,974
54610,North,Gadget,778
54638,North,Gizmo,942
54654,North,Doohickey,602
54689,North,Widget,969
54691,North,Doohickey,551
54705,North,Gadget,542
54711,North,Widget,881
54726,North,Widget,857
54729,North,Widget,675
54730,North,Widget,915
54737,North,Gizmo,972
54738,North,Widget,990
54749,North,Gadget,680
54751,North,Gizmo,504
54752,North,Widget,985
54755,North,Widget,577
54779,North,Gizmo,714
54784,North,Doohickey,669
54795,North,Doohickey,501
54796,North,Gizmo,902
54798,North,Gadget,808
54799,North,Widget,994
54800,North,Widget,872
54824,North,Gadget,713
54834,North,Gadget,716
54846,North,Widget,626
54853,North,Doohickey,784
54857,North,Widget,754
54859,North,Widget,524
54868,North,Widget,550
54889,North,Gadget,955
54909,North,Widget,616
54912,North,Gadget,898
54937,North,Doohickey,991
54940,North,Gadget,717
54945,North,Gizmo,853
54948,North,Gadget,745
54951,North,Gizmo,789
54965,North,Gadget,528
54968,North,Gadget,973
54976,North,Widget,638
54977,North,Gadget,727
54988,North,Gadget,781
54989,North,Doohickey,647
54998,North,Gadget,743
55019,North,Gizmo,659
55024,North,Gizmo,751
55029,North,Gizmo,886
55063,North,Doohickey,947
55065,North,Widget,520
55066,North,Widget,595
55070,North,Gadget,622
55078,North,Gadget,512
55080,North,Gadget,986
55083,North,Gizmo,949
55090,North,Doohickey,994
55093,North,Doohickey,578
55094,North,Widget,582
55097,North,Gizmo,974
55098,North,Gadget,799
55106,North,Gadget,968
55146,North,Gadget,823
55153,North,Doohickey,660
55158,North,Doohickey,796
55170,North,Gizmo,515
55180,North,Widget,650
55185,North,Widget,629
55187,North,Doohickey,855
55189,North,Widget,890
55190,North,Gadget,591
55192,North,Widget,505
55205,North,Doohickey,612
55208,North,Gadget,896
55216,North,Gizmo,538
55217,North,Doohickey,892
55225,North,Gizmo,662
55240,North,Gadget,988
55244,North,Doohickey,633
55247,North,Gadget,877
55252,North,Gadget,909
55262,North,Widget,932
55272,North,Widget,709
55285,North,Gizmo,603
55286,North,Doohickey,742
55292,North,Gadget,654
55312,North,Gadget,784
55317,North,Doohickey,768
55325,North,Gadget,737
55327,North,Gadget,525
55390,North,Doohickey,886
55407,North,Doohickey,735
55408,North,Doohickey,763
55419,North,Doohickey,839
55429,North,Gizmo,512
55433,North,Widget,627
55439,North,Gadget,709
55460,North,Doohickey,780
55464,North,Widget,729
55474,North,Gadget,947
55484,North,Doohickey,942
55486,North,Doohickey,909
55493,North,Gadget,767
55499,North,Gadget,633
55503,North,Widget,808
55515,North,Gizmo,933
55518,North,Gizmo,884
55519,North,Doohickey,852
55520,North,Gadget,605
55552,North,Gizmo,578
55556,North,Gadget,738
55564,North,Gadget,964
55567,North,Gizmo,637
55587,North,Gadget,708
55588,North,Doohickey,751
55602,North,Gadget,833
55625,North,Gadget,681
55639,North,Widget,867
55650,North,Gizmo,917
55653,North,Widget,999
55658,North,Gadget,619
55662,North,Gadget,739
55664,North,Widget,991
55667,North,Gizmo,613
55671,North,Widget,508
55673,North,Gizmo,790
55678,North,Gizmo,531
55686,North,Doohickey,558
55691,North,Widget,897
55710,North,Gadget,899
55714,North,Gizmo,799
55717,North,Gizmo,529
55722,North,Doohickey,721
55725,North,Doohickey,813
55729,North,Gadget,557
55735,North,Gizmo,603
55741,North,Doohickey,683
55755,North,Doohickey,956
55759,North,Gizmo,739
55766,North,Gadget,636
55769,North,Gizmo,626
55782,North,Gadget,876
55786,North,Gadget,568
55790,North,Doohickey,513
55792,North,Gadget,882
55797,North,Doohickey,628
55816,North,Gadget,758
55822,North,Doohickey,717
55832,North,Gizmo,759
55834,North,Gizmo,667
55838,North,Gizmo,966
55850,North,Doohickey,807
55863,North,Gadget,799
55886,North,Doohickey,956
55894,North,Gizmo,901
55899,North,Widget,886
55902,North,Doohickey,621
55908,North,Doohickey,902
55909,North,Gizmo,671
55915,North,Gizmo,626
55922,North,Gadget,886
55934,North,Gizmo,878
55946,North,Widget,791
55952,North,Widget,666
55957,North,Gadget,727
55962,North,Doohickey,915
55964,North,Gizmo,632
55966,North,Doohickey,988
55968,North,Gizmo,572
55977,North,Widget,687
55992,North,Gadget,650
56010,North,Gizmo,642
56018,North,Gadget,503
56023,North,Gadget,956
56027,North,Doohickey,663
56033,North,Widget,756
56034,North,Gizmo,958
56035,North,Widget,856
56037,North,Widget,654
56041,North,Gizmo,618
56048,North,Gadget,886
56052,North,Gadget,667
56054,North,Doohickey,757
56055,North,Gizmo,828
56058,North,Gizmo,704
56075,North,Doohickey,828
56080,North,Gizmo,752
56084,North,Gizmo,535
56090,North,Gadget,911
56093,North,Widget,563
56098,North,Doohickey,759
56102,North,Doohickey,548
56112,North,Gizmo,685
56123,North,Gadget,936
56143,North,Gizmo,597
56149,North,Gizmo,857
56172,North,Gadget,927
56174,North,Doohickey,844
56184,North,Gadget,578
56192,North,Gizmo,678
56202,North,Doohickey,747
56204,North,Widget,720
56206,North,Gizmo,538
56237,North,Doohickey,852
56243,North,Widget,795
56245,North,Gizmo,721
56251,North,Widget,527
56256,North,Doohickey,1000
56267,North,Gadget,897
56270,North,Widget,761
56276,North,Gadget,936
56279,North,Gizmo,509
56287,North,Gadget,585
56290,North,Doohickey,901
56303,North,Gadget,713
56311,North,Gadget,718
56319,North,Gadget,615
56332,North,Doohickey,793
56342,North,Doohickey,823
56343,North,Gizmo,626
56349,North,Gadget,795
56351,North,Gadget,707
56368,North,Gizmo,639
56376,North,Widget,509
56379,North,Gizmo,543
56391,North,Doohickey,925
56396,North,Widget,693
56412,North,Doohickey,798
56432,North,Widget,941
56448,North,Gadget,935
56455,North,Gizmo,775
56463,North,Gizmo,787
56464,North,Doohickey,694
56469,North,Doohickey,533
56473,North,Doohickey,569
56501,North,Doohickey,566
56502,North,Gizmo,542
56509,North,Widget,698
56525,North,Gizmo,615
56526,North,Doohickey,529
56535,North,Widget,852
56537,North,Doohickey,801
56540,North,Widget,921
56547,North,Doohickey,769
56548,North,Doohickey,919
56551,North,Gadget,921
56562,North,Gadget,773
56563,North,Widget,635
56568,North,Widget,908
56574,North,Widget,642
56575,North,Gizmo,963
56581,North,Widget,527
56588,North,Gadget,770
56610,North,Gizmo,756
56625,North,Widget,685
56646,North,Gadget,771
56647,North,Doohickey,980
56652,North,Widget,851
56656,North,Widget,758
56667,North,Gadget,903
56671,North,Gadget,897
56675,North,Widget,871
56681,North,Widget,558
56690,North,Doohickey,769
56692,North,Gizmo,728
56702,North,Widget,540
56712,North,Gizmo,959
56731,North,Gadget,852
56790,North,Gizmo,836
56802,North,Widget,871
56804,North,Gadget,769
56807,North,Doohickey,684
56811,North,Widget,663
56826,North,Doohickey,732
56833,North,Doohickey,903
56837,North,Widget,514
56853,North,Gizmo,940
56858,North,Widget,983
56862,North,Doohickey,659
56863,North,Widget,525
56873,North,Gadget,604
56886,North,Gadget,989
56888,North,Gadget,723
56899,North,Gadget,607
56907,North,Doohickey,801
56917,North,Widget,994
56924,North,Gadget,689
56945,North,Doohickey,857
56951,North,Gadget,525
56952,North,Doohickey,886
56953,North,Gizmo,644
56957,North,Gizmo,538
56965,North,Widget,944
56970,North,Doohickey,866
56972,North,Gizmo,915
56977,North,Gadget,688
56980,North,Widget,832
56983,North,Widget,817
56987,North,Gizmo,532
56997,North,Widget,652
57003,North,Widget,789
57004,North,Widget,989
57005,North,Gizmo,541
57008,North,Gizmo,723
57010,North,Gadget,950
57015,North,Doohickey,897
57047,North,Gadget,878
57053,North,Gizmo,632
57063,North,Widget,888
57065,North,Doohickey,713
57076,North,Gadget,894
57080,North,Gadget,817
57084,North,Gizmo,775
57101,North,Widget,525
57103,North,Widget,678
57120,North,Gizmo,921
57121,North,Widget,698
57129,North,Doohickey,517
57130,North,Doohickey,918
57162,North,Doohickey,935
57182,North,Gizmo,683
57184,North,Gizmo,848
57191,North,Gadget,971
57197,North,Gizmo,636
57198,North,Gadget,684
57199,North,Doohickey,586
57216,North,Widget,639
57224,North,Gizmo,767
57235,North,Gizmo,575
57236,North,Widget,557
57238,North,Gizmo,679
57239,North,Widget,821
57243,North,Widget,860
57245,North,Gadget,835
57254,North,Gizmo,834
57262,North,Gadget,577
57264,North,Gizmo,672
57270,North,Doohickey,769
57284,North,Gadget,986
57285,North,Widget,903
57289,North,Widget,859
57321,North,Gizmo,630
57324,North,Widget,608
57336,North,Widget,927
57338,North,Doohickey,605
57347,North,Gadget,638
57357,North,Gizmo,818
57366,North,Doohickey,873
57370,North,Gadget,588
57374,North,Gizmo,922
57389,North,Widget,692
57396,North,Widget,715
57403,North,Doohickey,924
57431,North,Doohickey,527
57435,North,Gizmo,518
57440,North,Widget,972
57447,North,Widget,809
57462,North,Widget,967
57476,North,Gizmo,534
57514,North,Widget,614
57515,North,Gadget,928
57529,North,Gadget,616
57532,North,Doohickey,948
57541,North,Gizmo,961
57544,North,Doohickey,571
57560,North,Widget,593
57561,North,Gadget,626
57578,North,Gadget,817
57582,North,Gizmo,864
57583,North,Gadget,914
57618,North,Doohickey,909
57625,North,Doohickey,821
57627,North,Gizmo,508
57650,North,Gadget,948
57658,North,Gadget,712
57671,North,Widget,667
57673,North,Doohickey,706
57697,North,Widget,978
57706,North,Gadget,590
57710,North,Doohickey,507
57718,North,Gadget,732
57719,North,Doohickey,746
57738,North,Doohickey,798
57755,North,Gadget,936
57759,North,Widget,724
57760,North,Gadget,714
57761,North,Widget,860
57768,North,Doohickey,892
57771,North,Widget,814
57777,North,Doohickey,963
57783,North,Widget,607
57784,North,Gadget,827
57788,North,Doohickey,626
57790,North,Widget,684
57835,North,Gadget,891
57837,North,Doohickey,513
57843,North,Gadget,735
57850,North,Gadget,505
57894,North,Gadget,892
57907,North,Gadget,799
57930,North,Widget,796
57935,North,Doohickey,795
57947,North,Widget,577
57959,North,Doohickey,861
57962,North,Widget,581
57982,North,Gizmo,623
57987,North,Gizmo,732
57995,North,Gizmo,963
57998,North,Doohickey,949
58000,North,Widget,773
58011,North,Gadget,548
58016,North,Gadget,976
58019,North,Doohickey,881
58020,North,Doohickey,537
58029,North,Gizmo,999
58032,North,Gizmo,841
58035,North,Gizmo,666
58038,North,Doohickey,770
58040,North,Widget,583
58073,North,Doohickey,643
58080,North,Widget,670
58092,North,Widget,779
58094,North,Doohickey,802
58114,North,Widget,653
58120,North,Widget,827
58124,North,Gadget,986
58125,North,Gadget,521
58132,North,Widget,877
58133,North,Gadget,985
58139,North,Widget,811
58146,North,Doohickey,519
58154,North,Doohickey,721
58155,North,Doohickey,637
58156,North,Widget,735
58167,North,Gizmo,957
58168,North,Doohickey,509
58178,North,Doohickey,769
58181,North,Gadget,695
58190,North,Gadget,986
58191,North,Widget,844
58201,North,Doohickey,875
58232,North,Gizmo,555
58247,North,Doohickey,952
58252,North,Doohickey,931
58262,North,Gadget,806
58264,North,Gadget,827
58267,North,Widget,537
58275,North,Widget,919
58287,North,Gizmo,520
58292,North,Gizmo,776
58296,North,Gadget,721
58307,North,Gadget,925
58316,North,Gizmo,598
58317,North,Widget,538
58333,North,Doohickey,512
58336,North,Widget,577
58346,North,Gizmo,882
58350,North,Gizmo,574
58372,North,Doohickey,552
58374,North,Widget,746
58381,North,Gizmo,717
58395,North,Doohickey,931
58401,North,Gizmo,632
58404,North,Widget,543
58419,North,Gizmo,649
58420,North,Gizmo,969
58433,North,Gizmo,586
58447,North,Gizmo,715
58449,North,Doohickey,567
58452,North,Doohickey,927
58455,North,Gizmo,570
58477,North,Gadget,858
58490,North,Widget,565
58494,North,Doohickey,583
58502,North,Doohickey,607
58503,North,Doohickey,596
58545,North,Widget,641
58553,North,Gadget,774
58555,North,Gadget,965
58579,North,Gadget,952
58587,North,Widget,782
58593,North,Gadget,811
58595,North,Gizmo,711
58602,North,Gadget,921
58624,North,Widget,660
58633,North,Widget,632
58638,North,Widget,512
58640,North,Gizmo,603
58660,North,Widget,889
58662,North,Gadget,686
58669,North,Widget,712
58680,North,Widget,988
58692,North,Widget,926
58704,North,Gizmo,755
58706,North,Doohickey,770
58708,North,Doohickey,704
58715,North,Gadget,534
58721,North,Gizmo,785
58723,North,Widget,865
58728,North,Widget,752
58730,North,Gizmo,919
58741,North,Widget,849
58752,North,Widget,742
58757,North,Gadget,596
58758,North,Widget,568
58771,North,Gadget,655
58786,North,Gadget,688
58800,North,Gizmo,993
58808,North,Widget,838
58812,North,Gadget,565
58846,North,Gadget,964
58857,North,Gizmo,655
58874,North,Widget,939
58876,North,Widget,617
58879,North,Widget,595
58896,North,Gadget,632
58898,North,Widget,923
58905,North,Gizmo,763
58906,North,Gadget,839
58909,North,Doohickey,762
58917,North,Doohickey,593
58935,North,Widget,811
58943,North,Gizmo,617
58944,North,Gizmo,571
58948,North,Doohickey,648
58950,North,Gizmo,542
58969,North,Gadget,956
58973,North,Gadget,630
58990,North,Widget,823
58991,North,Widget,536
58996,North,Gadget,742
59002,North,Gizmo,529
59005,North,Gadget,657
59025,North,Gadget,749
59033,North,Doohickey,693
59034,North,Gizmo,756
59037,North,Gadget,869
59043,North,Doohickey,517
59046,North,Gadget,607
59070,North,Gizmo,567
59072,North,Gadget,964
59073,North,Gizmo,866
59074,North,Gadget,571
59075,North,Doohickey,941
59077,North,Gadget,889
59079,North,Doohickey,611
59080,North,Widget,830
59095,North,Widget,798
59106,North,Doohickey,629
59108,North,Gizmo,931
59117,North,Widget,863
59123,North,Gadget,909
59135,North,Doohickey,914
59139,North,Widget,965
59162,North,Doohickey,567
59203,North,Widget,894
59210,North,Gizmo,811
59228,North,Gizmo,891
59239,North,Widget,577
59259,North,Widget,643
59265,North,Widget,764
59266,North,Widget,823
59269,North,Widget,698
59284,North,Gizmo,543
59288,North,Doohickey,546
59301,North,Widget,751
59317,North,Gadget,534
59318,North,Gadget,878
59334,North,Gadget,520
59351,North,Gadget,615
59352,North,Gizmo,680
59357,North,Doohickey,690
59365,North,Doohickey,638
59367,North,Doohickey,806
59376,North,Widget,691
59383,North,Gizmo,653
59391,North,Gizmo,538
59396,North,Gadget,963
59398,North,Widget,527
59406,North,Doohickey,520
59411,North,Doohickey,686
59415,North,Gizmo,843
59416,North,Widget,679
59418,North,Widget,692
59432,North,Gadget,750
59434,North,Doohickey,964
59439,North,Widget,858
59459,North,Widget,639
59461,North,Widget,590
59464,North,Gizmo,848
59467,North,Widget,861
59469,North,Widget,677
59480,North,Gizmo,850
59486,North,Gizmo,787
59488,North,Widget,750
59489,North,Widget,815
59494,North,Widget,890
59505,North,Gadget,741
59507,North,Gizmo,830
59510,North,Gadget,628
59518,North,Gadget,511
59522,North,Gizmo,860
59524,North,Doohickey,605
59526,North,Gadget,549
59528,North,Widget,652
59541,North,Gizmo,578
59551,North,Gizmo,501
59569,North,Gizmo,543
59584,North,Widget,676
59585,North,Widget,877
59597,North,Gizmo,909
59603,North,Widget,617
59606,North,Gizmo,966
59607,North,Doohickey,863
59671,North,Widget,560
59676,North,Gadget,555
59683,North,Doohickey,869
59688,North,Doohickey,833
59694,North,Gizmo,543
59696,North,Gizmo,521
59699,North,Doohickey,819
59731,North,Widget,779
59734,North,Gizmo,686
59740,North,Widget,694
59742,North,Gadget,662
59753,North,Doohickey,592
59754,North,Widget,607
59759,North,Gadget,737
59761,North,Gadget,740
59766,North,Widget,991
59782,North,Doohickey,671
59789,North,Widget,711
59800,North,Doohickey,628
59805,North,Gizmo,625
59824,North,Gizmo,803
59826,North,Gadget,725
59828,North,Gadget,751
59835,North,Gadget,863
59847,North,Widget,934
59861,North,Gadget,745
59877,North,Widget,930
59880,North,Doohickey,534
59904,North,Gizmo,639
59913,North,Doohickey,692
59925,North,Gadget,942
59929,North,Gadget,803
59936,North,Doohickey,836
59947,North,Gadget,821
59958,North,Widget,756
59962,North,Widget,900
59968,North,Doohickey,949
59979,North,Doohickey,994
59987,North,Gadget,961
59995,North,Widget,924
59997,North,Doohickey,609
59998,North,Doohickey,550
60001,North,Gizmo,802
60012,North,Gadget,836
60015,North,Widget,653
60017,North,Gadget,629
60032,North,Gadget,841
60033,North,Gadget,690
60063,North,Doohickey,835
60072,North,Gizmo,532
60078,North,Doohickey,927
60086,North,Doohickey,941
60099,North,Doohickey,787
60105,North,Doohickey,927
60113,North,Doohickey,903
60124,North,Gadget,956
60126,North,Gizmo,940
60131,North,Widget,535
60135,North,Widget,554
60139,North,Doohickey,584
60143,North,Doohickey,531
60171,North,Gizmo,846
60177,North,Widget,739
60195,North,Gizmo,976
60212,North,Gizmo,993
60227,North,Gadget,576
60228,North,Gizmo,919
60234,North,Widget,604
60258,North,Gizmo,913
60265,North,Gizmo,827
60266,North,Widget,741
60277,North,Gizmo,811
60280,North,Doohickey,849
60286,North,Gizmo,659
60296,North,Gizmo,684
60312,North,Doohickey,689
60324,North,Gadget,919
60326,North,Doohickey,994
60333,North,Gizmo,503
60339,North,Gadget,915
60351,North,Gadget,796
60360,North,Doohickey,665
60373,North,Gadget,774
60393,North,Gadget,702
60399,North,Gadget,898
60400,North,Widget,881
60411,North,Gizmo,635
60416,North,Widget,942
60421,North,Gadget,597
60422,North,Doohickey,911
60428,North,Gadget,620
60457,North,Doohickey,959
60479,North,Gadget,620
60481,North,Widget,861
60487,North,Doohickey,986
60497,North,Gadget,554
60506,North,Widget,831
60508,North,Widget,865
60510,North,Gizmo,576
60511,North,Gizmo,552
60518,North,Gizmo,863
60522,North,Gadget,604
60524,North,Gadget,543
60532,North,Gadget,849
60533,North,Doohickey,559
60534,North,Gizmo,941
60545,North,Doohickey,660
60549,North,Gizmo,726
60558,North,Doohickey,558
60559,North,Gadget,607
60566,North,Widget,830
60567,North,Doohickey,566
60571,North,Widget,797
60573,North,Doohickey,756
60575,North,Gadget,860
60583,North,Widget,846
60592,North,Gadget,535
60605,North,Doohickey,513
60610,North,Gizmo,868
60622,North,Gadget,779
60650,North,Gadget,765
60664,North,Widget,634
60676,North,Doohickey,993
60695,North,Gizmo,765
60707,North,Doohickey,890
60720,North,Doohickey,988
60722,North,Gizmo,627
60725,North,Gadget,788
60729,North,Gadget,856
60732,North,Doohickey,721
60743,North,Gadget,707
60747,North,Gizmo,764
60770,North,Gizmo,696
60772,North,Gadget,734
60786,North,Widget,999
60793,North,Widget,655
60794,North,Widget,889
60807,North,Doohickey,556
60810,North,Gizmo,600
60811,North,Gizmo,605
60814,North,Doohickey,721
60818,North,Doohickey,640
60828,North,Gizmo,882
60834,North,Widget,585
60848,North,Widget,913
60853,North,Doohickey,732
60858,North,Gadget,635
60860,North,Widget,614
60867,North,Gizmo,907
60872,North,Doohickey,877
60873,North,Gizmo,959
60877,North,Gizmo,864
60891,North,Widget,844
60896,North,Doohickey,875
60905,North,Gizmo,924
60909,North,Doohickey,611
60910,North,Widget,851
60911,North,Doohickey,557
60912,North,Widget,657
60914,North,Doohickey,580
60935,North,Gizmo,733
60947,North,Gadget,809
60952,North,Doohickey,944
60955,North,Doohickey,753
60963,North,Gizmo,719
60967,North,Gadget,545
60975,North,Gizmo,725
60976,North,Widget,611
60984,North,Widget,866
61014,North,Doohickey,942
61015,North,Gadget,806
61021,North,Gadget,842
61022,North,Doohickey,781
61046,North,Gizmo,714
61074,North,Doohickey,516
61075,North,Widget,780
61078,North,Gizmo,775
61079,North,Gadget,616
61114,North,Doohickey,573
61127,North,Gadget,780
61145,North,Gadget,549
61149,North,Gizmo,779
61151,North,Gizmo,807
61164,North,Doohickey,773
61166,North,Doohickey,853
61168,North,Gizmo,819
61182,North,Doohickey,972
61193,North,Gadget,598
61197,North,Gizmo,584
61205,North,Gadget,579
61208,North,Gizmo,579
61222,North,Gizmo,988
61231,North,Gizmo,525
61233,North,Doohickey,891
61249,North,Gadget,753
61259,North,Doohickey,581
61268,North,Widget,549
61277,North,Doohickey,946
61284,North,Widget,561
61291,North,Doohickey,955
61292,North,Widget,788
61314,North,Doohickey,652
61317,North,Gadget,729
61337,North,Doohickey,669
61346,North,Doohickey,969
61355,North,Widget,608
61384,North,Widget,792
61413,North,Gizmo,903
61417,North,Doohickey,861
61424,North,Widget,633
61428,North,Gizmo,694
61435,North,Gadget,986
61442,North,Gadget,842
61451,North,Widget,693
61452,North,Doohickey,773
61468,North,Widget,762
61477,North,Doohickey,875
61498,North,Gadget,1000
61504,North,Gadget,722
61506,North,Gadget,640
61507,North,Gizmo,599
61511,North,Gadget,689
61526,North,Gadget,710
61551,North,Gadget,816
61554,North,Gadget,905
61555,North,Doohickey,723
61569,North,Widget,940
61570,North,Gizmo,927
61573,North,Doohickey,717
61596,North,Doohickey,766
61604,North,Widget,618
61605,North,Doohickey,753
61614,North,Gizmo,872
61624,North,Doohickey,808
61625,North,Gizmo,583
61626,North,Gadget,549
61631,North,Widget,756
61635,North,Widget,992
61639,North,Doohickey,814
61659,North,Gadget,944
61670,North,Gizmo,925
61673,North,Doohickey,899
61683,North,Gizmo,792
61686,North,Gizmo,562
61691,North,Widget,819
61694,North,Doohickey,737
61697,North,Gadget,567
61698,North,Gizmo,902
61730,North,Widget,509
61745,North,Widget,785
61753,North,Widget,577
61766,North,Gadget,729
61770,North,Gizmo,512
61773,North,Gadget,536
61774,North,Gadget,709
61776,North,Gadget,793
61777,North,Gizmo,977
61778,North,Doohickey,978
61783,North,Widget,892
61784,North,Gadget,796
61789,North,Gizmo,524
61805,North,Doohickey,629
61811,North,Doohickey,913
61812,North,Doohickey,842
61813,North,Gizmo,738
61814,North,Gizmo,849
61828,North,Doohickey,507
61833,North,Gizmo,843
61846,North,Gadget,655
61854,North,Gizmo,562
61860,North,Widget,914
61892,North,Widget,645
61893,North,Gadget,775
61895,North,Gadget,630
61900,North,Widget,701
61906,North,Doohickey,712
61908,North,Gizmo,752
61933,North,Widget,698
61934,North,Gizmo,999
61937,North,Doohickey,956
61939,North,Gadget,518
61954,North,Gadget,588
61963,North,Widget,808
61990,North,Widget,627
61992,North,Doohickey,886
61997,North,Gadget,606
62016,North,Doohickey,571
62022,North,Doohickey,908
62032,North,Gizmo,578
62054,North,Doohickey,660
62058,North,Gadget,910
62061,North,Doohickey,773
62076,North,Gizmo,838
62084,North,Doohickey,810
62089,North,Widget,882
62091,North,Doohickey,815
62095,North,Widget,708
62103,North,Gadget,724
62106,North,Doohickey,723
62114,North,Gizmo,838
62118,North,Doohickey,700
62123,North,Widget,552
62128,North,Gadget,732
62137,North,Gadget,720
62142,North,Doohickey,877
62164,North,Widget,783
62170,North,Gizmo,526
62172,North,Widget,603
62176,North,Gadget,832
62182,North,Widget,919
62198,North,Widget,602
62200,North,Gizmo,950
62214,North,Gadget,590
62222,North,Widget,944
62228,North,Gadget,909
62232,North,Doohickey,674
62233,North,Gadget,592
62246,North,Doohickey,861
62247,North,Gadget,999
62268,North,Widget,896
62273,North,Gadget,961
62278,North,Widget,615
62283,North,Gizmo,539
62294,North,Doohickey,985
62295,North,Doohickey,786
62304,North,Gizmo,742
62311,North,Widget,725
62316,North,Gadget,505
62323,North,Gizmo,543
62345,North,Widget,890
62358,North,Gizmo,653
62364,North,Gizmo,875
62381,North,Doohickey,592
62388,North,Gizmo,749
62396,North,Gizmo,613
62405,North,Widget,638
62408,North,Doohickey,718
62413,North,Doohickey,921
62420,North,Doohickey,501
62423,North,Gadget,764
62443,North,Gizmo,642
62445,North,Doohickey,568
62475,North,Gizmo,928
62481,North,Widget,707
62502,North,Gadget,956
62512,North,Doohickey,994
62523,North,Gadget,666
62524,North,Gadget,767
62525,North,Doohickey,663
62531,North,Widget,765
62533,North,Gadget,512
62558,North,Gadget,662
62559,North,Gizmo,813
62563,North,Doohickey,877
62564,North,Gizmo,544
62566,North,Gadget,873
62568,North,Gadget,877
62571,North,Gizmo,760
62579,North,Widget,519
62581,North,Gadget,669
62587,North,Doohickey,591
62598,North,Doohickey,771
62622,North,Gadget,587
62647,North,Doohickey,625
62649,North,Gizmo,749
62654,North,Gizmo,798
62660,North,Widget,869
62662,North,Widget,600
62668,North,Gizmo,560
62672,North,Gadget,669
62678,North,Gizmo,851
62682,North,Widget,529
62703,North,Widget,616
62709,North,Gizmo,713
62713,North,Doohickey,621
62716,North,Doohickey,548
62724,North,Gizmo,652
62746,North,Widget,927
62748,North,Gizmo,974
62762,North,Gizmo,802
62768,North,Widget,775
62774,North,Gizmo,855
62783,North,Gizmo,961
62797,North,Doohickey,705
62802,North,Gizmo,753
62814,North,Gizmo,522
62815,North,Gizmo,627
62823,North,Gizmo,511
62824,North,Doohickey,692
62828,North,Widget,637
62834,North,Doohickey,567
62837,North,Doohickey,811
62843,North,Doohickey,530
62844,North,Widget,710
62865,North,Gizmo,669
62868,North,Widget,934
62884,North,Doohickey,851
62896,North,Doohickey,909
62911,North,Gadget,575
62920,North,Doohickey,722
62923,North,Gadget,977
62924,North,Doohickey,704
62928,North,Gadget,736
62929,North,Gadget,509
62934,North,Gizmo,776
62941,North,Gizmo,596
62943,North,Gizmo,509
62947,North,Gadget,519
62956,North,Gizmo,973
62958,North,Widget,719
62968,North,Widget,876
62978,North,Gizmo,808
62981,North,Doohickey,809
62982,North,Gizmo,508
62994,North,Doohickey,578
62996,North,Doohickey,980
62999,North,Gadget,698
63010,North,Widget,504
63021,North,Widget,977
63024,North,Doohickey,769
63042,North,Gadget,898
63045,North,Gizmo,694
63049,North,Widget,865
63052,North,Gadget,687
63064,North,Gadget,961
63072,North,Doohickey,757
63085,North,Doohickey,824
63096,North,Doohickey,799
63106,North,Gadget,744
63109,North,Doohickey,509
63113,North,Gizmo,628
63120,North,Gizmo,906
63143,North,Gizmo,643
63144,North,Gadget,631
63155,North,Doohickey,819
63157,North,Widget,561
63160,North,Widget,505
63166,North,Gadget,941
63174,North,Doohickey,714
63177,North,Gadget,807
63185,North,Gizmo,592
63189,North,Doohickey,991
63198,North,Gizmo,547
63206,North,Gadget,880
63209,North,Gadget,886
63216,North,Doohickey,802
63239,North,Doohickey,857
63241,North,Gadget,623
63255,North,Gadget,526
63257,North,Gizmo,668
63273,North,Widget,977
63287,North,Gadget,998
63289,North,Widget,883
63292,North,Gadget,831
63296,North,Widget,559
63320,North,Gizmo,894
63332,North,Doohickey,968
63334,North,Gadget,670
63342,North,Gadget,627
63343,North,Gizmo,777
63347,North,Doohickey,564
63357,North,Gadget,683
63359,North,Doohickey,686
63363,North,Doohickey,822
63366,North,Gadget,923
63378,North,Gadget,938
63394,North,Doohickey,641
63396,North,Gadget,748
63405,North,Widget,826
63416,North,Widget,706
63433,North,Doohickey,933
63441,North,Widget,969
63446,North,Gadget,635
63461,North,Gizmo,761
63470,North,Doohickey,777
63473,North,Widget,913
63474,North,Gizmo,976
63478,North,Doohickey,565
63480,North,Widget,977
63481,North,Doohickey,753
63483,North,Doohickey,712
63497,North,Gizmo,952
63500,North,Gadget,570
63503,North,Gizmo,757
63510,North,Widget,926
63519,North,Gadget,535
63520,North,Doohickey,572
63522,North,Doohickey,508
63523,North,Gadget,882
63524,North,Widget,902
63534,North,Doohickey,608
63536,North,Gizmo,551
63560,North,Gizmo,547
63590,North,Gadget,604
63591,North,Gizmo,735
63596,North,Widget,865
63597,North,Gizmo,758
63604,North,Doohickey,994
63626,North,Gadget,519
63627,North,Doohickey,782
63633,North,Widget,735
63634,North,Doohickey,581
63637,North,Gizmo,844
63645,North,Widget,990
63646,North,Doohickey,530
63647,North,Gadget,908
63650,North,Gizmo,911
63659,North,Doohickey,876
63661,North,Gadget,724
63662,North,Doohickey,893
63678,North,Widget,974
63684,North,Doohickey,697
63698,North,Gadget,707
63700,North,Gizmo,949
63718,North,Widget,810
63724,North,Gizmo,578
63741,North,Gadget,514
63753,North,Gizmo,1000
63755,North,Doohickey,537
63759,North,Gadget,769
63760,North,Widget,511
63769,North,Gadget,950
63781,North,Gadget,911
63784,North,Gadget,699
63785,North,Doohickey,593
63786,North,Gadget,674
63789,North,Gadget,898
63793,North,Widget,810
63806,North,Gadget,948
63809,North,Widget,737
63815,North,Doohickey,832
63816,North,Doohickey,924
63817,North,Gizmo,711
63822,North,Doohickey,556
63826,North,Doohickey,542
63827,North,Widget,903
63836,North,Gadget,989
63847,North,Doohickey,981
63848,North,Gadget,852
63869,North,Doohickey,931
63872,North,Gizmo,551
63884,North,Gizmo,750
63889,North,Gadget,746
63896,North,Gizmo,714
63898,North,Gizmo,899
63900,North,Gadget,832
63909,North,Gadget,779
63914,North,Widget,671
63918,North,Widget,918
63921,North,Widget,710
63928,North,Gizmo,984
63937,North,Doohickey,719
63942,North,Gadget,586
63944,North,Gadget,796
63949,North,Gizmo,664
63954,North,Gadget,632
63959,North,Doohickey,753
63961,North,Gadget,613
63962,North,Doohickey,965
63963,North,Gizmo,719
63964,North,Gadget,838
63966,North,Doohickey,508
63967,North,Gizmo,579
63973,North,Gizmo,990
63977,North,Doohickey,601
63990,North,Gizmo,898
64002,North,Gizmo,997
64009,North,Gizmo,805
64022,North,Doohickey,569
64023,North,Gizmo,852
64029,North,Doohickey,809
64030,North,Gizmo,729
64033,North,Doohickey,559
64045,North,Gizmo,726
64059,North,Widget,994
64068,North,Gizmo,547
64081,North,Doohickey,915
64084,North,Doohickey,992
64089,North,Gadget,587
64093,North,Gadget,924
64097,North,Doohickey,898
64099,North,Widget,654
64122,North,Doohickey,958
64123,North,Gadget,839
64151,North,Gadget,900
64161,North,Doohickey,712
64170,North,Doohickey,886
64177,North,Gadget,739
64178,North,Doohickey,686
64180,North,Doohickey,894
64183,North,Gizmo,639
64235,North,Gadget,507
64247,North,Doohickey,890
64256,North,Doohickey,600
64264,North,Gizmo,878
64275,North,Gadget,762
64277,North,Widget,924
64278,North,Widget,809
64289,North,Gizmo,982
64310,North,Doohickey,802
64340,North,Widget,611
64352,North,Doohickey,690
64361,North,Widget,540
64368,North,Widget,731
64378,North,Doohickey,749
64379,North,Gadget,755
64387,North,Widget,632
64399,North,Widget,545
64401,North,Doohickey,665
64402,North,Gizmo,549
64403,North,Gizmo,574
64409,North,Doohickey,692
64413,North,Gizmo,898
64417,North,Widget,775
64423,North,Gadget,986
64431,North,Doohickey,732
64437,North,Gadget,789
64445,North,Gadget,894
64450,North,Widget,886
64451,North,Doohickey,825
64456,North,Widget,860
64468,North,Doohickey,902
64478,North,Gizmo,735
64480,North,Gizmo,686
64483,North,Gizmo,928
64487,North,Gadget,702
64499,North,Gadget,632
64501,North,Doohickey,990
64505,North,Widget,509
64508,North,Gadget,614
64519,North,Gizmo,927
64526,North,Doohickey,518
64532,North,Doohickey,721
64538,North,Widget,761
64546,North,Gizmo,666
64554,North,Doohickey,831
64561,North,Widget,648
64582,North,Doohickey,734
64601,North,Gadget,841
64604,North,Doohickey,549
64611,North,Doohickey,911
64636,North,Gizmo,781
64637,North,Doohickey,777
64652,North,Doohickey,512
64670,North,Widget,821
64676,North,Gizmo,509
64680,North,Gizmo,622
64682,North,Doohickey,571
64690,North,Gadget,511
64699,North,Widget,763
64705,North,Gadget,574
64712,North,Gizmo,990
64714,North,Gadget,985
64717,North,Gizmo,886
64735,North,Widget,886
64740,North,Gizmo,670
64746,North,Doohickey,742
64751,North,Widget,938
64755,North,Gizmo,778
64760,North,Widget,589
64777,North,Widget,916
64787,North,Gizmo,563
64790,North,Widget,725
64795,North,Gizmo,959
64798,North,Doohickey,875
64811,North,Gizmo,796
64814,North,Doohickey,640
64825,North,Gizmo,861
64828,North,Gizmo,519
64830,North,Widget,888
64836,North,Gadget,747
64854,North,Gadget,682
64857,North,Gizmo,675
64860,North,Gizmo,631
64861,North,Doohickey,915
64868,North,Gizmo,860
64869,North,Widget,545
64879,North,Doohickey,767
64885,North,Gizmo,838
64890,North,Doohickey,501
64893,North,Gizmo,597
64895,North,Doohickey,838
64932,North,Doohickey,737
64940,North,Widget,746
64946,North,Doohickey,548
64947,North,Gizmo,761
64948,North,Doohickey,666
64951,North,Gadget,550
64952,North,Doohickey,842
64957,North,Doohickey,867
64962,North,Gadget,660
64968,North,Gadget,602
64972,North,Gadget,788
64974,North,Doohickey,885
64986,North,Gizmo,576
64990,North,Widget,884
64997,North,Widget,818
65024,North,Doohickey,671
65026,North,Gizmo,754
65041,North,Doohickey,532
65047,North,Gadget,586
65051,North,Widget,988
65055,North,Gadget,601
65058,North,Doohickey,719
65067,North,Widget,553
65071,North,Gadget,976
65090,North,Gizmo,936
65098,North,Gadget,889
65112,North,Gadget,625
65114,North,Gizmo,921
65141,North,Widget,816
65144,North,Widget,657
65150,North,Widget,519
65155,North,Doohickey,924
65159,North,Widget,627
65163,North,Gadget,661
65164,North,Gizmo,884
65172,North,Gadget,620
65175,North,Gadget,789
65195,North,Widget,806
65197,North,Doohickey,591
65208,North,Widget,536
65220,North,Gadget,878
65222,North,Gizmo,832
65235,North,Widget,648
65237,North,Widget,552
65239,North,Widget,666
65261,North,Gizmo,575
65265,North,Widget,660
65283,North,Gadget,752
65285,North,Widget,911
65302,North,Widget,600
65337,North,Gadget,899
65345,North,Gizmo,772
65356,North,Gizmo,573
65363,North,Gizmo,827
65366,North,Gadget,604
65368,North,Doohickey,799
65387,North,Doohickey,677
65397,North,Gizmo,965
65399,North,Gadget,789
65402,North,Gizmo,679
65414,North,Gizmo,501
65416,North,Gizmo,591
65438,North,Gadget,875
65445,North,Widget,692
65481,North,Doohickey,933
65491,North,Gizmo,968
65493,North,Widget,522
65496,North,Doohickey,896
65512,North,Widget,999
65548,North,Gadget,842
65549,North,Doohickey,832
65568,North,Gadget,806
65572,North,Doohickey,796
65580,North,Gadget,661
65589,North,Gizmo,984
65600,North,Doohickey,690
65616,North,Widget,581
65624,North,Gadget,946
65626,North,Gadget,710
65635,North,Gadget,544
65638,North,Gadget,759
65646,North,Gadget,577
65660,North,Gadget,638
65663,North,Widget,976
65665,North,Doohickey,575
65667,North,Doohickey,546
65681,North,Gizmo,559
65688,North,Gizmo,652
65689,North,Gadget,516
65690,North,Gadget,728
65698,North,Gadget,529
65700,North,Gizmo,731
65722,North,Doohickey,858
65724,North,Doohickey,941
65728,North,Gadget,532
65747,North,Widget,674
65749,North,Widget,903
65752,North,Gadget,801
65761,North,Doohickey,864
65763,North,Doohickey,662
65771,North,Gadget,668
65777,North,Gizmo,573
65779,North,Gizmo,716
65780,North,Widget,777
65788,North,Doohickey,515
65806,North,Widget,955
65807,North,Widget,601
65810,North,Widget,716
65813,North,Doohickey,847
65816,North,Gizmo,517
65817,North,Gizmo,686
65827,North,Gadget,878
65836,North,Doohickey,827
65840,North,Widget,678
65846,North,Widget,958
65855,North,Gizmo,790
65864,North,Doohickey,939
65874,North,Widget,555
65884,North,Doohickey,944
65885,North,Gadget,800
65887,North,Gizmo,734
65894,North,Widget,952
65900,North,Gadget,768
65926,North,Widget,667
65927,North,Gadget,725
65942,North,Gizmo,608
65943,North,Gadget,603
65944,North,Widget,684
65962,North,Gizmo,740
65975,North,Doohickey,558
65976,North,Doohickey,911
65989,North,Doohickey,732
65999,North,Gadget,798
66003,North,Doohickey,504
66006,North,Widget,649
66014,North,Gadget,626
66017,North,Gadget,615
66029,North,Widget,589
66034,North,Gadget,722
66041,North,Widget,554
66042,North,Gizmo,591
66045,North,Gadget,991
66056,North,Widget,697
66062,North,Gizmo,680
66073,North,Widget,564
66094,North,Gizmo,911
66103,North,Doohickey,781
66106,North,Gizmo,728
66113,North,Doohickey,595
66119,North,Gadget,752
66162,North,Gadget,524
66164,North,Gizmo,539
66169,North,Doohickey,993
66171,North,Gizmo,729
66194,North,Gadget,651
66195,North,Gadget,736
66206,North,Gizmo,983
66210,North,Widget,775
66214,North,Widget,536
66215,North,Gadget,767
66225,North,Widget,799
66231,North,Gizmo,705
66243,North,Gizmo,806
66244,North,Gadget,556
66254,North,Doohickey,519
66258,North,Doohickey,589
66260,North,Gadget,606
66271,North,Doohickey,935
66272,North,Widget,733
66304,North,Doohickey,621
66307,North,Gizmo,761
66309,North,Gadget,639
66311,North,Doohickey,942
66331,North,Doohickey,911
66332,North,Gadget,688
66333,North,Widget,822
66334,North,Gizmo,740
66337,North,Gizmo,602
66359,North,Doohickey,733
66366,North,Gizmo,1000
66367,North,Gadget,789
66373,North,Widget,708
66406,North,Gizmo,639
66439,North,Doohickey,689
66443,North,Doohickey,568
66467,North,Widget,535
66473,North,Gadget,876
66479,North,Doohickey,559
66483,North,Gadget,799
66487,North,Doohickey,530
66488,North,Gizmo,956
66490,North,Gadget,707
66496,North,Doohickey,658
66498,North,Doohickey,811
66501,North,Doohickey,752
66505,North,Widget,712
66506,North,Widget,713
66512,North,Doohickey,994
66513,North,Gadget,784
66515,North,Doohickey,734
66529,North,Widget,872
66534,North,Gadget,737
66545,North,Doohickey,583
66558,North,Doohickey,763
66559,North,Widget,990
66575,North,Doohickey,711
66581,North,Doohickey,972
66585,North,Doohickey,742
66593,North,Doohickey,531
66604,North,Doohickey,855
66606,North,Widget,681
66608,North,Gizmo,673
66622,North,Widget,616
66623,North,Gadget,984
66629,North,Widget,523
66630,North,Doohickey,977
66636,North,Gizmo,694
66639,North,Widget,828
66652,North,Gizmo,700
66654,North,Widget,609
66665,North,Gizmo,744
66669,North,Gizmo,757
66673,North,Widget,665
66678,North,Gizmo,984
66681,North,Widget,628
66707,North,Gadget,570
66714,North,Gizmo,613
66732,North,Widget,573
66751,North,Widget,751
66755,North,Widget,728
66764,North,Gadget,947
66765,North,Gadget,602
66766,North,Doohickey,821
66773,North,Widget,839
66775,North,Doohickey,809
66785,North,Doohickey,877
66786,North,Widget,850
66788,North,Gadget,839
66795,North,Doohickey,825
66802,North,Gizmo,806
66806,North,Doohickey,634
66808,North,Doohickey,855
66811,North,Doohickey,774
66818,North,Widget,965
66855,North,Gadget,675
66862,North,Doohickey,964
66863,North,Widget,990
66877,North,Widget,546
66885,North,Gadget,681
66886,North,Doohickey,704
66894,North,Gadget,897
66895,North,Gizmo,657
66897,North,Widget,923
66911,North,Gadget,984
66918,North,Doohickey,958
66921,North,Gizmo,770
66924,North,Widget,942
66933,North,Widget,603
66955,North,Gizmo,525
66969,North,Widget,595
66982,North,Gizmo,749
66991,North,Widget,957
67013,North,Doohickey,703
67021,North,Widget,805
67024,North,Gizmo,769
67027,North,Gizmo,553
67044,North,Doohickey,541
67045,North,Gizmo,946
67058,North,Gadget,570
67061,North,Gadget,750
67073,North,Widget,935
67075,North,Gizmo,562
67082,North,Gizmo,883
67102,North,Gizmo,783
67103,North,Gizmo,704
67125,North,Doohickey,809
67127,North,Widget,994
67132,North,Gizmo,530
67135,North,Widget,540
67147,North,Gizmo,822
67179,North,Gadget,520
67191,North,Gadget,775
67197,North,Doohickey,721
67202,North,Gizmo,926
67205,North,Gadget,603
67215,North,Widget,924
67217,North,Widget,528
67221,North,Gadget,558
67235,North,Gizmo,928
67250,North,Doohickey,797
67254,North,Gizmo,790
67259,North,Gadget,977
67273,North,Widget,716
67274,North,Gadget,830
67281,North,Doohickey,800
67293,North,Widget,602
67304,North,Gadget,840
67309,North,Widget,538
67314,North,Doohickey,925
67320,North,Widget,540
67328,North,Gizmo,634
67355,North,Widget,771
67362,North,Doohickey,686
67364,North,Gadget,824
67370,North,Widget,973
67375,North,Doohickey,644
67379,North,Widget,831
67387,North,Widget,580
67392,North,Doohickey,630
67408,North,Doohickey,519
67427,North,Gadget,585
67430,North,Gizmo,891
67437,North,Gizmo,633
67446,North,Gizmo,534
67455,North,Widget,730
67462,North,Doohickey,911
67463,North,Doohickey,533
67467,North,Gizmo,855
67469,North,Gadget,619
67488,North,Gizmo,681
67495,North,Gizmo,881
67502,North,Gizmo,607
67508,North,Doohickey,543
67522,North,Gizmo,603
67533,North,Gizmo,642
67545,North,Gadget,582
67558,North,Gizmo,793
67566,North,Doohickey,723
67567,North,Widget,543
67579,North,Doohickey,738
67593,North,Gizmo,852
67602,North,Widget,618
67606,North,Doohickey,931
67618,North,Gadget,711
67619,North,Widget,568
67621,North,Gadget,685
67623,North,Widget,839
67625,North,Widget,761
67635,North,Gadget,645
67642,North,Doohickey,796
67652,North,Gadget,585
67655,North,Doohickey,743
67662,North,Gizmo,978
67666,North,Gadget,757
67668,North,Doohickey,758
67670,North,Doohickey,555
67683,North,Gizmo,844
67690,North,Widget,810
67696,North,Doohickey,620
67712,North,Doohickey,935
67716,North,Gizmo,702
67720,North,Doohickey,600
67730,North,Widget,978
67744,North,Doohickey,747
67745,North,Gizmo,605
67766,North,Doohickey,732
67773,North,Widget,840
67776,North,Gizmo,762
67793,North,Doohickey,565
67819,North,Doohickey,593
67822,North,Widget,871
67826,North,Gadget,699
67836,North,Gadget,513
67852,North,Widget,770
67854,North,Doohickey,693
67857,North,Widget,546
67859,North,Gizmo,523
67866,North,Gizmo,836
67868,North,Widget,821
67880,North,Widget,836
67893,North,Widget,536
67894,North,Widget,653
67912,North,Gadget,674
67918,North,Widget,953
67928,North,Doohickey,833
67938,North,Widget,853
67939,North,Widget,747
67948,North,Gadget,886
67957,North,Gadget,851
67961,North,Widget,606
67964,North,Widget,738
67967,North,Widget,802
67977,North,Gadget,974
67981,North,Gizmo,756
68008,North,Doohickey,826
68028,North,Widget,941
68039,North,Doohickey,808
68041,North,Doohickey,733
68047,North,Gadget,679
68061,North,Widget,865
68089,North,Doohickey,643
68095,North,Gizmo,797
68116,North,Gadget,788
68118,North,Doohickey,949
68123,North,Gadget,504
68125,North,Gizmo,649
68137,North,Gizmo,921
68140,North,Doohickey,902
68156,North,Gizmo,927
68172,North,Gadget,861
68189,North,Gizmo,570
68192,North,Doohickey,757
68193,North,Widget,944
68194,North,Gadget,877
68214,North,Gadget,744
68215,North,Doohickey,993
68226,North,Doohickey,626
68228,North,Doohickey,867
68234,North,Doohickey,864
68243,North,Doohickey,884
68244,North,Doohickey,549
68258,North,Gizmo,611
68261,North,Doohickey,818
68280,North,Widget,681
68281,North,Gadget,894
68287,North,Gizmo,684
68302,North,Widget,766
68305,North,Gizmo,675
68319,North,Doohickey,744
68323,North,Gadget,808
68331,North,Widget,787
68356,North,Doohickey,538
68362,North,Widget,936
68367,North,Gadget,657
68384,North,Gizmo,989
68399,North,Widget,757
68400,North,Gadget,800
68403,North,Gadget,523
68410,North,Widget,631
68447,North,Doohickey,690
68450,North,Gadget,940
68456,North,Gadget,552
68487,North,Widget,607
68490,North,Widget,740
68515,North,Gadget,868
68520,North,Gizmo,978
68529,North,Doohickey,738
68539,North,Doohickey,889
68545,North,Doohickey,961
68549,North,Gizmo,992
68550,North,Gadget,921
68571,North,Doohickey,892
68579,North,Gizmo,545
68584,North,Gadget,836
68606,North,Gizmo,688
68611,North,Widget,642
68618,North,Widget,989
68622,North,Gadget,717
68626,North,Gizmo,572
68627,North,Gadget,881
68645,North,Gadget,911
68657,North,Widget,830
68661,North,Widget,780
68668,North,Gizmo,697
68677,North,Doohickey,925
68690,North,Gizmo,716
68712,North,Gizmo,696
68731,North,Gadget,705
68734,North,Doohickey,610
68738,North,Widget,623
68743,North,Gizmo,724
68744,North,Widget,906
68745,North,Widget,601
68749,North,Gadget,740
68751,North,Widget,586
68757,North,Doohickey,745
68776,North,Doohickey,523
68778,North,Widget,535
68786,North,Doohickey,785
68788,North,Widget,949
68789,North,Gadget,993
68796,North,Gadget,946
68816,North,Gadget,774
68825,North,Gadget,732
68829,North,Widget,695
68839,North,Gizmo,708
68843,North,Widget,631
68860,North,Widget,786
68861,North,Widget,790
68881,North,Gizmo,818
68922,North,Gadget,722
68926,North,Gadget,623
68928,North,Doohickey,990
68930,North,Gadget,864
68938,North,Doohickey,940
68952,North,Doohickey,860
68954,North,Doohickey,776
68957,North,Widget,717
68996,North,Doohickey,966
68997,North,Gadget,836
69002,North,Gizmo,802
69004,North,Gizmo,563
69009,North,Widget,611
69011,North,Doohickey,660
69016,North,Gadget,683
69018,North,Gizmo,974
69027,North,Gadget,984
69041,North,Doohickey,527
69052,North,Gadget,722
69057,North,Gizmo,645
69064,North,Gadget,593
69068,North,Gadget,501
69073,North,Doohickey,942
69094,North,Gizmo,564
69102,North,Gizmo,503
69123,North,Doohickey,744
69124,North,Widget,703
69134,North,Gadget,580
69135,North,Doohickey,626
69137,North,Gadget,874
69142,North,Widget,661
69150,North,Widget,638
69170,North,Gadget,818
69194,North,Gadget,884
69204,North,Doohickey,501
69210,North,Doohickey,589
69220,North,Doohickey,596
69221,North,Gadget,828
69225,North,Gizmo,547
69231,North,Doohickey,784
69236,North,Doohickey,540
69246,North,Gadget,823
69257,North,Widget,740
69262,North,Gadget,703
69264,North,Gadget,949
69268,North,Widget,761
69269,North,Gadget,860
69286,North,Widget,863
69304,North,Gadget,846
69331,North,Gizmo,858
69341,North,Doohickey,963
69343,North,Gadget,695
69354,North,Gadget,679
69357,North,Gizmo,667
69382,North,Gadget,653
69383,North,Doohickey,685
69384,North,Gadget,822
69397,North,Doohickey,524
69398,North,Doohickey,875
69401,North,Gadget,910
69409,North,Gadget,800
69413,North,Gizmo,644
69415,North,Gadget,603
69422,North,Doohickey,648
69438,North,Doohickey,729
69444,North,Doohickey,681
69446,North,Gadget,871
69451,North,Widget,724
69461,North,Widget,778
69462,North,Doohickey,986
69474,North,Widget,714
69477,North,Widget,630
69495,North,Gadget,877
69507,North,Doohickey,796
69517,North,Doohickey,504
69522,North,Gadget,787
69526,North,Doohickey,969
69535,North,Widget,607
69540,North,Doohickey,768
69546,North,Gadget,627
69548,North,Doohickey,685
69561,North,Gadget,527
69577,North,Gizmo,583
69590,North,Doohickey,673
69592,North,Gadget,694
69594,North,Doohickey,704
69607,North,Gizmo,861
69613,North,Widget,531
69614,North,Doohickey,707
69621,North,Gadget,795
69623,North,Gizmo,522
69627,North,Doohickey,601
69641,North,Gizmo,969
69643,North,Gizmo,529
69660,North,Gadget,981
69665,North,Widget,764
69671,North,Gadget,674
69674,North,Doohickey,685
69680,North,Widget,894
69681,North,Widget,909
69697,North,Gizmo,974
69698,North,Widget,627
69700,North,Widget,766
69705,North,Widget,805
69707,North,Doohickey,951
69726,North,Widget,822
69728,North,Gizmo,846
69750,North,Doohickey,826
69753,North,Gizmo,766
69761,North,Doohickey,522
69772,North,Widget,671
69773,North,Gizmo,759
69776,North,Widget,634
69788,North,Doohickey,949
69791,North,Widget,789
69806,North,Gizmo,872
69807,North,Widget,715
69819,North,Gizmo,659
69823,North,Widget,601
69829,North,Gadget,916
69842,North,Gadget,728
69843,North,Gadget,911
69851,North,Doohickey,789
69859,North,Widget,770
69862,North,Gadget,886
69870,North,Widget,792
69876,North,Gadget,644
69881,North,Gizmo,594
69883,North,Gizmo,705
69909,North,Gadget,732
69916,North,Gadget,823
69917,North,Gadget,652
69951,North,Gizmo,867
69954,North,Gadget,608
69960,North,Gadget,910
69961,North,Widget,516
69969,North,Gadget,919
69978,North,Gadget,608
69996,North,Gizmo,972
70001,North,Gizmo,966
70003,North,Gadget,885
70016,North,Widget,730
70035,North,Widget,740
70036,North,Gizmo,952
70053,North,Gadget,617
70054,North,Doohickey,969
70058,North,Gadget,744
70084,North,Widget,759
70085,North,Doohickey,936
70088,North,Widget,646
70089,North,Doohickey,530
70091,North,Widget,613
70092,North,Gadget,511
70099,North,Gizmo,939
70109,North,Gadget,619
70121,North,Gizmo,918
70155,North,Gizmo,651
70170,North,Gadget,834
70183,North,Doohickey,618
70185,North,Doohickey,884
70207,North,Widget,785
70211,North,Gizmo,939
70220,North,Gadget,791
70232,North,Widget,636
70240,North,Gizmo,823
70251,North,Gizmo,670
70252,North,Doohickey,897
70263,North,Doohickey,923
70265,North,Gadget,635
70266,North,Gizmo,823
70271,North,Gadget,861
70282,North,Gadget,639
70289,North,Gizmo,542
70300,North,Doohickey,663
70302,North,Doohickey,989
70312,North,Doohickey,693
70314,North,Gizmo,635
70328,North,Gadget,857
70334,North,Widget,539
70343,North,Doohickey,865
70364,North,Gizmo,517
70403,North,Gadget,839
70405,North,Gadget,568
70416,North,Gadget,986
70421,North,Gizmo,664
70423,North,Doohickey,897
70448,North,Doohickey,665
70449,North,Doohickey,523
70457,North,Doohickey,772
70471,North,Doohickey,629
70479,North,Gadget,780
70486,North,Doohickey,605
70493,North,Doohickey,803
70498,North,Gadget,623
70506,North,Gizmo,699
70512,North,Gadget,776
70514,North,Doohickey,501
70537,North,Gizmo,966
70542,North,Widget,689
70559,North,Gadget,921
70564,North,Gadget,916
70565,North,Gadget,731
70567,North,Gadget,669
70568,North,Doohickey,911
70583,North,Doohickey,819
70587,North,Widget,992
70589,North,Doohickey,524
70598,North,Widget,798
70601,North,Gizmo,836
70616,North,Widget,932
70619,North,Doohickey,942
70624,North,Gizmo,993
70631,North,Widget,797
70657,North,Widget,578
70664,North,Gizmo,781
70674,North,Doohickey,572
70687,North,Gadget,574
70691,North,Widget,653
70698,North,Doohickey,848
70711,North,Gadget,618
70712,North,Widget,633
70722,North,Gizmo,955
70723,North,Doohickey,679
70725,North,Gadget,633
70727,North,Doohickey,985
70728,North,Widget,521
70729,North,Widget,602
70735,North,Widget,504
70739,North,Gizmo,759
70741,North,Gadget,546
70758,North,Doohickey,738
70761,North,Widget,612
70763,North,Gadget,593
70764,North,Gadget,781
70767,North,Gizmo,811
70776,North,Doohickey,779
70778,North,Doohickey,509
70779,North,Doohickey,963
70795,North,Doohickey,981
70817,North,Doohickey,674
70820,North,Gizmo,795
70832,North,Doohickey,601
70837,North,Gizmo,519
70842,North,Gadget,703
70853,North,Widget,907
70856,North,Gizmo,715
70857,North,Gizmo,973
70860,North,Gadget,590
70861,North,Gizmo,678
70863,North,Gadget,957
70872,North,Gizmo,776
70874,North,Gadget,906
70876,North,Gadget,785
70888,North,Doohickey,901
70892,North,Widget,650
70896,North,Widget,886
70917,North,Gizmo,938
70919,North,Widget,762
70920,North,Doohickey,777
70929,North,Doohickey,842
70930,North,Gizmo,965
70937,North,Gadget,934
70941,North,Gadget,936
70947,North,Gizmo,695
70948,North,Gizmo,674
70952,North,Doohickey,564
70957,North,Gadget,769
70960,North,Widget,952
70966,North,Widget,586
70977,North,Gizmo,844
70983,North,Widget,547
70986,North,Gadget,514
70990,North,Gadget,819
70991,North,Widget,650
70993,North,Gizmo,533
71012,North,Gadget,766
71026,North,Gizmo,744
71033,North,Doohickey,701
71036,North,Widget,890
71038,North,Gadget,771
71045,North,Doohickey,947
71046,North,Gadget,809
71056,North,Gadget,772
71058,North,Gadget,852
71060,North,Doohickey,538
71072,North,Gadget,648
71076,North,Doohickey,514
71080,North,Gadget,956
71111,North,Gizmo,563
71114,North,Gizmo,831
71117,North,Widget,831
71161,North,Gizmo,642
71162,North,Gadget,993
71164,North,Widget,688
71165,North,Gadget,671
71166,North,Doohickey,701
71169,North,Doohickey,728
71170,North,Gadget,665
71175,North,Widget,927
71181,North,Gizmo,659
71193,North,Gadget,593
71215,North,Doohickey,861
71221,North,Gizmo,950
71234,North,Doohickey,523
71235,North,Doohickey,991
71238,North,Gadget,530
71251,North,Doohickey,613
71254,North,Gizmo,785
71260,North,Gadget,565
71272,North,Doohickey,824
71273,North,Gizmo,966
71282,North,Doohickey,669
71291,North,Doohickey,906
71292,North,Doohickey,883
71295,North,Widget,919
71307,North,Gizmo,836
71315,North,Widget,715
71330,North,Gadget,898
71343,North,Gadget,562
71357,North,Doohickey,815
71359,North,Doohickey,950
71367,North,Gizmo,707
71368,North,Widget,913
71370,North,Gizmo,535
71389,North,Gadget,501
71400,North,Doohickey,515
71414,North,Gizmo,833
71415,North,Doohickey,825
71436,North,Gizmo,918
71461,North,Gizmo,507
71478,North,Gadget,914
71485,North,Gizmo,855
71508,North,Gizmo,680
71518,North,Gadget,826
71520,North,Doohickey,948
71547,North,Gadget,734
71577,North,Gizmo,844
71597,North,Widget,868
71599,North,Widget,880
71605,North,Gadget,719
71614,North,Gadget,950
71618,North,Gadget,588
71623,North,Widget,619
71627,North,Widget,731
71629,North,Gadget,654
71630,North,Gizmo,660
71636,North,Widget,522
71657,North,Gadget,650
71668,North,Gadget,847
71673,North,Widget,688
71683,North,Gadget,974
71696,North,Widget,934
71719,North,Doohickey,836
71729,North,Gizmo,755
71730,North,Gadget,706
71734,North,Gadget,740
71736,North,Widget,818
71746,North,Doohickey,959
71747,North,Doohickey,645
71755,North,Gadget,869
71766,North,Gizmo,626
71768,North,Gizmo,539
71793,North,Widget,738
71795,North,Gadget,980
71801,North,Doohickey,958
71807,North,Doohickey,664
71820,North,Widget,604
71826,North,Gadget,635
71843,North,Gizmo,653
71847,North,Doohickey,793
71866,North,Gadget,910
71884,North,Gadget,554
71889,North,Gizmo,984
71890,North,Doohickey,684
71896,North,Gizmo,993
71918,North,Widget,775
71930,North,Gizmo,594
71933,North,Gizmo,693
71935,North,Gadget,785
71951,North,Gizmo,716
71952,North,Doohickey,507
71953,North,Gizmo,665
71959,North,Doohickey,889
71978,North,Doohickey,631
71979,North,Widget,582
71994,North,Widget,616
71999,North,Gizmo,847
72003,North,Gizmo,996
72005,North,Doohickey,853
72006,North,Doohickey,652
72010,North,Widget,841
72011,North,Gadget,681
72051,North,Widget,915
72081,North,Doohickey,978
72084,North,Gadget,544
72096,North,Gizmo,966
72104,North,Gadget,847
72112,North,Doohickey,852
72113,North,Doohickey,778
72115,North,Widget,521
72122,North,Widget,748
72131,North,Gizmo,617
72132,North,Doohickey,733
72144,North,Gizmo,600
72149,North,Widget,880
72150,North,Doohickey,634
72151,North,Gizmo,557
72156,North,Widget,678
72189,North,Doohickey,621
72190,North,Doohickey,763
72193,North,Gadget,827
72204,North,Doohickey,505
72205,North,Gizmo,557
72211,North,Gizmo,928
72213,North,Doohickey,869
72214,North,Widget,843
72217,North,Gadget,974
72218,North,Gizmo,505
72227,North,Gadget,999
72232,North,Widget,961
72254,North,Gizmo,874
72262,North,Gizmo,755
72265,North,Gadget,882
72277,North,Gizmo,909
72286,North,Widget,839
72296,North,Gizmo,730
72303,North,Gizmo,983
72306,North,Gizmo,606
72315,North,Doohickey,701
72316,North,Widget,753
72341,North,Doohickey,846
72342,North,Gizmo,538
72343,North,Gizmo,567
72347,North,Doohickey,989
72348,North,Widget,529
72352,North,Gadget,667
72355,North,Gadget,811
72384,North,Gizmo,776
72385,North,Doohickey,836
72389,North,Gadget,543
72393,North,Gizmo,878
72394,North,Gadget,581
72406,North,Widget,676
72422,North,Widget,986
72425,North,Widget,961
72427,North,Gadget,672
72436,North,Widget,993
72439,North,Gizmo,652
72448,North,Doohickey,646
72453,North,Gizmo,739
72459,North,Doohickey,516
72466,North,Widget,634
72469,North,Widget,846
72470,North,Widget,985
72501,North,Doohickey,721
72510,North,Widget,787
72514,North,Doohickey,805
72535,North,Gizmo,980
72539,North,Doohickey,994
72540,North,Gadget,559
72556,North,Doohickey,624
72558,North,Widget,590
72570,North,Gizmo,748
72584,North,Widget,815
72587,North,Widget,863
72600,North,Gadget,689
72604,North,Widget,753
72612,North,Gadget,983
72617,North,Gadget,755
72619,North,Gizmo,910
72667,North,Gadget,825
72668,North,Gizmo,800
72675,North,Doohickey,858
72678,North,Gadget,894
72683,North,Gadget,605
72703,North,Gizmo,511
72718,North,Doohickey,888
72730,North,Gadget,980
72749,North,Doohickey,952
72779,North,Widget,881
72782,North,Gizmo,779
72787,North,Gadget,709
72788,North,Doohickey,788
72789,North,Widget,750
72790,North,Gizmo,935
72796,North,Widget,764
72802,North,Widget,644
72804,North,Gadget,754
72816,North,Doohickey,592
72826,North,Doohickey,664
72844,North,Gizmo,976
72878,North,Gadget,649
72897,North,Gizmo,765
72900,North,Gizmo,529
72907,North,Doohickey,941
72921,North,Gadget,867
72927,North,Gadget,605
72934,North,Gadget,933
72935,North,Gadget,595
72936,North,Widget,686
72954,North,Widget,633
72955,North,Widget,990
72968,North,Gizmo,714
72972,North,Widget,833
72978,North,Gadget,544
72982,North,Gizmo,974
72989,North,Doohickey,795
72992,North,Widget,983
73002,North,Gadget,714
73009,North,Gizmo,603
73022,North,Doohickey,605
73028,North,Widget,848
73037,North,Gadget,533
73075,North,Gizmo,617
73081,North,Gizmo,791
73082,North,Doohickey,782
73089,North,Widget,509
73102,North,Widget,850
73105,North,Widget,986
73110,North,Widget,831
73119,North,Doohickey,585
73121,North,Gadget,761
73134,North,Widget,803
73141,North,Gizmo,851
73152,North,Gizmo,949
73157,North,Doohickey,636
73177,North,Gadget,534
73184,North,Doohickey,682
73198,North,Gadget,822
73210,North,Gadget,763
73221,North,Doohickey,609
73225,North,Gadget,532
73231,North,Gizmo,602
73237,North,Doohickey,521
73242,North,Doohickey,553
73248,North,Gizmo,881
73251,North,Gadget,505
73255,North,Gizmo,709
73259,North,Gadget,551
73268,North,Gadget,594
73274,North,Doohickey,718
73279,North,Gadget,702
73299,North,Gadget,902
73323,North,Widget,865
73333,North,Gizmo,590
73347,North,Gadget,911
73354,North,Gadget,736
73360,North,Widget,627
73379,North,Gadget,750
73385,North,Gadget,805
73391,North,Gadget,551
73400,North,Doohickey,694
73406,North,Gizmo,745
73410,North,Gizmo,646
73415,North,Gizmo,677
73423,North,Gizmo,888
73427,North,Gizmo,769
73431,North,Gizmo,584
73436,North,Doohickey,764
73440,North,Gadget,855
73441,North,Gadget,573
73455,North,Gadget,698
73458,North,Widget,756
73467,North,Gizmo,900
73472,North,Doohickey,545
73481,North,Gizmo,980
73491,North,Widget,905
73494,North,Gadget,619
73495,North,Gadget,646
73508,North,Doohickey,798
73510,North,Gizmo,967
73518,North,Widget,504
73523,North,Gadget,729
73550,North,Gizmo,642
73571,North,Gadget,683
73578,North,Gizmo,544
73584,North,Widget,896
73595,North,Doohickey,816
73601,North,Gadget,551
73606,North,Gadget,944
73608,North,Gadget,711
73620,North,Gizmo,549
73632,North,Doohickey,809
73651,North,Gadget,999
73653,North,Gadget,684
73654,North,Gizmo,634
73673,North,Gadget,975
73674,North,Doohickey,805
73678,North,Gadget,742
73681,North,Widget,561
73689,North,Gadget,634
73690,North,Gadget,571
73694,North,Widget,660
73704,North,Gizmo,641
73710,North,Widget,600
73718,North,Doohickey,977
73722,North,Doohickey,564
73726,North,Gadget,986
73733,North,Doohickey,789
73746,North,Widget,761
73752,North,Widget,969
73756,North,Gadget,649
73764,North,Gadget,911
73765,North,Gizmo,539
73766,North,Doohickey,706
73784,North,Gadget,877
73792,North,Widget,957
73799,North,Gizmo,802
73805,North,Gizmo,553
73808,North,Gizmo,953
73810,North,Doohickey,738
73811,North,Doohickey,669
73867,North,Widget,772
73890,North,Gizmo,585
73891,North,Gizmo,570
73896,North,Gadget,700
73902,North,Gadget,602
73925,North,Doohickey,615
73930,North,Gadget,700
73938,North,Gizmo,917
73949,North,Doohickey,965
73955,North,Doohickey,777
73956,North,Gizmo,842
73957,North,Gizmo,511
73965,North,Widget,811
73969,North,Gadget,794
73981,North,Doohickey,605
73983,North,Gadget,771
73984,North,Gadget,827
73994,North,Gizmo,564
73998,North,Gizmo,730
74000,North,Gadget,936
74002,North,Doohickey,840
74007,North,Gizmo,724
74012,North,Doohickey,617
74015,North,Gizmo,956
74016,North,Gadget,946
74021,North,Doohickey,563
74025,North,Gadget,739
74028,North,Gizmo,738
74032,North,Widget,976
74038,North,Gizmo,933
74045,North,Doohickey,574
74047,North,Doohickey,830
74051,North,Doohickey,611
74067,North,Widget,702
74073,North,Doohickey,853
74084,North,Widget,917
74089,North,Widget,550
74093,North,Gadget,802
74106,North,Doohickey,852
74138,North,Gadget,561
74154,North,Gizmo,777
74158,North,Widget,539
74167,North,Widget,507
74174,North,Gadget,770
74176,North,Gizmo,795
74180,North,Gadget,947
74190,North,Widget,585
74191,North,Gizmo,726
74193,North,Gizmo,974
74201,North,Gizmo,620
74208,North,Gizmo,801
74232,North,Gizmo,848
74233,North,Gadget,922
74234,North,Doohickey,783
74248,North,Gadget,563
74255,North,Widget,806
74256,North,Widget,518
74260,North,Gadget,631
74265,North,Gizmo,790
74272,North,Widget,959
74277,North,Widget,730
74280,North,Widget,948
74290,North,Doohickey,716
74293,North,Gadget,803
74303,North,Gizmo,738
74307,North,Gizmo,981
74311,North,Doohickey,925
74322,North,Widget,899
74330,North,Doohickey,648
74341,North,Gizmo,938
74344,North,Doohickey,881
74356,North,Doohickey,641
74358,North,Widget,609
74383,North,Gadget,587
74387,North,Gizmo,921
74390,North,Widget,509
74393,North,Gizmo,501
74394,North,Gizmo,575
74399,North,Widget,960
74403,North,Gadget,983
74411,North,Widget,865
74462,North,Widget,634
74468,North,Doohickey,802
74492,North,Gadget,641
74507,North,Gadget,921
74543,North,Doohickey,824
74547,North,Gizmo,841
74565,North,Gadget,555
74576,North,Widget,869
74591,North,Widget,741
74602,North,Gizmo,911
74610,North,Gizmo,613
74611,North,Gizmo,915
74627,North,Gadget,832
74634,North,Doohickey,528
74635,North,Doohickey,922
74637,North,Widget,913
74655,North,Gizmo,736
74665,North,Doohickey,504
74670,North,Gadget,952
74672,North,Doohickey,536
74699,North,Gadget,927
74714,North,Doohickey,840
74717,North,Gadget,775
74718,North,Widget,680
74725,North,Doohickey,828
74736,North,Gizmo,648
74746,North,Gadget,558
74751,North,Widget,821
74780,North,Gadget,558
74797,North,Doohickey,582
74812,North,Gadget,637
74814,North,Doohickey,810
74824,North,Widget,643
74831,North,Widget,589
74839,North,Doohickey,899
74842,North,Gadget,540
74847,North,Gadget,730
74849,North,Widget,727
74854,North,Doohickey,705
74874,North,Gadget,664
74876,North,Gadget,971
74880,North,Widget,717
74887,North,Widget,942
74890,North,Doohickey,769
74898,North,Gadget,994
74908,North,Doohickey,595
74914,North,Gizmo,681
74915,North,Gizmo,509
74932,North,Widget,697
74940,North,Gizmo,851
74956,North,Gizmo,738
74964,North,Gadget,572
74970,North,Gadget,570
74973,North,Doohickey,861
74990,North,Doohickey,827
75012,North,Doohickey,540
75015,North,Gadget,723
75033,North,Gadget,703
75038,North,Gadget,959
75043,North,Gizmo,835
75045,North,Gadget,882
75048,North,Gadget,964
75056,North,Widget,896
75059,North,Widget,873
75080,North,Gizmo,762
75086,North,Gadget,577
75087,North,Gizmo,695
75092,North,Doohickey,905
75100,North,Widget,757
75109,North,Gizmo,809
75110,North,Gizmo,511
75127,North,Widget,726
75130,North,Doohickey,505
75134,North,Doohickey,740
75136,North,Widget,875
75137,North,Gizmo,788
75152,North,Doohickey,695
75155,North,Doohickey,718
75163,North,Widget,730
75169,North,Widget,788
75174,North,Doohickey,533
75179,North,Widget,851
75183,North,Widget,857
75198,North,Doohickey,651
75208,North,Doohickey,873
75218,North,Gadget,906
75220,North,Doohickey,744
75223,North,Gizmo,795
75228,North,Gizmo,576
75231,North,Widget,827
75232,North,Widget,583
75235,North,Gizmo,570
75240,North,Widget,573
75256,North,Doohickey,554
75266,North,Doohickey,981
75269,North,Gizmo,947
75271,North,Gadget,873
75275,North,Gizmo,719
75276,North,Widget,574
75294,North,Gadget,524
75295,North,Gizmo,891
75310,North,Gizmo,514
75332,North,Doohickey,605
75343,North,Gizmo,623
75352,North,Gadget,555
75358,North,Doohickey,616
75363,North,Gizmo,722
75371,North,Gadget,819
75381,North,Doohickey,951
75391,North,Gadget,874
75402,North,Widget,896
75405,North,Gadget,872
75418,North,Doohickey,570
75427,North,Gadget,670
75450,North,Gadget,630
75454,North,Doohickey,818
75472,North,Gadget,980
75473,North,Gadget,941
75478,North,Gizmo,731
75479,North,Gadget,693
75497,North,Widget,535
75506,North,Gizmo,616
75509,North,Gizmo,786
75518,North,Widget,782
75550,North,Gizmo,898
75563,North,Widget,991
75576,North,Gadget,756
75577,North,Gadget,778
75582,North,Gizmo,560
75585,North,Widget,959
75588,North,Gizmo,969
75628,North,Doohickey,714
75633,North,Gizmo,555
75638,North,Gadget,516
75640,North,Gizmo,579
75650,North,Widget,994
75657,North,Gizmo,746
75667,North,Widget,925
75682,North,Gadget,575
75690,North,Widget,519
75691,North,Gadget,764
75694,North,Gadget,587
75700,North,Doohickey,850
75702,North,Widget,543
75706,North,Gizmo,726
75707,North,Gadget,931
75709,North,Widget,967
75714,North,Gadget,764
75717,North,Gadget,965
75723,North,Doohickey,919
75725,North,Gizmo,824
75731,North,Widget,759
75767,North,Gadget,579
75778,North,Widget,582
75787,North,Gizmo,725
75795,North,Widget,735
75800,North,Doohickey,542
75812,North,Widget,981
75821,North,Gizmo,617
75822,North,Gizmo,703
75828,North,Gizmo,974
75831,North,Widget,821
75843,North,Gadget,560
75848,North,Doohickey,844
75854,North,Widget,505
75861,North,Doohickey,600
75872,North,Doohickey,591
75875,North,Doohickey,992
75885,North,Widget,780
75887,North,Doohickey,705
75888,North,Gizmo,513
75890,North,Doohickey,926
75895,North,Gadget,522
75896,North,Gizmo,633
75906,North,Widget,665
75907,North,Doohickey,557
75932,North,Doohickey,718
75935,North,Doohickey,545
75942,North,Doohickey,947
75948,North,Doohickey,699
75949,North,Gizmo,507
75955,North,Doohickey,582
75956,North,Gizmo,648
75957,North,Gizmo,969
75966,North,Widget,748
75985,North,Doohickey,759
75996,North,Doohickey,818
75998,North,Widget,618
76010,North,Gizmo,931
76032,North,Gadget,981
76042,North,Gizmo,772
76056,North,Widget,766
76064,North,Doohickey,880
76072,North,Gizmo,923
76076,North,Doohickey,905
76103,North,Widget,658
76115,North,Doohickey,852
76118,North,Widget,626
76123,North,Widget,636
76126,North,Gadget,741
76128,North,Gizmo,716
76146,North,Widget,899
76148,North,Gizmo,727
76153,North,Doohickey,671
76163,North,Gizmo,685
76166,North,Doohickey,951
76168,North,Widget,635
76171,North,Gizmo,848
76197,North,Doohickey,877
76211,North,Gadget,638
76223,North,Gadget,677
76224,North,Doohickey,902
76225,North,Doohickey,711
76226,North,Gadget,961
76229,North,Gizmo,503
76235,North,Gadget,960
76245,North,Gizmo,562
76252,North,Widget,682
76257,North,Gadget,759
76259,North,Doohickey,994
76282,North,Doohickey,583
76294,North,Widget,568
76296,North,Gadget,639
76327,North,Gadget,958
76336,North,Gizmo,569
76339,North,Gadget,965
76341,North,Widget,650
76347,North,Doohickey,766
76365,North,Gadget,766
76367,North,Doohickey,709
76370,North,Gadget,889
76394,North,Gadget,809
76395,North,Doohickey,927
76397,North,Gizmo,564
76434,North,Doohickey,731
76441,North,Doohickey,877
76446,North,Gadget,682
76454,North,Doohickey,581
76463,North,Widget,600
76471,North,Gadget,873
76474,North,Widget,863
76480,North,Gadget,981
76482,North,Doohickey,761
76484,North,Gizmo,588
76486,North,Widget,711
76487,North,Gadget,504
76492,North,Gizmo,871
76501,North,Widget,757
76504,North,Gizmo,689
76508,North,Widget,719
76518,North,Widget,899
76520,North,Widget,833
76524,North,Widget,530
76527,North,Gadget,583
76533,North,Widget,683
76543,North,Gadget,663
76549,North,Doohickey,897
76550,North,Widget,977
76555,North,Gizmo,779
76565,North,Widget,798
76572,North,Widget,599
76577,North,Widget,759
76583,North,Widget,698
76587,North,Doohickey,814
76589,North,Doohickey,726
76590,North,Widget,537
76612,North,Doohickey,654
76621,North,Gadget,909
76639,North,Widget,986
76640,North,Gizmo,723
76641,North,Gadget,790
76659,North,Widget,595
76669,North,Widget,950
76682,North,Gadget,672
76692,North,Widget,781
76712,North,Doohickey,889
76722,North,Gadget,972
76733,North,Gizmo,960
76736,North,Doohickey,589
76756,North,Gizmo,722
76757,North,Doohickey,696
76760,North,Doohickey,690
76762,North,Widget,525
76770,North,Gizmo,655
76772,North,Gizmo,501
76779,North,Gadget,991
76784,North,Widget,809
76791,North,Gizmo,691
76794,North,Gadget,949
76796,North,Doohickey,639
76798,North,Doohickey,976
76802,North,Widget,689
76806,North,Widget,735
76808,North,Doohickey,621
76816,North,Gizmo,676
76817,North,Doohickey,833
76826,North,Gizmo,811
76835,North,Widget,738
76836,North,Widget,921
76839,North,Doohickey,959
76843,North,Widget,969
76860,North,Doohickey,932
76873,North,Gadget,602
76898,North,Doohickey,874
76899,North,Gadget,972
76902,North,Gizmo,931
76913,North,Widget,659
76920,North,Doohickey,786
76930,North,Gizmo,877
76939,North,Widget,618
76947,North,Doohickey,729
76949,North,Widget,830
76957,North,Doohickey,785
76958,North,Widget,997
76967,North,Doohickey,825
76968,North,Gizmo,988
76970,North,Doohickey,943
76983,North,Widget,798
76995,North,Gizmo,802
76997,North,Gizmo,914
77018,North,Gizmo,755
77021,North,Gadget,779
77023,North,Gadget,653
77028,North,Doohickey,636
77029,North,Gizmo,991
77039,North,Gizmo,977
77042,North,Widget,671
77055,North,Widget,851
77056,North,Gadget,546
77063,North,Gadget,586
77072,North,Gizmo,762
77092,North,Doohickey,772
77093,North,Doohickey,509
77094,North,Doohickey,847
77105,North,Doohickey,884
77107,North,Gizmo,896
77112,North,Widget,713
77133,North,Gizmo,801
77135,North,Gizmo,940
77141,North,Gadget,566
77153,North,Gadget,637
77156,North,Widget,882
77157,North,Widget,873
77158,North,Doohickey,787
77159,North,Gizmo,940
77162,North,Widget,864
77187,North,Gizmo,682
77198,North,Gadget,841
77200,North,Doohickey,558
77202,North,Gizmo,542
77208,North,Doohickey,660
77211,North,Gadget,582
77223,North,Doohickey,927
77237,North,Gizmo,702
77240,North,Doohickey,875
77242,North,Gizmo,702
77249,North,Gadget,574
77251,North,Gizmo,701
77260,North,Widget,996
77270,North,Gizmo,907
77272,North,Gizmo,563
77274,North,Widget,735
77281,North,Gizmo,509
77286,North,Gizmo,704
77308,North,Gadget,624
77310,North,Doohickey,695
77314,North,Doohickey,595
77326,North,Widget,547
77332,North,Doohickey,965
77342,North,Doohickey,531
77346,North,Doohickey,994
77349,North,Widget,737
77366,North,Gizmo,967
77374,North,Gadget,555
77377,North,Doohickey,778
77379,North,Widget,582
77383,North,Gizmo,994
77386,North,Gadget,759
77391,North,Doohickey,577
77404,North,Gadget,863
77405,North,Gizmo,950
77406,North,Widget,529
77409,North,Gizmo,833
77411,North,Widget,721
77421,North,Gadget,799
77444,North,Widget,601
77447,North,Gadget,996
77450,North,Gizmo,977
77456,North,Gadget,516
77472,North,Gadget,605
77474,North,Gizmo,956
77503,North,Gadget,592
77506,North,Gadget,996
77514,North,Gizmo,916
77519,North,Doohickey,587
77520,North,Widget,819
77523,North,Gizmo,633
77524,North,Doohickey,669
77530,North,Gizmo,700
77538,North,Widget,512
77540,North,Gizmo,516
77544,North,Gizmo,886
77558,North,Gadget,643
77559,North,Gadget,654
77564,North,Gadget,629
77566,North,Gadget,705
77603,North,Doohickey,902
77607,North,Gizmo,689
77610,North,Gadget,831
77611,North,Gizmo,685
77615,North,Gizmo,564
77640,North,Widget,659
77642,North,Widget,936
77646,North,Widget,969
77648,North,Gizmo,755
77651,North,Gizmo,780
77670,North,Doohickey,985
77677,North,Gadget,569
77683,North,Gadget,952
77684,North,Doohickey,634
77692,North,Gizmo,608
77696,North,Gadget,926
77713,North,Gizmo,675
77715,North,Gizmo,883
77730,North,Gizmo,840
77731,North,Widget,768
77736,North,Gadget,938
77739,North,Doohickey,918
77752,North,Widget,947
77756,North,Widget,831
77766,North,Widget,873
77777,North,Widget,574
77779,North,Widget,730
77784,North,Gizmo,782
77791,North,Gadget,819
77804,North,Widget,560
77805,North,Widget,519
77806,North,Doohickey,604
77813,North,Gadget,592
77814,North,Widget,848
77823,North,Widget,632
77824,North,Doohickey,814
77837,North,Gadget,741
77848,North,Doohickey,554
77851,North,Gadget,788
77856,North,Doohickey,948
77871,North,Gizmo,620
77880,North,Doohickey,998
77885,North,Widget,875
77896,North,Widget,959
77897,North,Doohickey,801
77898,North,Widget,905
77915,North,Doohickey,871
77917,North,Doohickey,612
77929,North,Widget,827
77932,North,Gizmo,817
77951,North,Doohickey,986
77955,North,Doohickey,585
77957,North,Gadget,846
77959,North,Widget,997
77974,North,Gizmo,891
78006,North,Widget,836
78019,North,Doohickey,805
78021,North,Doohickey,919
78042,North,Doohickey,778
78066,North,Widget,618
78073,North,Gadget,532
78076,North,Gizmo,540
78079,North,Gizmo,944
78085,North,Doohickey,709
78086,North,Gadget,860
78094,North,Gadget,755
78110,North,Widget,832
78111,North,Widget,717
78143,North,Doohickey,930
78144,North,Widget,781
78160,North,Widget,593
78162,North,Gadget,844
78168,North,Doohickey,940
78179,North,Doohickey,821
78181,North,Widget,935
78192,North,Doohickey,715
78202,North,Gizmo,940
78209,North,Widget,659
78217,North,Gizmo,757
78218,North,Gizmo,693
78220,North,Widget,658
78221,North,Widget,571
78224,North,Doohickey,869
78231,North,Gadget,738
78232,North,Gizmo,708
78238,North,Doohickey,776
78249,North,Gadget,880
78251,North,Doohickey,994
78284,North,Gadget,655
78291,North,Gizmo,933
78302,North,Gadget,681
78303,North,Doohickey,841
78311,North,Widget,866
78314,North,Gadget,941
78324,North,Doohickey,545
78325,North,Gadget,903
78329,North,Doohickey,930
78346,North,Widget,749
78349,North,Widget,903
78370,North,Gadget,863
78372,North,Doohickey,559
78374,North,Doohickey,836
78387,North,Gadget,894
78395,North,Widget,827
78403,North,Gadget,554
78404,North,Gizmo,986
78405,North,Widget,705
78417,North,Gizmo,629
78423,North,Gadget,924
78435,North,Gadget,841
78450,North,Doohickey,794
78462,North,Gizmo,699
78471,North,Gizmo,732
78472,North,Gadget,767
78498,North,Gadget,723
78505,North,Gadget,980
78513,North,Gadget,783
78514,North,Widget,690
78526,North,Gadget,787
78541,North,Gizmo,825
78544,North,Gizmo,652
78545,North,Widget,674
78550,North,Gadget,972
78566,North,Gizmo,612
78570,North,Doohickey,940
78571,North,Doohickey,934
78593,North,Gizmo,786
78595,North,Gizmo,527
78600,North,Widget,825
78632,North,Doohickey,899
78640,North,Doohickey,952
78644,North,Gadget,745
78650,North,Gadget,561
78661,North,Widget,541
78673,North,Widget,875
78677,North,Doohickey,713
78685,North,Doohickey,923
78688,North,Gizmo,745
78696,North,Gizmo,740
78701,North,Gizmo,983
78703,North,Doohickey,688
78719,North,Doohickey,509
78721,North,Gadget,971
78759,North,Doohickey,911
78760,North,Gizmo,881
78762,North,Gadget,516
78769,North,Gadget,766
78771,North,Widget,543
78776,North,Widget,988
78782,North,Widget,691
78796,North,Gizmo,705
78800,North,Doohickey,765
78806,North,Gizmo,588
78826,North,Doohickey,612
78828,North,Widget,946
78845,North,Gizmo,587
78847,North,Gizmo,834
78851,North,Gizmo,537
78858,North,Gizmo,650
78860,North,Gizmo,835
78861,North,Doohickey,858
78865,North,Doohickey,664
78878,North,Doohickey,957
78904,North,Widget,951
78906,North,Gizmo,836
78909,North,Gadget,976
78915,North,Doohickey,836
78942,North,Gizmo,886
78960,North,Gadget,587
78975,North,Widget,821
78989,North,Widget,802
78990,North,Gizmo,857
78991,North,Gadget,523
78995,North,Widget,706
79003,North,Doohickey,819
79024,North,Doohickey,552
79030,North,Gadget,967
79044,North,Gadget,577
79065,North,Doohickey,638
79066,North,Gizmo,884
79080,North,Widget,708
79093,North,Doohickey,719
79096,North,Gadget,719
79102,North,Doohickey,571
79141,North,Widget,694
79143,North,Doohickey,606
79151,North,Doohickey,736
79153,North,Gizmo,717
79170,North,Gadget,545
79173,North,Gizmo,817
79176,North,Doohickey,821
79188,North,Gizmo,730
79193,North,Gizmo,966
79207,North,Doohickey,623
79209,North,Gadget,990
79211,North,Gizmo,591
79217,North,Gadget,562
79220,North,Widget,733
79225,North,Gizmo,687
79226,North,Doohickey,902
79227,North,Doohickey,777
79230,North,Gizmo,680
79245,North,Widget,976
79247,North,Widget,700
79269,North,Widget,915
79282,North,Widget,907
79290,North,Gizmo,889
79299,North,Gizmo,606
79305,North,Gizmo,654
79309,North,Gadget,762
79325,North,Doohickey,805
79335,North,Gizmo,902
79348,North,Widget,874
79360,North,Gadget,761
79367,North,Gizmo,518
79371,North,Gadget,961
79375,North,Widget,595
79384,North,Gizmo,659
79395,North,Gadget,907
79397,North,Doohickey,651
79433,North,Gadget,959
79437,North,Gizmo,943
79438,North,Gadget,819
79442,North,Gizmo,623
79459,North,Doohickey,921
79480,North,Gadget,616
79499,North,Widget,864
79501,North,Gadget,624
79503,North,Gadget,759
79516,North,Gadget,743
79537,North,Widget,806
79557,North,Gizmo,572
79573,North,Widget,877
79601,North,Widget,897
79603,North,Doohickey,711
79604,North,Gadget,675
79612,North,Doohickey,610
79617,North,Widget,871
79621,North,Widget,838
79630,North,Widget,936
79645,North,Gizmo,846
79649,North,Gadget,526
79654,North,Doohickey,658
79666,North,Gadget,964
79684,North,Widget,676
79685,North,Gadget,717
79689,North,Doohickey,744
79712,North,Doohickey,927
79713,North,Gizmo,600
79729,North,Doohickey,570
79733,North,Widget,839
79741,North,Gadget,658
79749,North,Doohickey,609
79761,North,Widget,523
79765,North,Gadget,750
79781,North,Doohickey,678
79785,North,Gadget,540
79788,North,Gizmo,785
79791,North,Widget,567
79798,North,Widget,740
79799,North,Gadget,518
79809,North,Widget,705
79815,North,Gadget,802
79818,North,Widget,667
79823,North,Gadget,512
79829,North,Doohickey,509
79835,North,Widget,973
79836,North,Gizmo,799
79846,North,Doohickey,801
79854,North,Widget,976
79859,North,Gizmo,974
79867,North,Widget,661
79877,North,Gadget,835
79882,North,Doohickey,884
79915,North,Gadget,833
79928,North,Doohickey,619
79932,North,Gizmo,793
79933,North,Widget,771
79936,North,Doohickey,680
79937,North,Gadget,886
79947,North,Gizmo,913
79950,North,Gizmo,527
79956,North,Gizmo,907
79961,North,Doohickey,553
79962,North,Widget,897
79965,North,Gizmo,730
79968,North,Gizmo,896
79971,North,Gadget,869
79974,North,Gadget,646
79986,North,Gadget,767
79998,North,Gadget,579
80005,North,Gizmo,927
80026,North,Doohickey,525
80028,North,Gizmo,607
80034,North,Doohickey,964
80044,North,Widget,519
80052,North,Widget,501
80071,North,Gadget,819
80086,North,Gadget,564
80091,North,Doohickey,635
80093,North,Widget,743
80098,North,Gizmo,957
80099,North,Gadget,769
80104,North,Gizmo,959
80108,North,Gadget,528
80114,North,Widget,787
80139,North,Gadget,692
80144,North,Doohickey,753
80150,North,Gadget,589
80156,North,Gadget,505
80162,North,Widget,514
80173,North,Gizmo,653
80177,North,Gadget,805
80190,North,Gadget,659
80194,North,Gadget,966
80199,North,Doohickey,997
80200,North,Gizmo,966
80215,North,Gizmo,781
80220,North,Gadget,611
80221,North,Widget,517
80239,North,Widget,608
80269,North,Widget,980
80272,North,Doohickey,613
80285,North,Gadget,784
80300,North,Widget,620
80303,North,Widget,648
80325,North,Gadget,670
80338,North,Gizmo,589
80340,North,Gadget,982
80343,North,Widget,680
80368,North,Widget,818
80374,North,Widget,989
80383,North,Widget,828
80390,North,Gizmo,930
80394,North,Gadget,742
80410,North,Gizmo,629
80420,North,Gizmo,611
80426,North,Doohickey,893
80427,North,Doohickey,998
80437,North,Gadget,869
80443,North,Doohickey,522
80447,North,Doohickey,827
80449,North,Doohickey,900
80466,North,Doohickey,858
80473,North,Gadget,874
80477,North,Doohickey,993
80479,North,Widget,988
80485,North,Doohickey,723
80486,North,Gadget,656
80497,North,Doohickey,880
80500,North,Gizmo,914
80501,North,Gizmo,976
80511,North,Gizmo,963
80524,North,Gadget,969
80529,North,Gadget,649
80531,North,Gizmo,757
80544,North,Doohickey,565
80547,North,Gizmo,525
80548,North,Gadget,857
80559,North,Doohickey,612
80562,North,Widget,762
80584,North,Gadget,944
80590,North,Doohickey,816
80592,North,Doohickey,509
80595,North,Gadget,635
80596,North,Widget,952
80605,North,Doohickey,927
80606,North,Gizmo,543
80607,North,Gizmo,501
80618,North,Doohickey,755
80630,North,Gadget,704
80634,North,Doohickey,768
80647,North,Widget,874
80649,North,Gadget,880
80666,North,Doohickey,897
80673,North,Gadget,963
80674,North,Gadget,596
80690,North,Widget,621
80697,North,Widget,811
80703,North,Widget,577
80705,North,Gizmo,513
80709,North,Gadget,534
80710,North,Widget,969
80711,North,Widget,654
80720,North,Widget,572
80728,North,Widget,947
80730,North,Widget,953
80739,North,Gizmo,958
80742,North,Gizmo,984
80762,North,Gadget,699
80775,North,Gadget,627
80777,North,Gizmo,997
80785,North,Doohickey,774
80795,North,Doohickey,524
80799,North,Widget,757
80804,North,Doohickey,519
80811,North,Widget,728
80812,North,Gizmo,563
80813,North,Doohickey,926
80815,North,Gizmo,792
80828,North,Gizmo,665
80834,North,Widget,681
80837,North,Gizmo,708
80847,North,Gadget,940
80854,North,Widget,620
80861,North,Gadget,515
80867,North,Doohickey,569
80868,North,Widget,985
80874,North,Doohickey,857
80893,North,Widget,555
80897,North,Gadget,883
80903,North,Doohickey,868
80908,North,Widget,947
80909,North,Gadget,543
80912,North,Widget,834
80913,North,Gizmo,792
80920,North,Gadget,919
80925,North,Widget,676
80934,North,Widget,704
80945,North,Gadget,857
80951,North,Widget,952
80967,North,Gadget,599
80983,North,Gizmo,582
80985,North,Doohickey,686
80987,North,Widget,709
80994,North,Widget,604
80997,North,Doohickey,590
81014,North,Widget,542
81018,North,Doohickey,545
81021,North,Gizmo,818
81029,North,Widget,797
81032,North,Gadget,557
81033,North,Gadget,877
81034,North,Gizmo,653
81043,North,Gizmo,655
81059,North,Widget,976
81060,North,Gizmo,760
81069,North,Gizmo,590
81073,North,Gadget,503
81094,North,Widget,966
81102,North,Widget,746
81108,North,Gadget,538
81114,North,Doohickey,738
81118,North,Gadget,784
81140,North,Gadget,685
81142,North,Gizmo,943
81145,North,Widget,745
81158,North,Doohickey,787
81160,North,Gadget,891
81163,North,Gizmo,907
81171,North,Gizmo,662
81191,North,Gizmo,716
81192,North,Gizmo,501
81207,North,Doohickey,811
81209,North,Gizmo,695
81215,North,Doohickey,542
81218,North,Gadget,842
81226,North,Gadget,558
81242,North,Doohickey,750
81247,North,Widget,653
81253,North,Widget,664
81262,North,Gadget,707
81267,North,Gadget,842
81271,North,Doohickey,914
81276,North,Gizmo,967
81278,North,Gizmo,717
81279,North,Gadget,705
81288,North,Gizmo,743
81290,North,Widget,620
81302,North,Widget,518
81303,North,Widget,688
81309,North,Gadget,900
81315,North,Widget,840
81348,North,Gizmo,559
81359,North,Doohickey,852
81360,North,Gizmo,568
81369,North,Doohickey,996
81370,North,Gizmo,786
81378,North,Gadget,530
81381,North,Doohickey,755
81383,North,Gadget,619
81385,North,Widget,785
81390,North,Doohickey,697
81393,North,Widget,927
81398,North,Gizmo,994
81400,North,Doohickey,828
81402,North,Widget,566
81404,North,Doohickey,942
81408,North,Gizmo,742
81415,North,Doohickey,681
81425,North,Gadget,965
81440,North,Doohickey,601
81441,North,Gadget,965
81444,North,Gadget,670
81489,North,Gizmo,857
81494,North,Widget,693
81503,North,Widget,901
81510,North,Doohickey,983
81518,North,Doohickey,546
81521,North,Gizmo,578
81532,North,Widget,819
81535,North,Doohickey,602
81573,North,Gizmo,749
81581,North,Gadget,689
81593,North,Gadget,867
81594,North,Gizmo,679
81603,North,Gizmo,941
81617,North,Gadget,663
81626,North,Gizmo,594
81629,North,Doohickey,718
81638,North,Gadget,951
81653,North,Widget,669
81701,North,Doohickey,681
81702,North,Doohickey,645
81707,North,Widget,850
81721,North,Widget,869
81730,North,Widget,700
81764,North,Widget,852
81766,North,Widget,646
81767,North,Widget,634
81781,North,Gizmo,681
81788,North,Gadget,849
81795,North,Widget,583
81798,North,Widget,695
81799,North,Widget,998
81808,North,Gizmo,515
81816,North,Doohickey,694
81840,North,Gadget,562
81861,North,Gizmo,853
81864,North,Gadget,902
81887,North,Widget,898
81898,North,Widget,886
81908,North,Widget,612
81919,North,Gadget,983
81942,North,Gizmo,992
81956,North,Gadget,587
81966,North,Gadget,921
81969,North,Doohickey,864
81970,North,Gizmo,863
81983,North,Gadget,724
81986,North,Gizmo,696
82005,North,Gadget,884
82006,North,Widget,988
82010,North,Gadget,798
82021,North,Doohickey,998
82033,North,Widget,823
82035,North,Doohickey,664
82040,North,Widget,957
82049,North,Gizmo,733
82052,North,Gizmo,652
82061,North,Doohickey,808
82079,North,Gizmo,771
82093,North,Widget,816
82094,North,Doohickey,771
82096,North,Doohickey,530
82098,North,Doohickey,736
82106,North,Doohickey,982
82110,North,Doohickey,992
82119,North,Widget,868
82131,North,Gizmo,522
82137,North,Doohickey,736
82170,North,Widget,872
82175,North,Doohickey,594
82185,North,Gizmo,585
82186,North,Gizmo,509
82193,North,Widget,967
82195,North,Gizmo,819
82198,North,Gizmo,756
82206,North,Gadget,821
82230,North,Gizmo,602
82236,North,Doohickey,772
82258,North,Gadget,628
82260,North,Widget,655
82262,North,Gadget,817
82290,North,Gadget,833
82298,North,Gadget,610
82305,North,Gizmo,744
82307,North,Gadget,811
82308,North,Widget,767
82312,North,Widget,853
82340,North,Gadget,755
82353,North,Doohickey,540
82356,North,Gizmo,983
82364,North,Gizmo,927
82370,North,Doohickey,605
82372,North,Gizmo,835
82381,North,Widget,596
82383,North,Doohickey,892
82384,North,Doohickey,736
82416,North,Gadget,951
82417,North,Gadget,644
82422,North,Gizmo,557
82436,North,Widget,884
82439,North,Gizmo,658
82440,North,Gadget,630
82445,North,Gizmo,917
82458,North,Doohickey,926
82465,North,Widget,852
82492,North,Gizmo,658
82517,North,Widget,621
82518,North,Widget,992
82519,North,Gizmo,666
82529,North,Doohickey,949
82533,North,Gizmo,611
82548,North,Doohickey,542
82551,North,Doohickey,554
82560,North,Doohickey,877
82565,North,Widget,814
82568,North,Gizmo,658
82573,North,Doohickey,796
82578,North,Gadget,949
82582,North,Widget,671
82584,North,Gadget,762
82587,North,Gadget,563
82591,North,Gadget,915
82592,North,Doohickey,581
82594,North,Gizmo,919
82603,North,Doohickey,595
82604,North,Gizmo,840
82610,North,Gadget,731
82620,North,Gizmo,596
82623,North,Gadget,524
82649,North,Gadget,839
82650,North,Doohickey,886
82656,North,Doohickey,729
82663,North,Gizmo,651
82667,North,Widget,679
82672,North,Gadget,735
82678,North,Gizmo,602
82685,North,Gizmo,978
82686,North,Widget,856
82706,North,Widget,685
82707,North,Gadget,869
82718,North,Doohickey,515
82725,North,Gadget,715
82738,North,Gadget,680
82743,North,Widget,809
82745,North,Widget,858
82751,North,Gadget,803
82754,North,Gadget,754
82759,North,Widget,756
82766,North,Widget,944
82772,North,Gadget,977
82810,North,Gizmo,913
82817,North,Widget,990
82821,North,Doohickey,584
82829,North,Gizmo,642
82830,North,Gizmo,719
82849,North,Gizmo,713
82854,North,Gizmo,630
82869,North,Doohickey,991
82880,North,Widget,902
82895,North,Gizmo,747
82904,North,Doohickey,741
82916,North,Widget,688
82922,North,Widget,985
82924,North,Gadget,795
82926,North,Gizmo,817
82939,North,Gizmo,913
82946,North,Doohickey,540
82950,North,Doohickey,549
82957,North,Gadget,729
82969,North,Doohickey,817
82985,North,Gadget,691
82986,North,Widget,521
82999,North,Doohickey,988
83003,North,Widget,924
83008,North,Doohickey,609
83023,North,Widget,993
83026,North,Widget,985
83043,North,Gadget,571
83046,North,Gizmo,955
83062,North,Gadget,760
83063,North,Gadget,635
83073,North,Gizmo,539
83075,North,Gizmo,739
83077,North,Widget,619
83084,North,Gadget,960
83087,North,Widget,516
83088,North,Widget,852
83102,North,Gizmo,880
83113,North,Gizmo,614
83114,North,Gadget,654
83115,North,Widget,727
83130,North,Doohickey,938
83138,North,Gizmo,916
83146,North,Doohickey,695
83150,North,Doohickey,679
83153,North,Doohickey,989
83154,North,Doohickey,586
83161,North,Widget,813
83166,North,Widget,662
83171,North,Gizmo,826
83176,North,Gadget,590
83186,North,Gadget,693
83194,North,Widget,789
83200,North,Widget,560
83210,North,Gizmo,551
83213,North,Widget,772
83216,North,Gadget,670
83221,North,Widget,911
83237,North,Doohickey,853
83251,North,Gizmo,830
83290,North,Widget,715
83296,North,Widget,593
83301,North,Gizmo,952
83312,North,Widget,807
83314,North,Doohickey,672
83329,North,Gadget,998
83339,North,Widget,646
83353,North,Gadget,715
83358,North,Gadget,961
83360,North,Doohickey,950
83361,North,Widget,792
83374,North,Gadget,965
83393,North,Gadget,683
83420,North,Gadget,573
83434,North,Widget,590
83441,North,Gizmo,994
83446,North,Gizmo,523
83459,North,Doohickey,665
83469,North,Widget,965
83470,North,Doohickey,576
83482,North,Gizmo,752
83483,North,Gizmo,890
83511,North,Gizmo,950
83520,North,Gadget,505
83531,North,Gadget,893
83533,North,Gizmo,795
83538,North,Doohickey,900
83542,North,Gizmo,556
83543,North,Widget,947
83546,North,Doohickey,597
83549,North,Gizmo,660
83552,North,Gizmo,671
83561,North,Gadget,546
83573,North,Widget,508
83581,North,Gadget,783
83587,North,Doohickey,597
83606,North,Gadget,596
83614,North,Doohickey,903
83632,North,Widget,731
83637,North,Widget,969
83638,North,Gizmo,712
83640,North,Gizmo,555
83647,North,Gizmo,875
83648,North,Gizmo,791
83650,North,Widget,805
83655,North,Doohickey,924
83656,North,Gizmo,773
83657,North,Doohickey,613
83658,North,Gizmo,839
83662,North,Widget,682
83664,North,Widget,861
83667,North,Doohickey,886
83678,North,Gadget,952
83688,North,Doohickey,642
83690,North,Gizmo,818
83698,North,Widget,803
83704,North,Widget,731
83710,North,Widget,869
83722,North,Gizmo,868
83755,North,Doohickey,885
83766,North,Widget,717
83771,North,Doohickey,680
83772,North,Gadget,755
83780,North,Gadget,617
83781,North,Widget,690
83819,North,Gizmo,992
83820,North,Gadget,749
83821,North,Doohickey,647
83826,North,Gadget,600
83846,North,Gizmo,883
83859,North,Doohickey,908
83890,North,Gadget,846
83896,North,Gizmo,798
83899,North,Gizmo,806
83903,North,Gizmo,604
83915,North,Widget,608
83917,North,Gadget,639
83933,North,Gadget,633
83941,North,Gadget,630
83942,North,Gadget,750
83944,North,Widget,986
83962,North,Doohickey,832
83966,North,Widget,986
83973,North,Gadget,971
84000,North,Doohickey,795
84004,North,Widget,859
84006,North,Doohickey,927
84017,North,Doohickey,830
84030,North,Doohickey,566
84033,North,Gadget,997
84045,North,Doohickey,526
84049,North,Gadget,535
84054,North,Gizmo,827
84065,North,Gizmo,913
84067,North,Gadget,952
84070,North,Gizmo,702
84073,North,Gadget,571
84079,North,Gadget,794
84099,North,Gizmo,780
84105,North,Widget,513
84107,North,Widget,822
84116,North,Doohickey,959
84118,North,Doohickey,630
84130,North,Doohickey,811
84136,North,Gadget,906
84141,North,Widget,560
84191,North,Gizmo,570
84202,North,Gadget,634
84206,North,Gizmo,744
84235,North,Gizmo,618
84246,North,Gizmo,923
84260,North,Gizmo,755
84267,North,Widget,730
84277,North,Doohickey,815
84286,North,Gadget,550
84289,North,Gizmo,730
84298,North,Gizmo,924
84300,North,Doohickey,720
84304,North,Gizmo,507
84322,North,Gizmo,840
84347,North,Gadget,802
84348,North,Doohickey,816
84354,North,Doohickey,585
84355,North,Widget,921
84363,North,Doohickey,706
84365,North,Gizmo,697
84374,North,Gizmo,727
84376,North,Widget,864
84377,North,Gizmo,712
84391,North,Gizmo,697
84410,North,Gizmo,704
84411,North,Widget,622
84413,North,Doohickey,688
84415,North,Doohickey,864
84417,North,Widget,517
84432,North,Gizmo,580
84433,North,Gizmo,783
84435,North,Doohickey,894
84437,North,Gadget,883
84449,North,Doohickey,822
84453,North,Gizmo,766
84463,North,Gizmo,966
84479,North,Widget,657
84481,North,Gizmo,709
84485,North,Doohickey,805
84486,North,Doohickey,969
84494,North,Gadget,669
84495,North,Gizmo,763
84520,North,Doohickey,704
84522,North,Doohickey,592
84535,North,Gizmo,648
84540,North,Gizmo,611
84549,North,Widget,700
84553,North,Gadget,763
84556,North,Gadget,998
84571,North,Widget,563
84577,North,Doohickey,632
84578,North,Gizmo,743
84588,North,Widget,707
84599,North,Gizmo,793
84606,North,Gizmo,587
84611,North,Gizmo,556
84612,North,Gizmo,992
84637,North,Widget,824
84640,North,Widget,976
84644,North,Widget,850
84648,North,Gizmo,555
84656,North,Widget,666
84664,North,Widget,541
84665,North,Doohickey,811
84667,North,Doohickey,657
84683,North,Doohickey,539
84694,North,Doohickey,555
84696,North,Gadget,913
84698,North,Widget,639
84700,North,Gadget,780
84701,North,Doohickey,529
84709,North,Doohickey,533
84718,North,Widget,785
84719,North,Gizmo,790
84726,North,Gadget,965
84727,North,Widget,735
84735,North,Gizmo,586
84770,North,Gadget,770
84775,North,Gadget,896
84780,North,Gizmo,596
84786,North,Doohickey,716
84790,North,Gizmo,585
84800,North,Widget,752
84802,North,Widget,807
84805,North,Gizmo,927
84806,North,Widget,683
84808,North,Gadget,589
84816,North,Doohickey,947
84818,North,Doohickey,825
84823,North,Widget,827
84828,North,Gizmo,759
84829,North,Gadget,562
84833,North,Gadget,911
84841,North,Widget,504
84842,North,Gadget,707
84843,North,Widget,559
84853,North,Gadget,953
84860,North,Doohickey,740
84861,North,Doohickey,685
84863,North,Doohickey,722
84867,North,Doohickey,596
84878,North,Gadget,757
84882,North,Gadget,894
84890,North,Doohickey,683
84892,North,Gadget,959
84893,North,Widget,522
84924,North,Doohickey,586
84928,North,Doohickey,955
84929,North,Widget,751
84938,North,Doohickey,822
84940,North,Doohickey,627
84941,North,Doohickey,690
84954,North,Doohickey,536
84967,North,Doohickey,615
84986,North,Gizmo,913
84988,North,Gizmo,982
84995,North,Gadget,525
85002,North,Widget,869
85006,North,Gizmo,730
85010,North,Doohickey,576
85015,North,Widget,512
85027,North,Gizmo,576
85036,North,Gizmo,790
85041,North,Gizmo,860
85048,North,Doohickey,724
85058,North,Gadget,514
85084,North,Widget,957
85099,North,Widget,791
85127,North,Widget,583
85137,North,Gizmo,702
85143,North,Doohickey,827
85144,North,Doohickey,755
85148,North,Gizmo,815
85165,North,Widget,647
85167,North,Gizmo,634
85169,North,Gadget,584
85184,North,Gadget,766
85185,North,Widget,809
85187,North,Doohickey,726
85196,North,Gizmo,711
85198,North,Gadget,834
85201,North,Doohickey,707
85202,North,Gizmo,805
85216,North,Doohickey,566
85221,North,Gizmo,674
85227,North,Gadget,684
85229,North,Gizmo,888
85230,North,Widget,653
85231,North,Gadget,728
85240,North,Doohickey,549
85247,North,Gizmo,654
85253,North,Doohickey,603
85266,North,Gadget,507
85284,North,Gadget,769
85304,North,Doohickey,715
85309,North,Widget,722
85314,North,Doohickey,848
85324,North,Gadget,653
85334,North,Doohickey,933
85353,North,Gizmo,696
85369,North,Gadget,927
85370,North,Gizmo,598
85374,North,Doohickey,831
85379,North,Widget,770
85402,North,Gizmo,933
85411,North,Gizmo,926
85426,North,Gadget,927
85440,North,Gizmo,827
85442,North,Widget,831
85469,North,Gizmo,591
85470,North,Gizmo,782
85472,North,Widget,815
85477,North,Doohickey,683
85482,North,Widget,671
85483,North,Doohickey,896
85493,North,Gadget,546
85500,North,Doohickey,573
85508,North,Doohickey,961
85509,North,Widget,991
85515,North,Doohickey,997
85545,North,Doohickey,723
85547,North,Gizmo,961
85556,North,Gadget,919
85561,North,Gizmo,947
85565,North,Gadget,685
85570,North,Gizmo,898
85573,North,Gizmo,774
85576,North,Doohickey,952
85582,North,Gadget,607
85595,North,Doohickey,673
85599,North,Widget,764
85603,North,Doohickey,526
85607,North,Gadget,512
85635,North,Widget,973
85641,North,Gizmo,725
85645,North,Doohickey,828
85658,North,Widget,774
85660,North,Gizmo,956
85666,North,Gizmo,583
85669,North,Gizmo,781
85688,North,Gadget,961
85690,North,Doohickey,772
85700,North,Gizmo,684
85707,North,Widget,876
85708,North,Gizmo,595
85711,North,Doohickey,897
85713,North,Doohickey,801
85717,North,Gadget,737
85723,North,Gizmo,974
85728,North,Widget,617
85754,North,Gizmo,715
85758,North,Widget,660
85762,North,Widget,833
85763,North,Widget,928
85766,North,Gizmo,625
85770,North,Gadget,568
85800,North,Widget,897
85803,North,Gadget,595
85805,North,Gizmo,819
85811,North,Widget,919
85827,North,Doohickey,605
85830,North,Widget,674
85831,North,Doohickey,976
85836,North,Widget,601
85847,North,Gadget,811
85852,North,Widget,560
85855,North,Gizmo,614
85858,North,Gizmo,947
85878,North,Gizmo,811
85879,North,Doohickey,810
85884,North,Widget,741
85885,North,Widget,534
85887,North,Doohickey,1000
85891,North,Gadget,714
85900,North,Gadget,563
85908,North,Gadget,877
85921,North,Widget,806
85934,North,Gadget,540
85940,North,Widget,735
85945,North,Doohickey,923
85950,North,Widget,903
85956,North,Doohickey,991
85976,North,Doohickey,530
85979,North,Gadget,855
85980,North,Gizmo,709
85981,North,Gizmo,569
85983,North,Widget,606
85986,North,Gizmo,811
85990,North,Widget,855
86034,North,Gizmo,602
86047,North,Widget,907
86064,North,Gizmo,637
86073,North,Gizmo,656
86082,North,Gizmo,743
86085,North,Gadget,961
86086,North,Gadget,572
86090,North,Doohickey,965
86102,North,Gizmo,813
86109,North,Gizmo,785
86111,North,Gadget,659
86114,North,Gadget,956
86122,North,Gadget,525
86133,North,Widget,922
86143,North,Gizmo,523
86149,North,Doohickey,840
86151,North,Doohickey,602
86154,North,Widget,723
86156,North,Gadget,802
86160,North,Doohickey,788
86166,North,Gadget,549
86168,North,Widget,625
86175,North,Doohickey,821
86189,North,Doohickey,592
86212,North,Gizmo,818
86216,North,Widget,738
86217,North,Gizmo,752
86220,North,Gizmo,872
86221,North,Gizmo,580
86226,North,Widget,874
86233,North,Doohickey,665
86236,North,Widget,866
86246,North,Gadget,675
86252,North,Gizmo,640
86257,North,Gadget,986
86261,North,Gizmo,718
86271,North,Widget,971
86279,North,Gadget,626
86282,North,Doohickey,911
86283,North,Gizmo,749
86298,North,Doohickey,963
86304,North,Doohickey,569
86308,North,Widget,562
86311,North,Gadget,603
86312,North,Doohickey,884
86316,North,Doohickey,932
86322,North,Widget,761
86327,North,Widget,776
86335,North,Gadget,540
86338,North,Doohickey,964
86339,North,Doohickey,807
86371,North,Gadget,629
86372,North,Gadget,782
86375,North,Doohickey,878
86381,North,Gizmo,956
86384,North,Gadget,538
86388,North,Gizmo,720
86391,North,Widget,833
86412,North,Gadget,529
86413,North,Gizmo,566
86414,North,Gizmo,757
86416,North,Doohickey,859
86417,North,Doohickey,526
86420,North,Widget,503
86426,North,Doohickey,988
86436,North,Doohickey,601
86441,North,Widget,692
86446,North,Widget,815
86448,North,Gizmo,504
86456,North,Widget,790
86477,North,Widget,761
86481,North,Gadget,853
86494,North,Widget,866
86501,North,Gadget,699
86527,North,Widget,866
86548,North,Widget,753
86565,North,Doohickey,906
86572,North,Gadget,850
86584,North,Gizmo,684
86589,North,Gizmo,999
86607,North,Widget,732
86624,North,Gadget,618
86625,North,Gizmo,615
86630,North,Gizmo,802
86640,North,Gizmo,933
86644,North,Gadget,791
86660,North,Gizmo,795
86662,North,Widget,725
86679,North,Widget,702
86689,North,Gadget,865
86692,North,Gizmo,672
86698,North,Gizmo,882
86702,North,Gadget,919
86712,North,Doohickey,792
86713,North,Gadget,944
86718,North,Gizmo,620
86730,North,Doohickey,719
86733,North,Gizmo,796
86743,North,Doohickey,931
86763,North,Gadget,906
86765,North,Gizmo,663
86767,North,Gadget,877
86773,North,Widget,632
86784,North,Widget,585
86785,North,Doohickey,639
86790,North,Gizmo,628
86792,North,Doohickey,961
86795,North,Doohickey,704
86796,North,Doohickey,980
86798,North,Gizmo,991
86803,North,Gizmo,739
86813,North,Gadget,710
86820,North,Widget,790
86833,North,Gizmo,555
86836,North,Widget,641
86837,North,Doohickey,746
86838,North,Gadget,639
86842,North,Widget,911
86853,North,Gizmo,888
86875,North,Doohickey,824
86900,North,Gizmo,710
86925,North,Gizmo,723
86938,North,Gadget,568
86941,North,Gizmo,991
86943,North,Doohickey,883
86947,North,Widget,633
86964,North,Gizmo,903
86966,North,Gadget,965
86975,North,Doohickey,734
86978,North,Gadget,918
86984,North,Doohickey,782
86997,North,Gizmo,913
87009,North,Gadget,578
87028,North,Gizmo,928
87029,North,Doohickey,601
87030,North,Widget,699
87051,North,Doohickey,866
87053,North,Gizmo,730
87057,North,Widget,768
87058,North,Widget,952
87070,North,Widget,999
87071,North,Widget,779
87075,North,Widget,742
87078,North,Doohickey,969
87086,North,Gadget,594
87091,North,Gizmo,859
87093,North,Widget,713
87100,North,Widget,925
87101,North,Gizmo,701
87122,North,Widget,815
87123,North,Gizmo,570
87131,North,Widget,927
87134,North,Widget,936
87136,North,Widget,551
87139,North,Gadget,782
87141,North,Gizmo,786
87147,North,Gizmo,565
87148,North,Gizmo,720
87155,North,Gadget,840
87156,North,Widget,521
87165,North,Doohickey,994
87167,North,Widget,952
87189,North,Gizmo,639
87195,North,Widget,698
87198,North,Doohickey,900
87206,North,Widget,643
87208,North,Gadget,769
87210,North,Gizmo,682
87215,North,Gadget,765
87216,North,Doohickey,666
87218,North,Gadget,801
87223,North,Doohickey,519
87244,North,Widget,716
87246,North,Doohickey,992
87247,North,Doohickey,742
87257,North,Gizmo,941
87261,North,Doohickey,988
87265,North,Gizmo,892
87276,North,Gizmo,638
87279,North,Doohickey,751
87288,North,Gizmo,982
87295,North,Doohickey,786
87301,North,Gadget,670
87305,North,Widget,521
87308,North,Gadget,915
87315,North,Gadget,581
87321,North,Gizmo,943
87327,North,Doohickey,640
87350,North,Doohickey,877
87354,North,Doohickey,805
87358,North,Gadget,983
87359,North,Widget,778
87383,North,Widget,537
87391,North,Widget,585
87405,North,Gizmo,869
87409,North,Gadget,637
87410,North,Gadget,558
87427,North,Gizmo,861
87435,North,Doohickey,833
87445,North,Doohickey,557
87448,North,Doohickey,769
87452,North,Widget,775
87455,North,Gadget,574
87466,North,Gadget,788
87478,North,Gadget,903
87481,North,Widget,639
87493,North,Gizmo,640
87518,North,Widget,617
87520,North,Gizmo,676
87521,North,Doohickey,919
87523,North,Widget,788
87526,North,Doohickey,678
87535,North,Doohickey,656
87538,North,Gizmo,634
87560,North,Doohickey,843
87562,North,Gizmo,592
87566,North,Gizmo,911
87570,North,Gizmo,936
87575,North,Doohickey,969
87585,North,Gadget,659
87591,North,Gadget,849
87592,North,Gizmo,658
87615,North,Doohickey,919
87621,North,Gadget,550
87630,North,Gadget,545
87633,North,Gadget,637
87640,North,Widget,731
87642,North,Gadget,858
87662,North,Gadget,951
87665,North,Gizmo,786
87673,North,Widget,707
87687,North,Doohickey,784
87696,North,Doohickey,927
87710,North,Doohickey,896
87714,North,Doohickey,522
87719,North,Gizmo,607
87721,North,Doohickey,553
87728,North,Widget,910
87730,North,Gadget,581
87734,North,Doohickey,746
87751,North,Gadget,856
87752,North,Doohickey,953
87755,North,Doohickey,710
87767,North,Gizmo,896
87773,North,Doohickey,988
87775,North,Gadget,503
87790,North,Gadget,911
87794,North,Widget,584
87795,North,Gizmo,935
87798,North,Widget,963
87821,North,Gizmo,844
87825,North,Widget,501
87831,North,Doohickey,889
87839,North,Widget,776
87860,North,Doohickey,613
87862,North,Gizmo,518
87864,North,Gizmo,543
87866,North,Gizmo,926
87884,North,Doohickey,923
87904,North,Widget,894
87905,North,Gadget,624
87917,North,Gizmo,601
87925,North,Doohickey,683
87933,North,Gizmo,956
87938,North,Widget,608
87942,North,Gadget,630
87943,North,Gizmo,974
87955,North,Gizmo,861
87966,North,Doohickey,744
87969,North,Widget,623
87990,North,Widget,521
87991,North,Doohickey,968
87992,North,Gizmo,527
88004,North,Doohickey,795
88017,North,Gizmo,735
88022,North,Widget,813
88032,North,Doohickey,685
88033,North,Doohickey,865
88044,North,Gizmo,994
88049,North,Gadget,791
88061,North,Gadget,893
88062,North,Widget,577
88080,North,Gizmo,835
88088,North,Doohickey,568
88091,North,Doohickey,712
88100,North,Gadget,695
88108,North,Gadget,505
88111,North,Gadget,556
88113,North,Doohickey,557
88119,North,Widget,751
88126,North,Gizmo,761
88136,North,Doohickey,692
88140,North,Gadget,736
88155,North,Widget,996
88161,North,Gadget,688
88185,North,Gadget,787
88186,North,Gadget,707
88193,North,Widget,593
88198,North,Gizmo,835
88199,North,Gadget,691
88208,North,Doohickey,689
88221,North,Gadget,752
88226,North,Gadget,691
88227,North,Doohickey,655
88241,North,Widget,948
88244,North,Widget,757
88245,North,Gadget,659
88253,North,Gadget,680
88270,North,Widget,692
88277,North,Gadget,701
88282,North,Gadget,715
88294,North,Gizmo,714
88304,North,Gadget,564
88305,North,Gizmo,930
88318,North,Widget,731
88325,North,Widget,955
88337,North,Gadget,546
88343,North,Gizmo,882
88348,North,Doohickey,737
88353,North,Gadget,616
88359,North,Widget,816
88392,North,Gizmo,531
88394,North,Gadget,802
88404,North,Doohickey,911
88412,North,Widget,587
88420,North,Gizmo,819
88436,North,Gadget,926
88447,North,Widget,671
88452,North,Widget,863
88459,North,Gadget,723
88475,North,Doohickey,519
88478,North,Doohickey,903
88487,North,Widget,770
88497,North,Gadget,658
88499,North,Widget,505
88500,North,Widget,855
88505,North,Widget,507
88518,North,Widget,612
88526,North,Doohickey,735
88531,North,Gizmo,858
88553,North,Doohickey,916
88571,North,Doohickey,674
88575,North,Gizmo,977
88586,North,Doohickey,777
88606,North,Widget,672
88636,North,Doohickey,715
88641,North,Widget,910
88649,North,Gizmo,660
88651,North,Gadget,828
88652,North,Doohickey,792
88671,North,Gizmo,563
88689,North,Gizmo,819
88707,North,Gizmo,568
88713,North,Widget,717
88725,North,Gizmo,753
88730,North,Gizmo,942
88731,North,Gadget,600
88751,North,Gizmo,745
88755,North,Widget,907
88769,North,Widget,808
88786,North,Gizmo,763
88794,North,Gizmo,546
88803,North,Gizmo,825
88805,North,Doohickey,852
88831,North,Gadget,622
88842,North,Doohickey,755
88848,North,Widget,940
88857,North,Doohickey,906
88863,North,Gadget,909
88865,North,Gadget,788
88881,North,Gizmo,866
88893,North,Doohickey,540
88895,North,Widget,986
88908,North,Widget,791
88915,North,Doohickey,585
88928,North,Gadget,793
88939,North,Gadget,882
88947,North,Widget,985
88958,North,Gizmo,986
88962,North,Gizmo,511
88963,North,Doohickey,655
88968,North,Doohickey,647
88973,North,Doohickey,551
88986,North,Gadget,930
88994,North,Doohickey,691
88995,North,Gadget,960
88998,North,Widget,627
89003,North,Doohickey,893
89006,North,Widget,876
89026,North,Widget,603
89035,North,Doohickey,756
89044,North,Gizmo,983
89055,North,Gadget,936
89072,North,Widget,610
89092,North,Doohickey,925
89094,North,Gizmo,927
89095,North,Gizmo,600
89111,North,Widget,866
89112,North,Doohickey,722
89125,North,Gadget,817
89132,North,Gadget,531
89151,North,Doohickey,906
89153,North,Widget,871
89158,North,Doohickey,652
89160,North,Doohickey,636
89163,North,Doohickey,873
89168,North,Widget,969
89176,North,Doohickey,566
89182,North,Gizmo,594
89189,North,Gizmo,638
89193,North,Widget,764
89197,North,Gadget,545
89198,North,Gadget,903
89201,North,Gadget,948
89204,North,Gizmo,683
89206,North,Gizmo,956
89210,North,Doohickey,939
89218,North,Gizmo,863
89234,North,Gadget,515
89235,North,Gizmo,791
89236,North,Doohickey,967
89242,North,Gadget,798
89247,North,Doohickey,668
89258,North,Gadget,505
89264,North,Widget,892
89267,North,Doohickey,835
89270,North,Doohickey,792
89273,North,Gizmo,640
89280,North,Gizmo,967
89294,North,Widget,935
89302,North,Gadget,698
89309,North,Gadget,523
89311,North,Gadget,550
89315,North,Gizmo,684
89316,North,Gadget,811
89328,North,Gadget,632
89335,North,Doohickey,828
89343,North,Widget,552
89345,North,Gadget,793
89351,North,Doohickey,818
89355,North,Doohickey,633
89365,North,Gizmo,527
89385,North,Doohickey,886
89390,North,Doohickey,938
89392,North,Doohickey,950
89396,North,Gizmo,857
89400,North,Doohickey,643
89404,North,Gizmo,610
89409,North,Gadget,766
89410,North,Doohickey,944
89416,North,Gadget,867
89428,North,Widget,697
89431,North,Gizmo,606
89432,North,Widget,928
89435,North,Widget,775
89441,North,Gadget,841
89446,North,Gizmo,866
89456,North,Gizmo,523
89460,North,Doohickey,676
89466,North,Doohickey,575
89467,North,Doohickey,664
89470,North,Widget,541
89472,North,Gizmo,878
89475,North,Widget,544
89482,North,Widget,758
89485,North,Doohickey,549
89487,North,Widget,966
89494,North,Doohickey,735
89495,North,Doohickey,749
89507,North,Doohickey,827
89513,North,Widget,824
89526,North,Doohickey,505
89527,North,Gizmo,565
89533,North,Doohickey,747
89535,North,Gadget,771
89546,North,Widget,861
89560,North,Widget,907
89564,North,Gizmo,569
89571,North,Gizmo,689
89584,North,Gadget,555
89589,North,Gadget,632
89592,North,Gadget,967
89637,North,Widget,674
89641,North,Widget,936
89643,North,Doohickey,807
89680,North,Doohickey,634
89683,North,Gadget,537
89688,North,Gizmo,944
89692,North,Doohickey,735
89694,North,Doohickey,747
89696,North,Gizmo,730
89712,North,Gadget,786
89715,North,Gadget,582
89719,North,Gadget,557
89733,North,Widget,593
89738,North,Gadget,554
89739,North,Doohickey,589
89752,North,Doohickey,977
89762,North,Gizmo,836
89767,North,Gizmo,902
89776,North,Doohickey,667
89778,North,Gadget,842
89792,North,Widget,788
89793,North,Gadget,939
89831,North,Doohickey,769
89836,North,Gadget,565
89838,North,Gadget,832
89847,North,Widget,574
89856,North,Doohickey,726
89860,North,Doohickey,582
89861,North,Widget,625
89871,North,Doohickey,980
89872,North,Widget,969
89877,North,Widget,760
89887,North,Widget,782
89892,North,Widget,847
89894,North,Doohickey,544
89897,North,Gadget,892
89908,North,Gadget,577
89929,North,Widget,715
89935,North,Gadget,540
89940,North,Gizmo,953
89942,North,Gadget,629
89945,North,Widget,974
89954,North,Widget,555
89977,North,Widget,620
89978,North,Gadget,561
89980,North,Gizmo,531
89981,North,Widget,578
89992,North,Gizmo,836
89993,North,Doohickey,604
90017,North,Widget,707
90026,North,Gizmo,931
90031,North,Gadget,712
90034,North,Doohickey,720
90043,North,Gadget,927
90046,North,Gadget,802
90057,North,Widget,959
90063,North,Doohickey,619
90072,North,Gizmo,900
90074,North,Gizmo,509
90093,North,Gadget,819
90098,North,Gizmo,925
90107,North,Gadget,750
90114,North,Gizmo,553
90117,North,Doohickey,960
90120,North,Gizmo,903
90123,North,Gizmo,684
90124,North,Doohickey,540
90125,North,Widget,514
90127,North,Gadget,649
90139,North,Widget,587
90140,North,Gadget,881
90142,North,Gizmo,601
90147,North,Gadget,664
90183,North,Gizmo,513
90186,North,Gizmo,859
90204,North,Gizmo,964
90207,North,Widget,840
90216,North,Gadget,799
90231,North,Gadget,673
90235,North,Widget,780
90243,North,Doohickey,550
90245,North,Gadget,819
90249,North,Gadget,609
90255,North,Widget,717
90272,North,Widget,670
90273,North,Widget,952
90288,North,Widget,847
90293,North,Widget,915
90305,North,Widget,703
90309,North,Gadget,976
90316,North,Gizmo,580
90320,North,Gadget,505
90321,North,Gadget,756
90333,North,Widget,556
90341,North,Gadget,847
90343,North,Widget,676
90346,North,Gadget,533
90374,North,Gizmo,859
90381,North,Gizmo,818
90401,North,Gizmo,718
90403,North,Doohickey,553
90429,North,Gadget,548
90431,North,Gadget,550
90434,North,Doohickey,809
90440,North,Doohickey,755
90453,North,Widget,819
90456,North,Doohickey,803
90475,North,Gadget,826
90476,North,Gizmo,986
90477,North,Gizmo,947
90482,North,Doohickey,765
90488,North,Gadget,830
90489,North,Gizmo,646
90495,North,Widget,885
90500,North,Doohickey,973
90518,North,Gadget,664
90519,North,Gadget,523
90526,North,Widget,547
90557,North,Doohickey,761
90577,North,Gizmo,557
90589,North,Widget,930
90591,North,Gadget,865
90616,North,Doohickey,798
90619,North,Doohickey,968
90629,North,Gadget,582
90633,North,Gadget,552
90634,North,Gadget,709
90642,North,Doohickey,612
90644,North,Widget,692
90645,North,Gizmo,936
90680,North,Gizmo,597
90681,North,Widget,947
90682,North,Widget,786
90685,North,Gadget,931
90688,North,Gadget,882
90689,North,Gizmo,667
90701,North,Widget,553
90707,North,Gadget,950
90708,North,Doohickey,706
90732,North,Gizmo,621
90739,North,Doohickey,714
90744,North,Gadget,958
90746,North,Doohickey,955
90748,North,Gizmo,538
90750,North,Gizmo,930
90757,North,Gizmo,755
90762,North,Doohickey,533
90764,North,Widget,610
90767,North,Widget,988
90775,North,Gizmo,930
90805,North,Gizmo,951
90808,North,Doohickey,651
90813,North,Doohickey,867
90825,North,Doohickey,911
90828,North,Gadget,648
90833,North,Gizmo,664
90838,North,Gadget,519
90840,North,Widget,620
90844,North,Gizmo,515
90848,North,Gizmo,663
90849,North,Widget,828
90856,North,Gadget,986
90872,North,Gizmo,856
90875,North,Gadget,573
90878,North,Doohickey,656
90901,North,Gadget,853
90915,North,Gizmo,577
90922,North,Doohickey,791
90923,North,Doohickey,736
90930,North,Gizmo,501
90934,North,Gizmo,742
90942,North,Gizmo,698
90946,North,Gizmo,553
90952,North,Widget,897
90958,North,Doohickey,692
90960,North,Gadget,992
90970,North,Doohickey,565
90971,North,Widget,976
90978,North,Gizmo,685
90986,North,Gadget,900
90996,North,Doohickey,520
90998,North,Gizmo,667
91021,North,Widget,613
91042,North,Gadget,856
91045,North,Gizmo,584
91112,North,Gizmo,508
91113,North,Gizmo,811
91123,North,Gizmo,797
91126,North,Gadget,585
91127,North,Gadget,819
91157,North,Widget,724
91195,North,Gizmo,581
91216,North,Doohickey,685
91218,North,Doohickey,994
91226,North,Widget,940
91236,North,Doohickey,523
91258,North,Doohickey,821
91279,North,Gadget,966
91291,North,Doohickey,981
91304,North,Doohickey,774
91305,North,Widget,861
91310,North,Widget,701
91322,North,Gadget,517
91336,North,Gizmo,803
91346,North,Doohickey,717
91359,North,Widget,950
91362,North,Widget,579
91367,North,Gizmo,905
91368,North,Gadget,562
91377,North,Gadget,824
91378,North,Doohickey,694
91390,North,Gizmo,597
91392,North,Widget,916
91394,North,Widget,939
91405,North,Doohickey,524
91406,North,Doohickey,922
91411,North,Gizmo,775
91423,North,Gizmo,907
91426,North,Gizmo,789
91439,North,Gizmo,852
91440,North,Gadget,533
91443,North,Doohickey,933
91468,North,Doohickey,811
91469,North,Doohickey,994
91473,North,Gadget,535
91482,North,Gadget,749
91484,North,Gadget,546
91487,North,Gizmo,618
91488,North,Widget,840
91490,North,Gizmo,783
91493,North,Widget,625
91499,North,Widget,538
91506,North,Widget,982
91522,North,Widget,928
91544,North,Doohickey,619
91547,North,Widget,585
91553,North,Gizmo,925
91564,North,Gizmo,608
91575,North,Gadget,562
91578,North,Doohickey,623
91582,North,Doohickey,868
91602,North,Widget,864
91605,North,Gadget,587
91609,North,Widget,884
91610,North,Widget,655
91611,North,Widget,972
91612,North,Doohickey,877
91624,North,Gadget,556
91634,North,Gadget,848
91639,North,Doohickey,819
91642,North,Widget,542
91643,North,Widget,936
91647,North,Doohickey,894
91653,North,Widget,628
91659,North,Widget,589
91660,North,Widget,852
91673,North,Widget,901
91690,North,Widget,909
91693,North,Gadget,960
91695,North,Gadget,615
91704,North,Widget,645
91732,North,Widget,714
91741,North,Doohickey,817
91748,North,Widget,827
91757,North,Widget,530
91758,North,Widget,710
91761,North,Doohickey,900
91763,North,Gizmo,863
91765,North,Gadget,942
91772,North,Gadget,746
91773,North,Widget,779
91778,North,Gizmo,786
91788,North,Doohickey,684
91792,North,Gizmo,773
91793,North,Gadget,805
91797,North,Doohickey,579
91809,North,Doohickey,859
91824,North,Gizmo,911
91836,North,Gadget,873
91840,North,Gadget,923
91849,North,Gadget,919
91858,North,Gizmo,827
91867,North,Doohickey,886
91868,North,Gizmo,529
91869,North,Widget,582
91870,North,Gizmo,844
91871,North,Gizmo,607
91899,North,Doohickey,578
91909,North,Doohickey,765
91924,North,Doohickey,636
91947,North,Gadget,594
91951,North,Gadget,933
91964,North,Widget,635
91976,North,Gadget,560
91980,North,Widget,897
91996,North,Doohickey,635
92006,North,Doohickey,546
92015,North,Doohickey,501
92017,North,Gizmo,590
92031,North,Gadget,952
92050,North,Gadget,607
92057,North,Widget,547
92063,North,Gadget,540
92068,North,Gizmo,629
92079,North,Gizmo,958
92080,North,Gadget,758
92086,North,Gizmo,605
92093,North,Doohickey,527
92095,North,Gizmo,822
92099,North,Doohickey,919
92104,North,Doohickey,566
92107,North,Widget,714
92116,North,Doohickey,986
92125,North,Doohickey,782
92135,North,Gizmo,706
92140,North,Gadget,828
92147,North,Widget,564
92148,North,Widget,646
92149,North,Gizmo,656
92159,North,Gadget,908
92168,North,Gizmo,583
92173,North,Gadget,687
92185,North,Doohickey,860
92195,North,Widget,595
92198,North,Gadget,584
92200,North,Doohickey,728
92208,North,Widget,755
92210,North,Gizmo,628
92212,North,Widget,697
92215,North,Widget,721
92224,North,Doohickey,803
92231,North,Doohickey,948
92232,North,Gizmo,708
92238,North,Doohickey,636
92240,North,Doohickey,690
92243,North,Gizmo,828
92254,North,Gizmo,861
92256,North,Gadget,636
92259,North,Gizmo,727
92274,North,Widget,549
92275,North,Gadget,931
92279,North,Widget,928
92282,North,Widget,667
92289,North,Gadget,973
92293,North,Gizmo,665
92294,North,Gadget,816
92297,North,Gizmo,731
92303,North,Widget,501
92327,North,Gadget,644
92328,North,Gizmo,674
92337,North,Widget,644
92341,North,Gizmo,961
92357,North,Widget,751
92359,North,Gizmo,690
92394,North,Gizmo,784
92397,North,Gizmo,558
92399,North,Gizmo,534
92411,North,Doohickey,668
92420,North,Gizmo,798
92423,North,Gadget,723
92441,North,Doohickey,947
92447,North,Doohickey,736
92451,North,Gizmo,783
92461,North,Widget,847
92468,North,Widget,777
92477,North,Gizmo,817
92497,North,Widget,728
92501,North,Gadget,561
92510,North,Gizmo,569
92516,North,Gadget,834
92517,North,Gizmo,572
92522,North,Widget,573
92548,North,Gizmo,924
92557,North,Doohickey,592
92562,North,Widget,729
92567,North,Doohickey,927
92578,North,Gadget,844
92580,North,Gadget,840
92583,North,Widget,741
92591,North,Doohickey,933
92604,North,Gadget,977
92635,North,Gadget,855
92642,North,Doohickey,609
92665,North,Doohickey,676
92670,North,Gizmo,732
92675,North,Doohickey,531
92697,North,Gizmo,763
92704,North,Gizmo,759
92707,North,Widget,801
92714,North,Gizmo,540
92723,North,Gadget,698
92724,North,Doohickey,774
92728,North,Doohickey,566
92731,North,Widget,783
92746,North,Widget,691
92749,North,Gadget,550
92759,North,Gizmo,834
92760,North,Widget,771
92762,North,Gizmo,960
92770,North,Doohickey,977
92778,North,Widget,501
92782,North,Gizmo,772
92786,North,Gizmo,688
92794,North,Gizmo,921
92815,North,Doohickey,786
92823,North,Doohickey,910
92830,North,Doohickey,893
92832,North,Gizmo,974
92838,North,Widget,993
92840,North,Doohickey,752
92841,North,Widget,974
92858,North,Widget,527
92861,North,Gizmo,933
92865,North,Widget,684
92878,North,Doohickey,715
92885,North,Widget,833
92894,North,Gizmo,648
92897,North,Gadget,668
92903,North,Gadget,559
92909,North,Gadget,718
92925,North,Doohickey,709
92926,North,Gizmo,961
92955,North,Gizmo,523
92961,North,Gadget,909
92963,North,Doohickey,964
92968,North,Gadget,919
92995,North,Gizmo,892
93019,North,Gadget,634
93027,North,Widget,805
93028,North,Widget,936
93045,North,Widget,713
93055,North,Widget,819
93060,North,Gadget,908
93078,North,Gizmo,723
93087,North,Gizmo,708
93132,North,Widget,883
93142,North,Widget,699
93163,North,Widget,501
93164,North,Gizmo,986
93169,North,Gizmo,958
93172,North,Doohickey,826
93175,North,Gadget,956
93184,North,Doohickey,633
93186,North,Gadget,926
93191,North,Doohickey,780
93201,North,Gizmo,542
93218,North,Gadget,867
93219,North,Doohickey,836
93234,North,Doohickey,693
93246,North,Widget,815
93265,North,Doohickey,916
93266,North,Widget,792
93269,North,Gizmo,545
93286,North,Widget,693
93287,North,Doohickey,663
93288,North,Gizmo,635
93295,North,Gadget,942
93302,North,Doohickey,516
93305,North,Gadget,846
93307,North,Gizmo,882
93309,North,Gizmo,774
93313,North,Gadget,908
93314,North,Gizmo,952
93321,North,Doohickey,968
93342,North,Widget,703
93354,North,Widget,681
93361,North,Gadget,947
93378,North,Doohickey,589
93385,North,Gizmo,805
93404,North,Gadget,719
93406,North,Gadget,936
93407,North,Gizmo,934
93426,North,Gadget,612
93437,North,Doohickey,745
93447,North,Gadget,764
93457,North,Gadget,649
93470,North,Gizmo,959
93484,North,Widget,525
93499,North,Widget,865
93503,North,Gizmo,524
93507,North,Gizmo,961
93511,North,Doohickey,917
93521,North,Widget,526
93524,North,Doohickey,651
93525,North,Gadget,914
93526,North,Widget,626
93530,North,Gadget,708
93553,North,Widget,522
93554,North,Doohickey,724
93557,North,Gadget,707
93563,North,Doohickey,808
93580,North,Gadget,807
93586,North,Gizmo,838
93589,North,Doohickey,532
93600,North,Widget,796
93608,North,Widget,786
93609,North,Gizmo,907
93617,North,Gadget,985
93619,North,Gadget,834
93627,North,Widget,830
93634,North,Gadget,547
93660,North,Gadget,643
93672,North,Doohickey,525
93675,North,Widget,680
93685,North,Gadget,742
93686,North,Gadget,894
93691,North,Widget,823
93692,North,Gadget,775
93693,North,Gizmo,575
93700,North,Widget,576
93701,North,Widget,928
93710,North,Doohickey,513
93719,North,Gizmo,799
93742,North,Gadget,897
93751,North,Doohickey,606
93766,North,Gadget,792
93767,North,Widget,581
93787,North,Gadget,575
93788,North,Widget,653
93792,North,Gizmo,861
93794,North,Gizmo,528
93810,North,Doohickey,778
93811,North,Widget,852
93827,North,Gadget,983
93832,North,Widget,972
93833,North,Doohickey,614
93839,North,Gizmo,706
93842,North,Widget,667
93843,North,Gadget,550
93864,North,Widget,898
93871,North,Doohickey,992
93875,North,Doohickey,924
93879,North,Gizmo,869
93901,North,Widget,928
93902,North,Gadget,959
93904,North,Widget,559
93906,North,Widget,825
93908,North,Widget,696
93910,North,Widget,985
93915,North,Gadget,733
93930,North,Gadget,738
93932,North,Gadget,913
93938,North,Gizmo,816
93946,North,Gizmo,700
93963,North,Widget,909
93971,North,Doohickey,731
93983,North,Doohickey,874
93996,North,Doohickey,550
93997,North,Widget,558
93998,North,Gizmo,795
93999,North,Gadget,649
94037,North,Widget,648
94042,North,Gadget,940
94048,North,Widget,721
94050,North,Widget,584
94053,North,Doohickey,568
94079,North,Gadget,839
94081,North,Widget,592
94088,North,Gadget,926
94091,North,Widget,718
94094,North,Gadget,626
94097,North,Gizmo,966
94106,North,Gizmo,680
94112,North,Gizmo,745
94115,North,Widget,972
94118,North,Widget,663
94120,North,Doohickey,759
94126,North,Gadget,822
94128,North,Doohickey,694
94141,North,Doohickey,710
94142,North,Widget,676
94144,North,Widget,751
94149,North,Gadget,997
94153,North,Widget,810
94156,North,Gadget,918
94163,North,Doohickey,716
94175,North,Gizmo,916
94176,North,Gizmo,539
94193,North,Gizmo,959
94195,North,Widget,595
94204,North,Gizmo,504
94223,North,Doohickey,869
94224,North,Doohickey,991
94225,North,Doohickey,782
94239,North,Gizmo,969
94245,North,Widget,524
94256,North,Gadget,707
94259,North,Gadget,944
94274,North,Doohickey,873
94279,North,Doohickey,981
94289,North,Doohickey,784
94320,North,Gizmo,890
94322,North,Gadget,878
94328,North,Gadget,599
94333,North,Gadget,719
94335,North,Gadget,686
94354,North,Doohickey,921
94360,North,Doohickey,793
94361,North,Doohickey,790
94362,North,Widget,543
94368,North,Widget,997
94396,North,Gadget,562
94398,North,Gizmo,665
94403,North,Doohickey,715
94406,North,Widget,789
94416,North,Widget,803
94419,North,Gizmo,736
94420,North,Widget,653
94422,North,Widget,896
94425,North,Widget,698
94426,North,Widget,916
94454,North,Doohickey,828
94463,North,Doohickey,902
94483,North,Gadget,737
94495,North,Gadget,581
94510,North,Gadget,706
94514,North,Widget,646
94521,North,Gizmo,622
94544,North,Doohickey,956
94570,North,Gizmo,894
94572,North,Gizmo,938
94573,North,Widget,825
94580,North,Gadget,817
94593,North,Widget,714
94594,North,Gadget,611
94600,North,Doohickey,907
94605,North,Gizmo,678
94614,North,Doohickey,730
94617,North,Gadget,598
94621,North,Gadget,646
94628,North,Gizmo,971
94635,North,Gizmo,586
94636,North,Gizmo,647
94639,North,Gadget,894
94644,North,Doohickey,578
94654,North,Gizmo,758
94659,North,Doohickey,866
94680,North,Gadget,774
94685,North,Doohickey,749
94690,North,Widget,512
94693,North,Gadget,592
94703,North,Gadget,634
94725,North,Widget,755
94728,North,Widget,858
94732,North,Gizmo,923
94741,North,Widget,681
94742,North,Widget,643
94743,North,Gizmo,697
94744,North,Doohickey,511
94756,North,Doohickey,545
94773,North,Widget,720
94795,North,Widget,907
94801,North,Doohickey,622
94811,North,Widget,593
94815,North,Doohickey,542
94824,North,Widget,998
94825,North,Widget,519
94829,North,Widget,822
94838,North,Gadget,817
94844,North,Gizmo,779
94846,North,Doohickey,936
94851,North,Widget,721
94857,North,Gadget,546
94860,North,Gadget,913
94865,North,Widget,542
94866,North,Widget,658
94878,North,Gizmo,952
94881,North,Widget,754
94884,North,Gizmo,688
94890,North,Widget,528
94899,North,Doohickey,772
94900,North,Doohickey,961
94906,North,Gadget,844
94907,North,Gadget,919
94911,North,Gizmo,575
94920,North,Gizmo,653
94923,North,Gadget,640
94926,North,Widget,658
94931,North,Gizmo,726
94943,North,Doohickey,560
94945,North,Widget,950
94952,North,Gadget,612
94956,North,Gizmo,924
94962,North,Widget,915
94973,North,Gizmo,963
94974,North,Gizmo,672
94980,North,Gadget,579
95004,North,Gizmo,982
95013,North,Gizmo,839
95014,North,Gadget,748
95023,North,Doohickey,935
95025,North,Gadget,958
95053,North,Gadget,755
95066,North,Doohickey,902
95070,North,Gadget,672
95079,North,Gadget,955
95081,North,Doohickey,501
95084,North,Gadget,519
95088,North,Gizmo,647
95092,North,Doohickey,670
95108,North,Gizmo,791
95113,North,Gadget,654
95115,North,Gizmo,985
95122,North,Doohickey,528
95124,North,Gizmo,817
95135,North,Gizmo,563
95137,North,Gizmo,674
95146,North,Gadget,781
95158,North,Doohickey,755
95164,North,Gizmo,759
95174,North,Widget,994
95190,North,Widget,985
95202,North,Gadget,943
95203,North,Gadget,806
95214,North,Gizmo,896
95227,North,Gadget,728
95228,North,Doohickey,795
95267,North,Gizmo,671
95279,North,Widget,632
95281,North,Widget,577
95286,North,Widget,613
95289,North,Gadget,622
95295,North,Widget,605
95305,North,Gizmo,599
95308,North,Doohickey,861
95309,North,Doohickey,927
95311,North,Widget,932
95334,North,Doohickey,876
95337,North,Gadget,559
95339,North,Widget,704
95343,North,Gizmo,803
95344,North,Doohickey,617
95346,North,Gizmo,565
95353,North,Doohickey,538
95354,North,Gizmo,994
95360,North,Gadget,828
95364,North,Doohickey,936
95387,North,Doohickey,827
95396,North,Gadget,700
95399,North,Widget,540
95402,North,Widget,594
95404,North,Gizmo,736
95413,North,Doohickey,501
95415,North,Doohickey,855
95426,North,Widget,894
95442,North,Doohickey,849
95455,North,Widget,782
95457,North,Widget,685
95460,North,Gadget,961
95463,North,Gadget,894
95473,North,Gadget,526
95475,North,Gizmo,842
95483,North,Gadget,509
95494,North,Gizmo,651
95502,North,Widget,666
95504,North,Widget,828
95507,North,Doohickey,925
95512,North,Gizmo,876
95523,North,Gizmo,607
95526,North,Widget,742
95533,North,Gizmo,810
95538,North,Gizmo,509
95563,North,Gadget,972
95565,North,Gadget,549
95566,North,Doohickey,637
95575,North,Gizmo,547
95576,North,Doohickey,726
95596,North,Gadget,823
95611,North,Gadget,989
95615,North,Widget,961
95618,North,Gadget,636
95619,North,Doohickey,944
95632,North,Gadget,990
95638,North,Gizmo,572
95641,North,Gadget,551
95642,North,Gizmo,633
95666,North,Gizmo,767
95675,North,Doohickey,850
95676,North,Doohickey,594
95686,North,Gizmo,568
95708,North,Gadget,646
95723,North,Gadget,565
95731,North,Gadget,872
95738,North,Gadget,520
95756,North,Widget,969
95761,North,Widget,842
95764,North,Gizmo,971
95765,North,Gadget,807
95783,North,Gizmo,878
95798,North,Doohickey,974
95815,North,Gizmo,966
95835,North,Doohickey,790
95838,North,Gadget,769
95845,North,Doohickey,505
95846,North,Gizmo,860
95856,North,Doohickey,992
95863,North,Gadget,927
95866,North,Doohickey,730
95880,North,Doohickey,672
95883,North,Doohickey,559
95886,North,Gizmo,656
95888,North,Widget,955
95892,North,Widget,875
95895,North,Gadget,566
95896,North,Gizmo,515
95899,North,Gadget,568
95900,North,Widget,993
95902,North,Doohickey,984
95914,North,Gizmo,905
95915,North,Gizmo,660
95926,North,Gadget,531
95935,North,Gadget,742
95942,North,Gadget,609
95948,North,Doohickey,849
95958,North,Widget,608
95959,North,Gadget,986
95966,North,Gadget,990
95970,North,Gadget,758
95983,North,Widget,533
95993,North,Doohickey,883
95999,North,Doohickey,771
96005,North,Doohickey,878
96006,North,Doohickey,627
96010,North,Widget,836
96024,North,Gizmo,978
96036,North,Doohickey,816
96042,North,Doohickey,915
96046,North,Widget,745
96054,North,Gizmo,923
96065,North,Gizmo,755
96066,North,Gizmo,861
96070,North,Gizmo,583
96071,North,Gizmo,588
96075,North,Widget,749
96079,North,Gadget,774
96096,North,Gizmo,850
96101,North,Gizmo,599
96106,North,Doohickey,634
96113,North,Gizmo,754
96129,North,Gadget,772
96130,North,Widget,571
96131,North,Gizmo,980
96132,North,Widget,814
96141,North,Gadget,513
96149,North,Widget,703
96153,North,Doohickey,509
96157,North,Gizmo,645
96165,North,Gadget,694
96167,North,Gadget,595
96174,North,Doohickey,947
96178,North,Widget,689
96189,North,Widget,884
96190,North,Widget,681
96191,North,Gizmo,505
96211,North,Gizmo,960
96218,North,Widget,628
96223,North,Widget,528
96233,North,Doohickey,560
96253,North,Widget,949
96259,North,Widget,865
96300,North,Doohickey,938
96308,North,Doohickey,928
96311,North,Widget,605
96322,North,Gizmo,927
96325,North,Widget,625
96332,North,Doohickey,596
96335,North,Widget,678
96336,North,Widget,713
96344,North,Widget,761
96345,North,Widget,557
96346,North,Gadget,602
96349,North,Gizmo,749
96361,North,Widget,971
96363,North,Doohickey,719
96366,North,Widget,811
96372,North,Gizmo,711
96373,North,Widget,734
96378,North,Doohickey,693
96381,North,Gizmo,514
96392,North,Doohickey,858
96396,North,Gizmo,723
96397,North,Gadget,540
96401,North,Gizmo,784
96403,North,Widget,815
96404,North,Widget,627
96408,North,Gadget,527
96417,North,Widget,981
96418,North,Doohickey,551
96434,North,Doohickey,841
96435,North,Doohickey,760
96437,North,Widget,547
96444,North,Doohickey,659
96448,North,Doohickey,735
96463,North,Widget,864
96467,North,Gadget,846
96499,North,Gizmo,599
96505,North,Widget,669
96509,North,Gadget,533
96515,North,Widget,910
96525,North,Gizmo,856
96530,North,Gadget,676
96534,North,Gadget,672
96535,North,Gadget,974
96554,North,Widget,535
96555,North,Doohickey,745
96556,North,Widget,567
96580,North,Widget,700
96581,North,Widget,501
96583,North,Gizmo,670
96587,North,Widget,969
96591,North,Gizmo,552
96611,North,Gizmo,605
96614,North,Doohickey,619
96616,North,Widget,819
96641,North,Widget,869
96649,North,Gizmo,851
96650,North,Gadget,630
96660,North,Doohickey,839
96664,North,Gadget,933
96671,North,Widget,678
96677,North,Gizmo,973
96684,North,Gizmo,695
96687,North,Doohickey,819
96699,North,Doohickey,665
96701,North,Gadget,818
96722,North,Doohickey,501
96729,North,Gizmo,836
96732,North,Gadget,543
96735,North,Doohickey,596
96746,North,Widget,902
96752,North,Doohickey,779
96758,North,Gizmo,541
96768,North,Widget,903
96780,North,Widget,898
96782,North,Widget,647
96784,North,Doohickey,884
96791,North,Gadget,549
96793,North,Doohickey,997
96804,North,Gadget,563
96811,North,Widget,602
96821,North,Gizmo,712
96836,North,Gadget,993
96842,North,Widget,902
96853,North,Widget,788
96854,North,Doohickey,673
96857,North,Gadget,796
96862,North,Gizmo,663
96877,North,Gadget,836
96878,North,Gizmo,944
96904,North,Doohickey,541
96920,North,Gadget,959
96935,North,Gadget,602
96941,North,Doohickey,547
96952,North,Gadget,550
96957,North,Gizmo,541
96964,North,Gizmo,737
96975,North,Doohickey,875
96977,North,Widget,684
96978,North,Doohickey,707
96981,North,Gadget,501
96994,North,Widget,847
96999,North,Gizmo,700
97001,North,Gizmo,666
97003,North,Gizmo,717
97004,North,Gadget,513
97016,North,Gadget,580
97039,North,Widget,698
97044,North,Doohickey,914
97047,North,Doohickey,606
97049,North,Gizmo,652
97051,North,Gizmo,603
97057,North,Widget,836
97063,North,Gizmo,629
97066,North,Gizmo,677
97068,North,Gizmo,994
97084,North,Gadget,710
97096,North,Doohickey,572
97101,North,Widget,617
97123,North,Gizmo,504
97130,North,Widget,761
97132,North,Gadget,852
97134,North,Doohickey,783
97144,North,Widget,977
97156,North,Doohickey,523
97159,North,Gizmo,777
97172,North,Doohickey,802
97173,North,Gizmo,934
97181,North,Doohickey,577
97184,North,Doohickey,552
97190,North,Gadget,678
97193,North,Gadget,600
97211,North,Gadget,751
97226,North,Gizmo,882
97227,North,Gizmo,639
97240,North,Gizmo,595
97242,North,Gizmo,813
97246,North,Gadget,700
97256,North,Gadget,976
97272,North,Widget,780
97277,North,Gizmo,832
97283,North,Widget,957
97292,North,Gadget,638
97293,North,Gizmo,696
97295,North,Widget,701
97296,North,Widget,814
97301,North,Doohickey,860
97304,North,Gadget,823
97312,North,Doohickey,575
97313,North,Doohickey,682
97324,North,Gadget,986
97335,North,Widget,951
97340,North,Gadget,728
97343,North,Gadget,784
97349,North,Doohickey,652
97352,North,Gadget,985
97353,North,Gizmo,858
97356,North,Doohickey,713
97383,North,Widget,793
97398,North,Widget,643
97400,North,Doohickey,826
97408,North,Doohickey,740
97410,North,Gizmo,838
97411,North,Gizmo,924
97422,North,Doohickey,568
97424,North,Doohickey,675
97427,North,Gizmo,971
97446,North,Doohickey,865
97463,North,Gizmo,749
97466,North,Doohickey,796
97471,North,Widget,778
97490,North,Gadget,915
97493,North,Doohickey,973
97500,North,Gizmo,892
97502,North,Gadget,774
97524,North,Widget,817
97530,North,Widget,671
97535,North,Doohickey,590
97537,North,Gadget,632
97542,North,Gizmo,963
97548,North,Gizmo,526
97557,North,Doohickey,916
97563,North,Doohickey,877
97584,North,Gadget,763
97589,North,Gadget,732
97594,North,Gadget,897
97607,North,Doohickey,993
97614,North,Widget,713
97622,North,Widget,899
97624,North,Gadget,773
97625,North,Gadget,915
97626,North,Gadget,635
97628,North,Gizmo,932
97630,North,Gizmo,676
97635,North,Widget,875
97638,North,Gizmo,943
97640,North,Doohickey,543
97642,North,Gizmo,951
97648,North,Widget,667
97654,North,Doohickey,966
97656,North,Doohickey,598
97660,North,Gizmo,797
97661,North,Doohickey,544
97662,North,Gadget,748
97674,North,Gizmo,571
97687,North,Doohickey,738
97689,North,Doohickey,612
97697,North,Gizmo,501
97701,North,Gadget,886
97702,North,Gadget,961
97704,North,Doohickey,573
97728,North,Gadget,653
97730,North,Doohickey,958
97735,North,Gadget,716
97736,North,Gizmo,953
97743,North,Gizmo,621
97749,North,Widget,552
97753,North,Gadget,550
97754,North,Widget,648
97756,North,Gizmo,668
97759,North,Gizmo,852
97775,North,Doohickey,942
97810,North,Widget,561
97813,North,Gadget,884
97822,North,Gadget,523
97834,North,Widget,522
97841,North,Gizmo,864
97856,North,Widget,825
97867,North,Widget,508
97873,North,Gadget,706
97887,North,Gadget,869
97895,North,Gadget,866
97916,North,Widget,603
97918,North,Doohickey,571
97945,North,Widget,649
97960,North,Gadget,848
97964,North,Widget,577
97965,North,Gadget,786
97970,North,Widget,831
97982,North,Doohickey,701
98002,North,Gizmo,627
98003,North,Gadget,990
98019,North,Widget,542
98020,North,Gadget,594
98033,North,Doohickey,644
98039,North,Gadget,793
98058,North,Doohickey,512
98059,North,Gizmo,938
98072,North,Gizmo,909
98090,North,Gadget,578
98098,North,Doohickey,978
98113,North,Widget,809
98119,North,Widget,836
98124,North,Gizmo,903
98149,North,Doohickey,859
98153,North,Widget,618
98154,North,Widget,909
98160,North,Gadget,739
98183,North,Gizmo,902
98188,North,Gizmo,792
98192,North,Doohickey,564
98196,North,Gadget,706
98197,North,Widget,528
98213,North,Doohickey,591
98217,North,Gadget,944
98220,North,Gizmo,983
98223,North,Widget,994
98224,North,Gizmo,914
98231,North,Gadget,633
98241,North,Gadget,639
98261,North,Doohickey,527
98265,North,Gizmo,670
98268,North,Gadget,698
98285,North,Doohickey,815
98290,North,Gadget,507
98292,North,Gadget,660
98297,North,Widget,760
98299,North,Widget,505
98305,North,Gizmo,545
98307,North,Gizmo,739
98313,North,Doohickey,588
98323,North,Gadget,636
98325,North,Doohickey,762
98335,North,Gizmo,811
98343,North,Gizmo,743
98360,North,Gadget,698
98372,North,Gizmo,682
98379,North,Doohickey,580
98383,North,Doohickey,669
98400,North,Gizmo,831
98407,North,Doohickey,817
98413,North,Doohickey,717
98418,North,Gizmo,883
98423,North,Doohickey,808
98433,North,Doohickey,877
98450,North,Widget,605
98457,North,Gizmo,683
98459,North,Gizmo,590
98485,North,Widget,651
98486,North,Doohickey,791
98508,North,Gadget,827
98509,North,Widget,939
98510,North,Doohickey,966
98511,North,Gizmo,635
98513,North,Doohickey,925
98517,North,Gizmo,526
98525,North,Widget,821
98527,North,Gizmo,978
98529,North,Widget,917
98530,North,Gadget,646
98531,North,Gizmo,690
98532,North,Widget,719
98533,North,Widget,511
98540,North,Widget,952
98543,North,Gadget,908
98544,North,Widget,634
98553,North,Gadget,907
98557,North,Widget,919
98570,North,Gadget,832
98577,North,Widget,882
98600,North,Widget,861
98603,North,Widget,833
98607,North,Gizmo,713
98612,North,Gizmo,624
98616,North,Gizmo,608
98619,North,Gadget,557
98622,North,Doohickey,959
98627,North,Gizmo,753
98638,North,Gadget,527
98641,North,Gizmo,816
98644,North,Gizmo,618
98658,North,Widget,501
98667,North,Widget,512
98672,North,Doohickey,621
98674,North,Widget,600
98680,North,Doohickey,604
98692,North,Doohickey,637
98693,North,Doohickey,748
98694,North,Widget,997
98713,North,Gizmo,790
98721,North,Widget,876
98722,North,Doohickey,832
98728,North,Widget,742
98735,North,Doohickey,990
98746,North,Gizmo,953
98749,North,Gizmo,813
98753,North,Gizmo,527
98759,North,Doohickey,705
98760,North,Widget,556
98776,North,Widget,965
98803,North,Widget,758
98806,North,Doohickey,916
98817,North,Gizmo,578
98840,North,Widget,645
98842,North,Doohickey,612
98846,North,Widget,751
98848,North,Gizmo,784
98860,North,Gadget,838
98863,North,Widget,632
98879,North,Gadget,528
98888,North,Gadget,577
98889,North,Doohickey,530
98890,North,Gadget,768
98893,North,Gadget,555
98912,North,Widget,677
98915,North,Widget,835
98922,North,Widget,905
98939,North,Gadget,552
98941,North,Doohickey,994
98946,North,Doohickey,714
98955,North,Doohickey,826
98958,North,Gadget,757
98960,North,Gizmo,572
98981,North,Doohickey,654
98989,North,Gadget,696
98992,North,Gizmo,940
98998,North,Gizmo,940
99000,North,Doohickey,670
99020,North,Gadget,977
99026,North,Widget,857
99036,North,Gadget,850
99040,North,Gadget,554
99043,North,Widget,990
99045,North,Doohickey,848
99051,North,Gizmo,971
99057,North,Doohickey,670
99058,North,Widget,826
99061,North,Gizmo,899
99068,North,Gizmo,974
99076,North,Gizmo,584
99077,North,Gizmo,925
99083,North,Widget,537
99088,North,Gizmo,652
99091,North,Widget,898
99095,North,Gadget,788
99098,North,Gizmo,876
99100,North,Doohickey,963
99111,North,Widget,861
99119,North,Gizmo,504
99128,North,Doohickey,776
99130,North,Doohickey,802
99131,North,Doohickey,773
99135,North,Widget,507
99145,North,Gadget,811
99152,North,Doohickey,703
99175,North,Widget,501
99192,North,Doohickey,733
99194,North,Doohickey,772
99197,North,Doohickey,524
99201,North,Gadget,901
99213,North,Doohickey,826
99215,North,Gizmo,664
99218,North,Gadget,509
99224,North,Doohickey,691
99233,North,Doohickey,663
99234,North,Gadget,779
99252,North,Gadget,580
99253,North,Gadget,975
99263,North,Widget,805
99269,North,Gadget,702
99279,North,Gadget,894
99310,North,Doohickey,768
99318,North,Gadget,849
99323,North,Gizmo,656
99324,North,Widget,814
99332,North,Widget,834
99342,North,Gizmo,697
99343,North,Gadget,652
99355,North,Gadget,846
99369,North,Gizmo,723
99374,North,Gizmo,986
99378,North,Doohickey,777
99392,North,Gadget,978
99394,North,Gadget,640
99399,North,Doohickey,836
99413,North,Widget,660
99414,North,Gizmo,840
99453,North,Doohickey,753
99463,North,Gadget,625
99468,North,Widget,990
99476,North,Widget,911
99477,North,Doohickey,880
99492,North,Gizmo,993
99495,North,Widget,735
99497,North,Gadget,819
99524,North,Doohickey,792
99535,North,Gadget,886
99545,North,Doohickey,550
99556,North,Widget,890
99565,North,Gadget,579
99567,North,Doohickey,961
99576,North,Gadget,907
99582,North,Gadget,907
99590,North,Doohickey,989
99605,North,Gizmo,764
99610,North,Gadget,544
99612,North,Gizmo,809
99620,North,Gadget,598
99623,North,Gizmo,774
99655,North,Widget,706
99684,North,Gadget,773
99687,North,Gadget,685
99688,North,Gizmo,805
99695,North,Widget,818
99700,North,Gadget,847
99713,North,Gadget,596
99714,North,Gizmo,654
99719,North,Gizmo,971
99734,North,Doohickey,671
99753,North,Gizmo,971
99762,North,Gizmo,947
99767,North,Widget,896
99773,North,Gizmo,589
99784,North,Widget,961
99795,North,Gadget,825
99800,North,Gizmo,604
99807,North,Doohickey,527
99808,North,Doohickey,969
99816,North,Gadget,807
99817,North,Gadget,751
99822,North,Doohickey,964
99834,North,Gadget,838
99847,North,Widget,991
99851,North,Widget,922
99853,North,Doohickey,640
99865,North,Widget,980
99898,North,Gadget,815
99900,North,Widget,586
99905,North,Gizmo,782
99925,North,Gizmo,885
99948,North,Widget,645
99955,North,Gadget,891
99967,North,Gizmo,600
99969,North,Gadget,643
99996,North,Gizmo,792
100007,North,Doohickey,877
100014,North,Doohickey,705
100031,North,Doohickey,518
100034,North,Gizmo,646
100036,North,Gizmo,672
100045,North,Gizmo,909
100055,North,Gizmo,768
100063,North,Gadget,911
100065,North,Gizmo,687
100079,North,Widget,680
100086,North,Widget,714
100105,North,Gadget,907
100120,North,Gizmo,900
100121,North,Gadget,957
100123,North,Doohickey,993
100124,North,Widget,852
100146,North,Gadget,748
100151,North,Widget,960
100154,North,Gadget,758
100164,North,Widget,739
100180,North,Gadget,527
100181,North,Gadget,619
100183,North,Widget,505
100189,North,Gizmo,750
100204,North,Gizmo,941
100236,North,Doohickey,697
100239,North,Gizmo,711
100240,North,Gizmo,919
100242,North,Doohickey,935
100245,North,Gizmo,947
100247,North,Widget,811
100251,North,Gizmo,872
100263,North,Gizmo,874
100295,North,Gizmo,999
100325,North,Widget,634
100329,North,Widget,723
100330,North,Gizmo,769
100357,North,Doohickey,781
100361,North,Widget,524
100365,North,Gadget,674
100378,North,Widget,621
100414,North,Gizmo,614
100425,North,Doohickey,617
100426,North,Widget,578
100428,North,Widget,585
100443,North,Doohickey,911
100454,North,Doohickey,612
100465,North,Widget,665
100475,North,Doohickey,522
100477,North,Gadget,718
100481,North,Widget,793
100482,North,Gizmo,911
100488,North,Gizmo,967
100491,North,Gizmo,578
100497,North,Gadget,982
100505,North,Widget,559
100508,North,Gadget,944
100513,North,Widget,994
100520,North,Widget,744
100523,North,Doohickey,694
100524,North,Doohickey,973
100526,North,Gadget,877
100540,North,Widget,612
100543,North,Gizmo,717
100551,North,Gadget,911
100558,North,Widget,941
100571,North,Gadget,889
100581,North,Gadget,817
100592,North,Widget,749
100593,North,Widget,635
100607,North,Widget,869
100615,North,Gadget,840
100617,North,Gizmo,564
100631,North,Doohickey,793
100634,North,Gizmo,544
100641,North,Widget,851
100647,North,Doohickey,587
100656,North,Widget,919
100658,North,Gadget,505
100667,North,Widget,791
100674,North,Gadget,792
100679,North,Doohickey,918
100689,North,Gadget,994
100695,North,Doohickey,505
100699,North,Gadget,610
100702,North,Doohickey,639
100710,North,Gizmo,599
100714,North,Doohickey,637
100721,North,Widget,710
100723,North,Gizmo,917
100727,North,Widget,597
100737,North,Gizmo,710
100738,North,Gizmo,628
100750,North,Gizmo,778
100757,North,Gadget,537
100760,North,Widget,652
100764,North,Doohickey,622
100767,North,Gizmo,598
100783,North,Doohickey,687
100789,North,Widget,913
100790,North,Gizmo,928
100797,North,Gizmo,931
100800,North,Gizmo,627
100803,North,Gadget,958
100816,North,Doohickey,780
100817,North,Widget,702
100828,North,Doohickey,634
100832,North,Widget,925
100847,North,Gizmo,880
100852,North,Gizmo,853
100875,North,Gadget,567
100883,North,Widget,927
100895,North,Gadget,588
100910,North,Widget,967
100924,North,Gizmo,868
100930,North,Gizmo,811
100936,North,Doohickey,729
100937,North,Gizmo,661
100939,North,Gadget,917
100945,North,Widget,644
100964,North,Widget,692
100965,North,Gadget,529
100968,North,Gadget,756
100982,North,Gizmo,727
101005,North,Gizmo,885
101009,North,Gizmo,927
101017,North,Widget,673
101039,North,Gadget,969
101062,North,Gizmo,944
101070,North,Widget,899
101078,North,Gadget,706
101082,North,Gizmo,729
101107,North,Doohickey,787
101117,North,Gadget,602
101140,North,Gizmo,848
101158,North,Gadget,549
101172,North,Gadget,700
101180,North,Widget,956
101186,North,Gizmo,632
101189,North,Gizmo,830
101193,North,Gadget,990
101196,North,Gadget,827
101201,North,Doohickey,646
101209,North,Doohickey,840
101222,North,Widget,900
101227,North,Gadget,909
101229,North,Gadget,706
101242,North,Widget,991
101245,North,Doohickey,526
101249,North,Widget,637
101256,North,Widget,515
101257,North,Widget,606
101263,North,Gadget,507
101264,North,Gizmo,927
101293,North,Gizmo,548
101298,North,Doohickey,953
101305,North,Gadget,768
101309,North,Gadget,622
101314,North,Widget,766
101315,North,Widget,899
101330,North,Gadget,928
101342,North,Gizmo,582
101345,North,Widget,766
101351,North,Widget,537
101359,North,Gizmo,656
101361,North,Doohickey,1000
101364,North,Widget,521
101373,North,Doohickey,613
101375,North,Widget,607
101400,North,Gizmo,610
101406,North,Gadget,934
101408,North,Doohickey,703
101433,North,Gizmo,796
101468,North,Doohickey,672
101471,North,Doohickey,665
101472,North,Gadget,925
101486,North,Gadget,630
101499,North,Doohickey,799
101500,North,Gadget,936
101508,North,Gizmo,696
101510,North,Doohickey,765
101517,North,Doohickey,761
101532,North,Doohickey,794
101541,North,Widget,813
101544,North,Widget,702
101556,North,Doohickey,563
101586,North,Gadget,957
101590,North,Doohickey,801
101591,North,Gizmo,559
101592,North,Widget,720
101595,North,Doohickey,513
101608,North,Gizmo,620
101617,North,Gizmo,739
101626,North,Doohickey,977
101628,North,Widget,530
101634,North,Doohickey,753
101655,North,Gizmo,699
101661,North,Doohickey,545
101670,North,Doohickey,751
101674,North,Gadget,997
101675,North,Gizmo,925
101681,North,Gizmo,960
101682,North,Gizmo,625
101684,North,Doohickey,575
101686,North,Gizmo,992
101691,North,Widget,852
101695,North,Gadget,550
101701,North,Gadget,818
101716,North,Doohickey,966
101734,North,Widget,538
101739,North,Gadget,589
101752,North,Gizmo,507
101787,North,Widget,627
101789,North,Gizmo,798
101795,North,Widget,933
101801,North,Doohickey,901
101805,North,Gadget,980
101810,North,Gadget,728
101814,North,Gizmo,873
101816,North,Widget,662
101823,North,Gizmo,903
101824,North,Widget,861
101829,North,Widget,629
101831,North,Gizmo,897
101836,North,Gadget,986
101840,North,Gadget,663
101859,North,Widget,882
101861,North,Doohickey,670
101876,North,Doohickey,991
101893,North,Widget,748
101894,North,Gadget,936
101896,North,Doohickey,560
101900,North,Gadget,571
101901,North,Gizmo,735
101902,North,Doohickey,514
101905,North,Gadget,994
101911,North,Doohickey,651
101920,North,Gizmo,928
101928,North,Gizmo,708
101939,North,Gadget,877
101942,North,Doohickey,836
101944,North,Gizmo,622
101951,North,Doohickey,737
101963,North,Gizmo,978
101970,North,Gadget,647
101971,North,Gadget,525
101978,North,Gadget,927
101983,North,Gizmo,911
101987,North,Gadget,701
102000,North,Widget,610
102002,North,Doohickey,637
102003,North,Widget,530
102014,North,Doohickey,766
102018,North,Gizmo,819
102019,North,Doohickey,501
102021,North,Gizmo,629
102024,North,Gizmo,984
102030,North,Gadget,662
102031,North,Gizmo,723
102043,North,Widget,964
102048,North,Doohickey,607
102060,North,Widget,964
102064,North,Gizmo,777
102068,North,Gadget,738
102071,North,Gizmo,579
102086,North,Gadget,735
102087,North,Gadget,618
102088,North,Gizmo,661
102090,North,Doohickey,787
102099,North,Gadget,818
102102,North,Gadget,971
102111,North,Gizmo,856
102125,North,Doohickey,659
102127,North,Gizmo,819
102133,North,Widget,818
102147,North,Doohickey,525
102150,North,Doohickey,697
102160,North,Widget,776
102168,North,Widget,735
102195,North,Doohickey,869
102199,North,Gadget,931
102202,North,Doohickey,657
102204,North,Doohickey,509
102228,North,Gadget,873
102229,North,Doohickey,676
102235,North,Widget,664
102238,North,Doohickey,738
102251,North,Doohickey,928
102252,North,Gizmo,992
102253,North,Doohickey,865
102260,North,Widget,675
102273,North,Widget,505
102274,North,Gadget,680
102276,North,Gizmo,630
102287,North,Doohickey,964
102305,North,Doohickey,540
102308,North,Doohickey,853
102309,North,Gizmo,909
102310,North,Gizmo,824
102311,North,Gadget,885
102312,North,Widget,530
102343,North,Widget,625
102348,North,Doohickey,645
102363,North,Widget,625
102371,North,Doohickey,524
102374,North,Gadget,952
102375,North,Gizmo,530
102377,North,Gadget,934
102378,North,Doohickey,755
102379,North,Gadget,969
102387,North,Doohickey,840
102391,North,Gadget,747
102406,North,Widget,690
102437,North,Doohickey,876
102439,North,Widget,855
102446,North,Gizmo,788
102468,North,Gizmo,961
102470,North,Doohickey,769
102472,North,Gadget,744
102474,North,Gadget,998
102482,North,Widget,529
102485,North,Gizmo,851
102498,North,Doohickey,627
102500,North,Gizmo,989
102513,North,Widget,797
102515,North,Gizmo,939
102517,North,Widget,722
102522,North,Widget,902
102525,North,Gizmo,689
102542,North,Doohickey,674
102543,North,Gadget,802
102551,North,Gadget,678
102559,North,Doohickey,635
102561,North,Doohickey,843
102564,North,Widget,835
102572,North,Gizmo,587
102582,North,Gizmo,666
102591,North,Gizmo,641
102594,North,Widget,771
102602,North,Doohickey,973
102608,North,Gizmo,795
102612,North,Gizmo,958
102627,North,Gadget,988
102636,North,Widget,665
102642,North,Gadget,711
102663,North,Gadget,743
102666,North,Doohickey,877
102671,North,Gadget,682
102674,North,Widget,522
102684,North,Widget,883
102690,North,Gizmo,947
102710,North,Widget,805
102712,North,Doohickey,731
102720,North,Gizmo,677
102722,North,Gadget,760
102736,North,Widget,599
102740,North,Doohickey,977
102745,North,Gadget,977
102751,North,Gadget,521
102756,North,Gizmo,980
102758,North,Gizmo,751
102775,North,Widget,919
102787,North,Doohickey,730
102791,North,Gizmo,994
102798,North,Doohickey,597
102804,North,Gizmo,776
102810,North,Doohickey,886
102822,North,Doohickey,994
102826,North,Doohickey,852
102854,North,Doohickey,533
102856,North,Gadget,712
102863,North,Gizmo,725
102867,North,Gizmo,894
102869,North,Gadget,782
102874,North,Gadget,701
102879,North,Widget,599
102888,North,Doohickey,932
102889,North,Doohickey,901
102891,North,Doohickey,999
102893,North,Gizmo,674
102896,North,Gizmo,581
102900,North,Gadget,701
102906,North,Gizmo,684
102911,North,Doohickey,711
102919,North,Widget,951
102921,North,Doohickey,969
102923,North,Gadget,852
102925,North,Gadget,721
102926,North,Widget,513
102936,North,Gizmo,697
102978,North,Doohickey,632
103004,North,Widget,850
103005,North,Gizmo,625
103018,North,Widget,714
103035,North,Doohickey,810
103037,North,Gadget,992
103040,North,Doohickey,859
103041,North,Doohickey,702
103060,North,Gadget,761
103065,North,Gizmo,961
103071,North,Gizmo,919
103101,North,Gizmo,860
103123,North,Gadget,797
103129,North,Gadget,872
103138,North,Gadget,571
103144,North,Gizmo,976
103147,North,Widget,622
103171,North,Doohickey,828
103181,North,Gadget,797
103187,North,Gadget,968
103188,North,Gizmo,818
103196,North,Doohickey,823
103215,North,Gizmo,638
103216,North,Doohickey,735
103226,North,Widget,796
103236,North,Widget,911
103241,North,Widget,944
103257,North,Widget,695
103269,North,Doohickey,977
103273,North,Gizmo,768
103275,North,Widget,917
103278,North,Widget,580
103284,North,Gadget,990
103286,North,Widget,595
103292,North,Doohickey,535
103304,North,Doohickey,977
103307,North,Widget,932
103308,North,Doohickey,536
103311,North,Widget,990
103313,North,Widget,646
103317,North,Widget,930
103318,North,Gizmo,801
103344,North,Doohickey,959
103347,North,Doohickey,570
103358,North,Doohickey,639
103363,North,Gadget,911
103365,North,Gadget,575
103384,North,Doohickey,630
103391,North,Widget,857
103397,North,Gizmo,944
103400,North,Doohickey,876
103408,North,Gadget,737
103414,North,Gadget,727
103418,North,Gizmo,527
103425,North,Widget,787
103428,North,Gadget,839
103430,North,Widget,830
103433,North,Widget,963
103444,North,Widget,941
103447,North,Gadget,784
103458,North,Gizmo,555
103462,North,Widget,811
103463,North,Doohickey,624
103464,North,Gizmo,509
103478,North,Gadget,768
103483,North,Widget,982
103489,North,Gizmo,573
103494,North,Gadget,850
103521,North,Gizmo,811
103522,North,Gizmo,941
103527,North,Gadget,894
103543,North,Gizmo,856
103546,North,Gadget,852
103554,North,Gadget,834
103567,North,Widget,552
103582,North,Doohickey,519
103603,North,Gadget,867
103608,North,Gadget,948
103613,North,Widget,833
103623,North,Doohickey,918
103624,North,Doohickey,652
103650,North,Gadget,743
103657,North,Doohickey,530
103658,North,Doohickey,584
103661,North,Gadget,982
103672,North,Doohickey,757
103685,North,Widget,674
103695,North,Widget,891
103697,North,Widget,639
103706,North,Gadget,740
103708,North,Gizmo,530
103724,North,Doohickey,665
103737,North,Gadget,729
103741,North,Gizmo,505
103746,North,Gadget,849
103775,North,Widget,642
103786,North,Doohickey,590
103787,North,Widget,730
103788,North,Doohickey,742
103796,North,Widget,535
103799,North,Gadget,807
103815,North,Gizmo,880
103823,North,Gizmo,626
103826,North,Widget,542
103844,North,Gadget,699
103846,North,Widget,620
103867,North,Gizmo,699
103870,North,Gadget,997
103876,North,Widget,761
103885,North,Gadget,602
103897,North,Widget,647
103939,North,Gadget,636
103946,North,Doohickey,760
103950,North,Gizmo,532
103955,North,Doohickey,552
103969,North,Doohickey,849
103972,North,Gadget,582
103974,North,Gizmo,573
103975,North,Doohickey,527
103983,North,Widget,515
103984,North,Doohickey,788
103989,North,Widget,706
103991,North,Widget,745
103993,North,Doohickey,980
104011,North,Widget,956
104016,North,Gizmo,580
104019,North,Gizmo,716
104029,North,Gadget,566
104040,North,Widget,828
104046,North,Gadget,882
104054,North,Gadget,855
104060,North,Widget,667
104068,North,Widget,590
104070,North,Doohickey,966
104076,North,Gadget,779
104079,North,Widget,947
104082,North,Gadget,609
104095,North,Doohickey,725
104097,North,Gizmo,641
104100,North,Gizmo,589
104109,North,Gizmo,806
104117,North,Doohickey,985
104119,North,Widget,727
104127,North,Widget,953
104130,North,Gizmo,859
104135,North,Gizmo,889
104140,North,Gizmo,505
104142,North,Doohickey,835
104144,North,Gizmo,842
104146,North,Gizmo,565
104163,North,Widget,679
104180,North,Gizmo,639
104184,North,Doohickey,514
104213,North,Gizmo,882
104217,North,Gizmo,617
104228,North,Widget,647
104241,North,Widget,992
104242,North,Widget,919
104253,North,Gizmo,969
104269,North,Doohickey,633
104271,North,Gizmo,647
104287,North,Doohickey,667
104288,North,Widget,794
104293,North,Doohickey,821
104295,North,Gizmo,816
104298,North,Gadget,710
104310,North,Doohickey,942
104319,North,Widget,711
104331,North,Widget,803
104332,North,Doohickey,567
104350,North,Doohickey,931
104365,North,Widget,659
104385,North,Gizmo,919
104392,North,Widget,844
104394,North,Doohickey,563
104398,North,Gizmo,563
104403,North,Gadget,667
104405,North,Doohickey,889
104406,North,Widget,655
104423,North,Widget,844
104432,North,Widget,917
104439,North,Widget,956
104449,North,Gizmo,605
104470,North,Gizmo,994
104474,North,Doohickey,997
104476,North,Widget,551
104478,North,Gadget,521
104487,North,Doohickey,511
104493,North,Gizmo,839
104506,North,Doohickey,989
104512,North,Widget,791
104524,North,Gadget,948
104529,North,Gadget,660
104530,North,Gadget,991
104531,North,Widget,710
104539,North,Widget,811
104540,North,Gizmo,515
104542,North,Widget,623
104545,North,Gizmo,977
104557,North,Gizmo,651
104560,North,Gadget,762
104563,North,Gadget,923
104570,North,Gizmo,942
104579,North,Widget,796
104580,North,Doohickey,909
104596,North,Widget,512
104601,North,Doohickey,579
104606,North,Widget,550
104613,North,Gadget,784
104619,North,Doohickey,776
104626,North,Widget,514
104630,North,Gadget,517
104637,North,Gadget,946
104645,North,Widget,585
104651,North,Doohickey,711
104664,North,Widget,950
104667,North,Doohickey,595
104686,North,Gizmo,544
104691,North,Gadget,656
104698,North,Gadget,985
104701,North,Doohickey,913
104704,North,Widget,660
104709,North,Gizmo,944
104721,North,Gizmo,680
104732,North,Widget,858
104743,North,Gizmo,831
104745,North,Gadget,621
104764,North,Gadget,692
104784,North,Doohickey,532
104790,North,Doohickey,572
104797,North,Gadget,608
104803,North,Gadget,696
104816,North,Doohickey,923
104829,North,Gizmo,532
104841,North,Gadget,939
104842,North,Widget,549
104862,North,Gizmo,873
104864,North,Doohickey,983
104871,North,Gizmo,534
104874,North,Gizmo,721
104884,North,Gizmo,858
104916,North,Gizmo,872
104918,North,Gizmo,666
104932,North,Gadget,873
104934,North,Gizmo,718
104936,North,Widget,508
104952,North,Doohickey,880
104971,North,Gadget,868
104972,North,Gizmo,814
104982,North,Doohickey,543
104992,North,Widget,844
104995,North,Doohickey,576
105005,North,Gadget,593
105027,North,Gizmo,947
105034,North,Gizmo,775
105041,North,Doohickey,752
105072,North,Gizmo,977
105074,North,Gadget,633
105091,North,Doohickey,760
105107,North,Gizmo,956
105111,North,Gadget,636
105115,North,Gadget,708
105117,North,Doohickey,691
105120,North,Gizmo,657
105139,North,Widget,720
105149,North,Widget,533
105154,North,Doohickey,918
105181,North,Gadget,809
105191,North,Doohickey,574
105192,North,Widget,773
105197,North,Gizmo,799
105198,North,Widget,548
105204,North,Widget,597
105219,North,Gizmo,927
105220,North,Widget,672
105227,North,Widget,833
105238,North,Widget,915
105241,North,Doohickey,729
105245,North,Gadget,906
105247,North,Widget,563
105257,North,Widget,984
105260,North,Gadget,759
105274,North,Gadget,939
105290,North,Doohickey,640
105293,North,Gadget,501
105299,North,Widget,953
105308,North,Doohickey,600
105329,North,Widget,567
105330,North,Doohickey,567
105332,North,Widget,798
105337,North,Gadget,514
105346,North,Gadget,687
105373,North,Gizmo,814
105375,North,Gadget,834
105384,North,Gizmo,750
105394,North,Gadget,963
105400,North,Widget,551
105408,North,Gadget,696
105422,North,Gizmo,919
105423,North,Widget,621
105436,North,Widget,766
105442,North,Doohickey,833
105447,North,Doohickey,988
105455,North,Doohickey,722
105479,North,Gadget,584
105497,North,Doohickey,658
105511,North,Widget,925
105530,North,Widget,873
105533,North,Widget,574
105560,North,Gadget,633
105574,North,Widget,939
105578,North,Widget,932
105579,North,Gizmo,818
105589,North,Gadget,831
105595,North,Gadget,918
105596,North,Doohickey,757
105600,North,Doohickey,540
105601,North,Gadget,861
105615,North,Gizmo,581
105618,North,Gadget,664
105620,North,Gizmo,803
105622,North,Doohickey,592
105626,North,Doohickey,588
105638,North,Gadget,559
105640,North,Widget,847
105641,North,Gadget,925
105668,North,Doohickey,522
105676,North,Gadget,702
105684,North,Gizmo,608
105685,North,Gizmo,773
105689,North,Gadget,776
105691,North,Gadget,892
105693,North,Doohickey,570
105695,North,Gizmo,839
105701,North,Widget,905
105703,North,Gizmo,935
105706,North,Gadget,607
105709,North,Doohickey,528
105715,North,Doohickey,566
105719,North,Widget,919
105720,North,Doohickey,737
105725,North,Gadget,736
105728,North,Gadget,994
105729,North,Widget,748
105735,North,Doohickey,706
105742,North,Widget,642
105760,North,Gizmo,791
105763,North,Widget,552
105766,North,Gizmo,944
105774,North,Doohickey,525
105785,North,Doohickey,890
105819,North,Gadget,736
105830,North,Widget,505
105831,North,Gadget,519
105834,North,Gizmo,675
105836,North,Gizmo,621
105838,North,Gizmo,750
105850,North,Gadget,676
105853,North,Gizmo,984
105856,North,Doohickey,703
105875,North,Doohickey,718
105881,North,Doohickey,754
105884,North,Widget,652
105887,North,Doohickey,721
105888,North,Doohickey,615
105889,North,Doohickey,673
105896,North,Widget,735
105907,North,Doohickey,663
105913,North,Doohickey,611
105917,North,Doohickey,611
105928,North,Doohickey,693
105939,North,Gadget,816
105940,North,Widget,637
105945,North,Gadget,644
105957,North,Doohickey,986
105967,North,Doohickey,918
105974,North,Doohickey,678
105979,North,Widget,902
105993,North,Widget,891
106005,North,Gadget,670
106016,North,Gizmo,972
106029,North,Gadget,877
106040,North,Doohickey,530
106045,North,Gizmo,656
106048,North,Doohickey,668
106060,North,Widget,869
106062,North,Gizmo,520
106066,North,Gadget,608
106089,North,Gizmo,784
106097,North,Gizmo,577
106106,North,Gizmo,618
106117,North,Widget,888
106118,North,Widget,722
106128,North,Doohickey,646
106144,North,Gadget,864
106150,North,Gadget,774
106156,North,Doohickey,902
106157,North,Doohickey,833
106158,North,Gadget,521
106166,North,Gizmo,555
106173,North,Gizmo,884
106182,North,Doohickey,893
106184,North,Doohickey,950
106189,North,Gizmo,615
106218,North,Gadget,544
106223,North,Gadget,636
106231,North,Gadget,963
106234,North,Doohickey,842
106235,North,Widget,611
106247,North,Doohickey,795
106252,North,Gadget,560
106266,North,Gizmo,914
106272,North,Gadget,810
106280,North,Gizmo,602
106290,North,Widget,886
106295,North,Gizmo,578
106302,North,Gizmo,736
106306,North,Widget,573
106311,North,Gadget,952
106316,North,Gizmo,809
106319,North,Gadget,746
106328,North,Widget,981
106335,North,Gizmo,932
106337,North,Widget,642
106339,North,Gadget,589
106358,North,Gadget,551
106364,North,Gizmo,685
106382,North,Widget,757
106389,North,Gadget,583
106393,North,Gizmo,544
106401,North,Widget,695
106404,North,Gadget,990
106405,North,Gadget,802
106430,North,Gadget,642
106465,North,Widget,963
106477,North,Doohickey,513
106484,North,Gizmo,521
106491,North,Gadget,658
106504,North,Gizmo,591
106510,North,Gadget,571
106525,North,Widget,608
106532,North,Doohickey,971
106543,North,Gizmo,809
106548,North,Widget,835
106557,North,Gizmo,986
106558,North,Widget,864
106561,North,Gadget,989
106568,North,Doohickey,763
106602,North,Gizmo,730
106618,North,Gadget,936
106626,North,Widget,745
106639,North,Gizmo,683
106650,North,Gizmo,777
106651,North,Widget,826
106652,North,Gizmo,757
106670,North,Gadget,958
106675,North,Gadget,601
106680,North,Widget,666
106694,North,Doohickey,523
106729,North,Widget,681
106736,North,Widget,958
106737,North,Gadget,607
106744,North,Gizmo,894
106755,North,Widget,561
106763,North,Gadget,563
106770,North,Doohickey,508
106788,North,Gizmo,965
106791,North,Doohickey,591
106802,North,Doohickey,685
106809,North,Gadget,715
106818,North,Widget,715
106819,North,Widget,911
106822,North,Doohickey,707
106824,North,Doohickey,613
106829,North,Gadget,653
106844,North,Widget,857
106850,North,Gizmo,550
106855,North,Gadget,849
106863,North,Gadget,853
106884,North,Doohickey,760
106887,North,Doohickey,914
106894,North,Gadget,733
106895,North,Doohickey,585
106899,North,Widget,991
106902,North,Doohickey,597
106912,North,Widget,595
106913,North,Gizmo,518
106920,North,Gadget,808
106933,North,Gizmo,869
106940,North,Doohickey,742
106956,North,Gizmo,801
106966,North,Widget,665
106971,North,Gizmo,757
106981,North,Gadget,856
106999,North,Widget,792
107003,North,Widget,620
107019,North,Doohickey,896
107021,North,Gadget,581
107024,North,Doohickey,946
107026,North,Doohickey,961
107027,North,Gadget,621
107028,North,Gizmo,602
107048,North,Gizmo,724
107050,North,Gizmo,930
107055,North,Widget,716
107058,North,Gizmo,670
107059,North,Gizmo,935
107073,North,Gizmo,869
107087,North,Gadget,869
107100,North,Widget,911
107102,North,Doohickey,907
107108,North,Doohickey,708
107109,North,Gizmo,678
107119,North,Widget,623
107125,North,Widget,721
107135,North,Doohickey,802
107148,North,Doohickey,833
107175,North,Widget,809
107184,North,Gizmo,678
107186,North,Gizmo,720
107198,North,Gadget,766
107200,North,Gadget,834
107202,North,Gadget,827
107210,North,Gizmo,638
107228,North,Gadget,805
107234,North,Widget,589
107246,North,Widget,650
107250,North,Doohickey,832
107300,North,Doohickey,784
107318,North,Widget,701
107322,North,Doohickey,555
107327,North,Doohickey,866
107347,North,Gizmo,846
107349,North,Doohickey,589
107362,North,Gizmo,522
107385,North,Widget,807
107394,North,Gadget,557
107414,North,Gizmo,884
107431,North,Gadget,815
107452,North,Gadget,981
107468,North,Gadget,688
107489,North,Gadget,692
107493,North,Gizmo,931
107497,North,Gizmo,632
107530,North,Widget,663
107532,North,Widget,813
107536,North,Doohickey,534
107540,North,Gizmo,919
107545,North,Gizmo,876
107567,North,Doohickey,505
107569,North,Gizmo,824
107572,North,Widget,770
107578,North,Doohickey,915
107579,North,Doohickey,760
107580,North,Doohickey,998
107583,North,Doohickey,927
107592,North,Gizmo,569
107612,North,Doohickey,810
107617,North,Widget,678
107623,North,Gizmo,516
107651,North,Gadget,955
107652,North,Gizmo,694
107657,North,Gizmo,952
107660,North,Gadget,703
107666,North,Gadget,685
107678,North,Gizmo,559
107695,North,Gadget,781
107698,North,Doohickey,898
107709,North,Doohickey,700
107718,North,Doohickey,814
107722,North,Doohickey,685
107732,North,Gadget,823
107737,North,Gadget,641
107743,North,Gizmo,782
107776,North,Gadget,709
107779,North,Gizmo,872
107782,North,Widget,839
107783,North,Widget,539
107795,North,Doohickey,613
107798,North,Doohickey,518
107800,North,Gadget,526
107816,North,Widget,674
107819,North,Doohickey,921
107826,North,Gadget,574
107840,North,Widget,519
107846,North,Gizmo,918
107855,North,Gizmo,918
107907,North,Gizmo,657
107916,North,Widget,898
107925,North,Gadget,754
107928,North,Gadget,876
107931,North,Gadget,686
107944,North,Doohickey,996
107972,North,Gadget,833
107980,North,Gadget,651
107985,North,Widget,603
107986,North,Widget,778
107989,North,Doohickey,816
108000,North,Gizmo,721
108008,North,Gadget,565
108009,North,Gadget,608
108013,North,Widget,890
108019,North,Widget,996
108048,North,Doohickey,726
108071,North,Widget,959
108074,North,Widget,690
108080,North,Gadget,689
108082,North,Widget,600
108092,North,Widget,709
108095,North,Gadget,545
108098,North,Gizmo,688
108104,North,Widget,999
108107,North,Doohickey,799
108109,North,Gadget,801
108110,North,Doohickey,677
108115,North,Gadget,511
108119,North,Gadget,634
108133,North,Widget,635
108135,North,Widget,889
108136,North,Gizmo,653
108140,North,Gizmo,565
108142,North,Doohickey,738
108168,North,Widget,520
108195,North,Doohickey,925
108196,North,Doohickey,823
108204,North,Doohickey,780
108219,North,Gadget,986
108221,North,Gadget,541
108226,North,Widget,873
108237,North,Gizmo,547
108239,North,Gadget,514
108255,North,Gizmo,676
108270,North,Gadget,960
108271,North,Gizmo,876
108272,North,Gadget,554
108276,North,Widget,901
108281,North,Gizmo,619
108283,North,Gadget,646
108298,North,Gizmo,971
108304,North,Gizmo,941
108319,North,Doohickey,586
108326,North,Gizmo,608
108343,North,Gizmo,816
108350,North,Doohickey,606
108362,North,Widget,994
108366,North,Gadget,914
108370,North,Doohickey,849
108371,North,Doohickey,759
108379,North,Widget,511
108380,North,Gadget,916
108385,North,Gadget,558
108409,North,Doohickey,609
108411,North,Widget,825
108413,North,Widget,602
108416,North,Doohickey,924
108425,North,Gizmo,571
108427,North,Gadget,796
108434,North,Gizmo,736
108448,North,Gadget,814
108473,North,Doohickey,819
108476,North,Doohickey,656
108481,North,Doohickey,698
108488,North,Gizmo,781
108490,North,Widget,983
108508,North,Gizmo,786
108513,North,Gizmo,532
108520,North,Gadget,627
108525,North,Widget,719
108533,North,Doohickey,806
108551,North,Doohickey,980
108556,North,Gadget,893
108564,North,Gizmo,522
108566,North,Gizmo,588
108594,North,Gadget,791
108596,North,Doohickey,550
108600,North,Doohickey,504
108603,North,Gadget,612
108610,North,Gizmo,511
108635,North,Gizmo,927
108648,North,Doohickey,977
108652,North,Doohickey,806
108661,North,Doohickey,617
108662,North,Gizmo,758
108665,North,Widget,627
108672,North,Widget,949
108674,North,Gadget,536
108681,North,Doohickey,835
108694,North,Doohickey,680
108700,North,Gizmo,562
108702,North,Gadget,692
108709,North,Gadget,644
108721,North,Gadget,806
108723,North,Widget,810
108737,North,Doohickey,911
108744,North,Widget,770
108760,North,Gizmo,756
108768,North,Widget,749
108776,North,Doohickey,525
108781,North,Gadget,570
108782,North,Gadget,831
108784,North,Gizmo,587
108785,North,Gadget,638
108797,North,Gadget,747
108799,North,Gadget,950
108809,North,Gadget,936
108814,North,Widget,994
108821,North,Gizmo,715
108831,North,Doohickey,767
108838,North,Gizmo,755
108844,North,Doohickey,990
108847,North,Gizmo,675
108860,North,Gadget,717
108877,North,Doohickey,727
108888,North,Widget,530
108895,North,Widget,797
108898,North,Gizmo,610
108920,North,Gadget,607
108923,North,Widget,950
108932,North,Widget,565
108933,North,Gizmo,635
108934,North,Widget,688
108939,North,Gadget,689
108942,North,Gizmo,611
108967,North,Widget,592
108970,North,Gadget,852
108973,North,Doohickey,597
108987,North,Widget,818
108995,North,Doohickey,814
109018,North,Gadget,898
109027,North,Gadget,543
109041,North,Gadget,522
109054,North,Gizmo,519
109055,North,Gizmo,715
109059,North,Gadget,713
109064,North,Doohickey,567
109080,North,Gadget,794
109093,North,Doohickey,827
109113,North,Doohickey,865
109145,North,Doohickey,622
109148,North,Gadget,693
109160,North,Widget,758
109174,North,Widget,588
109183,North,Gadget,542
109184,North,Doohickey,742
109186,North,Gizmo,587
109193,North,Widget,564
109199,North,Doohickey,532
109200,North,Gizmo,529
109208,North,Doohickey,818
109212,North,Gadget,907
109214,North,Gadget,667
109221,North,Widget,876
109223,North,Gadget,572
109232,North,Gizmo,728
109243,North,Doohickey,603
109246,North,Gadget,791
109253,North,Widget,964
109255,North,Gadget,551
109264,North,Widget,533
109281,North,Gizmo,943
109297,North,Gizmo,753
109303,North,Gizmo,633
109328,North,Gizmo,731
109342,North,Doohickey,615
109345,North,Gizmo,952
109348,North,Gadget,753
109373,North,Gizmo,720
109379,North,Doohickey,634
109386,North,Doohickey,563
109388,North,Gizmo,660
109390,North,Gizmo,613
109393,North,Gadget,758
109406,North,Gadget,550
109410,North,Gizmo,529
109466,North,Gadget,719
109470,North,Widget,844
109474,North,Widget,618
109475,North,Widget,688
109477,North,Widget,888
109494,North,Widget,532
109500,North,Doohickey,612
109513,North,Gizmo,773
109523,North,Gizmo,604
109535,North,Gizmo,753
109552,North,Doohickey,574
109554,North,Widget,769
109560,North,Gizmo,659
109561,North,Gadget,875
109571,North,Widget,620
109573,North,Gizmo,967
109576,North,Widget,865
109584,North,Doohickey,509
109599,North,Gadget,811
109603,North,Gizmo,627
109610,North,Doohickey,967
109611,North,Widget,952
109617,North,Gadget,811
109620,North,Widget,897
109629,North,Widget,723
109639,North,Widget,608
109651,North,Gadget,602
109663,North,Widget,751
109669,North,Doohickey,674
109671,North,Widget,635
109678,North,Widget,996
109686,North,Gizmo,930
109688,North,Gadget,855
109704,North,Gadget,810
109705,North,Doohickey,575
109720,North,Gizmo,796
109730,North,Gadget,911
109738,North,Widget,649
109741,North,Gadget,833
109744,North,Gadget,844
109752,North,Doohickey,518
109757,North,Doohickey,898
109759,North,Gadget,632
109760,North,Gadget,610
109761,North,Gadget,572
109767,North,Gizmo,740
109772,North,Gadget,992
109773,North,Doohickey,828
109791,North,Gizmo,559
109798,North,Widget,728
109799,North,Gadget,883
109802,North,Gizmo,504
109808,North,Widget,758
109816,North,Gadget,711
109821,North,Widget,549
109831,North,Doohickey,888
109836,North,Gizmo,768
109844,North,Gadget,889
109856,North,Gadget,550
109865,North,Gizmo,725
109881,North,Widget,591
109886,North,Widget,861
109894,North,Widget,623
109900,North,Widget,875
109906,North,Widget,525
109936,North,Doohickey,639
109940,North,Doohickey,902
109944,North,Gadget,600
109949,North,Gadget,548
109953,North,Widget,700
109960,North,Widget,593
109963,North,Doohickey,726
109975,North,Doohickey,711
109983,North,Doohickey,591
109993,North,Doohickey,667
109998,North,Gizmo,819
110002,North,Doohickey,694
110004,North,Gadget,981
110006,North,Gadget,565
110014,North,Widget,994
110015,North,Doohickey,633
110031,North,Gadget,792
110039,North,Gizmo,786
110043,North,Doohickey,1000
110045,North,Gadget,569
110047,North,Gadget,803
110055,North,Gadget,819
110057,North,Doohickey,871
110064,North,Widget,933
110082,North,Gadget,689
110083,North,Doohickey,680
110091,North,Doohickey,636
110096,North,Doohickey,706
110102,North,Widget,902
110103,North,Doohickey,713
110104,North,Widget,827
110108,North,Gadget,712
110111,North,Gizmo,714
110118,North,Widget,782
110127,North,Gadget,656
110137,North,Gadget,694
110142,North,Doohickey,551
110151,North,Gadget,927
110153,North,Doohickey,684
110157,North,Gizmo,939
110164,North,Gadget,858
110175,North,Gadget,505
110182,North,Gadget,980
110187,North,Widget,614
110189,North,Gizmo,728
110190,North,Doohickey,831
110194,North,Gadget,711
110202,North,Widget,885
110226,North,Widget,708
110227,North,Gadget,948
110231,North,Doohickey,774
110238,North,Gadget,523
110240,North,Gizmo,575
110242,North,Doohickey,513
110259,North,Gadget,817
110261,North,Gizmo,570
110268,North,Doohickey,577
110296,North,Doohickey,921
110301,North,Gizmo,710
110309,North,Doohickey,605
110310,North,Doohickey,936
110320,North,Gizmo,514
110348,North,Doohickey,519
110349,North,Doohickey,649
110378,North,Widget,868
110380,North,Doohickey,796
110402,North,Doohickey,851
110410,North,Widget,852
110425,North,Gadget,957
110435,North,Gadget,672
110437,North,Widget,963
110438,North,Doohickey,554
110439,North,Gadget,990
110452,North,Doohickey,576
110461,North,Doohickey,697
110468,North,Doohickey,863
110483,North,Doohickey,686
110489,North,Gizmo,916
110513,North,Gizmo,522
110520,North,Gadget,876
110527,North,Gadget,819
110540,North,Gadget,582
110552,North,Doohickey,722
110557,North,Widget,894
110578,North,Gizmo,553
110580,North,Gizmo,662
110584,North,Doohickey,677
110598,North,Doohickey,742
110606,North,Widget,768
110623,North,Widget,586
110633,North,Widget,951
110659,North,Doohickey,896
110663,North,Gizmo,515
110667,North,Widget,594
110679,North,Gadget,580
110706,North,Widget,909
110710,North,Gadget,576
110711,North,Widget,875
110713,North,Gizmo,989
110714,North,Widget,911
110717,North,Doohickey,928
110728,North,Doohickey,552
110757,North,Gizmo,592
110770,North,Gizmo,592
110777,North,Gadget,840
110783,North,Gadget,815
110786,North,Widget,940
110793,North,Doohickey,618
110797,North,Gizmo,612
110805,North,Widget,635
110812,North,Widget,977
110816,North,Gadget,512
110817,North,Gizmo,699
110818,North,Doohickey,725
110819,North,Gizmo,529
110824,North,Gadget,569
110841,North,Gizmo,637
110848,North,Widget,982
110856,North,Doohickey,924
110859,North,Doohickey,715
110861,North,Widget,928
110871,North,Widget,603
110876,North,Gadget,613
110894,North,Doohickey,754
110895,North,Widget,574
110898,North,Gizmo,953
110900,North,Gadget,681
110907,North,Widget,616
110908,North,Widget,775
110912,North,Doohickey,977
110931,North,Gizmo,625
110935,North,Doohickey,596
110941,North,Gadget,654
110942,North,Gadget,794
110952,North,Doohickey,787
110961,North,Gizmo,835
110987,North,Gadget,986
110994,North,Widget,610
110997,North,Doohickey,722
110999,North,Doohickey,721
111004,North,Gadget,681
111020,North,Gadget,712
111023,North,Doohickey,903
111059,North,Gizmo,877
111060,North,Widget,586
111079,North,Widget,989
111083,North,Gizmo,537
111092,North,Gizmo,787
111109,North,Gadget,775
111112,North,Gizmo,701
111117,North,Gizmo,789
111132,North,Gizmo,877
111143,North,Gizmo,956
111148,North,Doohickey,586
111150,North,Gizmo,726
111177,North,Gizmo,575
111180,North,Gadget,587
111186,North,Widget,776
111206,North,Gadget,634
111223,North,Gizmo,659
111229,North,Gizmo,534
111244,North,Doohickey,643
111247,North,Gizmo,889
111272,North,Gizmo,526
111296,North,Gadget,971
111301,North,Widget,850
111304,North,Gadget,685
111312,North,Doohickey,501
111315,North,Gadget,927
111320,North,Gizmo,935
111321,North,Doohickey,792
111323,North,Doohickey,765
111343,North,Widget,505
111345,North,Gadget,523
111366,North,Doohickey,643
111373,North,Widget,856
111392,North,Widget,745
111396,North,Gadget,768
111397,North,Gizmo,759
111407,North,Doohickey,602
111409,North,Gadget,540
111413,North,Gizmo,873
111444,North,Gizmo,581
111450,North,Doohickey,896
111456,North,Gadget,613
111460,North,Gadget,994
111464,North,Gadget,790
111468,North,Gadget,772
111476,North,Gizmo,671
111487,North,Gadget,586
111507,North,Gadget,702
111510,North,Gizmo,943
111515,North,Doohickey,705
111517,North,Widget,869
111523,North,Widget,894
111528,North,Widget,667
111532,North,Gadget,505
111545,North,Widget,994
111551,North,Widget,521
111554,North,Doohickey,956
111564,North,Gadget,860
111569,North,Doohickey,511
111570,North,Doohickey,877
111573,North,Gadget,982
111575,North,Gizmo,533
111587,North,Gizmo,939
111588,North,Doohickey,662
111612,North,Widget,811
111634,North,Widget,560
111637,North,Gizmo,672
111638,North,Doohickey,875
111643,North,Gizmo,713
111650,North,Widget,783
111656,North,Widget,917
111660,North,Doohickey,822
111664,North,Gadget,961
111667,North,Widget,617
111682,North,Widget,836
111687,North,Doohickey,703
111690,North,Gadget,986
111699,North,Doohickey,563
111702,North,Doohickey,621
111715,North,Gadget,757
111724,North,Doohickey,779
111734,North,Doohickey,543
111738,North,Doohickey,723
111741,North,Doohickey,679
111742,North,Widget,615
111746,North,Widget,952
111753,North,Gizmo,768
111757,North,Widget,594
111762,North,Gizmo,905
111763,North,Gadget,720
111766,North,Gizmo,665
111768,North,Gadget,743
111773,North,Widget,844
111778,North,Doohickey,978
111792,North,Widget,996
111797,North,Gadget,949
111805,North,Gadget,982
111806,North,Gizmo,986
111815,North,Gizmo,692
111816,North,Gizmo,882
111818,North,Gizmo,893
111827,North,Gizmo,633
111830,North,Gadget,996
111840,North,Doohickey,622
111846,North,Gadget,731
111850,North,Widget,939
111857,North,Gadget,940
111859,North,Doohickey,805
111860,North,Widget,932
111884,North,Doohickey,966
111893,North,Gizmo,611
111894,North,Gadget,731
111903,North,Doohickey,900
111914,North,Widget,591
111918,North,Widget,566
111923,North,Widget,702
111924,North,Doohickey,633
111932,North,Gadget,596
111934,North,Doohickey,983
111936,North,Doohickey,959
111942,North,Widget,689
111954,North,Doohickey,717
111960,North,Doohickey,919
111965,North,Doohickey,732
111966,North,Widget,833
111971,North,Gadget,633
111976,North,Widget,604
111984,North,Doohickey,557
112004,North,Doohickey,716
112007,North,Doohickey,836
112012,North,Gizmo,873
112020,North,Gizmo,523
112035,North,Gadget,683
112044,North,Gizmo,855
112050,North,Gadget,802
112051,North,Doohickey,936
112063,North,Gizmo,514
112098,North,Doohickey,848
112102,North,Gizmo,645
112113,North,Widget,802
112114,North,Gadget,669
112124,North,Gadget,578
112126,North,Doohickey,731
112131,North,Doohickey,848
112178,North,Gizmo,659
112179,North,Gizmo,797
112181,North,Gadget,735
112188,North,Widget,886
112194,North,Doohickey,985
112198,North,Doohickey,858
112215,North,Doohickey,721
112220,North,Gizmo,562
112237,North,Doohickey,726
112239,North,Gadget,585
112241,North,Doohickey,542
112261,North,Doohickey,556
112286,North,Gadget,581
112290,North,Gizmo,521
112302,North,Gizmo,923
112306,North,Doohickey,848
112317,North,Widget,658
112319,North,Gizmo,807
112323,North,Gizmo,517
112324,North,Doohickey,756
112328,North,Doohickey,942
112341,North,Widget,699
112361,North,Gadget,645
112372,North,Widget,619
112394,North,Widget,775
112399,North,Gadget,980
112428,North,Widget,682
112431,North,Widget,817
112441,North,Widget,501
112448,North,Gizmo,621
112456,North,Doohickey,863
112460,North,Gizmo,504
112461,North,Widget,560
112462,North,Gadget,886
112477,North,Doohickey,541
112480,North,Gizmo,727
112487,North,Gizmo,963
112514,North,Widget,623
112533,North,Gizmo,693
112534,North,Doohickey,999
112537,North,Gizmo,761
112554,North,Widget,869
112592,North,Gadget,710
112599,North,Widget,585
112624,North,Gizmo,985
112665,North,Doohickey,840
112671,North,Gadget,538
112685,North,Gadget,960
112687,North,Doohickey,914
112701,North,Widget,692
112703,North,Doohickey,941
112724,North,Widget,641
112727,North,Gadget,754
112731,North,Gizmo,507
112734,North,Gadget,641
112749,North,Doohickey,881
112755,North,Widget,843
112772,North,Widget,933
112775,North,Gizmo,951
112780,North,Gadget,713
112783,North,Gadget,847
112796,North,Doohickey,660
112799,North,Widget,720
112804,North,Gadget,768
112811,North,Gizmo,933
112814,North,Widget,882
112815,North,Gizmo,824
112819,North,Widget,717
112830,North,Widget,539
112847,North,Gadget,716
112850,North,Doohickey,969
112859,North,Widget,860
112864,North,Gizmo,515
112872,North,Widget,657
112889,North,Gizmo,934
112890,North,Doohickey,697
112908,North,Doohickey,538
112911,North,Gizmo,701
112920,North,Doohickey,582
112956,North,Doohickey,574
112980,North,Gizmo,758
112990,North,Gizmo,813
112991,North,Doohickey,992
112993,North,Doohickey,818
113022,North,Gadget,950
113024,North,Doohickey,533
113025,North,Gizmo,692
113028,North,Gadget,575
113030,North,Gadget,827
113035,North,Doohickey,808
113041,North,Gadget,803
113050,North,Widget,618
113051,North,Gadget,897
113052,North,Gizmo,886
113060,North,Doohickey,621
113065,North,Gizmo,999
113067,North,Widget,968
113084,North,Doohickey,698
113089,North,Widget,757
113092,North,Gadget,787
113094,North,Doohickey,536
113115,North,Gadget,860
113117,North,Doohickey,910
113139,North,Gizmo,528
113142,North,Doohickey,552
113157,North,Doohickey,892
113167,North,Doohickey,611
113168,North,Doohickey,818
113172,North,Gizmo,529
113176,North,Widget,985
113189,North,Doohickey,627
113193,North,Gadget,805
113197,North,Gizmo,771
113211,North,Gadget,535
113213,North,Doohickey,579
113218,North,Widget,519
113222,North,Gadget,818
113229,North,Widget,745
113233,North,Doohickey,918
113246,North,Gizmo,878
113248,North,Widget,553
113252,North,Gizmo,985
113271,North,Gadget,859
113272,North,Doohickey,626
113274,North,Doohickey,886
113275,North,Widget,566
113276,North,Gizmo,981
113281,North,Gizmo,842
113303,North,Doohickey,504
113304,North,Gizmo,749
113306,North,Gizmo,851
113316,North,Widget,569
113318,North,Gadget,948
113325,North,Gadget,673
113328,North,Gadget,836
113333,North,Gizmo,997
113348,North,Doohickey,507
113358,North,Doohickey,548
113378,North,Gadget,547
113380,North,Widget,936
113382,North,Widget,880
113391,North,Gizmo,721
113401,North,Gadget,925
113407,North,Widget,624
113408,North,Doohickey,911
113413,North,Widget,740
113414,North,Doohickey,849
113417,North,Gizmo,869
113426,North,Gadget,609
113428,North,Gadget,938
113431,North,Gizmo,848
113432,North,Gizmo,614
113462,North,Gizmo,919
113472,North,Gadget,957
113483,North,Doohickey,977
113485,North,Widget,988
113495,North,Widget,726
113508,North,Widget,712
113510,North,Gadget,532
113511,North,Doohickey,780
113523,North,Gadget,850
113526,North,Gadget,806
113533,North,Doohickey,978
113535,North,Widget,867
113536,North,Gadget,993
113553,North,Doohickey,625
113587,North,Doohickey,711
113592,North,Doohickey,636
113600,North,Gadget,572
113606,North,Widget,815
113610,North,Doohickey,919
113615,North,Widget,574
113624,North,Widget,657
113627,North,Gizmo,531
113637,North,Gadget,999
113646,North,Widget,696
113670,North,Gizmo,966
113673,North,Widget,980
113675,North,Doohickey,861
113677,North,Doohickey,941
113686,North,Widget,921
113691,North,Gizmo,773
113695,North,Gizmo,535
113700,North,Gadget,665
113705,North,Widget,765
113706,North,Gadget,632
113710,North,Doohickey,798
113720,North,Gizmo,683
113725,North,Widget,841
113742,North,Widget,589
113746,North,Doohickey,636
113749,North,Gadget,846
113761,North,Gizmo,663
113764,North,Widget,541
113765,North,Gizmo,580
113766,North,Widget,841
113777,North,Gizmo,639
113778,North,Gadget,787
113797,North,Gizmo,986
113804,North,Widget,777
113807,North,Gizmo,629
113815,North,Gizmo,661
113818,North,Gadget,548
113822,North,Gizmo,985
113826,North,Doohickey,602
113827,North,Doohickey,901
113831,North,Gizmo,680
113857,North,Gizmo,778
113858,North,Widget,993
113870,North,Gadget,852
113872,North,Gadget,578
113877,North,Gizmo,536
113901,North,Widget,911
113908,North,Gizmo,767
113914,North,Doohickey,842
113917,North,Gadget,688
113923,North,Gizmo,785
113932,North,Doohickey,722
113935,North,Widget,581
113938,North,Doohickey,676
113939,North,Gadget,762
113940,North,Widget,828
113946,North,Gizmo,955
113949,North,Doohickey,560
113974,North,Widget,569
113978,North,Gizmo,701
113987,North,Gizmo,603
113995,North,Widget,572
114002,North,Widget,719
114017,North,Widget,547
114023,North,Doohickey,950
114025,North,Gadget,568
114035,North,Widget,605
114073,North,Gadget,632
114076,North,Gadget,637
114080,North,Doohickey,896
114087,North,Widget,729
114091,North,Doohickey,939
114095,North,Gizmo,649
114116,North,Widget,986
114130,North,Gadget,773
114139,North,Gadget,810
114163,North,Gizmo,881
114166,North,Gadget,802
114169,North,Widget,596
114175,North,Widget,694
114192,North,Gadget,584
114205,North,Doohickey,715
114221,North,Widget,878
114224,North,Widget,606
114226,North,Doohickey,860
114230,North,Gizmo,916
114246,North,Gadget,625
114250,North,Doohickey,796
114257,North,Gadget,620
114263,North,Doohickey,782
114266,North,Gizmo,761
114273,North,Gizmo,609
114296,North,Gizmo,742
114300,North,Widget,525
114301,North,Gadget,825
114305,North,Widget,631
114315,North,Gadget,943
114337,North,Gizmo,602
114344,North,Gizmo,843
114354,North,Doohickey,626
114355,North,Widget,971
114362,North,Widget,639
114364,North,Doohickey,636
114365,North,Gadget,681
114368,North,Doohickey,749
114369,North,Widget,539
114375,North,Widget,919
114386,North,Doohickey,838
114429,North,Gizmo,692
114442,North,Doohickey,835
114445,North,Doohickey,518
114450,North,Gadget,771
114462,North,Gadget,595
114466,North,Gizmo,861
114467,North,Doohickey,748
114469,North,Doohickey,926
114474,North,Widget,738
114489,North,Doohickey,619
114494,North,Doohickey,948
114495,North,Doohickey,561
114498,North,Widget,501
114507,North,Gizmo,747
114515,North,Gadget,864
114523,North,Gadget,711
114529,North,Doohickey,849
114538,North,Widget,841
114540,North,Gizmo,540
114542,North,Gizmo,811
114546,North,Doohickey,583
114550,North,Gizmo,525
114564,North,Widget,605
114566,North,Gadget,759
114589,North,Gizmo,877
114606,North,Gadget,623
114619,North,Widget,861
114627,North,Doohickey,848
114634,North,Gizmo,639
114640,North,Doohickey,799
114643,North,Gadget,542
114647,North,Doohickey,765
114652,North,Widget,614
114697,North,Gadget,893
114701,North,Widget,653
114703,North,Widget,554
114720,North,Doohickey,541
114722,North,Doohickey,678
114724,North,Widget,886
114741,North,Gizmo,771
114743,North,Doohickey,591
114747,North,Gizmo,882
114750,North,Gadget,853
114767,North,Widget,608
114768,North,Gizmo,994
114775,North,Widget,521
114785,North,Gizmo,516
114811,North,Gizmo,630
114825,North,Doohickey,869
114831,North,Widget,719
114853,North,Widget,930
114855,North,Gadget,977
114858,North,Gizmo,951
114859,North,Gadget,779
114861,North,Doohickey,897
114872,North,Gadget,559
114879,North,Widget,627
114886,North,Gadget,919
114898,North,Doohickey,798
114907,North,Gizmo,871
114917,North,Doohickey,832
114922,North,Gizmo,774
114923,North,Gizmo,533
114925,North,Gadget,786
114929,North,Doohickey,791
114936,North,Gadget,578
114955,North,Widget,648
114960,North,Gadget,795
114966,North,Doohickey,660
114967,North,Gizmo,738
114968,North,Gizmo,978
114969,North,Doohickey,691
114982,North,Doohickey,977
114993,North,Gadget,969
115001,North,Gadget,828
115011,North,Gadget,627
115013,North,Widget,827
115020,North,Widget,943
115034,North,Doohickey,601
115039,North,Gizmo,936
115040,North,Doohickey,996
115049,North,Doohickey,919
115063,North,Gadget,798
115067,North,Widget,701
115069,North,Gizmo,836
115072,North,Doohickey,864
115077,North,Gizmo,680
115079,North,Widget,955
115082,North,Doohickey,716
115086,North,Gizmo,863
115087,North,Widget,505
115088,North,Gadget,888
115092,North,Widget,643
115109,North,Widget,874
115113,North,Gadget,708
115114,North,Doohickey,764
115122,North,Widget,599
115123,North,Gizmo,799
115124,North,Gadget,867
115138,North,Gizmo,667
115139,North,Widget,848
115140,North,Widget,875
115144,North,Gizmo,643
115148,North,Gizmo,704
115151,North,Widget,939
115158,North,Doohickey,577
115177,North,Widget,941
115179,North,Gadget,567
115190,North,Doohickey,734
115198,North,Doohickey,772
115199,North,Gizmo,701
115200,North,Doohickey,900
115213,North,Doohickey,598
115216,North,Doohickey,835
115229,North,Doohickey,774
115242,North,Widget,794
115243,North,Gizmo,765
115253,North,Widget,672
115254,North,Widget,723
115269,North,Gizmo,621
115272,North,Gizmo,827
115278,North,Widget,917
115284,North,Doohickey,667
115287,North,Gizmo,501
115290,North,Gizmo,648
115291,North,Doohickey,637
115303,North,Widget,800
115308,North,Gadget,874
115309,North,Gizmo,986
115317,North,Gizmo,940
115318,North,Gadget,814
115327,North,Gizmo,603
115331,North,Gizmo,827
115332,North,Gadget,638
115369,North,Doohickey,531
115372,North,Gadget,898
115392,North,Gadget,610
115393,North,Widget,601
115398,North,Gadget,993
115399,North,Widget,710
115402,North,Gizmo,592
115405,North,Widget,649
115430,North,Gadget,965
115433,North,Gizmo,884
115435,North,Doohickey,963
115448,North,Widget,545
115473,North,Widget,877
115476,North,Widget,886
115479,North,Gadget,916
115480,North,Gizmo,595
115498,North,Gizmo,961
115499,North,Widget,748
115506,North,Gizmo,790
115521,North,Gizmo,621
115542,North,Widget,942
115551,North,Gadget,680
115555,North,Gizmo,936
115558,North,Widget,711
115565,North,Widget,938
115566,North,Doohickey,927
115574,North,Gadget,743
115582,North,Gizmo,950
115583,North,Gadget,573
115585,North,Gizmo,549
115597,North,Gizmo,977
115616,North,Widget,946
115617,North,Gizmo,630
115618,North,Doohickey,588
115624,North,Doohickey,817
115629,North,Widget,873
115639,North,Gizmo,531
115647,North,Widget,736
115649,North,Gadget,726
115654,North,Widget,587
115656,North,Widget,731
115662,North,Gizmo,526
115664,North,Doohickey,959
115677,North,Gizmo,613
115689,North,Gizmo,973
115704,North,Widget,568
115724,North,Widget,561
115729,North,Doohickey,918
115735,North,Doohickey,972
115737,North,Gizmo,682
115746,North,Gizmo,810
115758,North,Gadget,630
115765,North,Gizmo,578
115767,North,Doohickey,758
115768,North,Gizmo,842
115774,North,Doohickey,719
115804,North,Gadget,524
115810,North,Widget,745
115817,North,Widget,551
115820,North,Doohickey,598
115826,North,Doohickey,555
115831,North,Widget,724
115838,North,Gadget,811
115851,North,Widget,536
115857,North,Gizmo,941
115860,North,Gizmo,545
115875,North,Doohickey,599
115878,North,Gizmo,603
115882,North,Widget,532
115884,North,Widget,826
115896,North,Widget,665
115909,North,Gadget,999
115915,North,Gadget,614
115926,North,Doohickey,818
115931,North,Gizmo,561
115936,North,Gadget,614
115941,North,Widget,505
115947,North,Gadget,634
115949,North,Doohickey,961
115952,North,Widget,556
115954,North,Widget,928
115959,North,Doohickey,919
115963,North,Doohickey,679
115985,North,Doohickey,853
116006,North,Widget,983
116014,North,Widget,950
116016,North,Gizmo,581
116018,North,Doohickey,821
116020,North,Gizmo,823
116021,North,Gizmo,864
116027,North,Doohickey,723
116032,North,Doohickey,629
116033,North,Gizmo,511
116036,North,Gizmo,826
116047,North,Gizmo,992
116057,North,Widget,571
116059,North,Widget,965
116073,North,Gadget,924
116074,North,Doohickey,800
116082,North,Widget,831
116084,North,Gadget,824
116090,North,Widget,973
116093,North,Widget,525
116122,North,Gadget,558
116127,North,Widget,704
116140,North,Gadget,960
116154,North,Gadget,621
116162,North,Gadget,853
116171,North,Gizmo,763
116191,North,Gadget,819
116197,North,Widget,817
116201,North,Gadget,877
116205,North,Doohickey,926
116208,North,Doohickey,624
116218,North,Doohickey,505
116225,North,Doohickey,561
116247,North,Gadget,974
116248,North,Gizmo,652
116249,North,Gizmo,693
116265,North,Gizmo,693
116269,North,Gizmo,789
116274,North,Widget,550
116276,North,Gizmo,877
116295,North,Doohickey,916
116318,North,Widget,858
116331,North,Gadget,727
116339,North,Widget,992
116347,North,Doohickey,547
116352,North,Gadget,629
116362,North,Widget,578
116382,North,Gadget,818
116385,North,Gizmo,730
116386,North,Gizmo,570
116394,North,Widget,666
116396,North,Gadget,919
116413,North,Gizmo,722
116435,North,Doohickey,765
116442,North,Widget,859
116452,North,Gizmo,788
116463,North,Doohickey,944
116471,North,Gadget,685
116472,North,Doohickey,608
116477,North,Gadget,791
116502,North,Widget,710
116509,North,Widget,585
116517,North,Doohickey,963
116518,North,Gadget,536
116530,North,Widget,768
116536,North,Gadget,658
116537,North,Gadget,965
116539,North,Gadget,587
116545,North,Gizmo,823
116548,North,Gadget,632
116555,North,Gadget,896
116558,North,Doohickey,973
116564,North,Widget,706
116567,North,Widget,592
116568,North,Gizmo,750
116571,North,Widget,836
116585,North,Gizmo,839
116588,North,Widget,630
116592,North,Gizmo,611
116600,North,Widget,731
116613,North,Doohickey,678
116620,North,Widget,907
116628,North,Gadget,905
116648,North,Widget,629
116649,North,Gadget,764
116654,North,Gadget,748
116660,North,Gadget,902
116661,North,Widget,971
116662,North,Widget,569
116684,North,Widget,626
116693,North,Gizmo,709
116708,North,Gizmo,524
116728,North,Doohickey,515
116730,North,Doohickey,714
116740,North,Doohickey,738
116741,North,Gadget,613
116747,North,Gadget,924
116753,North,Gizmo,513
116754,North,Gizmo,651
116764,North,Gizmo,953
116776,North,Gizmo,940
116780,North,Doohickey,848
116781,North,Gizmo,900
116797,North,Gizmo,764
116805,North,Gizmo,824
116810,North,Gizmo,636
116812,North,Widget,771
116813,North,Gizmo,781
116817,North,Gizmo,958
116832,North,Gadget,836
116834,North,Gadget,527
116836,North,Gizmo,509
116840,North,Doohickey,707
116850,North,Doohickey,787
116851,North,Doohickey,731
116859,North,Gizmo,566
116861,North,Gadget,958
116870,North,Widget,639
116893,North,Gizmo,834
116896,North,Gizmo,555
116901,North,Widget,882
116905,North,Doohickey,505
116910,North,Widget,940
116937,North,Widget,627
116940,North,Widget,566
116948,North,Gizmo,966
116952,North,Doohickey,658
116967,North,Widget,611
116976,North,Gadget,729
116998,North,Doohickey,621
117002,North,Doohickey,677
117007,North,Gizmo,897
117011,North,Doohickey,798
117052,North,Gizmo,514
117053,North,Widget,665
117056,North,Gadget,846
117064,North,Widget,741
117065,North,Doohickey,614
117068,North,Doohickey,535
117072,North,Widget,969
117077,North,Widget,867
117088,North,Gadget,888
117089,North,Widget,892
117091,North,Gizmo,537
117093,North,Doohickey,883
117099,North,Gizmo,587
117133,North,Widget,977
117136,North,Gizmo,824
117161,North,Widget,668
117169,North,Gadget,999
117171,North,Widget,615
117183,North,Doohickey,894
117198,North,Gadget,911
117201,North,Gadget,561
117203,North,Gadget,580
117207,North,Gizmo,674
117213,North,Gizmo,569
117225,North,Doohickey,572
117227,North,Widget,756
117251,North,Doohickey,770
117264,North,Gadget,684
117278,North,Widget,660
117290,North,Gadget,792
117301,North,Widget,936
117309,North,Doohickey,892
117310,North,Widget,805
117313,North,Doohickey,949
117319,North,Widget,738
117322,North,Gadget,952
117326,North,Gadget,512
117338,North,Gizmo,800
117344,North,Gadget,866
117348,North,Widget,952
117355,North,Doohickey,720
117363,North,Widget,621
117372,North,Widget,957
117375,North,Widget,842
117377,North,Widget,898
117382,North,Doohickey,965
117389,North,Gizmo,627
117394,North,Gizmo,877
117395,North,Widget,783
117404,North,Widget,984
117411,North,Gadget,521
117414,North,Gizmo,530
117417,North,Widget,949
117423,North,Doohickey,619
117430,North,Gizmo,789
117438,North,Gadget,884
117442,North,Widget,580
117459,North,Widget,925
117462,North,Doohickey,787
117463,North,Widget,700
117466,North,Gizmo,720
117473,North,Gizmo,705
117488,North,Widget,977
117501,North,Gadget,916
117524,North,Gizmo,897
117528,North,Gizmo,779
117540,North,Doohickey,907
117551,North,Gizmo,668
117555,North,Gizmo,889
117560,North,Doohickey,720
117566,North,Widget,927
117580,North,Gadget,670
117589,North,Gadget,911
117600,North,Widget,795
117606,North,Gizmo,757
117610,North,Gadget,622
117631,North,Doohickey,986
117632,North,Doohickey,664
117635,North,Gizmo,815
117637,North,Gadget,877
117648,North,Gadget,938
117659,North,Gizmo,524
117660,North,Gadget,890
117679,North,Gizmo,555
117691,North,Gizmo,740
117701,North,Doohickey,652
117705,North,Doohickey,779
117707,North,Gadget,638
117721,North,Doohickey,557
117726,North,Gizmo,969
117728,North,Widget,690
117729,North,Widget,916
117742,North,Gizmo,565
117744,North,Widget,996
117751,North,Gadget,832
117756,North,Gadget,638
117760,North,Gadget,784
117770,North,Doohickey,601
117783,North,Widget,927
117800,North,Doohickey,760
117804,North,Gizmo,792
117805,North,Doohickey,669
117808,North,Gadget,755
117810,North,Doohickey,952
117834,North,Doohickey,763
117847,North,Doohickey,958
117848,North,Gadget,556
117853,North,Gadget,807
117878,North,Gizmo,545
117892,North,Gizmo,623
117895,North,Gizmo,762
117897,North,Gadget,587
117909,North,Widget,583
117913,North,Widget,957
117918,North,Gizmo,628
117921,North,Gadget,734
117924,North,Doohickey,905
117927,North,Widget,592
117928,North,Widget,610
117929,North,Gadget,897
117935,North,Doohickey,521
117952,North,Widget,832
117956,North,Doohickey,607
117974,North,Gadget,856
117993,North,Gizmo,535
118007,North,Gizmo,906
118030,North,Gadget,608
118037,North,Gadget,965
118045,North,Gadget,834
118050,North,Doohickey,880
118051,North,Widget,588
118053,North,Widget,800
118058,North,Gizmo,788
118071,North,Widget,523
118072,North,Gadget,790
118099,North,Widget,554
118101,North,Gizmo,764
118103,North,Widget,680
118106,North,Gadget,575
118114,North,Widget,855
118126,North,Gadget,951
118129,North,Widget,756
118148,North,Gadget,952
118156,North,Gizmo,802
118162,North,Widget,644
118178,North,Gizmo,777
118208,North,Widget,694
118225,North,Doohickey,783
118235,North,Gizmo,858
118249,North,Widget,557
118257,North,Widget,948
118258,North,Widget,507
118261,North,Gadget,901
118268,North,Gadget,901
118285,North,Widget,951
118286,North,Doohickey,550
118290,North,Gizmo,667
118292,North,Widget,528
118295,North,Gizmo,983
118299,North,Gizmo,766
118302,North,Gadget,885
118311,North,Widget,856
118312,North,Gadget,574
118316,North,Gadget,813
118317,North,Doohickey,524
118327,North,Gadget,930
118336,North,Gizmo,647
118347,North,Doohickey,548
118366,North,Doohickey,772
118383,North,Widget,705
118390,North,Widget,808
118419,North,Gizmo,901
118423,North,Doohickey,682
118425,North,Gizmo,988
118428,North,Widget,563
118440,North,Gadget,640
118443,North,Doohickey,501
118452,North,Widget,911
118458,North,Gizmo,792
118462,North,Gizmo,681
118464,North,Widget,618
118467,North,Widget,528
118480,North,Gadget,679
118501,North,Widget,611
118526,North,Doohickey,747
118549,North,Gizmo,984
118561,North,Doohickey,852
118569,North,Doohickey,675
118594,North,Gadget,771
118601,North,Widget,894
118609,North,Gizmo,919
118631,North,Doohickey,566
118646,North,Gadget,871
118656,North,Doohickey,634
118676,North,Gizmo,868
118687,North,Gadget,830
118700,North,Doohickey,791
118707,North,Widget,827
118724,North,Gadget,782
118734,North,Doohickey,992
118739,North,Gadget,986
118743,North,Doohickey,911
118751,North,Gadget,986
118756,North,Widget,839
118759,North,Doohickey,985
118776,North,Gizmo,557
118780,North,Gizmo,908
118784,North,Gizmo,672
118801,North,Gizmo,864
118848,North,Widget,690
118850,North,Gizmo,547
118860,North,Widget,886
118864,North,Gadget,782
118879,North,Doohickey,737
118880,North,Widget,989
118891,North,Gadget,738
118900,North,Gadget,576
118929,North,Widget,855
118948,North,Gizmo,709
118957,North,Gadget,923
118959,North,Gadget,710
118979,North,Widget,639
118991,North,Widget,764
118999,North,Gadget,769
119004,North,Widget,673
119010,North,Gizmo,975
119014,North,Widget,710
119025,North,Doohickey,756
119030,North,Gizmo,956
119047,North,Doohickey,803
119049,North,Doohickey,969
119059,North,Doohickey,707
119072,North,Gadget,514
119076,North,Doohickey,774
119085,North,Gadget,764
119109,North,Gizmo,903
119119,North,Gadget,817
119120,North,Doohickey,808
119130,North,Widget,661
119143,North,Doohickey,973
119149,North,Gizmo,709
119151,North,Gadget,667
119152,North,Gizmo,690
119155,North,Gadget,980
119156,North,Gizmo,523
119164,North,Widget,915
119166,North,Gadget,507
119174,North,Widget,709
119186,North,Gizmo,599
119187,North,Gadget,928
119189,North,Gadget,919
119191,North,Gadget,911
119195,North,Doohickey,594
119196,North,Doohickey,755
119228,North,Gadget,842
119229,North,Widget,946
119237,North,Gizmo,686
119240,North,Gadget,609
119243,North,Gadget,681
119262,North,Widget,790
119270,North,Doohickey,877
119278,North,Gizmo,584
119279,North,Gadget,875
119284,North,Gizmo,890
119285,North,Doohickey,872
119290,North,Gadget,651
119303,North,Gizmo,654
119310,North,Widget,583
119313,North,Gadget,531
119327,North,Gizmo,766
119332,North,Gizmo,659
119336,North,Widget,746
119342,North,Gizmo,847
119344,North,Gadget,588
119358,North,Widget,732
119367,North,Doohickey,638
119368,North,Gadget,697
119374,North,Gizmo,742
119391,North,Gadget,751
119397,North,Widget,801
119400,North,Doohickey,595
119404,North,Gadget,533
119426,North,Gadget,809
119441,North,Widget,703
119451,North,Doohickey,677
119456,North,Gizmo,739
119483,North,Gizmo,844
119501,North,Gadget,877
119508,North,Gizmo,853
119509,North,Doohickey,524
119519,North,Gizmo,795
119526,North,Gadget,743
119533,North,Gizmo,909
119545,North,Gadget,810
119555,North,Widget,564
119556,North,Gadget,621
119570,North,Gadget,671
119581,North,Widget,724
119586,North,Gizmo,513
119588,North,Gadget,922
119589,North,Doohickey,614
119591,North,Widget,852
119593,North,Widget,770
119594,North,Gizmo,813
119603,North,Gadget,597
119608,North,Widget,615
119619,North,Widget,981
119629,North,Gadget,700
119636,North,Gadget,706
119646,North,Gadget,678
119650,North,Widget,842
119662,North,Doohickey,665
119664,North,Gizmo,918
119669,North,Widget,578
119670,North,Widget,564
119677,North,Gizmo,576
119693,North,Gizmo,541
119700,North,Gizmo,524
119703,North,Widget,505
119706,North,Gadget,974
119724,North,Doohickey,589
119727,North,Doohickey,795
119732,North,Widget,963
119733,North,Doohickey,934
119736,North,Gadget,581
119744,North,Widget,982
119745,North,Gadget,704
119760,North,Doohickey,720
119769,North,Doohickey,802
119783,North,Doohickey,967
119786,North,Gizmo,988
119791,North,Widget,625
119796,North,Gizmo,884
119798,North,Gadget,714
119800,North,Gadget,598
119801,North,Gadget,516
119802,North,Gizmo,578
119804,North,Gizmo,763
119811,North,Doohickey,968
119812,North,Doohickey,768
119820,North,Widget,691
119825,North,Doohickey,690
119826,North,Doohickey,771
119828,North,Doohickey,740
119829,North,Gadget,522
119830,North,Gadget,754
119837,North,Widget,519
119843,North,Gizmo,994
119846,North,Widget,784
119848,North,Widget,596
119849,North,Gizmo,921
119860,North,Gizmo,528
119871,North,Gizmo,779
119877,North,Gizmo,676
119911,North,Doohickey,579
119912,North,Widget,885
119917,North,Gadget,801
119931,North,Gizmo,694
119940,North,Gadget,780
119945,North,Widget,877
119949,North,Widget,802
119950,North,Doohickey,639
119954,North,Gadget,936
119956,North,Gizmo,808
119961,North,Gadget,644
119983,North,Widget,507
119986,North,Doohickey,900
119991,North,Doohickey,975
119992,North,Widget,833
120029,North,Gizmo,523
120046,North,Widget,867
120047,North,Gadget,710
120058,North,Gadget,976
120069,North,Widget,949
120072,North,Doohickey,966
120084,North,Gizmo,653
120098,North,Widget,743
120100,North,Gadget,693
120117,North,Doohickey,994
120122,North,Gadget,975
120141,North,Widget,555
120157,North,Widget,966
120165,North,Gadget,643
120166,North,Gadget,550
120176,North,Gizmo,938
120182,North,Gizmo,883
120184,North,Gizmo,930
120209,North,Gizmo,521
120213,North,Gizmo,925
120215,North,Gizmo,851
120216,North,Widget,568
120235,North,Doohickey,616
120257,North,Doohickey,727
120260,North,Widget,946
120261,North,Widget,657
120267,North,Doohickey,681
120274,North,Doohickey,778
120291,North,Gadget,514
120297,North,Doohickey,543
120303,North,Doohickey,619
120306,North,Gadget,883
120319,North,Gadget,842
120323,North,Doohickey,787
120325,North,Doohickey,607
120326,North,Gizmo,787
120332,North,Gadget,919
120337,North,Gizmo,718
120352,North,Gizmo,643
120358,North,Gizmo,620
120367,North,Gizmo,537
120370,North,Doohickey,522
120379,North,Doohickey,977
120390,North,Gadget,683
120395,North,Gadget,687
120399,North,Doohickey,876
120400,North,Gizmo,772
120413,North,Gadget,824
120419,North,Doohickey,877
120423,North,Widget,784
120427,North,Gadget,571
120447,North,Gizmo,872
120454,North,Doohickey,819
120468,North,Gizmo,811
120475,North,Widget,851
120488,North,Doohickey,993
120491,North,Widget,990
120500,North,Doohickey,885
120502,North,Widget,605
120509,North,Doohickey,981
120510,North,Doohickey,622
120513,North,Doohickey,824
120518,North,Doohickey,943
120519,North,Gadget,803
120522,North,Gadget,975
120527,North,Doohickey,691
120532,North,Gizmo,828
120539,North,Gadget,677
120558,North,Gadget,724
120567,North,Gizmo,940
120571,North,Widget,826
120585,North,Widget,796
120590,North,Doohickey,968
120595,North,Widget,826
120609,North,Widget,823
120613,North,Doohickey,729
120619,North,Doohickey,623
120620,North,Doohickey,589
120621,North,Gizmo,629
120623,North,Gizmo,966
120629,North,Doohickey,844
120630,North,Gadget,545
120646,North,Doohickey,527
120649,North,Gizmo,811
120661,North,Widget,539
120664,North,Gizmo,841
120679,North,Widget,933
120699,North,Doohickey,961
120700,North,Doohickey,982
120702,North,Widget,722
120706,North,Doohickey,713
120713,North,Gadget,852
120714,North,Gizmo,787
120715,North,Gadget,938
120721,North,Doohickey,732
120726,North,Widget,673
120731,North,Gizmo,515
120733,North,Gadget,849
120738,North,Doohickey,993
120745,North,Gizmo,924
120751,North,Gizmo,894
120775,North,Gadget,966
120776,North,Gadget,617
120780,North,Gadget,846
120783,North,Gadget,501
120784,North,Widget,803
120787,North,Doohickey,696
120789,North,Gizmo,891
120792,North,Doohickey,505
120814,North,Doohickey,944
120827,North,Widget,741
120838,North,Widget,883
120849,North,Gadget,996
120855,North,Widget,968
120858,North,Gizmo,697
120859,North,Widget,604
120868,North,Widget,923
120872,North,Gizmo,557
120884,North,Widget,806
120903,North,Gadget,776
120906,North,Gadget,695
120911,North,Gizmo,819
120914,North,Doohickey,511
120922,North,Doohickey,677
120924,North,Widget,966
120928,North,Gizmo,769
120929,North,Doohickey,972
120952,North,Doohickey,622
120956,North,Gadget,831
120960,North,Gizmo,898
120962,North,Gadget,857
120963,North,Doohickey,811
120982,North,Gadget,873
120999,North,Gadget,901
121003,North,Gadget,750
121004,North,Doohickey,598
121006,North,Widget,776
121017,North,Doohickey,588
121027,North,Widget,989
121028,North,Gizmo,701
121035,North,Gizmo,907
121040,North,Gizmo,589
121042,North,Gadget,505
121044,North,Gadget,724
121052,North,Doohickey,846
121053,North,Gadget,808
121056,North,Gizmo,545
121060,North,Doohickey,704
121066,North,Gizmo,964
121071,North,Gadget,813
121080,North,Gizmo,590
121086,North,Gadget,991
121090,North,Doohickey,815
121101,North,Gizmo,583
121103,North,Widget,548
121110,North,Gizmo,529
121111,North,Gizmo,626
121116,North,Gadget,522
121126,North,Widget,584
121145,North,Doohickey,815
121163,North,Doohickey,603
121170,North,Gadget,883
121171,North,Gizmo,944
121174,North,Gadget,785
121175,North,Doohickey,713
121186,North,Gadget,525
121190,North,Widget,630
121197,North,Gadget,530
121198,North,Widget,637
121199,North,Widget,801
121208,North,Gadget,602
121209,North,Widget,973
121217,North,Doohickey,566
121219,North,Gizmo,721
121221,North,Gadget,639
121227,North,Gadget,972
121231,North,Doohickey,729
121234,North,Gizmo,877
121235,North,Gizmo,684
121236,North,Gizmo,761
121255,North,Doohickey,649
121271,North,Doohickey,661
121274,North,Gizmo,509
121275,North,Doohickey,830
121277,North,Widget,766
121280,North,Gadget,926
121302,North,Gadget,701
121307,North,Gadget,841
121324,North,Doohickey,659
121331,North,Gadget,877
121336,North,Gizmo,919
121338,North,Gadget,505
121358,North,Gadget,743
121359,North,Gizmo,992
121362,North,Doohickey,732
121364,North,Widget,586
121371,North,Doohickey,611
121373,North,Gadget,988
121393,North,Gadget,982
121394,North,Gizmo,542
121401,North,Gadget,700
121413,North,Widget,749
121417,North,Doohickey,698
121419,North,Gadget,846
121420,North,Gizmo,694
121437,North,Gizmo,832
121442,North,Gizmo,511
121449,North,Doohickey,874
121453,North,Gadget,785
121459,North,Gizmo,550
121475,North,Gizmo,986
121477,North,Gizmo,839
121478,North,Gizmo,512
121489,North,Doohickey,997
121490,North,Widget,988
121504,North,Gadget,552
121507,North,Gadget,773
121511,North,Widget,631
121522,North,Gizmo,684
121537,North,Doohickey,898
121539,North,Doohickey,902
121544,North,Gizmo,744
121551,North,Gizmo,931
121553,North,Doohickey,779
121576,North,Gizmo,991
121579,North,Widget,585
121583,North,Gadget,723
121585,North,Widget,608
121588,North,Widget,876
121604,North,Widget,528
121607,North,Gadget,629
121623,North,Gadget,752
121625,North,Gizmo,874
121634,North,Widget,787
121638,North,Gizmo,526
121641,North,Gizmo,955
121649,North,Gizmo,538
121653,North,Widget,779
121655,North,Gadget,626
121658,North,Gizmo,725
121661,North,Doohickey,776
121685,North,Doohickey,885
121689,North,Doohickey,559
121690,North,Gadget,927
121696,North,Doohickey,605
121702,North,Gadget,572
121712,North,Gizmo,839
121714,North,Gizmo,921
121716,North,Widget,826
121723,North,Gadget,888
121724,North,Widget,930
121725,North,Gadget,519
121728,North,Doohickey,630
121741,North,Gadget,861
121748,North,Gizmo,801
121760,North,Gadget,952
121782,North,Gadget,821
121786,North,Widget,978
121795,North,Widget,982
121801,North,Doohickey,926
121814,North,Widget,755
121838,North,Widget,731
121862,North,Widget,654
121871,North,Gadget,632
121880,North,Gizmo,919
121894,North,Gadget,743
121895,North,Doohickey,944
121906,North,Gadget,691
121910,North,Widget,961
121914,North,Doohickey,805
121916,North,Gadget,938
121919,North,Gadget,821
121924,North,Doohickey,914
121926,North,Gadget,739
121930,North,Gizmo,515
121940,North,Doohickey,780
121964,North,Doohickey,819
121969,North,Doohickey,793
121986,North,Widget,894
121991,North,Widget,672
122011,North,Gadget,543
122014,North,Gizmo,649
122021,North,Doohickey,927
122025,North,Widget,658
122034,North,Doohickey,787
122046,North,Doohickey,689
122063,North,Gadget,628
122065,North,Gizmo,986
122067,North,Doohickey,589
122072,North,Widget,883
122087,North,Gizmo,601
122099,North,Widget,916
122118,North,Widget,729
122129,North,Gadget,991
122131,North,Gizmo,600
122132,North,Gadget,696
122133,North,Gizmo,702
122136,North,Gizmo,828
122151,North,Widget,790
122170,North,Widget,632
122174,North,Gizmo,743
122181,North,Widget,728
122183,North,Gizmo,924
122186,North,Gizmo,985
122200,North,Gizmo,818
122201,North,Widget,606
122225,North,Widget,816
122240,North,Doohickey,763
122244,North,Widget,915
122260,North,Gadget,640
122268,North,Doohickey,539
122276,North,Gizmo,555
122297,North,Gizmo,975
122299,North,Doohickey,795
122321,North,Gizmo,651
122347,North,Gadget,933
122352,North,Gadget,913
122363,North,Widget,797
122371,North,Gadget,994
122376,North,Gizmo,750
122394,North,Widget,546
122406,North,Widget,592
122410,North,Widget,698
122412,North,Gizmo,814
122429,North,Widget,748
122430,North,Gizmo,836
122433,North,Gadget,924
122445,North,Gadget,931
122447,North,Doohickey,669
122459,North,Gadget,569
122474,North,Gadget,560
122476,North,Widget,894
122483,North,Widget,686
122494,North,Widget,533
122508,North,Doohickey,866
122516,North,Gadget,949
122518,North,Gadget,608
122520,North,Widget,597
122524,North,Doohickey,678
122528,North,Gadget,932
122533,North,Widget,551
122538,North,Gadget,947
122542,North,Doohickey,746
122558,North,Gadget,678
122571,North,Doohickey,634
122575,North,Gadget,861
122577,North,Gadget,755
122595,North,Doohickey,989
122609,North,Gizmo,992
122613,North,Gizmo,827
122622,North,Gizmo,575
122635,North,Gizmo,591
122669,North,Doohickey,976
122670,North,Gizmo,530
122677,North,Gadget,769
122688,North,Gizmo,689
122706,North,Widget,952
122707,North,Gadget,522
122709,North,Gadget,608
122712,North,Gizmo,594
122714,North,Widget,886
122735,North,Doohickey,714
122736,North,Gadget,732
122747,North,Doohickey,844
122750,North,Gizmo,592
122772,North,Gizmo,867
122774,North,Gizmo,569
122781,North,Gizmo,562
122784,North,Doohickey,638
122785,North,Gizmo,702
122787,North,Doohickey,972
122796,North,Gizmo,876
122797,North,Gizmo,743
122812,North,Gizmo,923
122825,North,Gadget,536
122833,North,Gadget,656
122834,North,Gadget,753
122841,North,Gizmo,728
122846,North,Gizmo,832
122863,North,Gadget,710
122869,North,Gadget,784
122888,North,Gizmo,583
122890,North,Gadget,621
122894,North,Gizmo,565
122922,North,Gizmo,678
122936,North,Gadget,968
122941,North,Gizmo,901
122942,North,Widget,524
122945,North,Gadget,907
122947,North,Widget,806
122951,North,Gadget,709
122974,North,Gadget,877
122984,North,Doohickey,727
122986,North,Widget,644
122990,North,Gizmo,639
122992,North,Gadget,669
122996,North,Widget,692
123016,North,Doohickey,992
123022,North,Gizmo,505
123023,North,Gadget,790
123037,North,Doohickey,721
123049,North,Doohickey,824
123060,North,Gadget,878
123064,North,Gadget,727
123077,North,Gizmo,826
123107,North,Gadget,957
123108,North,Gizmo,682
123115,North,Gizmo,643
123125,North,Gizmo,504
123126,North,Gizmo,658
123131,North,Widget,984
123137,North,Doohickey,557
123138,North,Gizmo,957
123149,North,Gizmo,701
123179,North,Widget,603
123189,North,Widget,687
123191,North,Doohickey,840
123194,North,Gizmo,756
123203,North,Doohickey,897
123212,North,Gizmo,831
123213,North,Widget,834
123215,North,Widget,759
123223,North,Doohickey,793
123229,North,Widget,531
123232,North,Widget,606
123233,North,Widget,944
123239,North,Gizmo,738
123244,North,Gizmo,600
123256,North,Gizmo,610
123287,North,Doohickey,572
123289,North,Doohickey,625
123301,North,Gizmo,852
123322,North,Gizmo,664
123340,North,Gadget,942
123348,North,Gadget,760
123350,North,Doohickey,659
123352,North,Doohickey,725
123356,North,Gadget,985
123358,North,Gadget,714
123365,North,Gizmo,501
123389,North,Doohickey,728
123390,North,Doohickey,534
123397,North,Doohickey,882
123410,North,Gizmo,830
123419,North,Gadget,689
123422,North,Gadget,899
123430,North,Widget,888
123434,North,Gadget,559
123435,North,Doohickey,516
123436,North,Widget,844
123441,North,Gadget,562
123450,North,Widget,513
123453,North,Doohickey,667
123462,North,Doohickey,785
123487,North,Doohickey,599
123498,North,Gizmo,601
123501,North,Gizmo,794
123502,North,Widget,553
123509,North,Doohickey,785
123510,North,Widget,994
123511,North,Widget,940
123530,North,Gizmo,696
123544,North,Gadget,605
123547,North,Gizmo,734
123548,North,Gizmo,771
123563,North,Doohickey,511
123580,North,Gizmo,943
123582,North,Doohickey,619
123593,North,Gadget,792
123611,North,Doohickey,751
123614,North,Gadget,958
123616,North,Widget,972
123621,North,Gizmo,556
123622,North,Widget,541
123630,North,Gadget,629
123640,North,Gadget,690
123641,North,Doohickey,501
123643,North,Widget,944
123652,North,Doohickey,580
123654,North,Widget,516
123662,North,Widget,592
123671,North,Widget,512
123675,North,Doohickey,967
123679,North,Gadget,620
123688,North,Doohickey,846
123709,North,Gizmo,943
123722,North,Gadget,686
123729,North,Gadget,745
123736,North,Gadget,551
123774,North,Gadget,880
123778,North,Widget,674
123809,North,Gadget,621
123811,North,Gizmo,815
123819,North,Doohickey,725
123821,North,Gadget,577
123828,North,Widget,877
123840,North,Doohickey,570
123844,North,Gadget,930
123878,North,Gizmo,779
123885,North,Widget,772
123888,North,Widget,636
123889,North,Doohickey,746
123896,North,Doohickey,591
123902,North,Gizmo,709
123905,North,Gadget,542
123910,North,Gizmo,972
123911,North,Doohickey,850
123913,North,Gadget,650
123919,North,Widget,899
123925,North,Gadget,961
123937,North,Doohickey,824
123939,North,Widget,690
123952,North,Widget,733
123958,North,Gizmo,570
123960,North,Widget,503
123964,North,Gizmo,791
123968,North,Doohickey,702
123970,North,Gadget,951
123971,North,Doohickey,676
123972,North,Widget,631
123986,North,Gadget,984
124006,North,Widget,564
124012,North,Gizmo,751
124018,North,Widget,685
124019,North,Gadget,844
124023,North,Doohickey,858
124036,North,Doohickey,714
124043,North,Doohickey,698
124044,North,Gadget,525
124046,North,Doohickey,848
124071,North,Doohickey,978
124073,North,Gadget,950
124075,North,Gadget,533
124078,North,Doohickey,830
124079,North,Doohickey,969
124093,North,Gizmo,818
124103,North,Widget,722
124104,North,Gizmo,723
124107,North,Widget,710
124108,North,Widget,959
124117,North,Gizmo,578
124123,North,Widget,659
124124,North,Gizmo,654
124126,North,Widget,877
124147,North,Gadget,977
124148,North,Gizmo,509
124154,North,Doohickey,908
124169,North,Gizmo,516
124174,North,Gadget,516
124179,North,Doohickey,751
124180,North,Widget,593
124190,North,Gadget,713
124206,North,Doohickey,703
124214,North,Gadget,951
124216,North,Widget,570
124221,North,Widget,549
124223,North,Gadget,700
124229,North,Gadget,849
124235,North,Doohickey,537
124240,North,Widget,537
124243,North,Doohickey,575
124245,North,Gizmo,585
124248,North,Doohickey,976
124253,North,Widget,650
124258,North,Widget,551
124260,North,Gizmo,949
124275,North,Gizmo,642
124277,North,Doohickey,675
124281,North,Gizmo,715
124282,North,Widget,798
124284,North,Widget,627
124286,North,Widget,578
124295,North,Widget,865
124300,North,Gizmo,840
124308,North,Widget,782
124309,North,Doohickey,591
124311,North,Doohickey,813
124329,North,Gizmo,944
124334,North,Gadget,570
124346,North,Gadget,889
124366,North,Gadget,573
124368,North,Doohickey,877
124393,North,Doohickey,560
124410,North,Widget,876
124415,North,Gadget,695
124419,North,Widget,655
124425,North,Widget,989
124436,North,Doohickey,936
124437,North,Gizmo,917
124439,North,Widget,714
124444,North,Doohickey,765
124445,North,Gadget,909
124446,North,Widget,513
124449,North,Gizmo,896
124451,North,Doohickey,668
124453,North,Gizmo,695
124457,North,Widget,894
124460,North,Widget,932
124461,North,Widget,501
124470,North,Widget,527
124473,North,Doohickey,721
124481,North,Gadget,509
124482,North,Widget,509
124485,North,Gizmo,752
124486,North,Widget,665
124489,North,Widget,701
124494,North,Gizmo,843
124524,North,Gadget,841
124527,North,Widget,751
124534,North,Doohickey,990
124565,North,Gadget,861
124573,North,Gizmo,777
124597,North,Widget,857
124601,North,Gadget,676
124607,North,Doohickey,787
124611,North,Widget,623
124615,North,Gizmo,858
124630,North,Gadget,749
124633,North,Gadget,734
124634,North,Gizmo,836
124641,North,Gadget,863
124644,North,Gizmo,909
124648,North,Widget,847
124659,North,Gadget,734
124663,North,Widget,808
124715,North,Gadget,586
124722,North,Doohickey,610
124723,North,Gadget,942
124738,North,Doohickey,639
124756,North,Widget,544
124761,North,Widget,523
124766,North,Gadget,807
124780,North,Gadget,537
124787,North,Widget,757
124789,North,Gizmo,538
124791,North,Gizmo,923
124798,North,Doohickey,868
124809,North,Gadget,943
124816,North,Gadget,783
124837,North,Doohickey,993
124839,North,Gizmo,978
124858,North,Gizmo,644
124861,North,Doohickey,813
124880,North,Widget,900
124893,North,Gizmo,554
124904,North,Widget,544
124905,North,Gadget,528
124914,North,Gizmo,619
124917,North,Widget,836
124919,North,Widget,685
124924,North,Widget,588
124929,North,Gadget,810
124931,North,Doohickey,603
124935,North,Doohickey,571
124938,North,Doohickey,859
124942,North,Gizmo,993
124945,North,Gizmo,729
124953,North,Doohickey,557
124971,North,Gizmo,685
124978,North,Gadget,753
124984,North,Widget,550
124988,North,Doohickey,642
124989,North,Widget,878
124994,North,Gadget,705
124996,North,Gadget,908
125005,North,Doohickey,878
125008,North,Widget,921
125013,North,Doohickey,784
125023,North,Gadget,512
125037,North,Widget,758
125040,North,Doohickey,868
125050,North,Gizmo,723
125057,North,Widget,731
125062,North,Gizmo,985
125071,North,Gadget,860
125079,North,Widget,600
125089,North,Gadget,863
125107,North,Doohickey,610
125109,North,Widget,650
125110,North,Gizmo,724
125112,North,Doohickey,922
125157,North,Doohickey,981
125161,North,Gadget,692
125170,North,Gizmo,994
125184,North,Doohickey,726
125189,North,Gizmo,814
125203,North,Gadget,774
125204,North,Doohickey,543
125226,North,Doohickey,795
125229,North,Gizmo,661
125233,North,Gadget,852
125237,North,Gadget,921
125256,North,Widget,689
125257,North,Doohickey,727
125269,North,Gizmo,623
125276,North,Doohickey,715
125293,North,Doohickey,776
125309,North,Doohickey,816
125324,North,Doohickey,692
125336,North,Widget,780
125337,North,Gizmo,882
125341,North,Gizmo,575
125345,North,Doohickey,880
125346,North,Gizmo,719
125348,North,Gadget,701
125354,North,Widget,932
125358,North,Gadget,508
125379,North,Widget,536
125380,North,Widget,642
125381,North,Widget,582
125384,North,Widget,657
125391,North,Doohickey,783
125397,North,Doohickey,612
125399,North,Doohickey,798
125413,North,Gizmo,694
125417,North,Gizmo,571
125432,North,Gadget,823
125444,North,Gizmo,802
125460,North,Doohickey,600
125469,North,Doohickey,719
125480,North,Widget,521
125488,North,Doohickey,814
125490,North,Doohickey,655
125498,North,Gadget,871
125510,North,Doohickey,716
125521,North,Gadget,791
125526,North,Doohickey,647
125531,North,Gadget,964
125540,North,Doohickey,697
125547,North,Doohickey,509
125553,North,Widget,832
125560,North,Gizmo,927
125563,North,Gizmo,706
125573,North,Gizmo,830
125585,North,Widget,816
125589,North,Gizmo,609
125594,North,Gizmo,905
125599,North,Gizmo,952
125612,North,Doohickey,791
125615,North,Widget,664
125622,North,Widget,629
125623,North,Gizmo,670
125628,North,Gizmo,597
125631,North,Gizmo,596
125644,North,Doohickey,766
125662,North,Gizmo,852
125679,North,Gadget,645
125681,North,Gizmo,868
125697,North,Widget,840
125698,North,Doohickey,558
125700,North,Gizmo,556
125710,North,Gizmo,561
125721,North,Gizmo,992
125726,North,Doohickey,569
125732,North,Doohickey,810
125733,North,Doohickey,881
125736,North,Gadget,695
125759,North,Gadget,708
125768,North,Gizmo,719
125781,North,Gadget,889
125793,North,Doohickey,981
125815,North,Gadget,559
125825,North,Widget,648
125845,North,Doohickey,906
125850,North,Widget,811
125865,North,Doohickey,902
125866,North,Gizmo,528
125871,North,Widget,593
125873,North,Doohickey,828
125882,North,Widget,623
125888,North,Gizmo,902
125893,North,Gadget,747
125896,North,Doohickey,849
125897,North,Gadget,503
125900,North,Widget,509
125905,North,Gadget,944
125908,North,Widget,919
125910,North,Gizmo,986
125914,North,Gadget,663
125923,North,Gadget,965
125929,North,Gizmo,758
125942,North,Gizmo,527
125943,North,Gizmo,651
125960,North,Widget,946
125964,North,Gadget,785
125969,North,Gadget,965
125982,North,Gadget,883
125991,North,Gadget,571
125992,North,Gadget,705
125998,North,Widget,621
125999,North,Gadget,838
126003,North,Gizmo,664
126010,North,Gadget,865
126037,North,Doohickey,670
126044,North,Doohickey,726
126047,North,Widget,589
126061,North,Doohickey,973
126090,North,Widget,928
126096,North,Gadget,706
126099,North,Doohickey,572
126101,North,Gadget,600
126102,North,Gizmo,604
126104,North,Widget,891
126106,North,Gizmo,568
126125,North,Widget,997
126132,North,Gadget,567
126133,North,Widget,815
126135,North,Gizmo,828
126136,North,Widget,817
126148,North,Widget,501
126158,North,Widget,759
126163,North,Gadget,577
126167,North,Doohickey,678
126172,North,Gadget,822
126177,North,Gizmo,541
126221,North,Widget,940
126232,North,Gadget,762
126244,North,Doohickey,841
126257,North,Widget,986
126264,North,Gadget,826
126280,North,Gadget,644
126285,North,Widget,672
126291,North,Gadget,599
126305,North,Gizmo,550
126306,North,Gizmo,956
126307,North,Doohickey,589
126313,North,Widget,702
126351,North,Widget,952
126352,North,Doohickey,919
126355,North,Gadget,613
126361,North,Gadget,832
126377,North,Widget,516
126382,North,Widget,676
126383,North,Gizmo,918
126389,North,Widget,522
126396,North,Widget,632
126407,North,Widget,941
126413,North,Widget,950
126416,North,Gizmo,648
126421,North,Gadget,864
126425,North,Widget,966
126432,North,Doohickey,943
126437,North,Gadget,976
126448,North,Gizmo,965
126449,North,Widget,514
126478,North,Doohickey,585
126479,North,Gizmo,850
126480,North,Gadget,811
126493,North,Doohickey,923
126497,North,Gadget,777
126498,North,Widget,965
126500,North,Widget,876
126513,North,Gadget,742
126515,North,Gadget,692
126518,North,Doohickey,757
126531,North,Gizmo,760
126540,North,Doohickey,747
126559,North,Gadget,733
126561,North,Widget,765
126566,North,Gizmo,816
126575,North,Doohickey,505
126583,North,Gizmo,531
126605,North,Gizmo,928
126608,North,Gizmo,640
126624,North,Doohickey,959
126630,North,Gadget,818
126639,North,Gizmo,592
126643,North,Doohickey,667
126652,North,Gizmo,703
126660,North,Gizmo,944
126680,North,Gizmo,724
126682,North,Doohickey,647
126683,North,Widget,917
126688,North,Doohickey,734
126697,North,Widget,984
126715,North,Widget,840
126716,North,Widget,877
126732,North,Doohickey,702
126739,North,Gizmo,504
126740,North,Widget,877
126747,North,Widget,753
126750,North,Gizmo,774
126756,North,Gizmo,793
126759,North,Widget,523
126764,North,Widget,977
126766,North,Doohickey,762
126773,North,Doohickey,988
126776,North,Gizmo,961
126809,North,Gizmo,588
126816,North,Gizmo,691
126820,North,Gizmo,627
126832,North,Gizmo,885
126837,North,Gadget,640
126845,North,Gizmo,673
126860,North,Widget,625
126867,North,Gizmo,976
126875,North,Doohickey,777
126892,North,Widget,652
126896,North,Widget,917
126899,North,Widget,646
126900,North,Gizmo,982
126901,North,Doohickey,924
126906,North,Widget,811
126922,North,Widget,991
126951,North,Doohickey,618
126956,North,Gadget,859
126963,North,Widget,728
126967,North,Doohickey,809
126985,North,Widget,530
126988,North,Doohickey,913
126989,North,Gadget,518
126993,North,Doohickey,892
127008,North,Widget,627
127015,North,Gadget,803
127026,North,Gadget,952
127030,North,Widget,944
127033,North,Doohickey,525
127043,North,Gizmo,606
127044,North,Widget,910
127045,North,Gizmo,673
127059,North,Widget,666
127060,North,Gadget,952
127064,North,Gadget,729
127074,North,Doohickey,956
127075,North,Gizmo,733
127089,North,Doohickey,785
127094,North,Doohickey,925
127110,North,Doohickey,957
127114,North,Gizmo,762
127128,North,Doohickey,765
127129,North,Gadget,898
127140,North,Gadget,658
127141,North,Gizmo,727
127142,North,Gadget,890
127151,North,Gizmo,537
127161,North,Widget,883
127164,North,Gadget,736
127177,North,Widget,511
127180,North,Widget,650
127182,North,Doohickey,528
127195,North,Gizmo,615
127200,North,Gadget,864
127201,North,Widget,844
127207,North,Doohickey,637
127215,North,Gadget,583
127223,North,Doohickey,731
127226,North,Widget,943
127227,North,Doohickey,782
127243,North,Widget,627
127247,North,Gadget,546
127266,North,Gadget,787
127274,North,Gizmo,763
127283,North,Doohickey,721
127286,North,Doohickey,917
127339,North,Gadget,927
127347,North,Gizmo,706
127356,North,Gadget,543
127361,North,Widget,534
127371,North,Gizmo,890
127389,North,Doohickey,986
127393,North,Gadget,719
127402,North,Gizmo,695
127423,North,Gadget,652
127437,North,Gadget,952
127440,North,Gizmo,801
127441,North,Gadget,833
127448,North,Doohickey,787
127462,North,Widget,672
127465,North,Widget,846
127466,North,Gadget,622
127472,North,Gizmo,668
127478,North,Gadget,619
127480,North,Gadget,843
127483,North,Gizmo,501
127488,North,Gizmo,677
127494,North,Doohickey,723
127497,North,Doohickey,625
127498,North,Gadget,616
127513,North,Gizmo,919
127535,North,Doohickey,735
127537,North,Gizmo,758
127555,North,Gizmo,727
127563,North,Gizmo,643
127565,North,Gizmo,679
127568,North,Gizmo,764
127578,North,Gadget,556
127579,North,Widget,713
127582,North,Doohickey,770
127588,North,Gizmo,692
127604,North,Gadget,511
127606,North,Widget,951
127607,North,Doohickey,993
127614,North,Gadget,756
127617,North,Gadget,726
127633,North,Gadget,903
127635,North,Gadget,587
127639,North,Gadget,803
127647,North,Gizmo,733
127656,North,Gadget,755
127657,North,Doohickey,678
127658,North,Widget,940
127669,North,Gizmo,924
127670,North,Gizmo,532
127671,North,Gadget,505
127674,North,Gizmo,562
127678,North,Doohickey,573
127686,North,Gizmo,824
127693,North,Doohickey,947
127695,North,Gadget,758
127697,North,Doohickey,775
127709,North,Gizmo,531
127712,North,Widget,963
127719,North,Gizmo,667
127720,North,Doohickey,978
127729,North,Gadget,572
127765,North,Doohickey,974
127792,North,Widget,902
127797,North,Doohickey,533
127821,North,Gizmo,550
127822,North,Doohickey,964
127828,North,Gadget,746
127829,North,Widget,855
127834,North,Widget,915
127836,North,Gadget,857
127837,North,Doohickey,747
127845,North,Widget,742
127855,North,Widget,738
127864,North,Widget,687
127868,North,Gizmo,743
127888,North,Gizmo,529
127890,North,Doohickey,952
127906,North,Doohickey,662
127924,North,Doohickey,855
127926,North,Widget,908
127931,North,Gadget,750
127934,North,Gadget,921
127938,North,Gadget,563
127940,North,Widget,890
127954,North,Gadget,714
127955,North,Gadget,605
127959,North,Doohickey,670
127980,North,Doohickey,580
128010,North,Gadget,618
128012,North,Widget,715
128017,North,Gadget,546
128018,North,Gadget,988
128019,North,Widget,573
128020,North,Gizmo,520
128031,North,Gadget,537
128032,North,Doohickey,724
128036,North,Doohickey,619
128037,North,Gizmo,582
128040,North,Gadget,546
128043,North,Doohickey,622
128054,North,Gizmo,516
128069,North,Widget,570
128076,North,Gadget,533
128085,North,Doohickey,743
128086,North,Gadget,928
128089,North,Gizmo,791
128090,North,Widget,818
128102,North,Doohickey,657
128104,North,Widget,822
128114,North,Widget,721
128123,North,Gizmo,567
128126,North,Gizmo,884
128140,North,Widget,688
128153,North,Doohickey,876
128161,North,Doohickey,686
128167,North,Gizmo,531
128178,North,Widget,877
128182,North,Widget,609
128192,North,Doohickey,802
128203,North,Gadget,781
128205,North,Gizmo,805
128207,North,Widget,906
128219,North,Doohickey,917
128231,North,Doohickey,561
128236,North,Doohickey,798
128250,North,Widget,539
128255,North,Doohickey,780
128263,North,Widget,594
128271,North,Doohickey,671
128284,North,Doohickey,695
128291,North,Widget,952
128294,North,Doohickey,914
128299,North,Gadget,721
128305,North,Doohickey,520
128320,North,Widget,516
128331,North,Doohickey,771
128340,North,Gizmo,921
128345,North,Widget,539
128347,North,Widget,986
128353,North,Gadget,517
128359,North,Widget,694
128369,North,Widget,871
128389,North,Gadget,865
128404,North,Gizmo,833
128405,North,Doohickey,977
128406,North,Doohickey,564
128412,North,Gadget,864
128416,North,Gadget,577
128417,North,Gizmo,501
128418,North,Gizmo,928
128436,North,Gizmo,731
128446,North,Gizmo,850
128458,North,Gadget,841
128466,North,Doohickey,702
128467,North,Gadget,869
128483,North,Widget,714
128490,North,Doohickey,634
128494,North,Widget,915
128496,North,Gadget,892
128505,North,Gizmo,594
128540,North,Gadget,923
128554,North,Gadget,641
128570,North,Doohickey,627
128575,North,Gadget,667
128581,North,Doohickey,731
128583,North,Gizmo,604
128587,North,Doohickey,911
128591,North,Gizmo,900
128592,North,Gadget,548
128602,North,Doohickey,951
128610,North,Gizmo,948
128614,North,Gadget,638
128638,North,Gadget,869
128656,North,Gizmo,508
128657,North,Gadget,616
128666,North,Gizmo,711
128670,North,Doohickey,740
128687,North,Gizmo,659
128706,North,Doohickey,706
128709,North,Doohickey,569
128714,North,Gadget,996
128721,North,Gadget,852
128722,North,Doohickey,575
128725,North,Gizmo,634
128734,North,Gizmo,928
128742,North,Gadget,775
128759,North,Widget,538
128774,North,Widget,747
128778,North,Gadget,787
128789,North,Gadget,931
128795,North,Widget,538
128797,North,Gadget,894
128799,North,Doohickey,530
128805,North,Widget,896
128807,North,Widget,595
128812,North,Widget,978
128815,North,Doohickey,627
128821,North,Gizmo,844
128830,North,Gizmo,773
128839,North,Doohickey,816
128841,North,Widget,784
128844,North,Gizmo,869
128853,North,Doohickey,827
128862,North,Gadget,775
128870,North,Widget,530
128871,North,Gizmo,725
128873,North,Widget,947
128892,North,Widget,811
128896,North,Gadget,958
128917,North,Gizmo,720
128925,North,Doohickey,803
128927,North,Gizmo,747
128931,North,Widget,964
128938,North,Gadget,686
128939,North,Gizmo,755
128940,North,Doohickey,503
128941,North,Gizmo,902
128945,North,Gadget,872
128970,North,Gadget,670
128984,North,Widget,771
128989,North,Doohickey,683
128996,North,Gizmo,850
128999,North,Doohickey,573
129002,North,Gadget,826
129014,North,Gadget,789
129016,North,Widget,646
129023,North,Doohickey,961
129025,North,Widget,650
129027,North,Gizmo,989
129033,North,Widget,592
129038,North,Widget,563
129043,North,Widget,558
129049,North,Doohickey,617
129060,North,Widget,880
129062,North,Doohickey,918
129075,North,Gadget,766
129079,North,Gizmo,565
129084,North,Widget,736
129089,North,Widget,720
129096,North,Gadget,609
129099,North,Gadget,840
129100,North,Widget,950
129102,North,Gadget,830
129105,North,Gadget,574
129113,North,Widget,968
129129,North,Gadget,711
129149,North,Widget,531
129153,North,Widget,540
129155,North,Doohickey,519
129180,North,Gadget,815
129206,North,Gizmo,924
129218,North,Doohickey,992
129223,North,Doohickey,722
129227,North,Widget,974
129233,North,Doohickey,943
129235,North,Doohickey,550
129256,North,Widget,668
129261,North,Doohickey,890
129269,North,Doohickey,847
129279,North,Widget,680
129288,North,Doohickey,976
129289,North,Widget,611
129294,North,Gizmo,760
129304,North,Widget,698
129322,North,Gadget,814
129325,North,Gadget,657
129327,North,Doohickey,551
129334,North,Doohickey,818
129344,North,Gizmo,709
129354,North,Doohickey,799
129358,North,Widget,610
129364,North,Widget,774
129381,North,Gizmo,666
129388,North,Widget,573
129395,North,Doohickey,611
129399,North,Gizmo,907
129401,North,Gizmo,994
129402,North,Gizmo,737
129424,North,Doohickey,703
129440,North,Gadget,789
129442,North,Gizmo,736
129446,North,Doohickey,961
129456,North,Widget,969
129464,North,Widget,657
129470,North,Widget,731
129499,North,Gizmo,525
129513,North,Gizmo,694
129531,North,Widget,634
129539,North,Gizmo,938
129553,North,Gizmo,529
129554,North,Gizmo,578
129561,North,Gizmo,781
129564,North,Widget,984
129569,North,Widget,853
129572,North,Doohickey,687
129576,North,Widget,792
129577,North,Doohickey,877
129578,North,Gizmo,896
129605,North,Gizmo,908
129607,North,Widget,876
129608,North,Doohickey,644
129609,North,Gizmo,891
129616,North,Gadget,839
129621,North,Doohickey,747
129636,North,Doohickey,973
129638,North,Widget,536
129647,North,Widget,926
129650,North,Doohickey,542
129657,North,Gadget,952
129676,North,Doohickey,545
129687,North,Gizmo,961
129694,North,Gadget,704
129697,North,Widget,982
129698,North,Gadget,876
129702,North,Gizmo,563
129705,North,Gadget,721
129706,North,Gizmo,656
129710,North,Gadget,694
129712,North,Doohickey,613
129729,North,Doohickey,951
129748,North,Doohickey,726
129759,North,Widget,532
129762,North,Gizmo,843
129769,North,Gadget,757
129770,North,Widget,911
129775,North,Gizmo,847
129779,North,Widget,509
129780,North,Gizmo,634
129782,North,Widget,640
129783,North,Gizmo,619
129788,North,Doohickey,894
129795,North,Doohickey,808
129804,North,Gadget,657
129810,North,Gadget,994
129811,North,Gizmo,581
129816,North,Widget,877
129817,North,Doohickey,943
129818,North,Gizmo,750
129822,North,Gadget,664
129824,North,Gizmo,778
129834,North,Widget,806
129839,North,Gadget,806
129846,North,Gadget,504
129849,North,Gizmo,948
129853,North,Doohickey,625
129859,North,Doohickey,578
129860,North,Gadget,983
129862,North,Widget,516
129863,North,Gizmo,830
129879,North,Widget,559
129896,North,Gadget,926
129898,North,Doohickey,802
129922,North,Doohickey,644
129927,North,Doohickey,790
129963,North,Widget,916
129971,North,Widget,617
129981,North,Gadget,771
129985,North,Gizmo,528
129988,North,Widget,648
129992,North,Widget,786
129995,North,Doohickey,838
130011,North,Gizmo,603
130013,North,Gizmo,702
130024,North,Gadget,924
130027,North,Doohickey,967
130031,North,Gizmo,955
130037,North,Widget,552
130043,North,Doohickey,766
130074,North,Doohickey,507
130081,North,Widget,670
130096,North,Gadget,989
130100,North,Widget,773
130104,North,Doohickey,504
130105,North,Gadget,618
130110,North,Gizmo,568
130111,North,Doohickey,636
130132,North,Widget,868
130139,North,Widget,794
130141,North,Gizmo,930
130151,North,Gadget,546
130154,North,Widget,911
130159,North,Gizmo,847
130164,North,Gizmo,544
130170,North,Gadget,628
130174,North,Gadget,648
130178,North,Gizmo,623
130184,North,Gadget,834
130190,North,Doohickey,818
130201,North,Gizmo,711
130203,North,Gadget,792
130213,North,Gizmo,636
130215,North,Widget,740
130217,North,Widget,839
130222,North,Doohickey,782
130236,North,Gadget,530
130237,North,Gadget,964
130241,North,Gizmo,944
130247,North,Gadget,880
130250,North,Gizmo,795
130257,North,Gizmo,619
130258,North,Gadget,984
130263,North,Gizmo,827
130269,North,Widget,616
130280,North,Widget,989
130285,North,Widget,721
130286,North,Widget,593
130307,North,Widget,509
130326,North,Doohickey,660
130329,North,Doohickey,951
130338,North,Doohickey,868
130348,North,Widget,915
130358,North,Doohickey,888
130360,North,Widget,522
130367,North,Gizmo,978
130368,North,Gadget,640
130375,North,Widget,988
130376,North,Doohickey,857
130385,North,Gizmo,579
130387,North,Gizmo,858
130389,North,Gizmo,637
130414,North,Doohickey,607
130416,North,Widget,606
130418,North,Doohickey,655
130437,North,Gizmo,530
130447,North,Widget,525
130450,North,Gizmo,535
130451,North,Doohickey,997
130454,North,Gizmo,751
130455,North,Gadget,972
130457,North,Widget,600
130459,North,Gadget,641
130478,North,Widget,594
130495,North,Doohickey,607
130498,North,Gizmo,518
130518,North,Gadget,692
130519,North,Gadget,878
130539,North,Gadget,972
130541,North,Doohickey,817
130553,North,Gadget,884
130559,North,Gadget,735
130565,North,Gadget,673
130572,North,Gizmo,876
130579,North,Gizmo,952
130592,North,Gizmo,661
130608,North,Gizmo,865
130617,North,Widget,882
130643,North,Gizmo,869
130662,North,Widget,556
130664,North,Doohickey,890
130669,North,Widget,662
130676,North,Gadget,905
130686,North,Widget,744
130692,North,Gizmo,565
130694,North,Widget,738
130700,North,Doohickey,892
130708,North,Gadget,684
130713,North,Widget,889
130725,North,Widget,707
130729,North,Gizmo,634
130730,North,Gizmo,844
130734,North,Doohickey,590
130752,North,Gadget,867
130758,North,Gizmo,543
130759,North,Doohickey,762
130762,North,Gizmo,943
130778,North,Doohickey,717
130779,North,Gizmo,644
130823,North,Widget,642
130830,North,Gadget,531
130833,North,Gizmo,714
130841,North,Doohickey,824
130842,North,Gizmo,546
130844,North,Gadget,513
130855,North,Gizmo,742
130860,North,Gadget,886
130863,North,Doohickey,763
130875,North,Doohickey,876
130882,North,Gizmo,811
130900,North,Widget,671
130906,North,Gadget,637
130915,North,Gadget,654
130942,North,Gadget,950
130953,North,Doohickey,873
130955,North,Widget,615
130960,North,Doohickey,539
130961,North,Widget,952
130972,North,Gadget,989
130985,North,Widget,680
130994,North,Gadget,535
131003,North,Gizmo,934
131008,North,Gizmo,798
131014,North,Widget,988
131018,North,Widget,704
131022,North,Gadget,522
131023,North,Gadget,504
131038,North,Doohickey,771
131042,North,Doohickey,629
131059,North,Doohickey,649
131062,North,Gadget,747
131079,North,Widget,730
131081,North,Widget,629
131090,North,Gizmo,549
131091,North,Doohickey,776
131093,North,Doohickey,704
131094,North,Gizmo,981
131096,North,Widget,890
131105,North,Gizmo,816
131119,North,Doohickey,605
131120,North,Gizmo,547
131124,North,Gadget,959
131142,North,Gadget,592
131148,North,Doohickey,531
131152,North,Gadget,760
131157,North,Gizmo,883
131158,North,Gizmo,515
131160,North,Gizmo,528
131174,North,Widget,939
131178,North,Gadget,852
131208,North,Doohickey,524
131213,North,Doohickey,974
131232,North,Gizmo,791
131245,North,Gizmo,685
131264,North,Gizmo,877
131285,North,Gadget,547
131286,North,Doohickey,974
131293,North,Gadget,683
131294,North,Gadget,619
131302,North,Doohickey,662
131309,North,Widget,631
131312,North,Doohickey,760
131319,North,Widget,581
131330,North,Gadget,597
131332,North,Doohickey,523
131341,North,Gadget,511
131349,North,Doohickey,601
131350,North,Gadget,599
131365,North,Widget,539
131367,North,Doohickey,580
131371,North,Gizmo,741
131386,North,Gadget,724
131397,North,Gizmo,697
131425,North,Doohickey,515
131428,North,Doohickey,951
131432,North,Gadget,671
131447,North,Doohickey,886
131463,North,Widget,839
131464,North,Gadget,738
131472,North,Gizmo,685
131485,North,Gizmo,982
131489,North,Widget,719
131510,North,Doohickey,738
131512,North,Gizmo,761
131525,North,Gadget,691
131534,North,Gizmo,874
131537,North,Doohickey,998
131541,North,Gadget,892
131542,North,Gizmo,910
131544,North,Gadget,545
131549,North,Doohickey,723
131553,North,Doohickey,976
131564,North,Widget,830
131569,North,Doohickey,951
131572,North,Doohickey,826
131582,North,Gizmo,710
131591,North,Gizmo,622
131597,North,Widget,826
131615,North,Doohickey,958
131629,North,Gadget,743
131652,North,Widget,592
131658,North,Gadget,682
131667,North,Doohickey,689
131692,North,Widget,852
131693,North,Gadget,710
131706,North,Gizmo,646
131713,North,Gadget,639
131717,North,Doohickey,633
131723,North,Gizmo,667
131728,North,Widget,703
131739,North,Gadget,940
131742,North,Widget,796
131743,North,Doohickey,617
131744,North,Doohickey,591
131746,North,Doohickey,557
131757,North,Doohickey,944
131768,North,Widget,752
131772,North,Doohickey,936
131780,North,Gizmo,669
131783,North,Doohickey,639
131806,North,Doohickey,828
131811,North,Gadget,823
131831,North,Gadget,631
131836,North,Doohickey,671
131849,North,Doohickey,518
131851,North,Doohickey,791
131853,North,Doohickey,827
131856,North,Widget,969
131865,North,Gizmo,933
131910,North,Gizmo,991
131912,North,Doohickey,918
131922,North,Gizmo,916
131923,North,Widget,774
131926,North,Gadget,869
131927,North,Doohickey,787
131928,North,Widget,549
131939,North,Gizmo,867
131941,North,Gadget,639
131952,North,Gizmo,828
131963,North,Gadget,680
131969,North,Widget,933
131970,North,Doohickey,921
131975,North,Gadget,718
131978,North,Gadget,666
131990,North,Gadget,628
131991,North,Doohickey,553
131992,North,Doohickey,702
131994,North,Gadget,546
132001,North,Widget,616
132002,North,Gizmo,681
132003,North,Gizmo,564
132016,North,Doohickey,755
132022,North,Widget,601
132023,North,Doohickey,849
132035,North,Widget,872
132051,North,Gadget,640
132062,North,Gadget,671
132065,North,Gadget,524
132078,North,Widget,964
132086,North,Gizmo,802
132091,North,Widget,913
132094,North,Doohickey,571
132103,North,Widget,556
132110,North,Gadget,815
132118,North,Gizmo,857
132119,North,Gadget,767
132137,North,Gizmo,925
132149,North,Doohickey,932
132161,North,Doohickey,717
132170,North,Doohickey,796
132186,North,Doohickey,773
132188,North,Widget,844
132189,North,Widget,846
132191,North,Gizmo,553
132192,North,Gadget,639
132193,North,Doohickey,618
132206,North,Gadget,813
132222,North,Gizmo,901
132224,North,Doohickey,561
132235,North,Doohickey,949
132236,North,Widget,634
132250,North,Doohickey,693
132260,North,Widget,656
132267,North,Widget,522
132269,North,Gizmo,851
132271,North,Gadget,721
132274,North,Gizmo,609
132299,North,Gizmo,534
132300,North,Gadget,908
132308,North,Gizmo,731
132311,North,Gadget,544
132314,North,Widget,873
132316,North,Doohickey,544
132322,North,Gizmo,610
132330,North,Doohickey,693
132339,North,Widget,723
132340,North,Widget,860
132349,North,Gadget,789
132358,North,Doohickey,793
132366,North,Gadget,787
132368,North,Gadget,809
132371,North,Widget,558
132397,North,Widget,936
132401,North,Doohickey,626
132405,North,Gizmo,649
132408,North,Gizmo,524
132416,North,Doohickey,604
132417,North,Doohickey,551
132438,North,Gadget,573
132442,North,Doohickey,645
132453,North,Widget,919
132463,North,Gadget,715
132466,North,Gadget,828
132476,North,Doohickey,846
132477,North,Gizmo,729
132481,North,Widget,501
132487,North,Gadget,865
132488,North,Widget,624
132518,North,Widget,572
132526,North,Widget,967
132539,North,Gizmo,709
132548,North,Widget,657
132549,North,Widget,777
132552,North,Doohickey,596
132553,North,Gizmo,552
132559,North,Gadget,834
132565,North,Widget,846
132566,North,Gadget,725
132568,North,Gadget,638
132571,North,Gadget,886
132586,North,Gadget,779
132605,North,Gizmo,590
132609,North,Gadget,825
132632,North,Gadget,767
132663,North,Gadget,517
132664,North,Gadget,890
132669,North,Widget,798
132679,North,Doohickey,553
132682,North,Gadget,507
132696,North,Gizmo,894
132698,North,Gadget,808
132714,North,Gadget,794
132715,North,Gizmo,944
132717,North,Gadget,916
132718,North,Gadget,760
132728,North,Gadget,641
132729,North,Gadget,828
132744,North,Doohickey,788
132773,North,Gadget,783
132774,North,Gadget,944
132775,North,Gadget,504
132782,North,Gadget,893
132787,North,Widget,505
132800,North,Gadget,518
132801,North,Gadget,710
132811,North,Gadget,992
132842,North,Doohickey,859
132847,North,Doohickey,692
132848,North,Widget,508
132853,North,Doohickey,546
132860,North,Doohickey,958
132877,North,Gizmo,576
132885,North,Gizmo,534
132889,North,Gadget,806
132906,North,Doohickey,830
132913,North,Gadget,978
132921,North,Doohickey,696
132925,North,Widget,683
132929,North,Gizmo,673
132937,North,Gadget,589
132965,North,Doohickey,744
132970,North,Doohickey,793
132981,North,Widget,547
132994,North,Widget,927
133005,North,Doohickey,655
133008,North,Widget,550
133015,North,Doohickey,971
133017,North,Gadget,736
133019,North,Gizmo,910
133026,North,Gadget,673
133037,North,Widget,665
133039,North,Widget,984
133042,North,Gizmo,746
133043,North,Widget,903
133062,North,Widget,852
133069,North,Gizmo,807
133074,North,Widget,946
133076,North,Widget,665
133078,North,Widget,996
133079,North,Widget,711
133080,North,Gadget,839
133083,North,Widget,823
133090,North,Doohickey,505
133093,North,Gizmo,861
133113,North,Widget,707
133129,North,Gadget,923
133151,North,Widget,678
133154,North,Gizmo,944
133160,North,Doohickey,690
133161,North,Gizmo,868
133174,North,Gadget,869
133183,North,Doohickey,547
133190,North,Widget,998
133209,North,Doohickey,901
133223,North,Gadget,694
133228,North,Gizmo,946
133230,North,Widget,733
133233,North,Doohickey,611
133234,North,Gadget,816
133235,North,Gizmo,966
133240,North,Doohickey,788
133244,North,Widget,832
133248,North,Gizmo,714
133251,North,Gizmo,923
133255,North,Gadget,620
133266,North,Gizmo,557
133287,North,Gizmo,571
133291,North,Gadget,961
133309,North,Gizmo,542
133311,North,Doohickey,991
133316,North,Widget,724
133322,North,Doohickey,585
133336,North,Gadget,625
133339,North,Doohickey,511
133344,North,Gizmo,589
133346,North,Gadget,517
133356,North,Gadget,827
133369,North,Doohickey,652
133384,North,Gizmo,953
133391,North,Gadget,723
133399,North,Gizmo,916
133415,North,Gadget,683
133420,North,Widget,696
133422,North,Widget,911
133426,North,Doohickey,959
133455,North,Gizmo,521
133458,North,Gizmo,994
133464,North,Gadget,975
133478,North,Widget,558
133490,North,Gadget,831
133494,North,Gizmo,542
133497,North,Doohickey,787
133509,North,Gadget,678
133512,North,Gizmo,535
133513,North,Doohickey,681
133528,North,Gizmo,942
133535,North,Widget,528
133555,North,Gadget,543
133560,North,Gadget,605
133569,North,Doohickey,802
133589,North,Gadget,582
133598,North,Gadget,512
133635,North,Doohickey,816
133656,North,Gadget,848
133660,North,Doohickey,993
133677,North,Gizmo,890
133683,North,Widget,795
133690,North,Gadget,986
133691,North,Gizmo,930
133698,North,Doohickey,727
133702,North,Widget,943
133703,North,Gizmo,767
133705,North,Widget,940
133742,North,Doohickey,774
133756,North,Gadget,824
133758,North,Gizmo,897
133763,North,Doohickey,961
133770,North,Doohickey,766
133790,North,Doohickey,755
133793,North,Gadget,750
133798,North,Doohickey,835
133799,North,Gadget,528
133806,North,Gadget,996
133813,North,Doohickey,612
133815,North,Widget,848
133821,North,Widget,903
133830,North,Gizmo,642
133833,North,Widget,606
133844,North,Widget,570
133855,North,Doohickey,606
133856,North,Gizmo,663
133860,North,Doohickey,815
133869,North,Gadget,527
133875,North,Gizmo,636
133877,North,Doohickey,566
133880,North,Gadget,672
133885,North,Widget,930
133890,North,Gizmo,583
133906,North,Widget,928
133929,North,Gadget,769
133933,North,Doohickey,935
133942,North,Gadget,974
133955,North,Widget,603
133958,North,Gadget,727
133960,North,Widget,608
133968,North,Doohickey,625
133983,North,Gadget,846
133986,North,Widget,647
133991,North,Doohickey,636
133996,North,Gizmo,977
134001,North,Gizmo,840
134009,North,Gizmo,603
134013,North,Widget,685
134022,North,Doohickey,844
134024,North,Doohickey,993
134037,North,Widget,946
134045,North,Doohickey,606
134048,North,Widget,838
134050,North,Widget,955
134052,North,Gadget,888
134055,North,Doohickey,700
134067,North,Doohickey,595
134076,North,Gizmo,776
134079,North,Gadget,575
134082,North,Doohickey,714
134083,North,Gadget,818
134089,North,Widget,944
134092,North,Widget,566
134096,North,Doohickey,632
134097,North,Doohickey,871
134102,North,Gizmo,545
134106,North,Gizmo,902
134121,North,Gizmo,809
134130,North,Widget,849
134150,North,Gizmo,507
134168,North,Gadget,602
134180,North,Gadget,983
134183,North,Doohickey,819
134195,North,Gadget,582
134203,North,Gadget,930
134218,North,Gadget,856
134225,North,Doohickey,670
134229,North,Doohickey,903
134231,North,Gizmo,669
134236,North,Doohickey,672
134241,North,Gizmo,614
134250,North,Gadget,670
134253,North,Widget,864
134254,North,Widget,928
134261,North,Gadget,988
134267,North,Gadget,752
134297,North,Gadget,883
134305,North,Doohickey,833
134323,North,Doohickey,946
134328,North,Widget,505
134331,North,Gizmo,630
134341,North,Doohickey,762
134353,North,Doohickey,938
134371,North,Widget,947
134376,North,Widget,914
134381,North,Gizmo,683
134404,North,Gadget,584
134407,North,Gadget,596
134416,North,Gadget,946
134428,North,Gadget,802
134429,North,Gizmo,605
134431,North,Gadget,613
134438,North,Gadget,960
134442,North,Gadget,935
134446,North,Doohickey,691
134447,North,Gadget,749
134453,North,Gizmo,811
134454,North,Doohickey,744
134460,North,Doohickey,822
134470,North,Gadget,746
134474,North,Gadget,622
134477,North,Doohickey,858
134481,North,Doohickey,916
134483,North,Doohickey,609
134488,North,Gizmo,629
134493,North,Doohickey,935
134505,North,Gizmo,997
134506,North,Widget,857
134517,North,Widget,852
134529,North,Gadget,699
134558,North,Gizmo,859
134578,North,Doohickey,853
134589,North,Widget,575
134606,North,Gadget,607
134620,North,Gadget,983
134622,North,Widget,784
134624,North,Doohickey,603
134643,North,Gizmo,644
134650,North,Widget,952
134651,North,Gizmo,807
134653,North,Widget,555
134661,North,Doohickey,827
134676,North,Gadget,838
134687,North,Gadget,570
134692,North,Gadget,690
134701,North,Gizmo,902
134706,North,Doohickey,674
134726,North,Doohickey,665
134732,North,Widget,665
134737,North,Doohickey,789
134740,North,Gadget,505
134745,North,Doohickey,964
134749,North,Gadget,900
134769,North,Widget,539
134775,North,Widget,728
134789,North,Widget,835
134799,North,Gadget,889
134810,North,Widget,634
134811,North,Gizmo,794
134820,North,Gadget,880
134824,North,Gadget,524
134828,North,Widget,882
134834,North,Doohickey,656
134836,North,Widget,840
134837,North,Gizmo,755
134839,North,Widget,521
134851,North,Doohickey,593
134874,North,Widget,593
134887,North,Gizmo,678
134891,North,Doohickey,673
134893,North,Widget,894
134901,North,Gizmo,607
134923,North,Gizmo,900
134924,North,Doohickey,601
134930,North,Gizmo,830
134934,North,Gadget,957
134935,North,Doohickey,836
134939,North,Widget,639
134966,North,Gadget,665
134977,North,Gizmo,869
134979,North,Doohickey,645
134987,North,Doohickey,751
135001,North,Widget,985
135015,North,Doohickey,687
135039,North,Widget,974
135051,North,Widget,838
135066,North,Widget,840
135068,North,Doohickey,992
135109,North,Widget,611
135111,North,Widget,556
135113,North,Doohickey,868
135115,North,Widget,503
135138,North,Gizmo,942
135144,North,Gizmo,758
135163,North,Widget,822
135171,North,Gizmo,891
135178,North,Doohickey,936
135188,North,Gadget,656
135191,North,Widget,882
135194,North,Gizmo,551
135197,North,Widget,806
135199,North,Doohickey,742
135202,North,Widget,800
135207,North,Gizmo,942
135211,North,Gadget,676
135219,North,Doohickey,833
135230,North,Widget,678
135242,North,Gadget,721
135244,North,Gadget,908
135249,North,Doohickey,610
135251,North,Gizmo,596
135272,North,Widget,964
135287,North,Doohickey,877
135290,North,Doohickey,530
135291,North,Doohickey,547
135302,North,Widget,827
135312,North,Widget,504
135316,North,Widget,822
135322,North,Doohickey,637
135342,North,Gizmo,941
135349,North,Widget,534
135357,North,Gizmo,767
135368,North,Widget,707
135378,North,Gadget,549
135386,North,Doohickey,891
135394,North,Gizmo,547
135397,North,Gizmo,969
135405,North,Gizmo,758
135406,North,Widget,880
135410,North,Gizmo,542
135444,North,Gadget,997
135457,North,Widget,826
135462,North,Gizmo,638
135467,North,Widget,974
135477,North,Doohickey,930
135481,North,Doohickey,886
135484,North,Widget,598
135485,North,Widget,976
135493,North,Gadget,983
135508,North,Gadget,969
135513,North,Gizmo,810
135516,North,Doohickey,661
135518,North,Gadget,953
135539,North,Doohickey,967
135556,North,Doohickey,798
135557,North,Widget,869
135563,North,Gizmo,944
135565,North,Gizmo,989
135567,North,Doohickey,798
135571,North,Widget,844
135579,North,Gizmo,704
135583,North,Doohickey,777
135587,North,Widget,753
135597,North,Gizmo,905
135599,North,Gizmo,553
135605,North,Gizmo,765
135609,North,Gadget,708
135632,North,Gizmo,844
135635,North,Doohickey,803
135637,North,Gadget,539
135651,North,Gadget,811
135658,North,Widget,522
135676,North,Gizmo,589
135683,North,Widget,863
135687,North,Widget,553
135689,North,Doohickey,643
135712,North,Doohickey,963
135748,North,Doohickey,790
135749,North,Doohickey,861
135767,North,Widget,833
135775,North,Gadget,538
135786,North,Doohickey,808
135796,North,Doohickey,849
135799,North,Gadget,540
135808,North,Gizmo,605
135810,North,Gizmo,719
135813,North,Doohickey,662
135832,North,Doohickey,778
135834,North,Gizmo,949
135841,North,Gadget,832
135844,North,Widget,759
135849,North,Gadget,507
135852,North,Doohickey,735
135873,North,Widget,577
135876,North,Widget,800
135884,North,Widget,822
135911,North,Gizmo,570
135936,North,Gizmo,915
135940,North,Doohickey,659
135944,North,Gadget,819
135956,North,Gadget,789
135963,North,Gizmo,509
135978,North,Gizmo,875
135981,North,Widget,518
135992,North,Gizmo,803
135995,North,Gizmo,911
136008,North,Gadget,745
136015,North,Gadget,889
136030,North,Widget,659
136035,North,Widget,600
136041,North,Widget,901
136048,North,Doohickey,655
136071,North,Gadget,679
136072,North,Widget,750
136074,North,Gizmo,786
136075,North,Widget,981
136086,North,Gadget,793
136098,North,Gizmo,780
136107,North,Gadget,614
136109,North,Gizmo,905
136118,North,Widget,695
136121,North,Doohickey,615
136131,North,Widget,542
136134,North,Gadget,598
136136,North,Gizmo,678
136139,North,Doohickey,953
136142,North,Widget,504
136160,North,Gadget,967
136173,North,Widget,743
136179,North,Gizmo,963
136184,North,Widget,851
136185,North,Gizmo,865
136187,North,Gadget,549
136191,North,Widget,604
136194,North,Doohickey,966
136198,North,Gizmo,671
136199,North,Gizmo,662
136211,North,Widget,900
136218,North,Gadget,608
136230,North,Widget,889
136235,North,Widget,913
136236,North,Gadget,953
136240,North,Gadget,617
136249,North,Gadget,894
136250,North,Doohickey,886
136253,North,Gizmo,996
136270,North,Gizmo,553
136289,North,Doohickey,731
136291,North,Widget,803
136294,North,Doohickey,911
136298,North,Widget,525
136327,North,Doohickey,891
136331,North,Gadget,859
136341,North,Doohickey,947
136346,North,Gadget,956
136348,North,Widget,790
136349,North,Widget,760
136350,North,Gadget,943
136355,North,Gadget,932
136368,North,Doohickey,805
136401,North,Gizmo,957
136406,North,Gizmo,641
136424,North,Gadget,777
136428,North,Gizmo,834
136429,North,Gizmo,838
136438,North,Gizmo,821
136449,North,Widget,893
136454,North,Gizmo,907
136466,North,Widget,549
136471,North,Widget,902
136491,North,Doohickey,900
136503,North,Gizmo,721
136516,North,Doohickey,981
136531,North,Gizmo,997
136539,North,Widget,880
136541,North,Gizmo,969
136542,North,Doohickey,517
136544,North,Gadget,762
136546,North,Widget,943
136553,North,Doohickey,592
136556,North,Doohickey,914
136558,North,Widget,714
136586,North,Doohickey,598
136588,North,Doohickey,620
136593,North,Doohickey,969
136594,North,Doohickey,806
136620,North,Doohickey,507
136628,North,Widget,988
136633,North,Widget,894
136640,North,Gadget,944
136642,North,Gizmo,703
136644,North,Widget,527
136663,North,Gizmo,772
136702,North,Gadget,716
136704,North,Gizmo,628
136772,North,Widget,608
136777,North,Gizmo,927
136782,North,Gadget,835
136783,North,Widget,694
136796,North,Gizmo,830
136806,North,Gizmo,704
136819,North,Widget,579
136825,North,Gizmo,706
136833,North,Gizmo,846
136839,North,Widget,535
136849,North,Widget,977
136852,North,Gizmo,902
136865,North,Doohickey,671
136874,North,Widget,755
136884,North,Gizmo,658
136885,North,Doohickey,632
136890,North,Widget,811
136914,North,Gizmo,848
136919,North,Doohickey,901
136922,North,Widget,662
136926,North,Gadget,991
136931,North,Widget,875
136936,North,Widget,643
136939,North,Gadget,805
136942,North,Gizmo,902
136948,North,Gizmo,536
136949,North,Gadget,896
136952,North,Widget,802
136957,North,Gadget,685
136959,North,Gizmo,959
136966,North,Widget,840
136972,North,Gadget,613
136974,North,Doohickey,699
136979,North,Gadget,864
136986,North,Doohickey,555
136991,North,Doohickey,786
136994,North,Gizmo,742
137004,North,Gizmo,853
137009,North,Widget,914
137022,North,Doohickey,869
137032,North,Gadget,788
137042,North,Doohickey,715
137089,North,Widget,848
137097,North,Gadget,705
137101,North,Widget,952
137107,North,Doohickey,815
137114,North,Gizmo,836
137123,North,Widget,630
137140,North,Gizmo,501
137144,North,Widget,923
137161,North,Widget,515
137167,North,Gadget,791
137174,North,Widget,875
137175,North,Doohickey,731
137182,North,Gizmo,693
137186,North,Gizmo,719
137206,North,Doohickey,772
137209,North,Widget,787
137214,North,Gadget,530
137221,North,Gadget,994
137239,North,Widget,524
137243,North,Doohickey,856
137252,North,Gadget,897
137254,North,Widget,882
137262,North,Doohickey,876
137271,North,Doohickey,691
137273,North,Gizmo,529
137288,North,Gizmo,594
137290,North,Widget,610
137291,North,Gadget,772
137302,North,Doohickey,843
137313,North,Widget,672
137320,North,Doohickey,958
137333,North,Gadget,690
137338,North,Widget,585
137339,North,Gizmo,875
137340,North,Gadget,828
137352,North,Widget,969
137361,North,Widget,935
137368,North,Doohickey,544
137370,North,Doohickey,606
137389,North,Gizmo,1000
137396,North,Doohickey,624
137402,North,Widget,556
137407,North,Gadget,637
137417,North,Gadget,787
137418,North,Gizmo,650
137446,North,Doohickey,802
137447,North,Doohickey,923
137453,North,Gadget,706
137456,North,Gizmo,921
137458,North,Widget,861
137472,North,Gizmo,599
137474,North,Doohickey,830
137482,North,Doohickey,536
137486,North,Gizmo,764
137487,North,Doohickey,689
137489,North,Gizmo,703
137501,North,Gadget,983
137505,North,Gizmo,882
137519,North,Gadget,666
137540,North,Widget,615
137544,North,Doohickey,541
137551,North,Gizmo,894
137553,North,Doohickey,780
137563,North,Doohickey,799
137571,North,Gizmo,819
137583,North,Gadget,620
137587,North,Widget,570
137604,North,Doohickey,911
137609,North,Widget,810
137640,North,Widget,609
137644,North,Gadget,705
137659,North,Gizmo,515
137665,North,Gizmo,848
137689,North,Gizmo,733
137709,North,Widget,795
137713,North,Gizmo,660
137717,North,Gadget,826
137722,North,Gadget,584
137725,North,Doohickey,948
137735,North,Widget,710
137742,North,Gadget,615
137752,North,Gadget,551
137754,North,Gadget,996
137757,North,Gadget,688
137762,North,Doohickey,814
137770,North,Doohickey,801
137772,North,Widget,601
137776,North,Widget,764
137779,North,Gadget,847
137782,North,Gadget,583
137794,North,Gizmo,723
137801,North,Gadget,958
137803,North,Gizmo,794
137807,North,Doohickey,650
137817,North,Gizmo,501
137837,North,Gadget,796
137839,North,Gizmo,991
137841,North,Gizmo,517
137845,North,Widget,601
137852,North,Doohickey,531
137900,North,Gizmo,683
137903,North,Gizmo,633
137904,North,Gizmo,811
137912,North,Gizmo,966
137915,North,Doohickey,990
137924,North,Widget,748
137929,North,Widget,831
137936,North,Gadget,744
137937,North,Doohickey,579
137938,North,Gizmo,698
137965,North,Doohickey,807
137976,North,Doohickey,755
137990,North,Doohickey,609
138001,North,Widget,833
138006,North,Gizmo,810
138008,North,Doohickey,613
138024,North,Gadget,599
138032,North,Gizmo,742
138035,North,Widget,655
138049,North,Gizmo,777
138075,North,Widget,651
138086,North,Gizmo,735
138101,North,Gizmo,702
138103,North,Gadget,685
138107,North,Doohickey,580
138110,North,Gadget,534
138113,North,Gadget,618
138130,North,Gizmo,801
138131,North,Doohickey,905
138147,North,Widget,594
138156,North,Doohickey,752
138168,North,Gizmo,670
138169,North,Gadget,882
138191,North,Widget,615
138200,North,Gizmo,813
138203,North,Gizmo,880
138216,North,Doohickey,614
138221,North,Doohickey,567
138226,North,Gizmo,799
138227,North,Widget,561
138232,North,Widget,888
138235,North,Widget,599
138243,North,Gizmo,980
138252,North,Doohickey,753
138267,North,Gizmo,953
138286,North,Gadget,753
138289,North,Gizmo,695
138290,North,Doohickey,897
138330,North,Widget,824
138345,North,Doohickey,832
138354,North,Widget,692
138363,North,Widget,729
138384,North,Gizmo,630
138388,North,Gadget,900
138393,North,Widget,599
138398,North,Gizmo,524
138412,North,Doohickey,759
138430,North,Gizmo,672
138448,North,Gadget,926
138452,North,Gadget,994
138457,North,Gadget,725
138462,North,Doohickey,605
138464,North,Widget,672
138468,North,Gadget,602
138469,North,Gizmo,591
138471,North,Gadget,932
138472,North,Gadget,949
138484,North,Doohickey,724
138530,North,Widget,815
138533,North,Widget,897
138536,North,Doohickey,822
138552,North,Doohickey,518
138557,North,Gizmo,550
138575,North,Doohickey,871
138580,North,Doohickey,565
138590,North,Doohickey,843
138600,North,Widget,624
138601,North,Gadget,757
138606,North,Widget,963
138635,North,Widget,773
138637,North,Gizmo,827
138647,North,Doohickey,600
138661,North,Widget,843
138671,North,Widget,815
138678,North,Doohickey,507
138694,North,Gadget,594
138695,North,Widget,685
138706,North,Gadget,787
138707,North,Gizmo,534
138713,North,Gizmo,792
138714,North,Widget,902
138728,North,Doohickey,896
138733,North,Widget,878
138734,North,Widget,680
138740,North,Widget,540
138747,North,Gadget,780
138753,North,Doohickey,791
138755,North,Gadget,545
138764,North,Doohickey,551
138767,North,Gadget,603
138775,North,Widget,949
138777,North,Widget,511
138778,North,Gadget,972
138784,North,Doohickey,629
138788,North,Gadget,509
138794,North,Gadget,737
138799,North,Doohickey,710
138803,North,Widget,552
138807,North,Doohickey,819
138815,North,Doohickey,680
138844,North,Widget,977
138846,North,Doohickey,735
138848,North,Widget,581
138854,North,Gizmo,821
138855,North,Gizmo,643
138870,North,Doohickey,832
138890,North,Widget,699
138903,North,Doohickey,599
138923,North,Doohickey,501
138926,North,Widget,923
138928,North,Gizmo,762
138929,North,Widget,765
138941,North,Gizmo,780
138948,North,Gadget,722
138952,North,Gadget,873
138967,North,Gizmo,639
138971,North,Gizmo,984
138976,North,Widget,642
138994,North,Gadget,677
139002,North,Doohickey,513
139009,North,Widget,885
139014,North,Gizmo,789
139015,North,Doohickey,981
139025,North,Widget,986
139032,North,Doohickey,513
139040,North,Gizmo,694
139046,North,Doohickey,568
139047,North,Gadget,690
139049,North,Gadget,925
139060,North,Gizmo,727
139073,North,Widget,583
139076,North,Gizmo,938
139078,North,Doohickey,957
139096,North,Gizmo,716
139108,North,Widget,842
139116,North,Gadget,538
139123,North,Gadget,511
139134,North,Gizmo,817
139138,North,Widget,774
139140,North,Gizmo,554
139149,North,Widget,725
139150,North,Doohickey,682
139152,North,Gizmo,799
139163,North,Gizmo,507
139169,North,Doohickey,726
139183,North,Widget,807
139184,North,Gadget,952
139187,North,Gizmo,722
139204,North,Gizmo,844
139229,North,Widget,524
139235,North,Widget,686
139244,North,Widget,996
139252,North,Gizmo,886
139253,North,Doohickey,961
139261,North,Widget,575
139265,North,Gizmo,931
139271,North,Widget,666
139294,North,Doohickey,643
139296,North,Doohickey,574
139308,North,Doohickey,891
139323,North,Gadget,864
139326,North,Gadget,902
139360,North,Gizmo,966
139362,North,Widget,565
139367,North,Doohickey,944
139373,North,Gizmo,955
139377,North,Gizmo,555
139378,North,Gizmo,615
139385,North,Gadget,911
139388,North,Doohickey,905
139402,North,Gadget,813
139405,North,Widget,608
139417,North,Gadget,939
139443,North,Gadget,794
139450,North,Doohickey,799
139453,North,Gadget,702
139465,North,Widget,822
139473,North,Doohickey,602
139480,North,Widget,622
139488,North,Gizmo,813
139498,North,Doohickey,546
139514,North,Gadget,623
139515,North,Gizmo,614
139519,North,Doohickey,731
139521,North,Gadget,835
139527,North,Gizmo,805
139537,North,Gizmo,770
139549,North,Widget,606
139558,North,Widget,629
139559,North,Gadget,857
139560,North,Widget,781
139561,North,Gadget,780
139577,North,Gizmo,828
139600,North,Gadget,799
139602,North,Widget,679
139615,North,Gadget,994
139618,North,Widget,796
139619,North,Doohickey,606
139620,North,Gizmo,865
139621,North,Gadget,788
139645,North,Gadget,658
139663,North,Widget,853
139666,North,Doohickey,501
139677,North,Gadget,523
139686,North,Doohickey,697
139687,North,Gadget,980
139693,North,Gizmo,834
139694,North,Widget,908
139695,North,Widget,944
139696,North,Gizmo,856
139701,North,Gadget,669
139702,North,Gizmo,509
139723,North,Widget,905
139727,North,Doohickey,727
139731,North,Gadget,852
139737,North,Widget,880
139746,North,Doohickey,611
139750,North,Doohickey,957
139752,North,Gizmo,656
139760,North,Gizmo,952
139761,North,Gadget,779
139784,North,Gadget,739
139788,North,Gadget,601
139796,North,Doohickey,967
139805,North,Gadget,623
139809,North,Gizmo,767
139821,North,Widget,756
139832,North,Widget,641
139846,North,Gizmo,916
139854,North,Doohickey,809
139857,North,Gadget,654
139860,North,Gizmo,803
139865,North,Doohickey,650
139897,North,Doohickey,876
139903,North,Widget,501
139921,North,Widget,655
139924,North,Gizmo,751
139927,North,Widget,594
139933,North,Widget,772
139941,North,Doohickey,561
139944,North,Gadget,861
139947,North,Gizmo,667
139953,North,Widget,931
139957,North,Gizmo,701
139975,North,Doohickey,809
139978,North,Gizmo,718
139981,North,Widget,839
139983,North,Doohickey,546
139985,North,Widget,692
139987,North,Widget,606
139996,North,Doohickey,830
139998,North,Gadget,981
140009,North,Gadget,571
140015,North,Doohickey,969
140028,North,Doohickey,509
140030,North,Gadget,961
140032,North,Gizmo,742
140034,North,Gadget,860
140036,North,Doohickey,919
140040,North,Doohickey,966
140049,North,Gadget,530
140056,North,Widget,584
140058,North,Doohickey,601
140065,North,Gizmo,861
140071,North,Widget,667
140073,North,Widget,782
140087,North,Widget,593
140089,North,Gizmo,559
140098,North,Widget,783
140110,North,Widget,687
140121,North,Gizmo,809
140125,North,Gadget,626
140128,North,Gizmo,941
140132,North,Gadget,528
140159,North,Gadget,630
140160,North,Gizmo,972
140163,North,Gadget,697
140164,North,Gizmo,587
140176,North,Widget,772
140182,North,Doohickey,684
140189,North,Gadget,513
140192,North,Gadget,905
140222,North,Gadget,811
140234,North,Widget,831
140248,North,Doohickey,789
140261,North,Gadget,994
140264,North,Gizmo,627
140272,North,Doohickey,572
140281,North,Gizmo,654
140296,North,Gizmo,556
140324,North,Doohickey,647
140330,North,Doohickey,771
140332,North,Widget,590
140335,North,Widget,898
140337,North,Gizmo,513
140350,North,Gadget,818
140355,North,Widget,896
140361,North,Gadget,664
140367,North,Doohickey,866
140379,North,Gizmo,944
140441,North,Widget,613
140443,North,Widget,736
140450,North,Doohickey,692
140451,North,Widget,902
140453,North,Gizmo,952
140464,North,Gadget,792
140466,North,Gizmo,809
140475,North,Doohickey,816
140478,North,Doohickey,620
140492,North,Widget,881
140495,North,Gadget,744
140496,North,Doohickey,635
140504,North,Gadget,933
140509,North,Widget,850
140530,North,Doohickey,511
140531,North,Doohickey,974
140534,North,Doohickey,884
140542,North,Doohickey,978
140552,North,Gadget,697
140555,North,Gadget,524
140557,North,Gadget,832
140565,North,Doohickey,947
140571,North,Gadget,959
140584,North,Widget,733
140587,North,Widget,873
140610,North,Doohickey,696
140617,North,Gizmo,623
140621,North,Gizmo,865
140631,North,Widget,673
140637,North,Gadget,664
140649,North,Gizmo,774
140653,North,Gadget,919
140661,North,Gizmo,521
140700,North,Gizmo,875
140711,North,Gadget,896
140716,North,Doohickey,571
140718,North,Doohickey,790
140735,North,Gizmo,778
140736,North,Doohickey,721
140743,North,Widget,811
140747,North,Gadget,614
140757,North,Gizmo,573
140774,North,Gadget,876
140779,North,Gizmo,819
140785,North,Widget,724
140792,North,Widget,698
140793,North,Gadget,849
140794,North,Gadget,692
140803,North,Gizmo,943
140829,North,Gizmo,777
140841,North,Doohickey,958
140845,North,Doohickey,581
140851,North,Gadget,911
140853,North,Widget,505
140871,North,Doohickey,531
140873,North,Gizmo,648
140895,North,Doohickey,834
140900,North,Gadget,852
140913,North,Doohickey,950
140931,North,Gadget,900
140935,North,Gadget,644
140939,North,Widget,883
140952,North,Gizmo,843
140971,North,Gizmo,728
140983,North,Gizmo,579
140987,North,Gadget,892
140994,North,Gadget,818
140998,North,Gadget,792
141002,North,Gizmo,891
141005,North,Doohickey,799
141007,North,Doohickey,574
141014,North,Widget,944
141025,North,Doohickey,809
141032,North,Gadget,610
141038,North,Gadget,559
141048,North,Gadget,949
141053,North,Gizmo,557
141058,North,Widget,761
141060,North,Gadget,913
141064,North,Widget,632
141078,North,Gadget,688
141092,North,Doohickey,791
141099,North,Doohickey,974
141119,North,Doohickey,712
141139,North,Doohickey,911
141149,North,Gizmo,536
141154,North,Gadget,968
141155,North,Widget,765
141161,North,Widget,632
141166,North,Widget,673
141171,North,Gizmo,865
141173,North,Widget,994
141179,North,Widget,605
141183,North,Widget,582
141202,North,Widget,674
141214,North,Gadget,756
141216,North,Gadget,545
141235,North,Gadget,876
141254,North,Doohickey,876
141258,North,Doohickey,553
141260,North,Doohickey,609
141262,North,Doohickey,906
141277,North,Gizmo,944
141284,North,Gizmo,556
141286,North,Gizmo,706
141291,North,Gizmo,852
141294,North,Widget,752
141303,North,Gadget,830
141309,North,Gadget,727
141315,North,Doohickey,927
141318,North,Doohickey,515
141334,North,Doohickey,749
141337,North,Gadget,763
141341,North,Widget,932
141369,North,Gadget,562
141375,North,Widget,886
141380,North,Gadget,689
141386,North,Widget,759
141389,North,Doohickey,816
141390,North,Gizmo,683
141412,North,Doohickey,935
141421,North,Widget,622
141424,North,Gizmo,509
141432,North,Gadget,922
141438,North,Widget,660
141459,North,Gadget,678
141469,North,Widget,964
141477,North,Gadget,736
141479,North,Gadget,632
141480,North,Doohickey,644
141481,North,Widget,580
141488,North,Gadget,652
141510,North,Gadget,673
141511,North,Gizmo,704
141513,North,Gizmo,641
141516,North,Widget,595
141518,North,Gizmo,741
141520,North,Gadget,505
141540,North,Widget,507
141548,North,Gadget,796
141552,North,Gizmo,988
141556,North,Gadget,679
141557,North,Gadget,918
141560,North,Gizmo,557
141566,North,Doohickey,633
141575,North,Widget,722
141579,North,Doohickey,616
141580,North,Gizmo,577
141591,North,Widget,938
141592,North,Widget,891
141599,North,Gizmo,549
141603,North,Widget,714
141604,North,Widget,633
141615,North,Doohickey,587
141623,North,Widget,894
141624,North,Gadget,657
141640,North,Gizmo,674
141647,North,Widget,882
141648,North,Gizmo,546
141655,North,Gadget,651
141658,North,Gadget,910
141666,North,Gadget,911
141686,North,Gizmo,634
141691,North,Gadget,524
141693,North,Doohickey,736
141705,North,Gadget,552
141707,North,Doohickey,951
141710,North,Widget,745
141725,North,Gizmo,581
141730,North,Gizmo,832
141773,North,Gadget,587
141782,North,Gadget,760
141786,North,Gizmo,784
141788,North,Doohickey,711
141791,North,Gizmo,749
141800,North,Gadget,864
141801,North,Gizmo,558
141825,North,Gadget,969
141826,North,Gadget,712
141830,North,Doohickey,734
141833,North,Gadget,763
141852,North,Doohickey,598
141860,North,Gizmo,621
141866,North,Doohickey,653
141867,North,Doohickey,888
141870,North,Gadget,974
141872,North,Gadget,627
141875,North,Gadget,888
141883,North,Widget,749
141889,North,Widget,789
141910,North,Gizmo,969
141929,North,Gadget,861
141931,North,Widget,518
141943,North,Gizmo,819
141948,North,Widget,934
141963,North,Gadget,670
141967,North,Doohickey,946
141977,North,Gizmo,986
141978,North,Doohickey,689
141982,North,Gizmo,898
141984,North,Gizmo,859
141991,North,Gadget,813
142005,North,Gadget,576
142012,North,Doohickey,973
142013,North,Doohickey,802
142029,North,Widget,713
142031,North,Gadget,587
142046,North,Doohickey,641
142050,North,Widget,894
142061,North,Gadget,559
142064,North,Widget,836
142076,North,Gadget,558
142077,North,Gadget,700
142079,North,Gadget,919
142094,North,Doohickey,666
142096,North,Gadget,676
142106,North,Widget,771
142111,North,Gadget,675
142113,North,Doohickey,717
142117,North,Doohickey,900
142123,North,Doohickey,738
142128,North,Widget,886
142134,North,Widget,653
142140,North,Gizmo,942
142150,North,Gizmo,898
142164,North,Gadget,785
142174,North,Widget,701
142177,North,Gizmo,953
142205,North,Gizmo,617
142212,North,Gadget,651
142218,North,Gizmo,913
142223,North,Gadget,616
142224,North,Gizmo,628
142239,North,Gizmo,754
142245,North,Widget,680
142248,North,Widget,827
142268,North,Gadget,972
142309,North,Doohickey,659
142312,North,Doohickey,539
142328,North,Gizmo,560
142331,North,Gizmo,571
142332,North,Gadget,976
142334,North,Gizmo,672
142335,North,Gadget,877
142341,North,Doohickey,989
142355,North,Gizmo,959
142363,North,Gadget,768
142366,North,Widget,520
142367,North,Doohickey,994
142368,North,Gizmo,501
142372,North,Gadget,802
142378,North,Doohickey,971
142382,North,Doohickey,921
142386,North,Widget,511
142406,North,Gizmo,524
142407,North,Widget,978
142412,North,Widget,620
142429,North,Gadget,563
142430,North,Gadget,755
142450,North,Gizmo,839
142455,North,Gizmo,716
142466,North,Widget,694
142468,North,Gadget,856
142469,North,Doohickey,883
142476,North,Gizmo,690
142477,North,Doohickey,631
142479,North,Gadget,727
142486,North,Gizmo,964
142509,North,Gizmo,658
142539,North,Widget,795
142551,North,Gizmo,787
142552,North,Gizmo,864
142557,North,Doohickey,728
142559,North,Widget,840
142575,North,Widget,872
142593,North,Gadget,960
142596,North,Gadget,784
142598,North,Widget,702
142626,North,Widget,726
142632,North,Doohickey,507
142634,North,Doohickey,641
142646,North,Gizmo,540
142649,North,Doohickey,931
142650,North,Widget,587
142654,North,Widget,505
142660,North,Gadget,909
142663,North,Gizmo,541
142669,North,Gadget,771
142671,North,Widget,613
142675,North,Doohickey,586
142677,North,Widget,807
142678,North,Doohickey,691
142684,North,Gizmo,792
142691,North,Gadget,655
142697,North,Doohickey,924
142715,North,Widget,872
142718,North,Gadget,724
142723,North,Doohickey,883
142734,North,Gizmo,532
142735,North,Gizmo,762
142736,North,Gizmo,960
142747,North,Gadget,601
142750,North,Gizmo,852
142753,North,Gizmo,736
142758,North,Doohickey,861
142762,North,Doohickey,591
142774,North,Doohickey,580
142779,North,Gadget,580
142786,North,Doohickey,811
142800,North,Doohickey,832
142809,North,Gizmo,673
142815,North,Widget,724
142819,North,Gadget,934
142827,North,Doohickey,741
142828,North,Gizmo,768
142833,North,Widget,562
142840,North,Gadget,540
142855,North,Widget,732
142858,North,Gizmo,624
142862,North,Widget,690
142868,North,Gadget,811
142884,North,Gizmo,939
142895,North,Doohickey,595
142899,North,Widget,942
142903,North,Gadget,518
142904,North,Gizmo,613
142916,North,Gizmo,919
142917,North,Doohickey,950
142921,North,Gadget,957
142960,North,Gadget,546
142966,North,Doohickey,935
142968,North,Gadget,948
142975,North,Doohickey,699
142986,North,Doohickey,888
142994,North,Doohickey,720
142996,North,Widget,775
143007,North,Widget,661
143015,North,Gadget,514
143026,North,Widget,729
143034,North,Gadget,623
143052,North,Widget,939
143063,North,Gizmo,795
143064,North,Widget,911
143071,North,Gizmo,928
143077,North,Gadget,865
143084,North,Gadget,915
143085,North,Widget,803
143089,North,Doohickey,790
143094,North,Doohickey,986
143118,North,Widget,721
143133,North,Widget,889
143138,North,Gizmo,826
143147,North,Gadget,799
143152,North,Doohickey,581
143202,North,Widget,696
143205,North,Gadget,598
143206,North,Gizmo,900
143219,North,Widget,838
143221,North,Widget,940
143222,North,Gizmo,733
143234,North,Widget,601
143240,North,Doohickey,771
143245,North,Gadget,926
143257,North,Gizmo,650
143267,North,Widget,980
143268,North,Doohickey,729
143272,North,Doohickey,992
143273,North,Widget,907
143301,North,Widget,527
143312,North,Gadget,720
143319,North,Gizmo,930
143343,North,Gadget,992
143346,North,Doohickey,828
143364,North,Widget,613
143366,North,Widget,827
143372,North,Doohickey,957
143374,North,Gadget,575
143396,North,Doohickey,745
143403,North,Gadget,594
143404,North,Widget,964
143420,North,Widget,844
143422,North,Doohickey,796
143437,North,Gadget,581
143448,North,Doohickey,582
143453,North,Gizmo,561
143466,North,Gadget,975
143471,North,Gizmo,990
143480,North,Doohickey,827
143481,North,Widget,540
143482,North,Gizmo,599
143485,North,Gadget,579
143487,North,Gizmo,787
143488,North,Gizmo,564
143493,North,Doohickey,827
143494,North,Gadget,565
143496,North,Gizmo,680
143500,North,Gadget,549
143501,North,Doohickey,758
143512,North,Widget,734
143516,North,Gizmo,810
143521,North,Doohickey,543
143522,North,Widget,886
143529,North,Doohickey,554
143537,North,Gadget,687
143540,North,Gadget,816
143561,North,Gadget,524
143566,North,Gizmo,902
143570,North,Gadget,571
143571,North,Doohickey,622
143586,North,Gizmo,869
143587,North,Doohickey,642
143589,North,Doohickey,871
143591,North,Doohickey,644
143595,North,Gizmo,543
143596,North,Doohickey,541
143600,North,Gizmo,753
143601,North,Gadget,505
143606,North,Doohickey,805
143635,North,Gizmo,852
143636,North,Gizmo,835
143655,North,Gizmo,673
143657,North,Widget,544
143662,North,Gadget,583
143672,North,Widget,744
143675,North,Gizmo,716
143676,North,Gizmo,534
143685,North,Widget,585
143687,North,Doohickey,793
143699,North,Widget,782
143711,North,Gizmo,784
143715,North,Doohickey,810
143717,North,Widget,603
143722,North,Gizmo,941
143725,North,Doohickey,509
143746,North,Gadget,878
143750,North,Gadget,721
143754,North,Gadget,789
143757,North,Gizmo,801
143769,North,Widget,688
143772,North,Doohickey,978
143776,North,Gadget,792
143777,North,Gadget,537
143781,North,Doohickey,508
143792,North,Doohickey,525
143793,North,Doohickey,930
143795,North,Gadget,888
143805,North,Gizmo,976
143835,North,Widget,801
143839,North,Widget,830
143841,North,Gizmo,936
143842,North,Gadget,546
143845,North,Doohickey,711
143855,North,Widget,643
143863,North,Gizmo,811
143865,North,Widget,783
143868,North,Doohickey,608
143886,North,Widget,649
143896,North,Doohickey,734
143906,North,Widget,827
143909,North,Doohickey,737
143916,North,Doohickey,631
143927,North,Doohickey,724
143937,North,Gizmo,827
143942,North,Widget,951
143943,North,Doohickey,670
143953,North,Gadget,988
143969,North,Gadget,853
143972,North,Gizmo,569
143973,North,Widget,976
143980,North,Widget,935
143988,North,Widget,985
144010,North,Gizmo,505
144020,North,Doohickey,527
144022,North,Widget,893
144038,North,Gizmo,644
144044,North,Gizmo,511
144052,North,Widget,538
144056,North,Gizmo,686
144061,North,Gadget,860
144062,North,Widget,853
144067,North,Widget,696
144073,North,Gizmo,663
144075,North,Doohickey,900
144091,North,Widget,885
144103,North,Gadget,765
144106,North,Gizmo,755
144107,North,Widget,599
144109,North,Gizmo,941
144110,North,Widget,826
144121,North,Gadget,564
144125,North,Widget,592
144129,North,Doohickey,888
144132,North,Gizmo,882
144139,North,Widget,897
144151,North,Widget,721
144153,North,Doohickey,811
144174,North,Widget,666
144178,North,Gizmo,628
144195,North,Gadget,814
144198,North,Doohickey,654
144205,North,Gizmo,554
144218,North,Gadget,961
144219,North,Doohickey,738
144228,North,Widget,742
144230,North,Widget,653
144239,North,Doohickey,640
144240,North,Gadget,591
144245,North,Gadget,894
144260,North,Doohickey,534
144263,North,Gadget,896
144278,North,Widget,551
144284,North,Gizmo,809
144291,North,Widget,891
144300,North,Gadget,927
144314,North,Gizmo,536
144323,North,Gizmo,855
144326,North,Doohickey,960
144336,North,Widget,658
144350,North,Doohickey,671
144355,North,Gadget,591
144362,North,Gizmo,640
144364,North,Doohickey,703
144366,North,Doohickey,764
144401,North,Gadget,511
144409,North,Gadget,598
144411,North,Gadget,673
144415,North,Gizmo,539
144419,North,Gizmo,625
144423,North,Doohickey,700
144448,North,Widget,959
144464,North,Gizmo,673
144467,North,Widget,867
144509,North,Widget,527
144516,North,Gadget,935
144518,North,Widget,794
144526,North,Gadget,521
144527,North,Doohickey,969
144536,North,Widget,586
144540,North,Gizmo,882
144552,North,Gadget,538
144555,North,Gizmo,897
144556,North,Gizmo,615
144563,North,Doohickey,694
144584,North,Gizmo,784
144588,North,Gadget,875
144590,North,Gizmo,785
144606,North,Gadget,667
144607,North,Gadget,817
144610,North,Gadget,581
144621,North,Widget,840
144637,North,Gizmo,826
144640,North,Gadget,524
144648,North,Gadget,560
144663,North,Gadget,839
144669,North,Widget,590
144671,North,Widget,584
144676,North,Widget,728
144694,North,Widget,605
144695,North,Widget,831
144697,North,Gizmo,810
144703,North,Widget,573
144726,North,Widget,765
144740,North,Doohickey,861
144749,North,Widget,760
144755,North,Widget,557
144758,North,Doohickey,859
144766,North,Gadget,721
144775,North,Doohickey,836
144778,North,Gadget,602
144783,North,Doohickey,789
144787,North,Doohickey,737
144788,North,Doohickey,867
144790,North,Widget,735
144811,North,Gadget,604
144822,North,Gadget,653
144823,North,Widget,665
144835,North,Widget,934
144841,North,Doohickey,659
144842,North,Doohickey,931
144853,North,Gizmo,819
144855,North,Gadget,793
144856,North,Widget,664
144869,North,Gadget,709
144876,North,Widget,656
144885,North,Doohickey,826
144896,North,Gadget,969
144900,North,Gizmo,535
144910,North,Doohickey,534
144911,North,Doohickey,869
144915,North,Doohickey,572
144917,North,Gizmo,880
144952,North,Gadget,501
144958,North,Widget,876
144961,North,Doohickey,546
144974,North,Gadget,874
144978,North,Gadget,664
144989,North,Gizmo,762
144995,North,Gizmo,512
145000,North,Doohickey,550
145002,North,Gadget,611
145003,North,Gizmo,827
145012,North,Gizmo,986
145026,North,Gadget,509
145033,North,Doohickey,763
145035,North,Gadget,779
145050,North,Gadget,716
145060,North,Gizmo,985
145080,North,Doohickey,607
145093,North,Gadget,653
145096,North,Doohickey,984
145114,North,Doohickey,703
145118,North,Doohickey,584
145126,North,Gizmo,547
145128,North,Doohickey,843
145142,North,Gadget,759
145145,North,Doohickey,964
145149,North,Gizmo,911
145160,North,Doohickey,993
145161,North,Widget,836
145163,North,Gadget,614
145177,North,Doohickey,581
145202,North,Gadget,596
145203,North,Gadget,730
145206,North,Gizmo,780
145211,North,Widget,560
145217,North,Widget,674
145227,North,Gadget,728
145228,North,Widget,951
145231,North,Gadget,994
145236,North,Widget,736
145258,North,Doohickey,649
145264,North,Gizmo,545
145270,North,Gadget,512
145277,North,Doohickey,819
145291,North,Doohickey,963
145294,North,Gizmo,941
145303,North,Gadget,560
145306,North,Gadget,823
145361,North,Gadget,951
145365,North,Gizmo,518
145372,North,Gadget,562
145374,North,Doohickey,984
145378,North,Gizmo,868
145385,North,Gizmo,894
145391,North,Widget,594
145399,North,Widget,999
145401,North,Gizmo,877
145407,North,Doohickey,802
145411,North,Doohickey,667
145416,North,Gadget,649
145417,North,Gadget,831
145421,North,Gizmo,796
145434,North,Doohickey,834
145451,North,Gadget,852
145469,North,Gizmo,667
145479,North,Doohickey,738
145485,North,Widget,621
145490,North,Gadget,632
145493,North,Gadget,942
145499,North,Doohickey,873
145501,North,Widget,577
145507,North,Gizmo,588
145511,North,Gadget,631
145514,North,Gadget,600
145518,North,Widget,791
145529,North,Gadget,591
145531,North,Gizmo,861
145532,North,Doohickey,818
145534,North,Doohickey,539
145541,North,Doohickey,981
145543,North,Gadget,836
145549,North,Gadget,901
145550,North,Widget,615
145559,North,Doohickey,975
145560,North,Gizmo,838
145561,North,Gizmo,739
145570,North,Gadget,518
145574,North,Doohickey,702
145584,North,Gadget,730
145591,North,Gizmo,602
145601,North,Doohickey,896
145609,North,Doohickey,753
145610,North,Gizmo,969
145615,North,Doohickey,531
145620,North,Doohickey,692
145621,North,Doohickey,546
145623,North,Gizmo,890
145636,North,Doohickey,516
145656,North,Gizmo,950
145666,North,Gadget,917
145668,North,Doohickey,769
145676,North,Widget,746
145678,North,Doohickey,968
145680,North,Gizmo,732
145687,North,Gizmo,848
145691,North,Doohickey,701
145702,North,Doohickey,699
145709,North,Gadget,905
145720,North,Gizmo,773
145732,North,Doohickey,801
145734,North,Doohickey,597
145746,North,Doohickey,574
145748,North,Gizmo,951
145763,North,Gizmo,791
145771,North,Doohickey,923
145774,North,Doohickey,800
145787,North,Doohickey,930
145802,North,Gizmo,512
145803,North,Gadget,873
145818,North,Gadget,542
145829,North,Gadget,846
145831,North,Widget,731
145837,North,Doohickey,941
145840,North,Gadget,795
145853,North,Gadget,963
145854,North,Gizmo,848
145857,North,Gizmo,778
145863,North,Gizmo,969
145864,North,Doohickey,579
145881,North,Gizmo,994
145882,North,Doohickey,859
145886,North,Doohickey,740
145892,North,Gadget,689
145909,North,Gizmo,894
145920,North,Gadget,886
145922,North,Widget,955
145931,North,Doohickey,645
145934,North,Gizmo,693
145952,North,Gadget,561
145954,North,Widget,911
145956,North,Doohickey,858
145957,North,Gizmo,827
145972,North,Doohickey,630
145978,North,Gadget,658
145998,North,Doohickey,933
145999,North,Widget,825
146007,North,Widget,905
146008,North,Widget,952
146017,North,Gizmo,883
146018,North,Gadget,787
146023,North,Widget,832
146030,North,Doohickey,531
146034,North,Widget,643
146046,North,Gizmo,885
146051,North,Gadget,768
146057,North,Doohickey,913
146072,North,Doohickey,793
146077,North,Doohickey,882
146088,North,Gadget,965
146100,North,Widget,927
146102,North,Gizmo,703
146107,North,Widget,582
146123,North,Widget,877
146150,North,Gadget,833
146161,North,Widget,737
146168,North,Gizmo,764
146183,North,Gadget,618
146186,North,Gadget,546
146191,North,Gizmo,742
146195,North,Doohickey,788
146209,North,Widget,814
146217,North,Gizmo,656
146241,North,Gizmo,560
146245,North,Widget,817
146249,North,Widget,636
146256,North,Widget,540
146257,North,Gadget,518
146259,North,Gadget,592
146266,North,Widget,992
146274,North,Widget,534
146276,North,Doohickey,847
146278,North,Widget,858
146283,North,Gizmo,685
146302,North,Doohickey,860
146307,North,Gizmo,786
146312,North,Gadget,983
146322,North,Gadget,558
146324,North,Gizmo,554
146334,North,Gadget,624
146336,North,Doohickey,514
146342,North,Widget,768
146347,North,Gadget,752
146360,North,Gadget,607
146364,North,Gizmo,534
146367,North,Widget,524
146372,North,Gadget,534
146381,North,Doohickey,948
146384,North,Widget,827
146392,North,Widget,682
146394,North,Widget,519
146409,North,Gizmo,613
146449,North,Widget,640
146459,North,Doohickey,950
146462,North,Gadget,763
146463,North,Widget,546
146467,North,Gizmo,588
146475,North,Gizmo,816
146476,North,Doohickey,932
146481,North,Gizmo,526
146486,North,Gadget,965
146499,North,Widget,589
146505,North,Widget,936
146507,North,Gizmo,715
146513,North,Gizmo,977
146517,North,Gizmo,783
146519,North,Gadget,729
146538,North,Widget,817
146575,North,Gizmo,669
146578,North,Gizmo,540
146585,North,Widget,660
146590,North,Gadget,735
146592,North,Widget,791
146605,North,Doohickey,745
146606,North,Widget,944
146612,North,Gadget,603
146624,North,Gizmo,1000
146649,North,Gadget,750
146658,North,Gizmo,944
146666,North,Gizmo,923
146670,North,Gizmo,678
146684,North,Widget,972
146691,North,Gizmo,892
146712,North,Gizmo,656
146713,North,Doohickey,941
146718,North,Widget,899
146719,North,Gizmo,973
146726,North,Gadget,683
146747,North,Gadget,805
146754,North,Gadget,744
146767,North,Gadget,783
146773,North,Doohickey,653
146777,North,Gadget,663
146791,North,Gadget,645
146809,North,Doohickey,852
146813,North,Gadget,910
146815,North,Doohickey,670
146817,North,Widget,711
146826,North,Widget,615
146860,North,Gizmo,562
146886,North,Widget,693
146890,North,Widget,960
146892,North,Gizmo,629
146893,North,Doohickey,760
146897,North,Gadget,844
146907,North,Doohickey,861
146912,North,Doohickey,614
146961,North,Widget,720
146967,North,Doohickey,701
146968,North,Widget,884
146970,North,Doohickey,765
146971,North,Doohickey,790
146973,North,Doohickey,768
146983,North,Gizmo,825
146994,North,Widget,838
147016,North,Doohickey,813
147017,North,Gadget,880
147030,North,Gizmo,539
147032,North,Doohickey,702
147034,North,Doohickey,871
147036,North,Doohickey,746
147040,North,Widget,630
147051,North,Widget,582
147052,North,Gizmo,725
147055,North,Gizmo,778
147064,North,Widget,666
147066,North,Widget,726
147068,North,Widget,782
147078,North,Gadget,801
147089,North,Gizmo,634
147094,North,Gadget,934
147113,North,Doohickey,595
147128,North,Gizmo,890
147134,North,Widget,677
147138,North,Widget,873
147141,North,Doohickey,624
147161,North,Gadget,877
147168,North,Doohickey,798
147171,North,Doohickey,665
147187,North,Gizmo,844
147194,North,Gadget,983
147198,North,Widget,856
147201,North,Gizmo,819
147218,North,Gizmo,843
147235,North,Gizmo,598
147257,North,Doohickey,784
147275,North,Gizmo,661
147279,North,Gadget,821
147287,North,Doohickey,886
147289,North,Doohickey,933
147291,North,Gadget,926
147296,North,Doohickey,892
147297,North,Gadget,813
147298,North,Gizmo,936
147307,North,Widget,807
147314,North,Doohickey,842
147327,North,Widget,694
147328,North,Gizmo,533
147334,North,Gizmo,725
147341,North,Widget,874
147354,North,Doohickey,725
147363,North,Doohickey,575
147364,North,Doohickey,562
147378,North,Gadget,642
147382,North,Widget,819
147383,North,Gadget,838
147385,North,Widget,988
147411,North,Gizmo,700
147418,North,Gadget,615
147425,North,Gizmo,521
147427,North,Doohickey,893
147430,North,Widget,560
147435,North,Doohickey,777
147443,North,Gadget,562
147453,North,Widget,742
147456,North,Gadget,523
147462,North,Gizmo,561
147469,North,Widget,992
147473,North,Widget,778
147484,North,Doohickey,631
147499,North,Widget,883
147503,North,Doohickey,674
147511,North,Gadget,690
147518,North,Gizmo,610
147529,North,Gizmo,547
147531,North,Doohickey,809
147536,North,Gizmo,839
147547,North,Widget,524
147553,North,Gadget,843
147555,North,Doohickey,715
147559,North,Doohickey,825
147560,North,Gizmo,753
147563,North,Widget,721
147573,North,Gadget,637
147580,North,Gizmo,621
147581,North,Gizmo,588
147594,North,Widget,801
147611,North,Widget,994
147624,North,Doohickey,923
147635,North,Doohickey,628
147637,North,Widget,552
147642,North,Widget,679
147657,North,Gadget,608
147660,North,Doohickey,533
147669,North,Gizmo,831
147688,North,Gizmo,808
147702,North,Doohickey,711
147710,North,Gadget,638
147719,North,Gizmo,531
147732,North,Gizmo,967
147735,North,Widget,886
147736,North,Widget,519
147753,North,Gizmo,993
147764,North,Gizmo,512
147768,North,Widget,524
147777,North,Gizmo,755
147783,North,Widget,999
147792,North,Doohickey,716
147793,North,Gizmo,514
147797,North,Widget,809
147801,North,Widget,613
147804,North,Gizmo,686
147806,North,Doohickey,948
147815,North,Widget,927
147820,North,Doohickey,802
147824,North,Doohickey,643
147826,North,Widget,572
147827,North,Widget,865
147828,North,Doohickey,692
147843,North,Gadget,869
147847,North,Gizmo,793
147852,North,Gadget,610
147861,North,Gizmo,861
147866,North,Widget,752
147867,North,Gizmo,760
147870,North,Gadget,816
147873,North,Gizmo,916
147880,North,Doohickey,623
147882,North,Doohickey,512
147884,North,Gadget,747
147902,North,Doohickey,807
147903,North,Widget,706
147906,North,Widget,992
147912,North,Gadget,547
147926,North,Gizmo,923
147936,North,Gadget,536
147943,North,Gizmo,936
147956,North,Gizmo,633
147978,North,Doohickey,519
147979,North,Gizmo,963
148011,North,Gizmo,787
148015,North,Widget,624
148029,North,Widget,878
148034,North,Doohickey,996
148037,North,Doohickey,819
148041,North,Doohickey,754
148042,North,Gizmo,718
148043,North,Gadget,855
148045,North,Doohickey,878
148048,North,Doohickey,617
148055,North,Gizmo,931
148059,North,Gizmo,591
148060,North,Widget,811
148065,North,Doohickey,650
148072,North,Doohickey,593
148081,North,Gadget,609
148083,North,Widget,658
148097,North,Doohickey,719
148101,North,Widget,866
148111,North,Doohickey,934
148149,North,Doohickey,677
148157,North,Doohickey,545
148163,North,Gadget,741
148188,North,Gizmo,886
148189,North,Gadget,720
148216,North,Doohickey,874
148222,North,Gizmo,596
148224,North,Doohickey,824
148230,North,Doohickey,745
148245,North,Gadget,780
148258,North,Gadget,635
148261,North,Widget,553
148267,North,Widget,680
148273,North,Gadget,751
148289,North,Doohickey,536
148292,North,Widget,625
148293,North,Doohickey,685
148297,North,Gadget,847
148302,North,Gizmo,938
148303,North,Doohickey,744
148308,North,Gadget,976
148310,North,Gadget,852
148316,North,Doohickey,501
148328,North,Widget,569
148343,North,Doohickey,807
148349,North,Widget,693
148360,North,Doohickey,788
148389,North,Gadget,673
148393,North,Doohickey,774
148395,North,Doohickey,907
148399,North,Gadget,809
148428,North,Widget,586
148432,North,Doohickey,877
148436,North,Doohickey,975
148458,North,Widget,555
148474,North,Gizmo,536
148500,North,Widget,540
148505,North,Doohickey,836
148506,North,Doohickey,877
148514,North,Widget,950
148519,North,Doohickey,537
148522,North,Doohickey,768
148525,North,Gizmo,725
148526,North,Gadget,900
148534,North,Doohickey,922
148535,North,Gizmo,997
148538,North,Gizmo,641
148543,North,Doohickey,732
148546,North,Gizmo,940
148548,North,Gizmo,793
148558,North,Gadget,997
148564,North,Gadget,749
148567,North,Gizmo,996
148568,North,Doohickey,653
148578,North,Widget,644
148584,North,Gizmo,873
148593,North,Gadget,556
148601,North,Gadget,503
148602,North,Gadget,824
148605,North,Gadget,966
148621,North,Widget,615
148627,North,Gadget,763
148634,North,Widget,560
148639,North,Gadget,988
148653,North,Gizmo,949
148660,North,Doohickey,817
148664,North,Widget,693
148690,North,Gadget,577
148700,North,Gizmo,561
148706,North,Doohickey,542
148708,North,Widget,919
148711,North,Gadget,733
148716,North,Widget,891
148732,North,Doohickey,975
148734,North,Gadget,897
148751,North,Gadget,840
148754,North,Widget,699
148758,North,Gadget,687
148759,North,Gadget,738
148760,North,Gadget,819
148772,North,Gizmo,935
148785,North,Doohickey,509
148787,North,Widget,728
148798,North,Gadget,785
148818,North,Widget,693
148822,North,Gadget,815
148824,North,Doohickey,543
148833,North,Gadget,740
148858,North,Doohickey,732
148864,North,Widget,511
148865,North,Doohickey,809
148876,North,Gizmo,961
148880,North,Widget,718
148889,North,Widget,665
148909,North,Widget,997
148912,North,Doohickey,878
148914,North,Gadget,707
148940,North,Widget,807
148941,North,Gizmo,916
148956,North,Doohickey,633
148964,North,Gadget,827
148967,North,Widget,598
148971,North,Widget,674
148999,North,Gadget,796
149010,North,Gizmo,814
149016,North,Gadget,578
149026,North,Doohickey,613
149050,North,Widget,609
149052,North,Gizmo,984
149061,North,Gizmo,581
149063,North,Gizmo,949
149080,North,Widget,610
149084,North,Widget,890
149117,North,Widget,789
149121,North,Widget,544
149125,North,Widget,722
149131,North,Doohickey,977
149150,North,Doohickey,978
149160,North,Widget,569
149167,North,Gadget,520
149174,North,Gizmo,872
149194,North,Widget,980
149196,North,Widget,758
149201,North,Doohickey,588
149205,North,Doohickey,607
149211,North,Widget,898
149217,North,Widget,531
149238,North,Gadget,961
149239,North,Doohickey,883
149241,North,Widget,819
149244,North,Gadget,749
149246,North,Gizmo,711
149250,North,Widget,635
149260,North,Gadget,952
149284,North,Gizmo,607
149285,North,Widget,683
149300,North,Gizmo,906
149302,North,Doohickey,587
149318,North,Gadget,775
149321,North,Doohickey,777
149323,North,Widget,696
149337,North,Doohickey,525
149357,North,Gadget,559
149394,North,Widget,842
149397,North,Gadget,557
149398,North,Widget,748
149404,North,Doohickey,851
149405,North,Doohickey,715
149406,North,Doohickey,817
149425,North,Widget,509
149432,North,Widget,846
149449,North,Widget,541
149468,North,Doohickey,717
149472,North,Gadget,806
149488,North,Doohickey,603
149492,North,Gizmo,911
149508,North,Widget,986
149510,North,Doohickey,546
149518,North,Widget,798
149520,North,Gizmo,715
149525,North,Doohickey,746
149543,North,Doohickey,631
149544,North,Doohickey,527
149546,North,Widget,830
149547,North,Doohickey,969
149553,North,Widget,587
149565,North,Gadget,996
149568,North,Widget,985
149577,North,Gizmo,785
149585,North,Widget,639
149589,North,Widget,697
149590,North,Doohickey,957
149592,North,Doohickey,590
149624,North,Doohickey,941
149625,North,Gadget,571
149627,North,Gizmo,797
149629,North,Gizmo,665
149646,North,Widget,874
149652,North,Gadget,933
149654,North,Widget,760
149655,North,Doohickey,787
149671,North,Gadget,719
149672,North,Gizmo,533
149676,North,Doohickey,860
149679,North,Gadget,861
149680,North,Widget,910
149689,North,Gizmo,532
149696,North,Widget,905
149716,North,Doohickey,590
149753,North,Gizmo,635
149755,North,Gadget,911
149760,North,Doohickey,847
149762,North,Gizmo,855
149767,North,Gadget,757
149768,North,Gizmo,715
149771,North,Doohickey,524
149772,North,Gizmo,705
149802,North,Widget,802
149803,North,Gizmo,926
149806,North,Widget,831
149823,North,Widget,607
149832,North,Doohickey,710
149834,North,Doohickey,991
149845,North,Widget,852
149856,North,Doohickey,869
149859,North,Gizmo,918
149861,North,Widget,533
149866,North,Gizmo,840
149914,North,Widget,682
149918,North,Widget,616
149924,North,Gizmo,584
149931,North,Widget,881
149932,North,Gizmo,709
149943,North,Gizmo,960
149966,North,Gizmo,675
149986,North,Gizmo,863
149993,North,Widget,545
150007,North,Widget,890
150008,North,Doohickey,693
150012,North,Doohickey,530
150014,North,Gizmo,977
150015,North,Gizmo,852
150017,North,Gadget,509
150024,North,Widget,509
150035,North,Gadget,886
150064,North,Doohickey,670
150067,North,Gadget,940
150086,North,Widget,708
150087,North,Widget,553
150101,North,Gadget,615
150104,North,Widget,714
150106,North,Gadget,638
150111,North,Gadget,700
150135,North,Gadget,789
150136,North,Gizmo,851
150152,North,Widget,508
150154,North,Gizmo,613
150156,North,Gizmo,630
150169,North,Doohickey,597
150172,North,Gizmo,590
150180,North,Doohickey,596
150181,North,Gadget,983
150188,North,Gizmo,719
150197,North,Doohickey,807
150203,North,Widget,733
150208,North,Gadget,561
150221,North,Gizmo,600
150244,North,Doohickey,773
150262,North,Gizmo,677
150290,North,Doohickey,525
150291,North,Gadget,590
150305,North,Doohickey,966
150306,North,Widget,913
150308,North,Widget,1000
150314,North,Gizmo,967
150321,North,Doohickey,578
150329,North,Doohickey,765
150338,North,Gadget,750
150349,North,Gadget,738
150382,North,Gadget,775
150384,North,Doohickey,524
150416,North,Widget,838
150440,North,Gizmo,652
150442,North,Widget,705
150447,North,Gadget,964
150456,North,Gadget,875
150465,North,Gizmo,901
150468,North,Gizmo,989
150480,North,Widget,584
150498,North,Widget,924
150517,North,Gadget,524
150525,North,Gadget,866
150533,North,Gadget,883
150550,North,Doohickey,512
150555,North,Gadget,748
150561,North,Gizmo,672
150564,North,Gizmo,932
150578,North,Gizmo,764
150579,North,Gadget,667
150582,North,Widget,902
150588,North,Widget,897
150589,North,Doohickey,788
150611,North,Gadget,924
150620,North,Gadget,957
150624,North,Widget,599
150625,North,Gadget,543
150639,North,Gizmo,819
150669,North,Gizmo,918
150679,North,Doohickey,594
150683,North,Gadget,693
150700,North,Gizmo,858
150721,North,Gizmo,923
150723,North,Gadget,1000
150727,North,Gadget,618
150738,North,Gizmo,649
150745,North,Doohickey,880
150753,North,Widget,564
150762,North,Doohickey,814
150763,North,Widget,891
150766,North,Doohickey,921
150769,North,Gadget,860
150772,North,Doohickey,768
150775,North,Gadget,959
150781,North,Gizmo,817
150783,North,Gadget,708
150818,North,Widget,671
150819,North,Gadget,522
150824,North,Gadget,878
150833,North,Doohickey,963
150845,North,Doohickey,925
150847,North,Gadget,941
150853,North,Doohickey,617
150854,North,Gizmo,782
150863,North,Gadget,629
150866,North,Widget,866
150867,North,Widget,528
150885,North,Doohickey,956
150902,North,Gizmo,838
150903,North,Gizmo,735
150906,North,Doohickey,539
150911,North,Gizmo,973
150915,North,Gizmo,541
150919,North,Gadget,586
150930,North,Doohickey,596
150943,North,Doohickey,957
150963,North,Doohickey,540
150967,North,Gadget,930
150969,North,Gizmo,755
150973,North,Gizmo,883
150975,North,Doohickey,946
150987,North,Gadget,561
151000,North,Doohickey,877
151003,North,Widget,813
151012,North,Doohickey,626
151016,North,Doohickey,734
151020,North,Doohickey,709
151021,North,Gizmo,806
151029,North,Gadget,779
151037,North,Gizmo,586
151051,North,Gadget,686
151054,North,Gadget,759
151055,North,Gadget,522
151058,North,Widget,822
151060,North,Gizmo,998
151062,North,Gadget,900
151084,North,Gizmo,769
151086,North,Gizmo,841
151087,North,Gadget,952
151094,North,Gadget,728
151103,North,Gadget,861
151106,North,Widget,526
151118,North,Widget,574
151119,North,Gizmo,950
151129,North,Widget,707
151136,North,Gizmo,752
151140,North,Gizmo,905
151145,North,Gizmo,627
151163,North,Widget,548
151167,North,Gadget,671
151168,North,Gizmo,915
151178,North,Gizmo,943
151179,North,Gizmo,769
151182,North,Widget,882
151183,North,Gizmo,933
151189,North,Gadget,808
151222,North,Doohickey,501
151233,North,Widget,740
151248,North,Widget,791
151268,North,Doohickey,570
151270,North,Gizmo,693
151272,North,Widget,991
151279,North,Gadget,746
151298,North,Gizmo,868
151303,North,Doohickey,728
151317,North,Gizmo,518
151323,North,Doohickey,877
151332,North,Gadget,561
151341,North,Gadget,585
151361,North,Gizmo,540
151370,North,Gizmo,951
151381,North,Doohickey,584
151387,North,Widget,598
151388,North,Gadget,916
151405,North,Gizmo,835
151406,North,Widget,541
151409,North,Doohickey,994
151416,North,Gadget,802
151419,North,Gadget,667
151422,North,Gizmo,943
151439,North,Doohickey,772
151441,North,Gadget,892
151446,North,Widget,685
151450,North,Gizmo,885
151457,North,Widget,849
151466,North,Gadget,650
151472,North,Gadget,528
151485,North,Gizmo,651
151497,North,Doohickey,861
151515,North,Widget,788
151535,North,Gadget,938
151546,North,Doohickey,700
151548,North,Widget,742
151556,North,Doohickey,563
151557,North,Widget,796
151562,North,Doohickey,725
151565,North,Widget,592
151575,North,Gizmo,982
151586,North,Doohickey,932
151600,North,Gadget,927
151632,North,Doohickey,783
151646,North,Doohickey,811
151647,North,Doohickey,689
151656,North,Gizmo,639
151680,North,Widget,578
151681,North,Gizmo,908
151703,North,Doohickey,563
151717,North,Gizmo,858
151719,North,Widget,542
151722,North,Gizmo,840
151738,North,Gizmo,802
151740,North,Doohickey,893
151755,North,Doohickey,599
151762,North,Doohickey,520
151773,North,Gizmo,559
151774,North,Doohickey,617
151799,North,Widget,616
151802,North,Widget,530
151804,North,Gizmo,888
151807,North,Gizmo,806
151813,North,Widget,600
151815,North,Gizmo,764
151828,North,Gizmo,573
151831,North,Doohickey,539
151839,North,Gadget,990
151844,North,Gadget,942
151845,North,Gadget,690
151848,North,Gizmo,953
151855,North,Gizmo,914
151873,North,Doohickey,802
151884,North,Widget,675
151888,North,Widget,916
151892,North,Widget,708
151893,North,Widget,770
151895,North,Widget,786
151900,North,Widget,999
151902,North,Gadget,748
151905,North,Gadget,672
151908,North,Widget,885
151913,North,Gadget,540
151932,North,Widget,758
151938,North,Widget,593
151941,North,Doohickey,944
151943,North,Gadget,949
151948,North,Doohickey,505
151952,North,Gadget,919
151961,North,Doohickey,990
151967,North,Widget,668
151973,North,Gizmo,705
151975,North,Doohickey,625
151976,North,Doohickey,957
151981,North,Doohickey,653
151997,North,Widget,598
152000,North,Gizmo,891
152006,North,Gadget,536
152021,North,Doohickey,567
152022,North,Widget,907
152023,North,Doohickey,572
152037,North,Gadget,524
152040,North,Doohickey,550
152042,North,Gizmo,853
152046,North,Widget,660
152049,North,Doohickey,936
152050,North,Gadget,515
152053,North,Widget,860
152055,North,Gadget,851
152059,North,Doohickey,567
152066,North,Widget,654
152069,North,Gadget,605
152074,North,Widget,578
152084,North,Widget,635
152102,North,Gizmo,722
152108,North,Doohickey,569
152122,North,Doohickey,946
152126,North,Widget,657
152127,North,Doohickey,535
152132,North,Widget,905
152148,North,Doohickey,939
152157,North,Gizmo,819
152160,North,Gizmo,841
152162,North,Gizmo,810
152195,North,Doohickey,968
152196,North,Gadget,668
152197,North,Gadget,806
152198,North,Gizmo,968
152201,North,Widget,754
152227,North,Widget,538
152250,North,Gizmo,541
152262,North,Widget,831
152263,North,Widget,947
152278,North,Doohickey,713
152284,North,Gadget,774
152290,North,Gadget,756
152304,North,Gadget,612
152313,North,Gadget,670
152319,North,Widget,766
152333,North,Gadget,553
152336,North,Doohickey,905
152340,North,Gadget,923
152346,North,Gizmo,590
152350,North,Widget,660
152357,North,Gizmo,665
152361,North,Widget,986
152392,North,Widget,691
152394,North,Gadget,893
152395,North,Gizmo,619
152427,North,Gadget,847
152443,North,Gadget,636
152444,North,Doohickey,574
152448,North,Gizmo,925
152449,North,Gadget,542
152451,North,Doohickey,711
152455,North,Gadget,505
152457,North,Doohickey,943
152464,North,Widget,993
152468,North,Gadget,750
152487,North,Gizmo,681
152489,North,Gadget,555
152491,North,Widget,595
152496,North,Gadget,623
152499,North,Doohickey,772
152507,North,Gadget,606
152509,North,Widget,947
152510,North,Gadget,536
152511,North,Widget,896
152516,North,Doohickey,886
152521,North,Doohickey,730
152528,North,Doohickey,732
152530,North,Gadget,575
152531,North,Doohickey,651
152560,North,Widget,566
152573,North,Widget,978
152584,North,Doohickey,611
152593,North,Gizmo,619
152603,North,Widget,832
152609,North,Gadget,969
152613,North,Gizmo,785
152619,North,Gizmo,877
152641,North,Gizmo,704
152654,North,Gadget,866
152658,North,Widget,539
152666,North,Gizmo,869
152673,North,Doohickey,748
152684,North,Gadget,946
152701,North,Gizmo,536
152712,North,Doohickey,819
152716,North,Gadget,860
152722,North,Gizmo,916
152734,North,Gizmo,747
152738,North,Doohickey,990
152746,North,Widget,586
152757,North,Widget,681
152766,North,Doohickey,521
152791,North,Widget,914
152794,North,Gadget,700
152797,North,Widget,737
152807,North,Doohickey,928
152815,North,Widget,606
152817,North,Widget,721
152818,North,Widget,931
152825,North,Doohickey,811
152827,North,Gizmo,694
152844,North,Gizmo,985
152845,North,Gadget,640
152848,North,Gadget,579
152850,North,Gizmo,866
152856,North,Widget,872
152866,North,Doohickey,948
152874,North,Widget,601
152877,North,Gizmo,857
152883,North,Doohickey,969
152886,North,Widget,768
152898,North,Gadget,682
152901,North,Gizmo,919
152906,North,Gadget,542
152907,North,Widget,983
152915,North,Doohickey,524
152927,North,Widget,628
152939,North,Gizmo,949
152944,North,Gadget,825
152959,North,Widget,947
152972,North,Gizmo,924
152979,North,Gizmo,583
152980,North,Widget,781
152983,North,Gadget,540
152985,North,Gadget,665
152996,North,Gizmo,584
153009,North,Widget,558
153010,North,Doohickey,903
153011,North,Doohickey,546
153012,North,Widget,631
153029,North,Widget,509
153041,North,Doohickey,927
153050,North,Doohickey,679
153068,North,Doohickey,793
153069,North,Doohickey,675
153076,North,Gizmo,584
153082,North,Gizmo,619
153085,North,Gizmo,599
153106,North,Widget,932
153116,North,Gizmo,913
153122,North,Doohickey,719
153132,North,Gizmo,662
153139,North,Gadget,974
153143,North,Doohickey,753
153183,North,Widget,729
153186,North,Gizmo,924
153200,North,Widget,961
153208,North,Gizmo,911
153209,North,Doohickey,538
153229,North,Gizmo,644
153242,North,Doohickey,720
153244,North,Gadget,728
153247,North,Widget,504
153257,North,Gizmo,878
153260,North,Doohickey,994
153290,North,Doohickey,823
153299,North,Gizmo,923
153301,North,Doohickey,942
153310,North,Gizmo,708
153315,North,Doohickey,791
153325,North,Gizmo,902
153326,North,Gadget,595
153332,North,Gadget,961
153340,North,Widget,893
153347,North,Widget,553
153349,North,Gizmo,722
153358,North,Widget,726
153359,North,Doohickey,608
153365,North,Gizmo,532
153375,North,Doohickey,602
153376,North,Widget,636
153385,North,Gadget,730
153390,North,Doohickey,923
153403,North,Doohickey,640
153405,North,Widget,617
153414,North,Doohickey,941
153436,North,Gizmo,755
153438,North,Doohickey,723
153441,North,Gizmo,915
153442,North,Gizmo,975
153451,North,Widget,961
153454,North,Gizmo,763
153459,North,Gadget,836
153462,North,Gizmo,603
153486,North,Gadget,890
153493,North,Gadget,831
153494,North,Widget,911
153498,North,Widget,705
153503,North,Doohickey,775
153517,North,Doohickey,706
153524,North,Gizmo,637
153525,North,Widget,944
153533,North,Widget,744
153541,North,Doohickey,936
153549,North,Gadget,595
153564,North,Gadget,981
153573,North,Widget,602
153576,North,Gadget,847
153578,North,Doohickey,795
153581,North,Gizmo,865
153598,North,Gizmo,825
153604,North,Widget,834
153617,North,Gadget,863
153625,North,Gizmo,607
153639,North,Doohickey,849
153642,North,Widget,505
153645,North,Doohickey,717
153647,North,Gadget,994
153655,North,Gadget,905
153662,North,Gizmo,977
153668,North,Widget,601
153675,North,Widget,730
153688,North,Widget,836
153690,North,Gadget,745
153698,North,Widget,597
153705,North,Doohickey,614
153711,North,Gadget,538
153716,North,Gadget,629
153719,North,Doohickey,713
153734,North,Widget,600
153736,North,Gizmo,519
153739,North,Doohickey,647
153745,North,Widget,968
153752,North,Doohickey,963
153763,North,Doohickey,826
153765,North,Doohickey,993
153784,North,Gadget,580
153786,North,Doohickey,518
153791,North,Gizmo,633
153793,North,Gizmo,583
153810,North,Doohickey,917
153821,North,Gadget,700
153824,North,Widget,990
153827,North,Gizmo,894
153832,North,Gizmo,636
153841,North,Doohickey,835
153844,North,Gadget,579
153854,North,Gadget,872
153856,North,Gadget,735
153858,North,Gadget,723
153868,North,Doohickey,706
153903,North,Gadget,806
153904,North,Gizmo,596
153908,North,Gadget,543
153914,North,Doohickey,544
153921,North,Gadget,684
153971,North,Widget,595
153976,North,Doohickey,844
153993,North,Gizmo,955
153995,North,Widget,642
154016,North,Doohickey,633
154017,North,Gizmo,882
154027,North,Widget,509
154033,North,Doohickey,757
154039,North,Widget,643
154046,North,Doohickey,692
154060,North,Gadget,775
154063,North,Doohickey,776
154074,North,Gizmo,819
154077,North,Gizmo,975
154078,North,Widget,665
154083,North,Widget,719
154105,North,Doohickey,732
154112,North,Doohickey,658
154114,North,Widget,902
154126,North,Gizmo,533
154134,North,Doohickey,902
154154,North,Gadget,813
154167,North,Gadget,740
154172,North,Widget,773
154184,North,Gizmo,880
154190,North,Gizmo,753
154192,North,Gadget,855
154243,North,Widget,546
154247,North,Gadget,869
154250,North,Doohickey,566
154271,North,Gizmo,921
154278,North,Widget,905
154281,North,Gadget,587
154288,North,Gizmo,824
154302,North,Doohickey,860
154311,North,Gadget,724
154315,North,Widget,917
154317,North,Doohickey,914
154319,North,Doohickey,884
154321,North,Doohickey,568
154333,North,Doohickey,908
154340,North,Gizmo,798
154346,North,Gadget,727
154350,North,Gizmo,711
154355,North,Gizmo,565
154379,North,Gadget,662
154383,North,Gizmo,877
154390,North,Gadget,994
154391,North,Widget,579
154394,North,Doohickey,617
154399,North,Doohickey,961
154400,North,Gadget,873
154419,North,Gadget,711
154422,North,Doohickey,767
154425,North,Gizmo,928
154427,North,Widget,662
154436,North,Gizmo,535
154454,North,Doohickey,952
154472,North,Gadget,999
154483,North,Gizmo,516
154486,North,Gadget,910
154504,North,Gizmo,783
154510,North,Doohickey,941
154512,North,Gadget,751
154518,North,Doohickey,630
154525,North,Widget,801
154530,North,Widget,922
154539,North,Doohickey,690
154541,North,Doohickey,994
154557,North,Gadget,828
154573,North,Gizmo,982
154587,North,Gizmo,916
154589,North,Widget,557
154592,North,Gadget,876
154598,North,Gadget,604
154600,North,Doohickey,637
154604,North,Widget,791
154617,North,Doohickey,629
154618,North,Gizmo,704
154635,North,Gizmo,595
154649,North,Doohickey,675
154655,North,Widget,834
154656,North,Widget,830
154660,North,Doohickey,738
154669,North,Widget,969
154671,North,Doohickey,858
154674,North,Gizmo,902
154677,North,Gadget,611
154707,North,Gizmo,785
154709,North,Gizmo,969
154721,North,Widget,604
154731,North,Doohickey,930
154733,North,Gadget,802
154745,North,Gizmo,719
154754,North,Widget,938
154758,North,Widget,868
154762,North,Gadget,869
154775,North,Gadget,543
154777,North,Gizmo,897
154786,North,Gadget,779
154794,North,Gizmo,525
154797,North,Widget,575
154804,North,Gadget,766
154811,North,Gadget,515
154840,North,Widget,566
154848,North,Widget,923
154850,North,Doohickey,565
154858,North,Widget,880
154863,North,Gadget,918
154865,North,Doohickey,785
154866,North,Doohickey,577
154873,North,Gadget,559
154875,North,Widget,897
154885,North,Gizmo,569
154900,North,Gadget,662
154911,North,Gizmo,893
154916,North,Gizmo,717
154936,North,Doohickey,932
154952,North,Widget,606
154967,North,Gizmo,801
154977,North,Doohickey,834
155002,North,Gizmo,824
155006,North,Gizmo,907
155027,North,Gadget,733
155028,North,Widget,889
155044,North,Gizmo,830
155050,North,Widget,558
155052,North,Gadget,963
155060,North,Gizmo,552
155061,North,Widget,704
155093,North,Gadget,607
155096,North,Gadget,675
155110,North,Gadget,750
155113,North,Widget,809
155115,North,Gizmo,763
155119,North,Gizmo,754
155122,North,Gizmo,824
155131,North,Widget,852
155138,North,Gadget,967
155154,North,Gadget,925
155162,North,Widget,611
155166,North,Gadget,618
155173,North,Widget,797
155174,North,Doohickey,990
155175,North,Gadget,656
155176,North,Gadget,639
155180,North,Widget,612
155181,North,Widget,665
155186,North,Widget,644
155187,North,Doohickey,925
155188,North,Gizmo,540
155192,North,Doohickey,636
155204,North,Gadget,619
155207,North,Gizmo,877
155236,North,Gizmo,650
155239,North,Gadget,872
155240,North,Widget,900
155246,North,Doohickey,582
155247,North,Widget,643
155255,North,Gizmo,778
155259,North,Widget,781
155264,North,Gadget,547
155276,North,Widget,512
155325,North,Gadget,935
155339,North,Widget,779
155347,North,Gizmo,507
155350,North,Gizmo,762
155360,North,Widget,661
155362,North,Widget,994
155366,North,Gadget,559
155368,North,Gizmo,737
155378,North,Gizmo,875
155383,North,Widget,958
155389,North,Widget,917
155390,North,Widget,735
155436,North,Gadget,761
155455,North,Gadget,577
155465,North,Gizmo,617
155499,North,Gizmo,779
155500,North,Widget,908
155501,North,Gadget,934
155503,North,Gizmo,934
155510,North,Gizmo,775
155520,North,Gadget,944
155531,North,Widget,739
155540,North,Gizmo,864
155544,North,Gadget,544
155545,North,Gizmo,730
155550,North,Gizmo,869
155556,North,Gadget,811
155558,North,Doohickey,788
155574,North,Widget,919
155577,North,Doohickey,825
155580,North,Doohickey,890
155604,North,Doohickey,884
155606,North,Widget,751
155611,North,Gizmo,760
155622,North,Gizmo,605
155625,North,Gizmo,759
155631,North,Doohickey,761
155643,North,Doohickey,921
155645,North,Doohickey,898
155655,North,Gadget,811
155657,North,Widget,543
155659,North,Widget,601
155663,North,Gadget,809
155664,North,Gizmo,771
155667,North,Gadget,765
155682,North,Gadget,998
155701,North,Widget,684
155726,North,Gadget,656
155746,North,Gadget,894
155756,North,Doohickey,756
155761,North,Gizmo,739
155766,North,Widget,678
155774,North,Widget,501
155783,North,Gizmo,958
155801,North,Gizmo,811
155810,North,Gizmo,986
155814,North,Doohickey,891
155815,North,Doohickey,817
155823,North,Widget,793
155834,North,Widget,713
155835,North,Doohickey,986
155843,North,Widget,905
155853,North,Gizmo,622
155855,North,Widget,941
155857,North,Gizmo,930
155864,North,Gadget,679
155873,North,Gadget,875
155876,North,Gadget,543
155886,North,Gadget,518
155888,North,Gizmo,807
155909,North,Gadget,678
155910,North,Gadget,894
155917,North,Doohickey,952
155919,North,Widget,612
155924,North,Gadget,903
155931,North,Doohickey,587
155939,North,Doohickey,707
155943,North,Widget,830
155944,North,Widget,638
155945,North,Gizmo,947
155946,North,Gizmo,561
155956,North,Widget,534
155959,North,Widget,861
155968,North,Gadget,957
155969,North,Gadget,515
155974,North,Doohickey,636
155987,North,Widget,856
156003,North,Widget,737
156006,North,Widget,581
156019,North,Doohickey,717
156038,North,Widget,934
156041,North,Gadget,585
156048,North,Widget,866
156057,North,Gizmo,886
156059,North,Doohickey,750
156068,North,Widget,794
156074,North,Gadget,748
156077,North,Gadget,769
156087,North,Widget,891
156090,North,Gizmo,990
156091,North,Widget,877
156095,North,Gizmo,577
156102,North,Doohickey,580
156103,North,Doohickey,903
156116,North,Gadget,509
156117,North,Gizmo,684
156129,North,Gizmo,692
156131,North,Widget,678
156140,North,Gizmo,853
156143,North,Gadget,975
156158,North,Gizmo,721
156173,North,Widget,653
156179,North,Widget,824
156184,North,Doohickey,707
156190,North,Gizmo,956
156197,North,Gizmo,847
156200,North,Doohickey,791
156202,North,Gizmo,631
156203,North,Gadget,549
156204,North,Doohickey,916
156205,North,Gizmo,686
156207,North,Widget,902
156213,North,Doohickey,685
156226,North,Gizmo,894
156238,North,Widget,997
156240,North,Widget,814
156241,North,Gizmo,639
156248,North,Doohickey,715
156252,North,Gizmo,509
156254,North,Doohickey,924
156256,North,Doohickey,604
156266,North,Widget,612
156270,North,Gadget,821
156283,North,Gizmo,936
156285,North,Gizmo,933
156286,North,Gizmo,907
156287,North,Gizmo,850
156309,North,Doohickey,627
156311,North,Widget,737
156317,North,Widget,728
156320,North,Gadget,996
156357,North,Widget,918
156371,North,Gizmo,964
156375,North,Doohickey,989
156377,North,Widget,687
156380,North,Gizmo,565
156384,North,Doohickey,598
156388,North,Gizmo,875
156389,North,Gadget,550
156396,North,Gizmo,935
156405,North,Doohickey,568
156410,North,Gadget,777
156411,North,Gadget,675
156415,North,Gadget,836
156418,North,Widget,835
156426,North,Widget,838
156433,North,Gizmo,903
156435,North,Gizmo,558
156443,North,Gadget,772
156457,North,Gizmo,986
156464,North,Widget,975
156465,North,Gadget,842
156468,North,Gadget,986
156487,North,Gadget,801
156489,North,Gizmo,961
156497,North,Gadget,532
156500,North,Gadget,969
156507,North,Doohickey,959
156515,North,Doohickey,769
156521,North,Gizmo,535
156528,North,Widget,952
156544,North,Doohickey,751
156551,North,Gadget,707
156564,North,Gadget,685
156581,North,Gadget,578
156587,North,Gizmo,994
156588,North,Doohickey,521
156593,North,Gizmo,574
156595,North,Doohickey,944
156603,North,Gadget,630
156605,North,Doohickey,998
156625,North,Doohickey,687
156645,North,Doohickey,637
156648,North,Gizmo,716
156649,North,Gadget,994
156654,North,Gizmo,869
156657,North,Doohickey,947
156658,North,Gizmo,769
156667,North,Gizmo,655
156676,North,Gadget,940
156687,North,Gizmo,950
156692,North,Gadget,626
156697,North,Widget,608
156710,North,Doohickey,705
156716,North,Widget,622
156725,North,Gadget,544
156726,North,Doohickey,801
156732,North,Widget,604
156734,North,Gizmo,865
156742,North,Gadget,537
156752,North,Gadget,949
156755,North,Doohickey,707
156757,North,Widget,546
156758,North,Gizmo,699
156792,North,Doohickey,849
156801,North,Doohickey,749
156809,North,Gizmo,781
156818,North,Gadget,797
156825,North,Gadget,624
156834,North,Gadget,531
156844,North,Gadget,582
156855,North,Gizmo,725
156858,North,Gizmo,735
156861,North,Doohickey,969
156864,North,Gizmo,538
156865,North,Gadget,836
156878,North,Gadget,675
156879,North,Widget,768
156892,North,Widget,687
156900,North,Gadget,776
156910,North,Doohickey,653
156922,North,Gizmo,526
156924,North,Widget,672
156928,North,Gadget,753
156944,North,Gizmo,883
156945,North,Widget,739
156964,North,Doohickey,628
157000,North,Doohickey,964
157002,North,Doohickey,601
157005,North,Gizmo,631
157009,North,Gizmo,795
157011,North,Widget,697
157020,North,Widget,767
157021,North,Widget,723
157024,North,Widget,907
157041,North,Widget,927
157047,North,Widget,699
157058,North,Gizmo,748
157067,North,Gizmo,931
157109,North,Gizmo,658
157113,North,Gadget,889
157120,North,Widget,574
157124,North,Gadget,871
157130,North,Widget,607
157135,North,Widget,688
157160,North,Widget,736
157164,North,Gizmo,747
157178,North,Doohickey,941
157180,North,Widget,631
157186,North,Doohickey,972
157202,North,Doohickey,582
157230,North,Widget,827
157235,North,Gizmo,515
157255,North,Gadget,806
157267,North,Widget,601
157286,North,Doohickey,768
157291,North,Doohickey,973
157297,North,Doohickey,658
157299,North,Widget,846
157309,North,Doohickey,938
157315,North,Doohickey,923
157316,North,Doohickey,931
157317,North,Widget,773
157369,North,Gadget,844
157370,North,Widget,831
157383,North,Gadget,779
157393,North,Widget,703
157402,North,Doohickey,999
157407,North,Gadget,946
157410,North,Gadget,936
157417,North,Gizmo,762
157446,North,Doohickey,557
157451,North,Gizmo,810
157456,North,Doohickey,921
157458,North,Widget,793
157463,North,Widget,688
157466,North,Gadget,607
157484,North,Doohickey,531
157488,North,Gadget,807
157490,North,Doohickey,850
157495,North,Doohickey,876
157505,North,Widget,774
157509,North,Widget,525
157517,North,Doohickey,556
157521,North,Gadget,514
157524,North,Widget,547
157540,North,Widget,768
157561,North,Gadget,671
157562,North,Gizmo,840
157568,North,Widget,911
157569,North,Widget,737
157571,North,Doohickey,788
157572,North,Widget,969
157574,North,Gizmo,673
157577,North,Doohickey,608
157589,North,Gizmo,858
157605,North,Gadget,681
157615,North,Doohickey,515
157622,North,Gadget,827
157624,North,Gadget,561
157629,North,Widget,653
157637,North,Gadget,978
157640,North,Doohickey,884
157641,North,Gizmo,560
157658,North,Widget,931
157663,North,Widget,674
157684,North,Doohickey,660
157688,North,Doohickey,527
157689,North,Doohickey,586
157691,North,Doohickey,570
157692,North,Doohickey,806
157694,North,Gizmo,767
157697,North,Doohickey,788
157700,North,Gadget,585
157705,North,Gadget,856
157707,North,Doohickey,564
157722,North,Doohickey,818
157725,North,Gizmo,719
157728,North,Doohickey,874
157731,North,Gadget,606
157733,North,Gizmo,573
157737,North,Gadget,849
157738,North,Gadget,748
157741,North,Doohickey,765
157753,North,Gizmo,975
157763,North,Doohickey,756
157770,North,Widget,531
157778,North,Gadget,869
157792,North,Gizmo,858
157793,North,Gadget,726
157799,North,Doohickey,684
157807,North,Doohickey,764
157813,North,Gadget,681
157814,North,Widget,653
157847,North,Gizmo,746
157850,North,Gizmo,595
157859,North,Gadget,927
157863,North,Gadget,832
157864,North,Gizmo,725
157879,North,Doohickey,619
157880,North,Gadget,877
157881,North,Gizmo,718
157887,North,Widget,736
157889,North,Gizmo,884
157892,North,Doohickey,704
157900,North,Gadget,645
157914,North,Gizmo,671
157927,North,Gizmo,897
157928,North,Gadget,800
157932,North,Widget,889
157941,North,Doohickey,836
157944,North,Gizmo,629
157947,North,Gadget,928
157949,North,Gadget,737
157956,North,Widget,977
157966,North,Gadget,522
157978,North,Gadget,811
157979,North,Gadget,680
157982,North,Widget,539
157993,North,Gizmo,505
157997,North,Gadget,968
158015,North,Gizmo,565
158017,North,Gadget,576
158019,North,Gizmo,886
158023,North,Doohickey,967
158030,North,Gadget,750
158032,North,Gadget,968
158036,North,Doohickey,721
158042,North,Gizmo,828
158047,North,Widget,941
158053,North,Gadget,643
158057,North,Gizmo,936
158066,North,Widget,705
158067,North,Gadget,749
158089,North,Doohickey,649
158115,North,Gadget,690
158123,North,Gadget,693
158125,North,Doohickey,564
158137,North,Gizmo,809
158139,North,Widget,520
158150,North,Gadget,507
158157,North,Gizmo,990
158177,North,Gadget,786
158178,North,Gadget,675
158182,North,Gizmo,834
158184,North,Gizmo,603
158190,North,Gizmo,824
158194,North,Gadget,928
158201,North,Gadget,798
158207,North,Gizmo,986
158211,North,Gadget,718
158243,North,Gizmo,680
158249,North,Widget,737
158250,North,Gadget,567
158251,North,Gadget,537
158258,North,Widget,732
158261,North,Gadget,869
158286,North,Gizmo,720
158289,North,Gadget,712
158292,North,Widget,600
158296,North,Gizmo,536
158311,North,Widget,771
158316,North,Gizmo,655
158324,North,Gadget,785
158329,North,Gadget,988
158347,North,Doohickey,909
158351,North,Doohickey,614
158355,North,Gizmo,802
158359,North,Gizmo,697
158362,North,Doohickey,811
158371,North,Widget,550
158391,North,Gizmo,746
158395,North,Doohickey,992
158400,North,Widget,963
158412,North,Doohickey,984
158413,North,Gadget,807
158430,North,Widget,554
158457,North,Gadget,513
158473,North,Doohickey,822
158489,North,Gizmo,911
158491,North,Gizmo,959
158512,North,Doohickey,765
158513,North,Gizmo,796
158516,North,Gizmo,830
158518,North,Doohickey,964
158519,North,Gadget,947
158532,North,Doohickey,877
158549,North,Gizmo,988
158558,North,Doohickey,650
158565,North,Gizmo,667
158570,North,Gadget,737
158575,North,Widget,844
158576,North,Gadget,517
158577,North,Doohickey,909
158580,North,Gadget,849
158591,North,Gadget,847
158619,North,Gadget,817
158621,North,Gadget,511
158622,North,Widget,504
158626,North,Widget,681
158628,North,Gadget,726
158629,North,Widget,843
158633,North,Gadget,811
158635,North,Widget,789
158645,North,Doohickey,952
158649,North,Gizmo,608
158650,North,Doohickey,861
158658,North,Widget,597
158663,North,Doohickey,694
158665,North,Gadget,570
158675,North,Doohickey,772
158684,North,Widget,890
158686,North,Doohickey,950
158694,North,Gizmo,538
158781,North,Doohickey,637
158786,North,Widget,606
158791,North,Gizmo,551
158800,North,Doohickey,843
158803,North,Gadget,998
158805,North,Widget,694
158820,North,Gadget,719
158824,North,Doohickey,952
158828,North,Gadget,830
158831,North,Doohickey,948
158836,North,Widget,716
158838,North,Doohickey,685
158839,North,Widget,948
158841,North,Gadget,719
158848,North,Widget,683
158857,North,Gadget,737
158860,North,Gadget,760
158881,North,Widget,983
158890,North,Widget,928
158893,North,Gizmo,818
158897,North,Gadget,524
158903,North,Gadget,560
158914,North,Gizmo,816
158939,North,Gadget,675
158952,North,Gizmo,542
158956,North,Doohickey,738
158971,North,Widget,906
158983,North,Gadget,931
158993,North,Gizmo,636
159000,North,Doohickey,977
159005,North,Gizmo,792
159009,North,Doohickey,755
159014,North,Doohickey,869
159035,North,Gadget,588
159036,North,Gadget,986
159044,North,Doohickey,965
159045,North,Widget,689
159050,North,Widget,814
159051,North,Doohickey,880
159054,North,Gizmo,924
159066,North,Doohickey,984
159067,North,Doohickey,643
159071,North,Widget,548
159074,North,Widget,917
159081,North,Gadget,672
159092,North,Doohickey,677
159101,North,Gadget,648
159112,North,Doohickey,830
159127,North,Gadget,977
159142,North,Doohickey,902
159160,North,Gadget,748
159165,North,Doohickey,620
159180,North,Doohickey,616
159184,North,Doohickey,704
159202,North,Doohickey,773
159217,North,Widget,831
159222,North,Doohickey,730
159224,North,Widget,977
159227,North,Doohickey,667
159231,North,Widget,662
159258,North,Gizmo,930
159261,North,Gadget,574
159273,North,Widget,596
159278,North,Doohickey,517
159286,North,Doohickey,730
159292,North,Gadget,864
159298,North,Doohickey,505
159322,North,Gizmo,869
159325,North,Widget,913
159349,North,Gizmo,571
159354,North,Doohickey,550
159364,North,Gadget,572
159373,North,Widget,934
159378,North,Gadget,692
159382,North,Doohickey,781
159385,North,Doohickey,779
159391,North,Widget,725
159397,North,Doohickey,643
159412,North,Gadget,524
159421,North,Widget,777
159424,North,Widget,782
159425,North,Doohickey,728
159433,North,Doohickey,730
159438,North,Gadget,616
159440,North,Widget,905
159441,North,Doohickey,856
159443,North,Gadget,919
159464,North,Gizmo,624
159474,North,Gadget,673
159476,North,Doohickey,616
159477,North,Widget,605
159494,North,Doohickey,991
159500,North,Doohickey,527
159505,North,Widget,646
159506,North,Gizmo,787
159524,North,Gizmo,811
159531,North,Widget,982
159546,North,Doohickey,615
159554,North,Gadget,650
159569,North,Doohickey,525
159577,North,Widget,504
159578,North,Gadget,938
159585,North,Gizmo,831
159590,North,Widget,740
159597,North,Gadget,638
159599,North,Gizmo,821
159606,North,Gizmo,769
159610,North,Widget,719
159627,North,Widget,626
159633,North,Gadget,901
159634,North,Gadget,796
159637,North,Gadget,856
159642,North,Doohickey,503
159644,North,Doohickey,981
159662,North,Gizmo,896
159675,North,Gizmo,721
159684,North,Gadget,558
159685,North,Gizmo,956
159720,North,Gizmo,670
159724,North,Gizmo,836
159749,North,Gizmo,680
159780,North,Gizmo,673
159784,North,Doohickey,657
159788,North,Widget,625
159789,North,Doohickey,680
159796,North,Widget,670
159805,North,Doohickey,584
159810,North,Widget,624
159811,North,Doohickey,946
159824,North,Widget,729
159834,North,Gadget,802
159838,North,Widget,672
159855,North,Widget,802
159865,North,Gizmo,939
159867,North,Widget,847
159875,North,Gizmo,788
159890,North,Gadget,933
159891,North,Widget,755
159903,North,Doohickey,512
159912,North,Doohickey,617
159923,North,Widget,905
159925,North,Gizmo,514
159928,North,Gizmo,522
159929,North,Gizmo,903
159930,North,Doohickey,664
159945,North,Gadget,656
159946,North,Doohickey,932
159952,North,Gizmo,799
159968,North,Gizmo,556
159973,North,Gadget,665
159976,North,Gadget,509
159979,North,Gizmo,662
159980,North,Widget,618
159990,North,Gadget,884
159995,North,Doohickey,802
160003,North,Widget,676
160005,North,Widget,649
160015,North,Doohickey,795
160021,North,Widget,536
160033,North,Gizmo,898
160084,North,Gizmo,762
160096,North,Widget,565
160113,North,Doohickey,919
160125,North,Gizmo,933
160126,North,Doohickey,878
160135,North,Gadget,712
160142,North,Doohickey,667
160157,North,Doohickey,759
160179,North,Gadget,840
160181,North,Gizmo,706
160195,North,Widget,623
160208,North,Gadget,505
160212,North,Gadget,996
160215,North,Doohickey,861
160238,North,Doohickey,844
160243,North,Gizmo,608
160248,North,Widget,606
160250,North,Doohickey,961
160258,North,Gadget,625
160266,North,Gadget,977
160267,North,Widget,986
160269,North,Gadget,556
160279,North,Gizmo,703
160280,North,Gadget,868
160286,North,Gizmo,712
160310,North,Widget,533
160317,North,Doohickey,966
160321,North,Widget,533
160324,North,Widget,658
160334,North,Gizmo,702
160336,North,Gizmo,739
160339,North,Gizmo,760
160341,North,Doohickey,961
160344,North,Doohickey,736
160349,North,Doohickey,735
160385,North,Widget,629
160404,North,Gadget,737
160411,North,Gizmo,889
160415,North,Gadget,800
160418,North,Doohickey,665
160420,North,Doohickey,595
160427,North,Widget,960
160433,North,Gizmo,527
160435,North,Gizmo,702
160439,North,Widget,892
160444,North,Doohickey,672
160462,North,Widget,624
160476,North,Gizmo,511
160485,North,Doohickey,811
160496,North,Widget,941
160507,North,Widget,737
160509,North,Gizmo,871
160535,North,Doohickey,585
160539,North,Gadget,827
160552,North,Doohickey,578
160567,North,Gizmo,780
160577,North,Doohickey,902
160583,North,Doohickey,686
160593,North,Gizmo,625
160594,North,Doohickey,763
160595,North,Gadget,734
160636,North,Widget,545
160647,North,Doohickey,507
160649,North,Widget,861
160659,North,Gizmo,742
160667,North,Widget,951
160675,North,Gadget,739
160676,North,Widget,620
160678,North,Gizmo,637
160682,North,Gadget,638
160695,North,Doohickey,965
160705,North,Widget,763
160712,North,Gadget,509
160728,North,Doohickey,827
160730,North,Doohickey,846
160731,North,Gadget,704
160737,North,Doohickey,977
160738,North,Widget,757
160741,North,Doohickey,850
160764,North,Widget,939
160773,North,Gadget,765
160794,North,Gadget,859
160811,North,Doohickey,553
160815,North,Doohickey,716
160816,North,Widget,719
160820,North,Doohickey,749
160823,North,Widget,878
160827,North,Gadget,924
160839,North,Doohickey,742
160848,North,Widget,538
160869,North,Gadget,966
160885,North,Gizmo,939
160899,North,Gadget,545
160910,North,Doohickey,614
160911,North,Gadget,934
160915,North,Doohickey,559
160917,North,Gadget,944
160920,North,Gizmo,989
160922,North,Gizmo,636
160969,North,Gizmo,998
160991,North,Gadget,516
161013,North,Gadget,713
161025,North,Gizmo,723
161026,North,Gadget,809
161031,North,Gadget,555
161034,North,Doohickey,724
161039,North,Widget,640
161041,North,Gadget,833
161063,North,Widget,902
161074,North,Gadget,679
161085,North,Gizmo,897
161090,North,Gadget,998
161114,North,Gadget,949
161117,North,Gadget,807
161118,North,Gizmo,886
161121,North,Doohickey,640
161128,North,Gadget,611
161129,North,Gizmo,677
161131,North,Doohickey,644
161142,North,Widget,512
161152,North,Widget,902
161155,North,Doohickey,679
161170,North,Gadget,911
161183,North,Gizmo,931
161186,North,Gadget,546
161202,North,Doohickey,955
161218,North,Doohickey,614
161237,North,Doohickey,873
161250,North,Gizmo,707
161252,North,Gizmo,877
161261,North,Gizmo,888
161263,North,Gadget,515
161264,North,Doohickey,732
161273,North,Doohickey,846
161277,North,Widget,687
161284,North,Gizmo,725
161291,North,Gadget,779
161312,North,Doohickey,675
161315,North,Doohickey,550
161322,North,Widget,528
161324,North,Gizmo,621
161350,North,Doohickey,609
161358,North,Gizmo,659
161363,North,Widget,738
161372,North,Doohickey,900
161373,North,Widget,757
161377,North,Gizmo,662
161378,North,Gizmo,818
161384,North,Widget,650
161396,North,Gadget,634
161405,North,Gizmo,754
161415,North,Gizmo,991
161419,North,Doohickey,896
161420,North,Doohickey,623
161421,North,Doohickey,959
161443,North,Gadget,819
161451,North,Gadget,556
161466,North,Doohickey,783
161470,North,Gizmo,608
161478,North,Widget,856
161492,North,Doohickey,795
161497,North,Gizmo,872
161498,North,Gizmo,960
161524,North,Gadget,917
161525,North,Widget,575
161538,North,Widget,686
161539,North,Gadget,787
161544,North,Gizmo,974
161550,North,Doohickey,850
161554,North,Gadget,607
161570,North,Gadget,930
161585,North,Gizmo,942
161586,North,Gizmo,878
161608,North,Widget,855
161622,North,Doohickey,988
161624,North,Widget,691
161627,North,Gadget,915
161633,North,Doohickey,964
161637,North,Widget,677
161647,North,Doohickey,747
161657,North,Gadget,775
161658,North,Gizmo,548
161668,North,Gadget,513
161669,North,Gadget,759
161684,North,Gadget,682
161701,North,Doohickey,536
161703,North,Doohickey,948
161707,North,Gadget,703
161710,North,Gizmo,622
161724,North,Gadget,986
161741,North,Gizmo,667
161750,North,Gizmo,760
161756,North,Gizmo,832
161757,North,Gadget,969
161767,North,Gizmo,994
161776,North,Doohickey,983
161779,North,Gadget,586
161781,North,Doohickey,688
161792,North,Gadget,639
161799,North,Gadget,662
161802,North,Widget,975
161803,North,Gizmo,782
161814,North,Gadget,574
161834,North,Doohickey,810
161841,North,Gadget,671
161845,North,Gizmo,627
161847,North,Gizmo,994
161874,North,Doohickey,605
161916,North,Gadget,773
161920,North,Widget,794
161926,North,Gizmo,856
161951,North,Doohickey,565
161963,North,Doohickey,721
161966,North,Gadget,942
161972,North,Doohickey,918
161981,North,Gizmo,531
161982,North,Gadget,690
161990,North,Doohickey,753
161993,North,Doohickey,774
162007,North,Doohickey,558
162010,North,Gizmo,875
162015,North,Gadget,876
162016,North,Widget,682
162022,North,Gadget,988
162041,North,Widget,977
162042,North,Doohickey,927
162045,North,Gizmo,985
162056,North,Gadget,776
162066,North,Gadget,563
162069,North,Doohickey,873
162070,North,Widget,914
162085,North,Doohickey,978
162086,North,Doohickey,671
162090,North,Doohickey,511
162094,North,Doohickey,618
162095,North,Widget,831
162097,North,Gizmo,777
162104,North,Widget,630
162105,North,Gizmo,1000
162111,North,Gizmo,811
162112,North,Gadget,861
162117,North,Gizmo,734
162120,North,Gizmo,946
162123,North,Doohickey,875
162126,North,Doohickey,788
162127,North,Widget,784
162131,North,Gizmo,590
162134,North,Doohickey,866
162147,North,Gizmo,861
162148,North,Doohickey,710
162152,North,Widget,545
162161,North,Doohickey,569
162181,North,Gadget,824
162182,North,Doohickey,669
162183,North,Gadget,927
162196,North,Widget,583
162209,North,Widget,521
162224,North,Widget,527
162228,North,Doohickey,598
162230,North,Gadget,843
162232,North,Gizmo,608
162236,North,Widget,998
162240,North,Gizmo,576
162241,North,Doohickey,986
162269,North,Gizmo,516
162271,North,Doohickey,758
162289,North,Gadget,996
162302,North,Widget,946
162303,North,Gadget,916
162315,North,Gizmo,634
162329,North,Gadget,855
162340,North,Gadget,768
162341,North,Doohickey,633
162344,North,Gizmo,780
162349,North,Doohickey,674
162357,North,Doohickey,519
162364,North,Gizmo,802
162365,North,Gadget,760
162366,North,Gadget,944
162367,North,Widget,569
162369,North,Doohickey,889
162382,North,Gadget,724
162388,North,Widget,881
162413,North,Widget,878
162420,North,Widget,944
162424,North,Gadget,971
162425,North,Doohickey,544
162426,North,Gizmo,834
162433,North,Doohickey,898
162442,North,Gizmo,714
162454,North,Gizmo,597
162468,North,Widget,619
162472,North,Widget,707
162475,North,Widget,909
162500,North,Widget,691
162504,North,Gizmo,877
162513,North,Gadget,884
162536,North,Gizmo,611
162539,North,Gizmo,528
162543,North,Gadget,553
162545,North,Widget,911
162568,North,Doohickey,637
162581,North,Doohickey,531
162585,North,Gadget,523
162594,North,Widget,973
162611,North,Gizmo,519
162612,North,Widget,853
162618,North,Widget,511
162619,North,Widget,606
162630,North,Gizmo,863
162643,North,Widget,732
162650,North,Gizmo,817
162657,North,Widget,718
162658,North,Gizmo,557
162666,North,Widget,511
162712,North,Widget,706
162713,North,Gadget,776
162725,North,Doohickey,786
162763,North,Widget,710
162765,North,Doohickey,898
162778,North,Widget,724
162787,North,Gizmo,708
162803,North,Gadget,834
162807,North,Doohickey,976
162808,North,Doohickey,999
162810,North,Widget,883
162835,North,Gadget,639
162842,North,Doohickey,664
162856,North,Widget,632
162863,North,Gadget,771
162880,North,Doohickey,994
162885,North,Doohickey,675
162890,North,Doohickey,712
162891,North,Widget,776
162899,North,Widget,811
162900,North,Gadget,996
162914,North,Gizmo,815
162918,North,Gizmo,647
162925,North,Gizmo,512
162934,North,Widget,897
162942,North,Widget,597
162997,North,Widget,990
163015,North,Gadget,548
163020,North,Widget,906
163026,North,Doohickey,877
163046,North,Doohickey,520
163050,North,Widget,535
163063,North,Gadget,761
163067,North,Doohickey,593
163068,North,Gadget,585
163072,North,Gizmo,781
163075,North,Widget,935
163087,North,Doohickey,861
163089,North,Gizmo,613
163106,North,Gizmo,647
163112,North,Doohickey,687
163114,North,Gizmo,794
163119,North,Widget,666
163137,North,Gizmo,575
163141,North,Widget,896
163149,North,Widget,853
163151,North,Doohickey,729
163158,North,Gadget,980
163184,North,Gizmo,924
163187,North,Doohickey,834
163190,North,Widget,734
163194,North,Doohickey,952
163200,North,Widget,817
163204,North,Widget,901
163206,North,Doohickey,811
163218,North,Gadget,578
163229,North,Gizmo,687
163233,North,Gadget,501
163234,North,Doohickey,556
163238,North,Gizmo,585
163253,North,Widget,939
163267,North,Doohickey,639
163269,North,Gadget,734
163274,North,Doohickey,718
163285,North,Doohickey,715
163286,North,Gadget,873
163294,North,Gadget,699
163320,North,Gizmo,762
163322,North,Gizmo,794
163338,North,Gadget,780
163341,North,Widget,972
163347,North,Doohickey,684
163349,North,Gadget,802
163352,North,Widget,554
163358,North,Gadget,782
163359,North,Widget,555
163360,North,Widget,744
163380,North,Doohickey,751
163398,North,Doohickey,531
163418,North,Widget,590
163424,North,Widget,508
163442,North,Gadget,699
163445,North,Widget,951
163450,North,Gizmo,644
163455,North,Gizmo,815
163464,North,Doohickey,926
163468,North,Doohickey,566
163470,North,Gadget,896
163477,North,Doohickey,967
163488,North,Widget,893
163490,North,Doohickey,898
163494,North,Doohickey,814
163498,North,Doohickey,760
163500,North,Gadget,842
163502,North,Doohickey,849
163521,North,Gizmo,819
163526,North,Doohickey,628
163536,North,Doohickey,738
163537,North,Doohickey,780
163538,North,Widget,709
163548,North,Gizmo,739
163554,North,Doohickey,911
163599,North,Gizmo,607
163603,North,Gadget,735
163608,North,Gadget,714
163612,North,Doohickey,948
163614,North,Gizmo,501
163629,North,Gadget,541
163632,North,Gizmo,988
163639,North,Doohickey,911
163640,North,Gizmo,604
163646,North,Gizmo,677
163654,North,Widget,637
163683,North,Widget,588
163686,North,Gadget,957
163691,North,Doohickey,706
163697,North,Gizmo,563
163703,North,Widget,936
163715,North,Widget,596
163720,North,Widget,509
163727,North,Doohickey,758
163734,North,Widget,758
163747,North,Doohickey,936
163750,North,Gizmo,712
163755,North,Gizmo,830
163759,North,Doohickey,809
163765,North,Gizmo,501
163767,North,Widget,891
163791,North,Widget,852
163802,North,Gizmo,736
163820,North,Gizmo,695
163822,North,Gizmo,913
163828,North,Doohickey,525
163829,North,Gadget,877
163832,North,Gizmo,688
163835,North,Gizmo,856
163864,North,Widget,781
163875,North,Gizmo,753
163880,North,Widget,737
163886,North,Doohickey,580
163891,North,Widget,885
163904,North,Gadget,871
163909,North,Doohickey,784
163914,North,Widget,729
163918,North,Gizmo,535
163927,North,Doohickey,811
163972,North,Gadget,936
163975,North,Gizmo,511
163983,North,Widget,673
163985,North,Widget,827
164010,North,Widget,977
164013,North,Doohickey,755
164018,North,Widget,944
164025,North,Widget,713
164027,North,Gadget,712
164028,North,Doohickey,765
164029,North,Gadget,958
164038,North,Doohickey,751
164051,North,Gizmo,838
164058,North,Gadget,636
164060,North,Widget,974
164065,North,Widget,984
164076,North,Gizmo,898
164080,North,Doohickey,765
164112,North,Gadget,784
164133,North,Widget,994
164135,North,Doohickey,527
164136,North,Doohickey,943
164161,North,Doohickey,944
164184,North,Gadget,840
164185,North,Gadget,645
164196,North,Gizmo,684
164216,North,Gadget,905
164225,North,Gizmo,931
164238,North,Gizmo,733
164242,North,Doohickey,546
164246,North,Gizmo,902
164267,North,Gizmo,557
164271,North,Gadget,732
164289,North,Gadget,967
164293,North,Gadget,925
164298,North,Doohickey,554
164303,North,Doohickey,660
164315,North,Doohickey,871
164325,North,Widget,919
164342,North,Gadget,951
164349,North,Gizmo,925
164352,North,Gadget,600
164357,North,Doohickey,940
164366,North,Gadget,668
164368,North,Gizmo,737
164376,North,Widget,697
164379,North,Gadget,752
164380,North,Widget,901
164381,North,Widget,621
164397,North,Doohickey,603
164404,North,Gadget,720
164419,North,Gizmo,648
164424,North,Doohickey,785
164425,North,Doohickey,818
164429,North,Gizmo,961
164430,North,Gadget,569
164433,North,Gadget,781
164441,North,Doohickey,847
164470,North,Widget,586
164472,North,Widget,925
164476,North,Gadget,765
164483,North,Gizmo,930
164490,North,Widget,608
164491,North,Gadget,930
164497,North,Doohickey,528
164509,North,Doohickey,652
164517,North,Gizmo,688
164520,North,Doohickey,592
164523,North,Gizmo,532
164533,North,Gizmo,931
164534,North,Gizmo,529
164542,North,Doohickey,1000
164547,North,Doohickey,921
164549,North,Gizmo,907
164556,North,Gizmo,936
164562,North,Gizmo,865
164563,North,Widget,732
164565,North,Widget,756
164594,North,Widget,792
164601,North,Gadget,877
164606,North,Doohickey,794
164608,North,Gizmo,696
164616,North,Gizmo,604
164625,North,Gadget,873
164628,North,Widget,713
164635,North,Widget,736
164652,North,Gizmo,674
164658,North,Doohickey,579
164670,North,Widget,610
164676,North,Gizmo,625
164694,North,Gizmo,886
164695,North,Gadget,811
164705,North,Widget,779
164710,North,Gadget,783
164713,North,Gadget,600
164718,North,Gadget,791
164723,North,Widget,766
164732,North,Gizmo,848
164744,North,Doohickey,581
164763,North,Gizmo,877
164764,North,Gizmo,733
164765,North,Doohickey,915
164767,North,Doohickey,582
164768,North,Gizmo,527
164771,North,Doohickey,977
164787,North,Doohickey,769
164788,North,Gadget,731
164804,North,Gadget,859
164816,North,Doohickey,618
164850,North,Gadget,661
164868,North,Gadget,841
164870,North,Doohickey,838
164905,North,Doohickey,980
164909,North,Widget,783
164910,North,Doohickey,525
164917,North,Gizmo,969
164921,North,Gadget,828
164925,North,Gizmo,834
164939,North,Widget,503
164952,North,Gizmo,596
164964,North,Widget,618
164965,North,Widget,799
164966,North,Doohickey,762
164990,North,Gadget,919
164991,North,Widget,717
164993,North,Widget,588
165003,North,Widget,844
165011,North,Doohickey,930
165017,North,Gadget,640
165021,North,Widget,594
165024,North,Gadget,853
165036,North,Widget,866
165041,North,Gizmo,944
165051,North,Doohickey,573
165054,North,Gizmo,521
165059,North,Doohickey,815
165078,North,Gizmo,893
165080,North,Gadget,981
165084,North,Gizmo,559
165105,North,Gadget,988
165107,North,Gizmo,755
165112,North,Doohickey,992
165124,North,Gadget,616
165140,North,Widget,798
165145,North,Gizmo,562
165153,North,Gadget,922
165157,North,Gizmo,925
165178,North,Widget,577
165181,North,Doohickey,778
165184,North,Doohickey,571
165185,North,Doohickey,652
165211,North,Gadget,856
165217,North,Gizmo,768
165218,North,Gizmo,508
165222,North,Gizmo,670
165225,North,Doohickey,806
165263,North,Gizmo,568
165281,North,Gizmo,947
165284,North,Widget,794
165290,North,Gizmo,718
165319,North,Gizmo,924
165322,North,Gadget,597
165326,North,Gadget,531
165341,North,Widget,786
165347,North,Gadget,777
165349,North,Gizmo,851
165357,North,Gadget,774
165358,North,Gizmo,542
165359,North,Gizmo,878
165361,North,Gadget,543
165364,North,Widget,803
165366,North,Doohickey,655
165395,North,Doohickey,717
165398,North,Gadget,561
165435,North,Gizmo,752
165440,North,Gadget,534
165443,North,Gizmo,707
165451,North,Doohickey,644
165453,North,Gadget,748
165455,North,Gizmo,907
165459,North,Widget,882
165464,North,Gizmo,584
165484,North,Widget,737
165489,North,Doohickey,641
165497,North,Doohickey,951
165503,North,Doohickey,871
165517,North,Doohickey,590
165534,North,Gizmo,901
165545,North,Doohickey,760
165546,North,Doohickey,969
165548,North,Gizmo,513
165550,North,Gizmo,890
165555,North,Widget,796
165561,North,Doohickey,560
165568,North,Widget,908
165572,North,Gizmo,985
165573,North,Gizmo,896
165575,North,Gizmo,811
165578,North,Doohickey,543
165598,North,Doohickey,765
165610,North,Widget,679
165611,North,Gizmo,587
165613,North,Gizmo,573
165628,North,Gizmo,802
165636,North,Gadget,786
165637,North,Gizmo,628
165645,North,Doohickey,561
165651,North,Widget,826
165657,North,Gizmo,944
165658,North,Widget,781
165662,North,Gadget,894
165669,North,Gizmo,621
165675,North,Doohickey,673
165683,North,Gadget,709
165686,North,Gizmo,986
165688,North,Gizmo,594
165689,North,Gadget,969
165696,North,Gizmo,569
165704,North,Gizmo,658
165709,North,Widget,515
165711,North,Gizmo,782
165718,North,Widget,636
165726,North,Doohickey,751
165735,North,Widget,590
165737,North,Doohickey,732
165738,North,Doohickey,596
165751,North,Gadget,656
165758,North,Widget,934
165759,North,Gadget,991
165797,North,Widget,589
165798,North,Doohickey,709
165803,North,Gadget,931
165824,North,Widget,928
165825,North,Gadget,618
165836,North,Doohickey,984
165848,North,Widget,807
165851,North,Widget,697
165858,North,Gadget,947
165900,North,Gadget,660
165905,North,Doohickey,815
165908,North,Gadget,523
165913,North,Gizmo,897
165916,North,Widget,846
165939,North,Widget,730
165943,North,Widget,659
165952,North,Doohickey,917
165968,North,Gizmo,974
165969,North,Widget,827
165970,North,Gizmo,752
165971,North,Gadget,544
165983,North,Gadget,795
165988,North,Widget,914
165995,North,Doohickey,848
165996,North,Gadget,579
166002,North,Doohickey,960
166006,North,Gizmo,876
166011,North,Doohickey,985
166021,North,Gadget,760
166024,North,Doohickey,869
166025,North,Widget,707
166026,North,Gadget,611
166033,North,Gizmo,732
166039,North,Gizmo,821
166041,North,Widget,609
166046,North,Widget,647
166047,North,Widget,880
166049,North,Doohickey,983
166053,North,Gizmo,802
166063,North,Doohickey,911
166064,North,Doohickey,670
166077,North,Gizmo,724
166081,North,Gadget,651
166084,North,Widget,603
166085,North,Gizmo,801
166086,North,Gizmo,889
166117,North,Doohickey,539
166119,North,Widget,753
166148,North,Gadget,922
166160,North,Gadget,698
166164,North,Gizmo,670
166175,North,Gadget,515
166180,North,Gizmo,772
166188,North,Gizmo,824
